sample,elapsed_s,captured_at_utc,gpio_bcm,raw_level,estop_active
0,0.001063,2026-09-10T13:54:07.343577+00:00,24,HIGH,true
1,0.050090,2026-09-10T13:54:07.392568+00:00,24,HIGH,true
2,0.100085,2026-09-10T13:54:07.442542+00:00,24,HIGH,true
3,0.150083,2026-09-10T13:54:07.492537+00:00,24,HIGH,true
4,0.200077,2026-09-10T13:54:07.542539+00:00,24,HIGH,true
5,0.250081,2026-09-10T13:54:07.592535+00:00,24,HIGH,true
6,0.300083,2026-09-10T13:54:07.642536+00:00,24,HIGH,true
7,0.350081,2026-09-10T13:54:07.692527+00:00,24,HIGH,true
8,0.400081,2026-09-10T13:54:07.742532+00:00,24,HIGH,true
9,0.450082,2026-09-10T13:54:07.792531+00:00,24,HIGH,true
10,0.500082,2026-09-10T13:54:07.842531+00:00,24,HIGH,true
11,0.550087,2026-09-10T13:54:07.892564+00:00,24,HIGH,true
12,0.600079,2026-09-10T13:54:07.942547+00:00,24,HIGH,true
13,0.650079,2026-09-10T13:54:07.992544+00:00,24,HIGH,true
14,0.700083,2026-09-10T13:54:08.042541+00:00,24,HIGH,true
15,0.750082,2026-09-10T13:54:08.092536+00:00,24,HIGH,true
16,0.800084,2026-09-10T13:54:08.142538+00:00,24,HIGH,true
17,0.850082,2026-09-10T13:54:08.192538+00:00,24,HIGH,true
18,0.900077,2026-09-10T13:54:08.242523+00:00,24,HIGH,true
19,0.950088,2026-09-10T13:54:08.292561+00:00,24,HIGH,true
20,1.000082,2026-09-10T13:54:08.342537+00:00,24,HIGH,true
21,1.050083,2026-09-10T13:54:08.392551+00:00,24,HIGH,true
22,1.100074,2026-09-10T13:54:08.442507+00:00,24,HIGH,true
23,1.150067,2026-09-10T13:54:08.492472+00:00,24,HIGH,true
24,1.200065,2026-09-10T13:54:08.542464+00:00,24,HIGH,true
25,1.250075,2026-09-10T13:54:08.592520+00:00,24,HIGH,true
26,1.300069,2026-09-10T13:54:08.642480+00:00,24,HIGH,true
27,1.350066,2026-09-10T13:54:08.692470+00:00,24,HIGH,true
28,1.400072,2026-09-10T13:54:08.742495+00:00,24,HIGH,true
29,1.450074,2026-09-10T13:54:08.792507+00:00,24,HIGH,true
30,1.500070,2026-09-10T13:54:08.842480+00:00,24,HIGH,true
31,1.550067,2026-09-10T13:54:08.892471+00:00,24,HIGH,true
32,1.600065,2026-09-10T13:54:08.942467+00:00,24,HIGH,true
33,1.650066,2026-09-10T13:54:08.992468+00:00,24,HIGH,true
34,1.700065,2026-09-10T13:54:09.042464+00:00,24,HIGH,true
35,1.750076,2026-09-10T13:54:09.092524+00:00,24,HIGH,true
36,1.800069,2026-09-10T13:54:09.142477+00:00,24,HIGH,true
37,1.850065,2026-09-10T13:54:09.192464+00:00,24,HIGH,true
38,1.900065,2026-09-10T13:54:09.242462+00:00,24,HIGH,true
39,1.950077,2026-09-10T13:54:09.292526+00:00,24,HIGH,true
40,2.000070,2026-09-10T13:54:09.342483+00:00,24,HIGH,true
41,2.050065,2026-09-10T13:54:09.392464+00:00,24,HIGH,true
42,2.100065,2026-09-10T13:54:09.442462+00:00,24,HIGH,true
43,2.150077,2026-09-10T13:54:09.492523+00:00,24,HIGH,true
44,2.200068,2026-09-10T13:54:09.542473+00:00,24,HIGH,true
45,2.250065,2026-09-10T13:54:09.592463+00:00,24,HIGH,true
46,2.300065,2026-09-10T13:54:09.642462+00:00,24,HIGH,true
47,2.350065,2026-09-10T13:54:09.692462+00:00,24,HIGH,true
48,2.400063,2026-09-10T13:54:09.742460+00:00,24,HIGH,true
49,2.450067,2026-09-10T13:54:09.792470+00:00,24,HIGH,true
50,2.500065,2026-09-10T13:54:09.842465+00:00,24,HIGH,true
51,2.550065,2026-09-10T13:54:09.892462+00:00,24,HIGH,true
52,2.600064,2026-09-10T13:54:09.942464+00:00,24,HIGH,true
53,2.650069,2026-09-10T13:54:09.992472+00:00,24,HIGH,true
54,2.700065,2026-09-10T13:54:10.042464+00:00,24,HIGH,true
55,2.750075,2026-09-10T13:54:10.092522+00:00,24,HIGH,true
56,2.800090,2026-09-10T13:54:10.142574+00:00,24,HIGH,true
57,2.850071,2026-09-10T13:54:10.192485+00:00,24,HIGH,true
58,2.900066,2026-09-10T13:54:10.242463+00:00,24,HIGH,true
59,2.950065,2026-09-10T13:54:10.292462+00:00,24,HIGH,true
60,3.000064,2026-09-10T13:54:10.342462+00:00,24,HIGH,true
61,3.050065,2026-09-10T13:54:10.392463+00:00,24,HIGH,true
62,3.100065,2026-09-10T13:54:10.442462+00:00,24,HIGH,true
63,3.150064,2026-09-10T13:54:10.492461+00:00,24,HIGH,true
64,3.200065,2026-09-10T13:54:10.542462+00:00,24,HIGH,true
65,3.250068,2026-09-10T13:54:10.592469+00:00,24,HIGH,true
66,3.300065,2026-09-10T13:54:10.642463+00:00,24,HIGH,true
67,3.350065,2026-09-10T13:54:10.692462+00:00,24,HIGH,true
68,3.400065,2026-09-10T13:54:10.742461+00:00,24,HIGH,true
69,3.450064,2026-09-10T13:54:10.792461+00:00,24,HIGH,true
70,3.500064,2026-09-10T13:54:10.842461+00:00,24,HIGH,true
71,3.550065,2026-09-10T13:54:10.892461+00:00,24,HIGH,true
72,3.600065,2026-09-10T13:54:10.942461+00:00,24,HIGH,true
73,3.650065,2026-09-10T13:54:10.992463+00:00,24,HIGH,true
74,3.700065,2026-09-10T13:54:11.042462+00:00,24,HIGH,true
75,3.750064,2026-09-10T13:54:11.092462+00:00,24,HIGH,true
76,3.800066,2026-09-10T13:54:11.142467+00:00,24,HIGH,true
77,3.850065,2026-09-10T13:54:11.192463+00:00,24,HIGH,true
78,3.900065,2026-09-10T13:54:11.242462+00:00,24,HIGH,true
79,3.950065,2026-09-10T13:54:11.292462+00:00,24,HIGH,true
80,4.000081,2026-09-10T13:54:11.342548+00:00,24,HIGH,true
81,4.050070,2026-09-10T13:54:11.392482+00:00,24,HIGH,true
82,4.100065,2026-09-10T13:54:11.442463+00:00,24,HIGH,true
83,4.150065,2026-09-10T13:54:11.492463+00:00,24,HIGH,true
84,4.200065,2026-09-10T13:54:11.542464+00:00,24,HIGH,true
85,4.250064,2026-09-10T13:54:11.592462+00:00,24,HIGH,true
86,4.300065,2026-09-10T13:54:11.642463+00:00,24,HIGH,true
87,4.350064,2026-09-10T13:54:11.692461+00:00,24,HIGH,true
88,4.400065,2026-09-10T13:54:11.742462+00:00,24,HIGH,true
89,4.450065,2026-09-10T13:54:11.792462+00:00,24,HIGH,true
90,4.500067,2026-09-10T13:54:11.842472+00:00,24,HIGH,true
91,4.550066,2026-09-10T13:54:11.892466+00:00,24,HIGH,true
92,4.600079,2026-09-10T13:54:11.942501+00:00,24,HIGH,true
93,4.650081,2026-09-10T13:54:11.992500+00:00,24,HIGH,true
94,4.700101,2026-09-10T13:54:12.042588+00:00,24,HIGH,true
95,4.750092,2026-09-10T13:54:12.092528+00:00,24,HIGH,true
96,4.800081,2026-09-10T13:54:12.142503+00:00,24,HIGH,true
97,4.850080,2026-09-10T13:54:12.192499+00:00,24,HIGH,true
98,4.900085,2026-09-10T13:54:12.242510+00:00,24,HIGH,true
99,4.950086,2026-09-10T13:54:12.292511+00:00,24,HIGH,true
100,5.000083,2026-09-10T13:54:12.342516+00:00,24,HIGH,true
101,5.050082,2026-09-10T13:54:12.392506+00:00,24,HIGH,true
102,5.100085,2026-09-10T13:54:12.442513+00:00,24,HIGH,true
103,5.150085,2026-09-10T13:54:12.492510+00:00,24,HIGH,true
104,5.200082,2026-09-10T13:54:12.542507+00:00,24,HIGH,true
105,5.250081,2026-09-10T13:54:12.592501+00:00,24,HIGH,true
106,5.300084,2026-09-10T13:54:12.642510+00:00,24,HIGH,true
107,5.350085,2026-09-10T13:54:12.692509+00:00,24,HIGH,true
108,5.400098,2026-09-10T13:54:12.742593+00:00,24,HIGH,true
109,5.450088,2026-09-10T13:54:12.792536+00:00,24,HIGH,true
110,5.500089,2026-09-10T13:54:12.842527+00:00,24,HIGH,true
111,5.550087,2026-09-10T13:54:12.892514+00:00,24,HIGH,true
112,5.600082,2026-09-10T13:54:12.942503+00:00,24,HIGH,true
113,5.650080,2026-09-10T13:54:12.992503+00:00,24,HIGH,true
114,5.700101,2026-09-10T13:54:13.042596+00:00,24,HIGH,true
115,5.750093,2026-09-10T13:54:13.092534+00:00,24,HIGH,true
116,5.800083,2026-09-10T13:54:13.142509+00:00,24,HIGH,true
117,5.850089,2026-09-10T13:54:13.192521+00:00,24,HIGH,true
118,5.900081,2026-09-10T13:54:13.242502+00:00,24,HIGH,true
119,5.950079,2026-09-10T13:54:13.292499+00:00,24,HIGH,true
120,6.000084,2026-09-10T13:54:13.342515+00:00,24,HIGH,true
121,6.050085,2026-09-10T13:54:13.392510+00:00,24,HIGH,true
122,6.100081,2026-09-10T13:54:13.442502+00:00,24,HIGH,true
123,6.150080,2026-09-10T13:54:13.492497+00:00,24,HIGH,true
124,6.200087,2026-09-10T13:54:13.542524+00:00,24,HIGH,true
125,6.250086,2026-09-10T13:54:13.592514+00:00,24,HIGH,true
126,6.300085,2026-09-10T13:54:13.642511+00:00,24,HIGH,true
127,6.350085,2026-09-10T13:54:13.692507+00:00,24,HIGH,true
128,6.400082,2026-09-10T13:54:13.742502+00:00,24,HIGH,true
129,6.450080,2026-09-10T13:54:13.792499+00:00,24,HIGH,true
130,6.500084,2026-09-10T13:54:13.842509+00:00,24,HIGH,true
131,6.550085,2026-09-10T13:54:13.892509+00:00,24,HIGH,true
132,6.600080,2026-09-10T13:54:13.942501+00:00,24,HIGH,true
133,6.650080,2026-09-10T13:54:13.992497+00:00,24,HIGH,true
134,6.700085,2026-09-10T13:54:14.042515+00:00,24,HIGH,true
135,6.750085,2026-09-10T13:54:14.092510+00:00,24,HIGH,true
136,6.800079,2026-09-10T13:54:14.142500+00:00,24,HIGH,true
137,6.850080,2026-09-10T13:54:14.192499+00:00,24,HIGH,true
138,6.900088,2026-09-10T13:54:14.242541+00:00,24,HIGH,true
139,6.950087,2026-09-10T13:54:14.292517+00:00,24,HIGH,true
140,7.000081,2026-09-10T13:54:14.342503+00:00,24,HIGH,true
141,7.050081,2026-09-10T13:54:14.392501+00:00,24,HIGH,true
142,7.100085,2026-09-10T13:54:14.442512+00:00,24,HIGH,true
143,7.150086,2026-09-10T13:54:14.492512+00:00,24,HIGH,true
144,7.200080,2026-09-10T13:54:14.542500+00:00,24,HIGH,true
145,7.250082,2026-09-10T13:54:14.592500+00:00,24,HIGH,true
146,7.300085,2026-09-10T13:54:14.642510+00:00,24,HIGH,true
147,7.350085,2026-09-10T13:54:14.692509+00:00,24,HIGH,true
148,7.400080,2026-09-10T13:54:14.742499+00:00,24,HIGH,true
149,7.450080,2026-09-10T13:54:14.792497+00:00,24,HIGH,true
150,7.500085,2026-09-10T13:54:14.842509+00:00,24,HIGH,true
151,7.550085,2026-09-10T13:54:14.892509+00:00,24,HIGH,true
152,7.600079,2026-09-10T13:54:14.942499+00:00,24,HIGH,true
153,7.650079,2026-09-10T13:54:14.992497+00:00,24,HIGH,true
154,7.700085,2026-09-10T13:54:15.042511+00:00,24,HIGH,true
155,7.750087,2026-09-10T13:54:15.092512+00:00,24,HIGH,true
156,7.800082,2026-09-10T13:54:15.142512+00:00,24,HIGH,true
157,7.850081,2026-09-10T13:54:15.192500+00:00,24,HIGH,true
158,7.900104,2026-09-10T13:54:15.242603+00:00,24,HIGH,true
159,7.950093,2026-09-10T13:54:15.292531+00:00,24,HIGH,true
160,8.000081,2026-09-10T13:54:15.342503+00:00,24,HIGH,true
161,8.050080,2026-09-10T13:54:15.392498+00:00,24,HIGH,true
162,8.100098,2026-09-10T13:54:15.442579+00:00,24,HIGH,true
163,8.150091,2026-09-10T13:54:15.492527+00:00,24,HIGH,true
164,8.200084,2026-09-10T13:54:15.542513+00:00,24,HIGH,true
165,8.250083,2026-09-10T13:54:15.592503+00:00,24,HIGH,true
166,8.300084,2026-09-10T13:54:15.642510+00:00,24,HIGH,true
167,8.350084,2026-09-10T13:54:15.692508+00:00,24,HIGH,true
168,8.400083,2026-09-10T13:54:15.742517+00:00,24,HIGH,true
169,8.450080,2026-09-10T13:54:15.792502+00:00,24,HIGH,true
170,8.500087,2026-09-10T13:54:15.842516+00:00,24,HIGH,true
171,8.550086,2026-09-10T13:54:15.892510+00:00,24,HIGH,true
172,8.600083,2026-09-10T13:54:15.942507+00:00,24,HIGH,true
173,8.650080,2026-09-10T13:54:15.992499+00:00,24,HIGH,true
174,8.700086,2026-09-10T13:54:16.042514+00:00,24,HIGH,true
175,8.750086,2026-09-10T13:54:16.092512+00:00,24,HIGH,true
176,8.800103,2026-09-10T13:54:16.142626+00:00,24,HIGH,true
177,8.850087,2026-09-10T13:54:16.192519+00:00,24,HIGH,true
178,8.900087,2026-09-10T13:54:16.242519+00:00,24,HIGH,true
179,8.950085,2026-09-10T13:54:16.292511+00:00,24,HIGH,true
180,9.000081,2026-09-10T13:54:16.342503+00:00,24,HIGH,true
181,9.050080,2026-09-10T13:54:16.392499+00:00,24,HIGH,true
182,9.100086,2026-09-10T13:54:16.442514+00:00,24,HIGH,true
183,9.150085,2026-09-10T13:54:16.492510+00:00,24,HIGH,true
184,9.200081,2026-09-10T13:54:16.542502+00:00,24,HIGH,true
185,9.250079,2026-09-10T13:54:16.592498+00:00,24,HIGH,true
186,9.300087,2026-09-10T13:54:16.642514+00:00,24,HIGH,true
187,9.350084,2026-09-10T13:54:16.692509+00:00,24,HIGH,true
188,9.400082,2026-09-10T13:54:16.742503+00:00,24,HIGH,true
189,9.450080,2026-09-10T13:54:16.792497+00:00,24,HIGH,true
190,9.500084,2026-09-10T13:54:16.842509+00:00,24,HIGH,true
191,9.550085,2026-09-10T13:54:16.892513+00:00,24,HIGH,true
192,9.600081,2026-09-10T13:54:16.942503+00:00,24,HIGH,true
193,9.650080,2026-09-10T13:54:16.992499+00:00,24,HIGH,true
194,9.700087,2026-09-10T13:54:17.042515+00:00,24,HIGH,true
195,9.750084,2026-09-10T13:54:17.092509+00:00,24,HIGH,true
196,9.800081,2026-09-10T13:54:17.142501+00:00,24,HIGH,true
197,9.850080,2026-09-10T13:54:17.192500+00:00,24,HIGH,true
198,9.900085,2026-09-10T13:54:17.242514+00:00,24,HIGH,true
199,9.950085,2026-09-10T13:54:17.292509+00:00,24,HIGH,true
200,10.000083,2026-09-10T13:54:17.342504+00:00,24,HIGH,true
201,10.050079,2026-09-10T13:54:17.392498+00:00,24,HIGH,true
202,10.100086,2026-09-10T13:54:17.442513+00:00,24,HIGH,true
203,10.150086,2026-09-10T13:54:17.492512+00:00,24,HIGH,true
204,10.200081,2026-09-10T13:54:17.542502+00:00,24,HIGH,true
205,10.250079,2026-09-10T13:54:17.592498+00:00,24,HIGH,true
206,10.300085,2026-09-10T13:54:17.642513+00:00,24,HIGH,true
207,10.350084,2026-09-10T13:54:17.692509+00:00,24,HIGH,true
208,10.400081,2026-09-10T13:54:17.742505+00:00,24,HIGH,true
209,10.450080,2026-09-10T13:54:17.792499+00:00,24,HIGH,true
210,10.500087,2026-09-10T13:54:17.842515+00:00,24,HIGH,true
211,10.550085,2026-09-10T13:54:17.892510+00:00,24,HIGH,true
212,10.600080,2026-09-10T13:54:17.942501+00:00,24,HIGH,true
213,10.650081,2026-09-10T13:54:17.992500+00:00,24,HIGH,true
214,10.700085,2026-09-10T13:54:18.042513+00:00,24,HIGH,true
215,10.750084,2026-09-10T13:54:18.092510+00:00,24,HIGH,true
216,10.800083,2026-09-10T13:54:18.142507+00:00,24,HIGH,true
217,10.850080,2026-09-10T13:54:18.192500+00:00,24,HIGH,true
218,10.900085,2026-09-10T13:54:18.242514+00:00,24,HIGH,true
219,10.950085,2026-09-10T13:54:18.292509+00:00,24,HIGH,true
220,11.000081,2026-09-10T13:54:18.342501+00:00,24,HIGH,true
221,11.050080,2026-09-10T13:54:18.392499+00:00,24,HIGH,true
222,11.100086,2026-09-10T13:54:18.442512+00:00,24,HIGH,true
223,11.150086,2026-09-10T13:54:18.492511+00:00,24,HIGH,true
224,11.200081,2026-09-10T13:54:18.542502+00:00,24,HIGH,true
225,11.250080,2026-09-10T13:54:18.592498+00:00,24,HIGH,true
226,11.300086,2026-09-10T13:54:18.642513+00:00,24,HIGH,true
227,11.350086,2026-09-10T13:54:18.692511+00:00,24,HIGH,true
228,11.400081,2026-09-10T13:54:18.742500+00:00,24,HIGH,true
229,11.450080,2026-09-10T13:54:18.792498+00:00,24,HIGH,true
230,11.500086,2026-09-10T13:54:18.842513+00:00,24,HIGH,true
231,11.550111,2026-09-10T13:54:18.892635+00:00,24,HIGH,true
232,11.600093,2026-09-10T13:54:18.942568+00:00,24,HIGH,true
233,11.650084,2026-09-10T13:54:18.992512+00:00,24,HIGH,true
234,11.700086,2026-09-10T13:54:19.042517+00:00,24,HIGH,true
235,11.750087,2026-09-10T13:54:19.092513+00:00,24,HIGH,true
236,11.800082,2026-09-10T13:54:19.142510+00:00,24,HIGH,true
237,11.850090,2026-09-10T13:54:19.192535+00:00,24,HIGH,true
238,11.900089,2026-09-10T13:54:19.242531+00:00,24,HIGH,true
239,11.950086,2026-09-10T13:54:19.292515+00:00,24,HIGH,true
240,12.000083,2026-09-10T13:54:19.342505+00:00,24,HIGH,true
241,12.050080,2026-09-10T13:54:19.392498+00:00,24,HIGH,true
242,12.100086,2026-09-10T13:54:19.442514+00:00,24,HIGH,true
243,12.150085,2026-09-10T13:54:19.492511+00:00,24,HIGH,true
244,12.200082,2026-09-10T13:54:19.542503+00:00,24,HIGH,true
245,12.250080,2026-09-10T13:54:19.592499+00:00,24,HIGH,true
246,12.300085,2026-09-10T13:54:19.642514+00:00,24,HIGH,true
247,12.350085,2026-09-10T13:54:19.692514+00:00,24,HIGH,true
248,12.400080,2026-09-10T13:54:19.742500+00:00,24,HIGH,true
249,12.450079,2026-09-10T13:54:19.792497+00:00,24,HIGH,true
250,12.500086,2026-09-10T13:54:19.842513+00:00,24,HIGH,true
251,12.550085,2026-09-10T13:54:19.892509+00:00,24,HIGH,true
252,12.600090,2026-09-10T13:54:19.942549+00:00,24,HIGH,true
253,12.650083,2026-09-10T13:54:19.992512+00:00,24,HIGH,true
254,12.700087,2026-09-10T13:54:20.042520+00:00,24,HIGH,true
255,12.750085,2026-09-10T13:54:20.092509+00:00,24,HIGH,true
256,12.800081,2026-09-10T13:54:20.142503+00:00,24,HIGH,true
257,12.850081,2026-09-10T13:54:20.192500+00:00,24,HIGH,true
258,12.900085,2026-09-10T13:54:20.242513+00:00,24,HIGH,true
259,12.950084,2026-09-10T13:54:20.292509+00:00,24,HIGH,true
260,13.000082,2026-09-10T13:54:20.342507+00:00,24,HIGH,true
261,13.050081,2026-09-10T13:54:20.392500+00:00,24,HIGH,true
262,13.100086,2026-09-10T13:54:20.442514+00:00,24,HIGH,true
263,13.150085,2026-09-10T13:54:20.492510+00:00,24,HIGH,true
264,13.200080,2026-09-10T13:54:20.542502+00:00,24,HIGH,true
265,13.250080,2026-09-10T13:54:20.592498+00:00,24,HIGH,true
266,13.300087,2026-09-10T13:54:20.642513+00:00,24,HIGH,true
267,13.350087,2026-09-10T13:54:20.692512+00:00,24,HIGH,true
268,13.400082,2026-09-10T13:54:20.742503+00:00,24,HIGH,true
269,13.450080,2026-09-10T13:54:20.792498+00:00,24,HIGH,true
270,13.500085,2026-09-10T13:54:20.842512+00:00,24,HIGH,true
271,13.550085,2026-09-10T13:54:20.892509+00:00,24,HIGH,true
272,13.600082,2026-09-10T13:54:20.942500+00:00,24,HIGH,true
273,13.650080,2026-09-10T13:54:20.992499+00:00,24,HIGH,true
274,13.700089,2026-09-10T13:54:21.042534+00:00,24,HIGH,true
275,13.750086,2026-09-10T13:54:21.092516+00:00,24,HIGH,true
276,13.800095,2026-09-10T13:54:21.142571+00:00,24,HIGH,true
277,13.850086,2026-09-10T13:54:21.192519+00:00,24,HIGH,true
278,13.900088,2026-09-10T13:54:21.242522+00:00,24,HIGH,true
279,13.950086,2026-09-10T13:54:21.292512+00:00,24,HIGH,true
280,14.000082,2026-09-10T13:54:21.342504+00:00,24,HIGH,true
281,14.050080,2026-09-10T13:54:21.392499+00:00,24,HIGH,true
282,14.100087,2026-09-10T13:54:21.442514+00:00,24,HIGH,true
283,14.150086,2026-09-10T13:54:21.492510+00:00,24,HIGH,true
284,14.200082,2026-09-10T13:54:21.542504+00:00,24,HIGH,true
285,14.250080,2026-09-10T13:54:21.592500+00:00,24,HIGH,true
286,14.300086,2026-09-10T13:54:21.642514+00:00,24,HIGH,true
287,14.350086,2026-09-10T13:54:21.692510+00:00,24,HIGH,true
288,14.400082,2026-09-10T13:54:21.742502+00:00,24,HIGH,true
289,14.450080,2026-09-10T13:54:21.792498+00:00,24,HIGH,true
290,14.500089,2026-09-10T13:54:21.842526+00:00,24,HIGH,true
291,14.550086,2026-09-10T13:54:21.892512+00:00,24,HIGH,true
292,14.600082,2026-09-10T13:54:21.942505+00:00,24,HIGH,true
293,14.650080,2026-09-10T13:54:21.992499+00:00,24,HIGH,true
294,14.700084,2026-09-10T13:54:22.042511+00:00,24,HIGH,true
295,14.750085,2026-09-10T13:54:22.092510+00:00,24,HIGH,true
296,14.800105,2026-09-10T13:54:22.142618+00:00,24,HIGH,true
297,14.850092,2026-09-10T13:54:22.192531+00:00,24,HIGH,true
298,14.900086,2026-09-10T13:54:22.242513+00:00,24,HIGH,true
299,14.950085,2026-09-10T13:54:22.292509+00:00,24,HIGH,true
300,15.000082,2026-09-10T13:54:22.342504+00:00,24,HIGH,true
301,15.050080,2026-09-10T13:54:22.392499+00:00,24,HIGH,true
302,15.100087,2026-09-10T13:54:22.442515+00:00,24,HIGH,true
303,15.150085,2026-09-10T13:54:22.492511+00:00,24,HIGH,true
304,15.200086,2026-09-10T13:54:22.542511+00:00,24,HIGH,true
305,15.250086,2026-09-10T13:54:22.592510+00:00,24,HIGH,true
306,15.300081,2026-09-10T13:54:22.642502+00:00,24,HIGH,true
307,15.350081,2026-09-10T13:54:22.692498+00:00,24,HIGH,true
308,15.400087,2026-09-10T13:54:22.742514+00:00,24,HIGH,true
309,15.450086,2026-09-10T13:54:22.792510+00:00,24,HIGH,true
310,15.500081,2026-09-10T13:54:22.842500+00:00,24,HIGH,true
311,15.550081,2026-09-10T13:54:22.892499+00:00,24,HIGH,true
312,15.600086,2026-09-10T13:54:22.942516+00:00,24,HIGH,true
313,15.650085,2026-09-10T13:54:22.992510+00:00,24,HIGH,true
314,15.700081,2026-09-10T13:54:23.042502+00:00,24,HIGH,true
315,15.750081,2026-09-10T13:54:23.092499+00:00,24,HIGH,true
316,15.800088,2026-09-10T13:54:23.142525+00:00,24,HIGH,true
317,15.850085,2026-09-10T13:54:23.192512+00:00,24,HIGH,true
318,15.900081,2026-09-10T13:54:23.242501+00:00,24,HIGH,true
319,15.950080,2026-09-10T13:54:23.292500+00:00,24,HIGH,true
320,16.000086,2026-09-10T13:54:23.342514+00:00,24,HIGH,true
321,16.050085,2026-09-10T13:54:23.392510+00:00,24,HIGH,true
322,16.100082,2026-09-10T13:54:23.442503+00:00,24,HIGH,true
323,16.150080,2026-09-10T13:54:23.492498+00:00,24,HIGH,true
324,16.200087,2026-09-10T13:54:23.542515+00:00,24,HIGH,true
325,16.250085,2026-09-10T13:54:23.592511+00:00,24,HIGH,true
326,16.300082,2026-09-10T13:54:23.642503+00:00,24,HIGH,true
327,16.350080,2026-09-10T13:54:23.692499+00:00,24,HIGH,true
328,16.400085,2026-09-10T13:54:23.742513+00:00,24,HIGH,true
329,16.450087,2026-09-10T13:54:23.792520+00:00,24,HIGH,true
330,16.500114,2026-09-10T13:54:23.842650+00:00,24,HIGH,true
331,16.550093,2026-09-10T13:54:23.892528+00:00,24,HIGH,true
332,16.600081,2026-09-10T13:54:23.942503+00:00,24,HIGH,true
333,16.650079,2026-09-10T13:54:23.992496+00:00,24,HIGH,true
334,16.700093,2026-09-10T13:54:24.042551+00:00,24,HIGH,true
335,16.750087,2026-09-10T13:54:24.092517+00:00,24,HIGH,true
336,16.800083,2026-09-10T13:54:24.142506+00:00,24,HIGH,true
337,16.850080,2026-09-10T13:54:24.192499+00:00,24,HIGH,true
338,16.900085,2026-09-10T13:54:24.242511+00:00,24,HIGH,true
339,16.950085,2026-09-10T13:54:24.292510+00:00,24,HIGH,true
340,17.000081,2026-09-10T13:54:24.342500+00:00,24,HIGH,true
341,17.050080,2026-09-10T13:54:24.392497+00:00,24,HIGH,true
342,17.100085,2026-09-10T13:54:24.442512+00:00,24,HIGH,true
343,17.150085,2026-09-10T13:54:24.492509+00:00,24,HIGH,true
344,17.200079,2026-09-10T13:54:24.542500+00:00,24,HIGH,true
345,17.250079,2026-09-10T13:54:24.592497+00:00,24,HIGH,true
346,17.300084,2026-09-10T13:54:24.642509+00:00,24,HIGH,true
347,17.350085,2026-09-10T13:54:24.692509+00:00,24,HIGH,true
348,17.400101,2026-09-10T13:54:24.742576+00:00,24,HIGH,true
349,17.450083,2026-09-10T13:54:24.792537+00:00,24,HIGH,true
350,17.500091,2026-09-10T13:54:24.842537+00:00,24,HIGH,true
351,17.550089,2026-09-10T13:54:24.892518+00:00,24,HIGH,true
352,17.600082,2026-09-10T13:54:24.942503+00:00,24,HIGH,true
353,17.650081,2026-09-10T13:54:24.992498+00:00,24,HIGH,true
354,17.700086,2026-09-10T13:54:25.042511+00:00,24,HIGH,true
355,17.750087,2026-09-10T13:54:25.092510+00:00,24,HIGH,true
356,17.800080,2026-09-10T13:54:25.142498+00:00,24,HIGH,true
357,17.850080,2026-09-10T13:54:25.192499+00:00,24,HIGH,true
358,17.900085,2026-09-10T13:54:25.242509+00:00,24,HIGH,true
359,17.950086,2026-09-10T13:54:25.292510+00:00,24,HIGH,true
360,18.000082,2026-09-10T13:54:25.342504+00:00,24,HIGH,true
361,18.050080,2026-09-10T13:54:25.392498+00:00,24,HIGH,true
362,18.100085,2026-09-10T13:54:25.442508+00:00,24,HIGH,true
363,18.150086,2026-09-10T13:54:25.492509+00:00,24,HIGH,true
364,18.200082,2026-09-10T13:54:25.542503+00:00,24,HIGH,true
365,18.250081,2026-09-10T13:54:25.592496+00:00,24,HIGH,true
366,18.300085,2026-09-10T13:54:25.642508+00:00,24,HIGH,true
367,18.350086,2026-09-10T13:54:25.692508+00:00,24,HIGH,true
368,18.400081,2026-09-10T13:54:25.742497+00:00,24,HIGH,true
369,18.450080,2026-09-10T13:54:25.792496+00:00,24,HIGH,true
370,18.500086,2026-09-10T13:54:25.842508+00:00,24,HIGH,true
371,18.550087,2026-09-10T13:54:25.892508+00:00,24,HIGH,true
372,18.600080,2026-09-10T13:54:25.942498+00:00,24,HIGH,true
373,18.650082,2026-09-10T13:54:25.992497+00:00,24,HIGH,true
374,18.700085,2026-09-10T13:54:26.042507+00:00,24,HIGH,true
375,18.750086,2026-09-10T13:54:26.092509+00:00,24,HIGH,true
376,18.800082,2026-09-10T13:54:26.142499+00:00,24,HIGH,true
377,18.850079,2026-09-10T13:54:26.192495+00:00,24,HIGH,true
378,18.900084,2026-09-10T13:54:26.242507+00:00,24,HIGH,true
379,18.950085,2026-09-10T13:54:26.292507+00:00,24,HIGH,true
380,19.000081,2026-09-10T13:54:26.342503+00:00,24,HIGH,true
381,19.050081,2026-09-10T13:54:26.392497+00:00,24,HIGH,true
382,19.100084,2026-09-10T13:54:26.442507+00:00,24,HIGH,true
383,19.150081,2026-09-10T13:54:26.492508+00:00,24,HIGH,true
384,19.200088,2026-09-10T13:54:26.542521+00:00,24,HIGH,true
385,19.250085,2026-09-10T13:54:26.592511+00:00,24,HIGH,true
386,19.300081,2026-09-10T13:54:26.642500+00:00,24,HIGH,true
387,19.350080,2026-09-10T13:54:26.692497+00:00,24,HIGH,true
388,19.400084,2026-09-10T13:54:26.742511+00:00,24,HIGH,true
389,19.450085,2026-09-10T13:54:26.792509+00:00,24,HIGH,true
390,19.500081,2026-09-10T13:54:26.842500+00:00,24,HIGH,true
391,19.550080,2026-09-10T13:54:26.892500+00:00,24,HIGH,true
392,19.600086,2026-09-10T13:54:26.942514+00:00,24,HIGH,true
393,19.650085,2026-09-10T13:54:26.992509+00:00,24,HIGH,true
394,19.700081,2026-09-10T13:54:27.042500+00:00,24,HIGH,true
395,19.750079,2026-09-10T13:54:27.092496+00:00,24,HIGH,true
396,19.800095,2026-09-10T13:54:27.142581+00:00,24,HIGH,true
397,19.850092,2026-09-10T13:54:27.192528+00:00,24,HIGH,true
398,19.900081,2026-09-10T13:54:27.242502+00:00,24,HIGH,true
399,19.950080,2026-09-10T13:54:27.292498+00:00,24,HIGH,true
400,20.000086,2026-09-10T13:54:27.342510+00:00,24,HIGH,true
401,20.050084,2026-09-10T13:54:27.392507+00:00,24,HIGH,true
402,20.100080,2026-09-10T13:54:27.442498+00:00,24,HIGH,true
403,20.150080,2026-09-10T13:54:27.492496+00:00,24,HIGH,true
404,20.200086,2026-09-10T13:54:27.542513+00:00,24,HIGH,true
405,20.250086,2026-09-10T13:54:27.592510+00:00,24,HIGH,true
406,20.300080,2026-09-10T13:54:27.642498+00:00,24,HIGH,true
407,20.350079,2026-09-10T13:54:27.692496+00:00,24,HIGH,true
408,20.400086,2026-09-10T13:54:27.742511+00:00,24,HIGH,true
409,20.450086,2026-09-10T13:54:27.792524+00:00,24,HIGH,true
410,20.500081,2026-09-10T13:54:27.842503+00:00,24,HIGH,true
411,20.550079,2026-09-10T13:54:27.892498+00:00,24,HIGH,true
412,20.600086,2026-09-10T13:54:27.942514+00:00,24,HIGH,true
413,20.650085,2026-09-10T13:54:27.992511+00:00,24,HIGH,true
414,20.700078,2026-09-10T13:54:28.042499+00:00,24,HIGH,true
415,20.750081,2026-09-10T13:54:28.092502+00:00,24,HIGH,true
416,20.800104,2026-09-10T13:54:28.142620+00:00,24,HIGH,true
417,20.850092,2026-09-10T13:54:28.192534+00:00,24,HIGH,true
418,20.900083,2026-09-10T13:54:28.242507+00:00,24,HIGH,true
419,20.950080,2026-09-10T13:54:28.292498+00:00,24,HIGH,true
420,21.000086,2026-09-10T13:54:28.342514+00:00,24,HIGH,true
421,21.050086,2026-09-10T13:54:28.392512+00:00,24,HIGH,true
422,21.100083,2026-09-10T13:54:28.442505+00:00,24,HIGH,true
423,21.150080,2026-09-10T13:54:28.492499+00:00,24,HIGH,true
424,21.200087,2026-09-10T13:54:28.542515+00:00,24,HIGH,true
425,21.250085,2026-09-10T13:54:28.592509+00:00,24,HIGH,true
426,21.300087,2026-09-10T13:54:28.642541+00:00,24,HIGH,true
427,21.350086,2026-09-10T13:54:28.692527+00:00,24,HIGH,true
428,21.400089,2026-09-10T13:54:28.742528+00:00,24,HIGH,true
429,21.450085,2026-09-10T13:54:28.792512+00:00,24,HIGH,true
430,21.500082,2026-09-10T13:54:28.842503+00:00,24,HIGH,true
431,21.550081,2026-09-10T13:54:28.892501+00:00,24,HIGH,true
432,21.600086,2026-09-10T13:54:28.942515+00:00,24,HIGH,true
433,21.650085,2026-09-10T13:54:28.992510+00:00,24,HIGH,true
434,21.700082,2026-09-10T13:54:29.042504+00:00,24,HIGH,true
435,21.750081,2026-09-10T13:54:29.092500+00:00,24,HIGH,true
436,21.800122,2026-09-10T13:54:29.142562+00:00,24,HIGH,true
437,21.850091,2026-09-10T13:54:29.192538+00:00,24,HIGH,true
438,21.900085,2026-09-10T13:54:29.242512+00:00,24,HIGH,true
439,21.950082,2026-09-10T13:54:29.292500+00:00,24,HIGH,true
440,22.000085,2026-09-10T13:54:29.342508+00:00,24,HIGH,true
441,22.050085,2026-09-10T13:54:29.392507+00:00,24,HIGH,true
442,22.100081,2026-09-10T13:54:29.442498+00:00,24,HIGH,true
443,22.150081,2026-09-10T13:54:29.492498+00:00,24,HIGH,true
444,22.200086,2026-09-10T13:54:29.542509+00:00,24,HIGH,true
445,22.250086,2026-09-10T13:54:29.592507+00:00,24,HIGH,true
446,22.300081,2026-09-10T13:54:29.642498+00:00,24,HIGH,true
447,22.350082,2026-09-10T13:54:29.692498+00:00,24,HIGH,true
448,22.400084,2026-09-10T13:54:29.742506+00:00,24,HIGH,true
449,22.450087,2026-09-10T13:54:29.792509+00:00,24,HIGH,true
450,22.500081,2026-09-10T13:54:29.842498+00:00,24,HIGH,true
451,22.550081,2026-09-10T13:54:29.892497+00:00,24,HIGH,true
452,22.600086,2026-09-10T13:54:29.942508+00:00,24,HIGH,true
453,22.650087,2026-09-10T13:54:29.992509+00:00,24,HIGH,true
454,22.700081,2026-09-10T13:54:30.042498+00:00,24,HIGH,true
455,22.750081,2026-09-10T13:54:30.092497+00:00,24,HIGH,true
456,22.800085,2026-09-10T13:54:30.142507+00:00,24,HIGH,true
457,22.850086,2026-09-10T13:54:30.192508+00:00,24,HIGH,true
458,22.900080,2026-09-10T13:54:30.242497+00:00,24,HIGH,true
459,22.950080,2026-09-10T13:54:30.292497+00:00,24,HIGH,true
460,23.000085,2026-09-10T13:54:30.342508+00:00,24,HIGH,true
461,23.050087,2026-09-10T13:54:30.392509+00:00,24,HIGH,true
462,23.100083,2026-09-10T13:54:30.442503+00:00,24,HIGH,true
463,23.150081,2026-09-10T13:54:30.492497+00:00,24,HIGH,true
464,23.200084,2026-09-10T13:54:30.542507+00:00,24,HIGH,true
465,23.250085,2026-09-10T13:54:30.592507+00:00,24,HIGH,true
466,23.300080,2026-09-10T13:54:30.642495+00:00,24,HIGH,true
467,23.350080,2026-09-10T13:54:30.692495+00:00,24,HIGH,true
468,23.400080,2026-09-10T13:54:30.742539+00:00,24,HIGH,true
469,23.450091,2026-09-10T13:54:30.792576+00:00,24,HIGH,true
470,23.500093,2026-09-10T13:54:30.842537+00:00,24,HIGH,true
471,23.550089,2026-09-10T13:54:30.892516+00:00,24,HIGH,true
472,23.600082,2026-09-10T13:54:30.942500+00:00,24,HIGH,true
473,23.650080,2026-09-10T13:54:30.992497+00:00,24,HIGH,true
474,23.700084,2026-09-10T13:54:31.042506+00:00,24,HIGH,true
475,23.750087,2026-09-10T13:54:31.092509+00:00,24,HIGH,true
476,23.800082,2026-09-10T13:54:31.142504+00:00,24,HIGH,true
477,23.850083,2026-09-10T13:54:31.192504+00:00,24,HIGH,true
478,23.900085,2026-09-10T13:54:31.242508+00:00,24,HIGH,true
479,23.950086,2026-09-10T13:54:31.292508+00:00,24,HIGH,true
480,24.000081,2026-09-10T13:54:31.342499+00:00,24,HIGH,true
481,24.050081,2026-09-10T13:54:31.392496+00:00,24,HIGH,true
482,24.100086,2026-09-10T13:54:31.442508+00:00,24,HIGH,true
483,24.150086,2026-09-10T13:54:31.492508+00:00,24,HIGH,true
484,24.200081,2026-09-10T13:54:31.542498+00:00,24,HIGH,true
485,24.250082,2026-09-10T13:54:31.592498+00:00,24,HIGH,true
486,24.300087,2026-09-10T13:54:31.642510+00:00,24,HIGH,true
487,24.350086,2026-09-10T13:54:31.692508+00:00,24,HIGH,true
488,24.400082,2026-09-10T13:54:31.742499+00:00,24,HIGH,true
489,24.450081,2026-09-10T13:54:31.792497+00:00,24,HIGH,true
490,24.500085,2026-09-10T13:54:31.842510+00:00,24,HIGH,true
491,24.550086,2026-09-10T13:54:31.892507+00:00,24,HIGH,true
492,24.600082,2026-09-10T13:54:31.942498+00:00,24,HIGH,true
493,24.650081,2026-09-10T13:54:31.992498+00:00,24,HIGH,true
494,24.700085,2026-09-10T13:54:32.042508+00:00,24,HIGH,true
495,24.750087,2026-09-10T13:54:32.092508+00:00,24,HIGH,true
496,24.800082,2026-09-10T13:54:32.142498+00:00,24,HIGH,true
497,24.850082,2026-09-10T13:54:32.192497+00:00,24,HIGH,true
498,24.900103,2026-09-10T13:54:32.242583+00:00,24,HIGH,true
499,24.950091,2026-09-10T13:54:32.292525+00:00,24,HIGH,true
500,25.000083,2026-09-10T13:54:32.342504+00:00,24,HIGH,true
501,25.050082,2026-09-10T13:54:32.392500+00:00,24,HIGH,true
502,25.100084,2026-09-10T13:54:32.442511+00:00,24,HIGH,true
503,25.150086,2026-09-10T13:54:32.492509+00:00,24,HIGH,true
504,25.200081,2026-09-10T13:54:32.542500+00:00,24,HIGH,true
505,25.250082,2026-09-10T13:54:32.592499+00:00,24,HIGH,true
506,25.300085,2026-09-10T13:54:32.642507+00:00,24,HIGH,true
507,25.350087,2026-09-10T13:54:32.692509+00:00,24,HIGH,true
508,25.400088,2026-09-10T13:54:32.742516+00:00,24,HIGH,true
509,25.450083,2026-09-10T13:54:32.792501+00:00,24,HIGH,true
510,25.500085,2026-09-10T13:54:32.842508+00:00,24,HIGH,true
511,25.550086,2026-09-10T13:54:32.892508+00:00,24,HIGH,true
512,25.600081,2026-09-10T13:54:32.942498+00:00,24,HIGH,true
513,25.650084,2026-09-10T13:54:32.992538+00:00,24,HIGH,true
514,25.700089,2026-09-10T13:54:33.042529+00:00,24,HIGH,true
515,25.750088,2026-09-10T13:54:33.092513+00:00,24,HIGH,true
516,25.800082,2026-09-10T13:54:33.142499+00:00,24,HIGH,true
517,25.850081,2026-09-10T13:54:33.192497+00:00,24,HIGH,true
518,25.900091,2026-09-10T13:54:33.242527+00:00,24,HIGH,true
519,25.950088,2026-09-10T13:54:33.292515+00:00,24,HIGH,true
520,26.000082,2026-09-10T13:54:33.342504+00:00,24,HIGH,true
521,26.050080,2026-09-10T13:54:33.392496+00:00,24,HIGH,true
522,26.100084,2026-09-10T13:54:33.442507+00:00,24,HIGH,true
523,26.150085,2026-09-10T13:54:33.492507+00:00,24,HIGH,true
524,26.200082,2026-09-10T13:54:33.542499+00:00,24,HIGH,true
525,26.250082,2026-09-10T13:54:33.592497+00:00,24,HIGH,true
526,26.300087,2026-09-10T13:54:33.642510+00:00,24,HIGH,true
527,26.350085,2026-09-10T13:54:33.692514+00:00,24,HIGH,true
528,26.400082,2026-09-10T13:54:33.742499+00:00,24,HIGH,true
529,26.450080,2026-09-10T13:54:33.792497+00:00,24,HIGH,true
530,26.500086,2026-09-10T13:54:33.842510+00:00,24,HIGH,true
531,26.550086,2026-09-10T13:54:33.892507+00:00,24,HIGH,true
532,26.600082,2026-09-10T13:54:33.942499+00:00,24,HIGH,true
533,26.650081,2026-09-10T13:54:33.992498+00:00,24,HIGH,true
534,26.700084,2026-09-10T13:54:34.042531+00:00,24,HIGH,true
535,26.750087,2026-09-10T13:54:34.092512+00:00,24,HIGH,true
536,26.800104,2026-09-10T13:54:34.142608+00:00,24,HIGH,true
537,26.850088,2026-09-10T13:54:34.192522+00:00,24,HIGH,true
538,26.900088,2026-09-10T13:54:34.242515+00:00,24,HIGH,true
539,26.950106,2026-09-10T13:54:34.292597+00:00,24,HIGH,true
540,27.000102,2026-09-10T13:54:34.342583+00:00,24,HIGH,true
541,27.050089,2026-09-10T13:54:34.392531+00:00,24,HIGH,true
542,27.100088,2026-09-10T13:54:34.442518+00:00,24,HIGH,true
543,27.150086,2026-09-10T13:54:34.492511+00:00,24,HIGH,true
544,27.200084,2026-09-10T13:54:34.542523+00:00,24,HIGH,true
545,27.250081,2026-09-10T13:54:34.592502+00:00,24,HIGH,true
546,27.300087,2026-09-10T13:54:34.642513+00:00,24,HIGH,true
547,27.350106,2026-09-10T13:54:34.692585+00:00,24,HIGH,true
548,27.400087,2026-09-10T13:54:34.742521+00:00,24,HIGH,true
549,27.450096,2026-09-10T13:54:34.792562+00:00,24,HIGH,true
550,27.500094,2026-09-10T13:54:34.842554+00:00,24,HIGH,true
551,27.550093,2026-09-10T13:54:34.892532+00:00,24,HIGH,true
552,27.600083,2026-09-10T13:54:34.942509+00:00,24,HIGH,true
553,27.650082,2026-09-10T13:54:34.992503+00:00,24,HIGH,true
554,27.700107,2026-09-10T13:54:35.042595+00:00,24,HIGH,true
555,27.750093,2026-09-10T13:54:35.092536+00:00,24,HIGH,true
556,27.800089,2026-09-10T13:54:35.142536+00:00,24,HIGH,true
557,27.850083,2026-09-10T13:54:35.192507+00:00,24,HIGH,true
558,27.900103,2026-09-10T13:54:35.242580+00:00,24,HIGH,true
559,27.950102,2026-09-10T13:54:35.292574+00:00,24,HIGH,true
560,28.000098,2026-09-10T13:54:35.342576+00:00,24,HIGH,true
561,28.050086,2026-09-10T13:54:35.392517+00:00,24,HIGH,true
562,28.100086,2026-09-10T13:54:35.442511+00:00,24,HIGH,true
563,28.150088,2026-09-10T13:54:35.492511+00:00,24,HIGH,true
564,28.200100,2026-09-10T13:54:35.542584+00:00,24,HIGH,true
565,28.250087,2026-09-10T13:54:35.592520+00:00,24,HIGH,true
566,28.300105,2026-09-10T13:54:35.642593+00:00,24,HIGH,true
567,28.350091,2026-09-10T13:54:35.692536+00:00,24,HIGH,true
568,28.400083,2026-09-10T13:54:35.742505+00:00,24,HIGH,true
569,28.450083,2026-09-10T13:54:35.792501+00:00,24,HIGH,true
570,28.500086,2026-09-10T13:54:35.842509+00:00,24,HIGH,true
571,28.550086,2026-09-10T13:54:35.892508+00:00,24,HIGH,true
572,28.600081,2026-09-10T13:54:35.942504+00:00,24,HIGH,true
573,28.650083,2026-09-10T13:54:35.992506+00:00,24,HIGH,true
574,28.700091,2026-09-10T13:54:36.042526+00:00,24,HIGH,true
575,28.750088,2026-09-10T13:54:36.092513+00:00,24,HIGH,true
576,28.800100,2026-09-10T13:54:36.142579+00:00,24,HIGH,true
577,28.850087,2026-09-10T13:54:36.192521+00:00,24,HIGH,true
578,28.900087,2026-09-10T13:54:36.242513+00:00,24,HIGH,true
579,28.950100,2026-09-10T13:54:36.292577+00:00,24,HIGH,true
580,29.000087,2026-09-10T13:54:36.342520+00:00,24,HIGH,true
581,29.050082,2026-09-10T13:54:36.392501+00:00,24,HIGH,true
582,29.100116,2026-09-10T13:54:36.442633+00:00,24,HIGH,true
583,29.150093,2026-09-10T13:54:36.492528+00:00,24,HIGH,true
584,29.200080,2026-09-10T13:54:36.542499+00:00,24,HIGH,true
585,29.250081,2026-09-10T13:54:36.592499+00:00,24,HIGH,true
586,29.300092,2026-09-10T13:54:36.642528+00:00,24,HIGH,true
587,29.350087,2026-09-10T13:54:36.692511+00:00,24,HIGH,true
588,29.400080,2026-09-10T13:54:36.742498+00:00,24,HIGH,true
589,29.450085,2026-09-10T13:54:36.792508+00:00,24,HIGH,true
590,29.500088,2026-09-10T13:54:36.842514+00:00,24,HIGH,true
591,29.550086,2026-09-10T13:54:36.892512+00:00,24,HIGH,true
592,29.600097,2026-09-10T13:54:36.942601+00:00,24,HIGH,true
593,29.650085,2026-09-10T13:54:36.992532+00:00,24,HIGH,true
594,29.700097,2026-09-10T13:54:37.042576+00:00,24,HIGH,true
595,29.750090,2026-09-10T13:54:37.092526+00:00,24,HIGH,true
596,29.800083,2026-09-10T13:54:37.142504+00:00,24,HIGH,true
597,29.850082,2026-09-10T13:54:37.192503+00:00,24,HIGH,true
598,29.900086,2026-09-10T13:54:37.242510+00:00,24,HIGH,true
599,29.950086,2026-09-10T13:54:37.292509+00:00,24,HIGH,true
600,30.000081,2026-09-10T13:54:37.342498+00:00,24,HIGH,true
601,30.050081,2026-09-10T13:54:37.392496+00:00,24,HIGH,true
602,30.100085,2026-09-10T13:54:37.442507+00:00,24,HIGH,true
603,30.150085,2026-09-10T13:54:37.492506+00:00,24,HIGH,true
604,30.200081,2026-09-10T13:54:37.542501+00:00,24,HIGH,true
605,30.250082,2026-09-10T13:54:37.592498+00:00,24,HIGH,true
606,30.300085,2026-09-10T13:54:37.642509+00:00,24,HIGH,true
607,30.350086,2026-09-10T13:54:37.692508+00:00,24,HIGH,true
608,30.400082,2026-09-10T13:54:37.742500+00:00,24,HIGH,true
609,30.450081,2026-09-10T13:54:37.792497+00:00,24,HIGH,true
610,30.500085,2026-09-10T13:54:37.842508+00:00,24,HIGH,true
611,30.550085,2026-09-10T13:54:37.892506+00:00,24,HIGH,true
612,30.600082,2026-09-10T13:54:37.942499+00:00,24,HIGH,true
613,30.650081,2026-09-10T13:54:37.992497+00:00,24,HIGH,true
614,30.700086,2026-09-10T13:54:38.042511+00:00,24,HIGH,true
615,30.750086,2026-09-10T13:54:38.092509+00:00,24,HIGH,true
616,30.800083,2026-09-10T13:54:38.142499+00:00,24,HIGH,true
617,30.850081,2026-09-10T13:54:38.192498+00:00,24,HIGH,true
618,30.900085,2026-09-10T13:54:38.242508+00:00,24,HIGH,true
619,30.950087,2026-09-10T13:54:38.292509+00:00,24,HIGH,true
620,31.000080,2026-09-10T13:54:38.342497+00:00,24,HIGH,true
621,31.050082,2026-09-10T13:54:38.392497+00:00,24,HIGH,true
622,31.100085,2026-09-10T13:54:38.442507+00:00,24,HIGH,true
623,31.150086,2026-09-10T13:54:38.492508+00:00,24,HIGH,true
624,31.200082,2026-09-10T13:54:38.542501+00:00,24,HIGH,true
625,31.250081,2026-09-10T13:54:38.592499+00:00,24,HIGH,true
626,31.300086,2026-09-10T13:54:38.642512+00:00,24,HIGH,true
627,31.350087,2026-09-10T13:54:38.692511+00:00,24,HIGH,true
628,31.400080,2026-09-10T13:54:38.742498+00:00,24,HIGH,true
629,31.450080,2026-09-10T13:54:38.792496+00:00,24,HIGH,true
630,31.500086,2026-09-10T13:54:38.842510+00:00,24,HIGH,true
631,31.550085,2026-09-10T13:54:38.892511+00:00,24,HIGH,true
632,31.600081,2026-09-10T13:54:38.942499+00:00,24,HIGH,true
633,31.650081,2026-09-10T13:54:38.992497+00:00,24,HIGH,true
634,31.700086,2026-09-10T13:54:39.042511+00:00,24,HIGH,true
635,31.750085,2026-09-10T13:54:39.092508+00:00,24,HIGH,true
636,31.800083,2026-09-10T13:54:39.142504+00:00,24,HIGH,true
637,31.850082,2026-09-10T13:54:39.192501+00:00,24,HIGH,true
638,31.900085,2026-09-10T13:54:39.242507+00:00,24,HIGH,true
639,31.950085,2026-09-10T13:54:39.292507+00:00,24,HIGH,true
640,32.000082,2026-09-10T13:54:39.342497+00:00,24,HIGH,true
641,32.050081,2026-09-10T13:54:39.392496+00:00,24,HIGH,true
642,32.100085,2026-09-10T13:54:39.442508+00:00,24,HIGH,true
643,32.150085,2026-09-10T13:54:39.492506+00:00,24,HIGH,true
644,32.200082,2026-09-10T13:54:39.542498+00:00,24,HIGH,true
645,32.250081,2026-09-10T13:54:39.592498+00:00,24,HIGH,true
646,32.300085,2026-09-10T13:54:39.642510+00:00,24,HIGH,true
647,32.350085,2026-09-10T13:54:39.692507+00:00,24,HIGH,true
648,32.400080,2026-09-10T13:54:39.742497+00:00,24,HIGH,true
649,32.450080,2026-09-10T13:54:39.792496+00:00,24,HIGH,true
650,32.500084,2026-09-10T13:54:39.842507+00:00,24,HIGH,true
651,32.550087,2026-09-10T13:54:39.892509+00:00,24,HIGH,true
652,32.600090,2026-09-10T13:54:39.942554+00:00,24,HIGH,true
653,32.650085,2026-09-10T13:54:39.992512+00:00,24,HIGH,true
654,32.700086,2026-09-10T13:54:40.042514+00:00,24,HIGH,true
655,32.750087,2026-09-10T13:54:40.092510+00:00,24,HIGH,true
656,32.800109,2026-09-10T13:54:40.142612+00:00,24,HIGH,true
657,32.850119,2026-09-10T13:54:40.192642+00:00,24,HIGH,true
658,32.900093,2026-09-10T13:54:40.242556+00:00,24,HIGH,true
659,32.950089,2026-09-10T13:54:40.292519+00:00,24,HIGH,true
660,33.000082,2026-09-10T13:54:40.342502+00:00,24,HIGH,true
661,33.050082,2026-09-10T13:54:40.392499+00:00,24,HIGH,true
662,33.100086,2026-09-10T13:54:40.442509+00:00,24,HIGH,true
663,33.150085,2026-09-10T13:54:40.492508+00:00,24,HIGH,true
664,33.200081,2026-09-10T13:54:40.542499+00:00,24,HIGH,true
665,33.250082,2026-09-10T13:54:40.592498+00:00,24,HIGH,true
666,33.300086,2026-09-10T13:54:40.642512+00:00,24,HIGH,true
667,33.350087,2026-09-10T13:54:40.692513+00:00,24,HIGH,true
668,33.400083,2026-09-10T13:54:40.742499+00:00,24,HIGH,true
669,33.450081,2026-09-10T13:54:40.792498+00:00,24,HIGH,true
670,33.500084,2026-09-10T13:54:40.842507+00:00,24,HIGH,true
671,33.550086,2026-09-10T13:54:40.892508+00:00,24,HIGH,true
672,33.600081,2026-09-10T13:54:40.942499+00:00,24,HIGH,true
673,33.650081,2026-09-10T13:54:40.992497+00:00,24,HIGH,true
674,33.700086,2026-09-10T13:54:41.042509+00:00,24,HIGH,true
675,33.750087,2026-09-10T13:54:41.092509+00:00,24,HIGH,true
676,33.800083,2026-09-10T13:54:41.142502+00:00,24,HIGH,true
677,33.850080,2026-09-10T13:54:41.192497+00:00,24,HIGH,true
678,33.900084,2026-09-10T13:54:41.242507+00:00,24,HIGH,true
679,33.950088,2026-09-10T13:54:41.292520+00:00,24,HIGH,true
680,34.000082,2026-09-10T13:54:41.342501+00:00,24,HIGH,true
681,34.050081,2026-09-10T13:54:41.392498+00:00,24,HIGH,true
682,34.100084,2026-09-10T13:54:41.442508+00:00,24,HIGH,true
683,34.150087,2026-09-10T13:54:41.492508+00:00,24,HIGH,true
684,34.200081,2026-09-10T13:54:41.542499+00:00,24,HIGH,true
685,34.250081,2026-09-10T13:54:41.592497+00:00,24,HIGH,true
686,34.300084,2026-09-10T13:54:41.642507+00:00,24,HIGH,true
687,34.350086,2026-09-10T13:54:41.692507+00:00,24,HIGH,true
688,34.400080,2026-09-10T13:54:41.742497+00:00,24,HIGH,true
689,34.450082,2026-09-10T13:54:41.792497+00:00,24,HIGH,true
690,34.500086,2026-09-10T13:54:41.842508+00:00,24,HIGH,true
691,34.550087,2026-09-10T13:54:41.892509+00:00,24,HIGH,true
692,34.600081,2026-09-10T13:54:41.942497+00:00,24,HIGH,true
693,34.650081,2026-09-10T13:54:41.992497+00:00,24,HIGH,true
694,34.700081,2026-09-10T13:54:42.042506+00:00,24,HIGH,true
695,34.750087,2026-09-10T13:54:42.092509+00:00,24,HIGH,true
696,34.800081,2026-09-10T13:54:42.142497+00:00,24,HIGH,true
697,34.850082,2026-09-10T13:54:42.192498+00:00,24,HIGH,true
698,34.900084,2026-09-10T13:54:42.242507+00:00,24,HIGH,true
699,34.950086,2026-09-10T13:54:42.292508+00:00,24,HIGH,true
700,35.000082,2026-09-10T13:54:42.342498+00:00,24,HIGH,true
701,35.050082,2026-09-10T13:54:42.392498+00:00,24,HIGH,true
702,35.100084,2026-09-10T13:54:42.442508+00:00,24,HIGH,true
703,35.150086,2026-09-10T13:54:42.492507+00:00,24,HIGH,true
704,35.200082,2026-09-10T13:54:42.542498+00:00,24,HIGH,true
705,35.250082,2026-09-10T13:54:42.592499+00:00,24,HIGH,true
706,35.300085,2026-09-10T13:54:42.642509+00:00,24,HIGH,true
707,35.350084,2026-09-10T13:54:42.692508+00:00,24,HIGH,true
708,35.400082,2026-09-10T13:54:42.742500+00:00,24,HIGH,true
709,35.450080,2026-09-10T13:54:42.792496+00:00,24,HIGH,true
710,35.500105,2026-09-10T13:54:42.842556+00:00,24,HIGH,true
711,35.550099,2026-09-10T13:54:42.892585+00:00,24,HIGH,true
712,35.600093,2026-09-10T13:54:42.942536+00:00,24,HIGH,true
713,35.650086,2026-09-10T13:54:42.992512+00:00,24,HIGH,true
714,35.700082,2026-09-10T13:54:43.042505+00:00,24,HIGH,true
715,35.750083,2026-09-10T13:54:43.092510+00:00,24,HIGH,true
716,35.800090,2026-09-10T13:54:43.142530+00:00,24,HIGH,true
717,35.850089,2026-09-10T13:54:43.192527+00:00,24,HIGH,true
718,35.900083,2026-09-10T13:54:43.242506+00:00,24,HIGH,true
719,35.950081,2026-09-10T13:54:43.292499+00:00,24,HIGH,true
720,36.000086,2026-09-10T13:54:43.342514+00:00,24,HIGH,true
721,36.050086,2026-09-10T13:54:43.392511+00:00,24,HIGH,true
722,36.100082,2026-09-10T13:54:43.442503+00:00,24,HIGH,true
723,36.150080,2026-09-10T13:54:43.492498+00:00,24,HIGH,true
724,36.200086,2026-09-10T13:54:43.542511+00:00,24,HIGH,true
725,36.250086,2026-09-10T13:54:43.592510+00:00,24,HIGH,true
726,36.300081,2026-09-10T13:54:43.642502+00:00,24,HIGH,true
727,36.350080,2026-09-10T13:54:43.692499+00:00,24,HIGH,true
728,36.400088,2026-09-10T13:54:43.742519+00:00,24,HIGH,true
729,36.450086,2026-09-10T13:54:43.792513+00:00,24,HIGH,true
730,36.500082,2026-09-10T13:54:43.842502+00:00,24,HIGH,true
731,36.550081,2026-09-10T13:54:43.892499+00:00,24,HIGH,true
732,36.600088,2026-09-10T13:54:43.942514+00:00,24,HIGH,true
733,36.650086,2026-09-10T13:54:43.992510+00:00,24,HIGH,true
734,36.700083,2026-09-10T13:54:44.042503+00:00,24,HIGH,true
735,36.750082,2026-09-10T13:54:44.092499+00:00,24,HIGH,true
736,36.800086,2026-09-10T13:54:44.142514+00:00,24,HIGH,true
737,36.850085,2026-09-10T13:54:44.192510+00:00,24,HIGH,true
738,36.900083,2026-09-10T13:54:44.242503+00:00,24,HIGH,true
739,36.950082,2026-09-10T13:54:44.292507+00:00,24,HIGH,true
740,37.000087,2026-09-10T13:54:44.342516+00:00,24,HIGH,true
741,37.050084,2026-09-10T13:54:44.392509+00:00,24,HIGH,true
742,37.100083,2026-09-10T13:54:44.442504+00:00,24,HIGH,true
743,37.150081,2026-09-10T13:54:44.492499+00:00,24,HIGH,true
744,37.200086,2026-09-10T13:54:44.542513+00:00,24,HIGH,true
745,37.250086,2026-09-10T13:54:44.592510+00:00,24,HIGH,true
746,37.300083,2026-09-10T13:54:44.642503+00:00,24,HIGH,true
747,37.350081,2026-09-10T13:54:44.692500+00:00,24,HIGH,true
748,37.400086,2026-09-10T13:54:44.742511+00:00,24,HIGH,true
749,37.450086,2026-09-10T13:54:44.792509+00:00,24,HIGH,true
750,37.500083,2026-09-10T13:54:44.842502+00:00,24,HIGH,true
751,37.550080,2026-09-10T13:54:44.892499+00:00,24,HIGH,true
752,37.600086,2026-09-10T13:54:44.942512+00:00,24,HIGH,true
753,37.650086,2026-09-10T13:54:44.992510+00:00,24,HIGH,true
754,37.700083,2026-09-10T13:54:45.042503+00:00,24,HIGH,true
755,37.750080,2026-09-10T13:54:45.092498+00:00,24,HIGH,true
756,37.800088,2026-09-10T13:54:45.142517+00:00,24,HIGH,true
757,37.850085,2026-09-10T13:54:45.192509+00:00,24,HIGH,true
758,37.900082,2026-09-10T13:54:45.242503+00:00,24,HIGH,true
759,37.950080,2026-09-10T13:54:45.292498+00:00,24,HIGH,true
760,38.000086,2026-09-10T13:54:45.342513+00:00,24,HIGH,true
761,38.050085,2026-09-10T13:54:45.392509+00:00,24,HIGH,true
762,38.100082,2026-09-10T13:54:45.442503+00:00,24,HIGH,true
763,38.150081,2026-09-10T13:54:45.492499+00:00,24,HIGH,true
764,38.200087,2026-09-10T13:54:45.542512+00:00,24,HIGH,true
765,38.250086,2026-09-10T13:54:45.592511+00:00,24,HIGH,true
766,38.300083,2026-09-10T13:54:45.642503+00:00,24,HIGH,true
767,38.350081,2026-09-10T13:54:45.692498+00:00,24,HIGH,true
768,38.400086,2026-09-10T13:54:45.742513+00:00,24,HIGH,true
769,38.450086,2026-09-10T13:54:45.792511+00:00,24,HIGH,true
770,38.500083,2026-09-10T13:54:45.842503+00:00,24,HIGH,true
771,38.550082,2026-09-10T13:54:45.892500+00:00,24,HIGH,true
772,38.600088,2026-09-10T13:54:45.942515+00:00,24,HIGH,true
773,38.650085,2026-09-10T13:54:45.992509+00:00,24,HIGH,true
774,38.700081,2026-09-10T13:54:46.042501+00:00,24,HIGH,true
775,38.750081,2026-09-10T13:54:46.092499+00:00,24,HIGH,true
776,38.800105,2026-09-10T13:54:46.142611+00:00,24,HIGH,true
777,38.850093,2026-09-10T13:54:46.192532+00:00,24,HIGH,true
778,38.900084,2026-09-10T13:54:46.242507+00:00,24,HIGH,true
779,38.950080,2026-09-10T13:54:46.292498+00:00,24,HIGH,true
780,39.000082,2026-09-10T13:54:46.342512+00:00,24,HIGH,true
781,39.050085,2026-09-10T13:54:46.392510+00:00,24,HIGH,true
782,39.100082,2026-09-10T13:54:46.442502+00:00,24,HIGH,true
783,39.150080,2026-09-10T13:54:46.492498+00:00,24,HIGH,true
784,39.200086,2026-09-10T13:54:46.542513+00:00,24,HIGH,true
785,39.250085,2026-09-10T13:54:46.592510+00:00,24,HIGH,true
786,39.300082,2026-09-10T13:54:46.642502+00:00,24,HIGH,true
787,39.350082,2026-09-10T13:54:46.692502+00:00,24,HIGH,true
788,39.400086,2026-09-10T13:54:46.742512+00:00,24,HIGH,true
789,39.450086,2026-09-10T13:54:46.792510+00:00,24,HIGH,true
790,39.500086,2026-09-10T13:54:46.842514+00:00,24,HIGH,true
791,39.550086,2026-09-10T13:54:46.892514+00:00,24,HIGH,true
792,39.600082,2026-09-10T13:54:46.942508+00:00,24,HIGH,true
793,39.650081,2026-09-10T13:54:46.992501+00:00,24,HIGH,true
794,39.700086,2026-09-10T13:54:47.042511+00:00,24,HIGH,true
795,39.750093,2026-09-10T13:54:47.092560+00:00,24,HIGH,true
796,39.800092,2026-09-10T13:54:47.142541+00:00,24,HIGH,true
797,39.850086,2026-09-10T13:54:47.192513+00:00,24,HIGH,true
798,39.900083,2026-09-10T13:54:47.242504+00:00,24,HIGH,true
799,39.950081,2026-09-10T13:54:47.292498+00:00,24,HIGH,true
800,40.000086,2026-09-10T13:54:47.342513+00:00,24,HIGH,true
801,40.050085,2026-09-10T13:54:47.392509+00:00,24,HIGH,true
802,40.100082,2026-09-10T13:54:47.442502+00:00,24,HIGH,true
803,40.150080,2026-09-10T13:54:47.492497+00:00,24,HIGH,true
804,40.200086,2026-09-10T13:54:47.542512+00:00,24,HIGH,true
805,40.250085,2026-09-10T13:54:47.592511+00:00,24,HIGH,true
806,40.300082,2026-09-10T13:54:47.642502+00:00,24,HIGH,true
807,40.350080,2026-09-10T13:54:47.692498+00:00,24,HIGH,true
808,40.400084,2026-09-10T13:54:47.742512+00:00,24,HIGH,true
809,40.450085,2026-09-10T13:54:47.792509+00:00,24,HIGH,true
810,40.500083,2026-09-10T13:54:47.842504+00:00,24,HIGH,true
811,40.550080,2026-09-10T13:54:47.892500+00:00,24,HIGH,true
812,40.600086,2026-09-10T13:54:47.942514+00:00,24,HIGH,true
813,40.650085,2026-09-10T13:54:47.992509+00:00,24,HIGH,true
814,40.700080,2026-09-10T13:54:48.042520+00:00,24,HIGH,true
815,40.750082,2026-09-10T13:54:48.092505+00:00,24,HIGH,true
816,40.800087,2026-09-10T13:54:48.142516+00:00,24,HIGH,true
817,40.850085,2026-09-10T13:54:48.192511+00:00,24,HIGH,true
818,40.900082,2026-09-10T13:54:48.242503+00:00,24,HIGH,true
819,40.950081,2026-09-10T13:54:48.292499+00:00,24,HIGH,true
820,41.000087,2026-09-10T13:54:48.342513+00:00,24,HIGH,true
821,41.050085,2026-09-10T13:54:48.392509+00:00,24,HIGH,true
822,41.100082,2026-09-10T13:54:48.442502+00:00,24,HIGH,true
823,41.150080,2026-09-10T13:54:48.492498+00:00,24,HIGH,true
824,41.200085,2026-09-10T13:54:48.542512+00:00,24,HIGH,true
825,41.250087,2026-09-10T13:54:48.592512+00:00,24,HIGH,true
826,41.300083,2026-09-10T13:54:48.642504+00:00,24,HIGH,true
827,41.350082,2026-09-10T13:54:48.692500+00:00,24,HIGH,true
828,41.400088,2026-09-10T13:54:48.742515+00:00,24,HIGH,true
829,41.450111,2026-09-10T13:54:48.792619+00:00,24,HIGH,true
830,41.500092,2026-09-10T13:54:48.842541+00:00,24,HIGH,true
831,41.550084,2026-09-10T13:54:48.892513+00:00,24,HIGH,true
832,41.600090,2026-09-10T13:54:48.942539+00:00,24,HIGH,true
833,41.650088,2026-09-10T13:54:48.992522+00:00,24,HIGH,true
834,41.700082,2026-09-10T13:54:49.042503+00:00,24,HIGH,true
835,41.750080,2026-09-10T13:54:49.092498+00:00,24,HIGH,true
836,41.800095,2026-09-10T13:54:49.142570+00:00,24,HIGH,true
837,41.850091,2026-09-10T13:54:49.192540+00:00,24,HIGH,true
838,41.900085,2026-09-10T13:54:49.242511+00:00,24,HIGH,true
839,41.950080,2026-09-10T13:54:49.292501+00:00,24,HIGH,true
840,42.000086,2026-09-10T13:54:49.342515+00:00,24,HIGH,true
841,42.050085,2026-09-10T13:54:49.392510+00:00,24,HIGH,true
842,42.100083,2026-09-10T13:54:49.442503+00:00,24,HIGH,true
843,42.150080,2026-09-10T13:54:49.492498+00:00,24,HIGH,true
844,42.200086,2026-09-10T13:54:49.542513+00:00,24,HIGH,true
845,42.250084,2026-09-10T13:54:49.592508+00:00,24,HIGH,true
846,42.300083,2026-09-10T13:54:49.642503+00:00,24,HIGH,true
847,42.350081,2026-09-10T13:54:49.692498+00:00,24,HIGH,true
848,42.400085,2026-09-10T13:54:49.742511+00:00,24,HIGH,true
849,42.450084,2026-09-10T13:54:49.792508+00:00,24,HIGH,true
850,42.500081,2026-09-10T13:54:49.842501+00:00,24,HIGH,true
851,42.550081,2026-09-10T13:54:49.892499+00:00,24,HIGH,true
852,42.600086,2026-09-10T13:54:49.942512+00:00,24,HIGH,true
853,42.650085,2026-09-10T13:54:49.992510+00:00,24,HIGH,true
854,42.700083,2026-09-10T13:54:50.042503+00:00,24,HIGH,true
855,42.750080,2026-09-10T13:54:50.092499+00:00,24,HIGH,true
856,42.800084,2026-09-10T13:54:50.142511+00:00,24,HIGH,true
857,42.850085,2026-09-10T13:54:50.192509+00:00,24,HIGH,true
858,42.900084,2026-09-10T13:54:50.242505+00:00,24,HIGH,true
859,42.950080,2026-09-10T13:54:50.292499+00:00,24,HIGH,true
860,43.000086,2026-09-10T13:54:50.342512+00:00,24,HIGH,true
861,43.050085,2026-09-10T13:54:50.392509+00:00,24,HIGH,true
862,43.100083,2026-09-10T13:54:50.442503+00:00,24,HIGH,true
863,43.150080,2026-09-10T13:54:50.492498+00:00,24,HIGH,true
864,43.200086,2026-09-10T13:54:50.542511+00:00,24,HIGH,true
865,43.250086,2026-09-10T13:54:50.592509+00:00,24,HIGH,true
866,43.300082,2026-09-10T13:54:50.642501+00:00,24,HIGH,true
867,43.350080,2026-09-10T13:54:50.692499+00:00,24,HIGH,true
868,43.400086,2026-09-10T13:54:50.742512+00:00,24,HIGH,true
869,43.450085,2026-09-10T13:54:50.792510+00:00,24,HIGH,true
870,43.500083,2026-09-10T13:54:50.842503+00:00,24,HIGH,true
871,43.550080,2026-09-10T13:54:50.892496+00:00,24,HIGH,true
872,43.600085,2026-09-10T13:54:50.942515+00:00,24,HIGH,true
873,43.650085,2026-09-10T13:54:50.992509+00:00,24,HIGH,true
874,43.700083,2026-09-10T13:54:51.042504+00:00,24,HIGH,true
875,43.750081,2026-09-10T13:54:51.092498+00:00,24,HIGH,true
876,43.800087,2026-09-10T13:54:51.142519+00:00,24,HIGH,true
877,43.850085,2026-09-10T13:54:51.192511+00:00,24,HIGH,true
878,43.900084,2026-09-10T13:54:51.242504+00:00,24,HIGH,true
879,43.950080,2026-09-10T13:54:51.292499+00:00,24,HIGH,true
880,44.000086,2026-09-10T13:54:51.342513+00:00,24,HIGH,true
881,44.050084,2026-09-10T13:54:51.392508+00:00,24,HIGH,true
882,44.100082,2026-09-10T13:54:51.442502+00:00,24,HIGH,true
883,44.150081,2026-09-10T13:54:51.492499+00:00,24,HIGH,true
884,44.200086,2026-09-10T13:54:51.542516+00:00,24,HIGH,true
885,44.250085,2026-09-10T13:54:51.592511+00:00,24,HIGH,true
886,44.300082,2026-09-10T13:54:51.642502+00:00,24,HIGH,true
887,44.350081,2026-09-10T13:54:51.692498+00:00,24,HIGH,true
888,44.400083,2026-09-10T13:54:51.742510+00:00,24,HIGH,true
889,44.450085,2026-09-10T13:54:51.792510+00:00,24,HIGH,true
890,44.500082,2026-09-10T13:54:51.842502+00:00,24,HIGH,true
891,44.550081,2026-09-10T13:54:51.892499+00:00,24,HIGH,true
892,44.600086,2026-09-10T13:54:51.942514+00:00,24,HIGH,true
893,44.650085,2026-09-10T13:54:51.992510+00:00,24,HIGH,true
894,44.700082,2026-09-10T13:54:52.042503+00:00,24,HIGH,true
895,44.750080,2026-09-10T13:54:52.092498+00:00,24,HIGH,true
896,44.800103,2026-09-10T13:54:52.142612+00:00,24,HIGH,true
897,44.850091,2026-09-10T13:54:52.192530+00:00,24,HIGH,true
898,44.900082,2026-09-10T13:54:52.242505+00:00,24,HIGH,true
899,44.950080,2026-09-10T13:54:52.292499+00:00,24,HIGH,true
900,45.000087,2026-09-10T13:54:52.342515+00:00,24,HIGH,true
901,45.050084,2026-09-10T13:54:52.392509+00:00,24,HIGH,true
902,45.100083,2026-09-10T13:54:52.442505+00:00,24,HIGH,true
903,45.150082,2026-09-10T13:54:52.492500+00:00,24,HIGH,true
904,45.200086,2026-09-10T13:54:52.542513+00:00,24,HIGH,true
905,45.250085,2026-09-10T13:54:52.592510+00:00,24,HIGH,true
906,45.300084,2026-09-10T13:54:52.642503+00:00,24,HIGH,true
907,45.350081,2026-09-10T13:54:52.692498+00:00,24,HIGH,true
908,45.400087,2026-09-10T13:54:52.742516+00:00,24,HIGH,true
909,45.450086,2026-09-10T13:54:52.792512+00:00,24,HIGH,true
910,45.500082,2026-09-10T13:54:52.842503+00:00,24,HIGH,true
911,45.550079,2026-09-10T13:54:52.892497+00:00,24,HIGH,true
912,45.600088,2026-09-10T13:54:52.942513+00:00,24,HIGH,true
913,45.650086,2026-09-10T13:54:52.992512+00:00,24,HIGH,true
914,45.700082,2026-09-10T13:54:53.042502+00:00,24,HIGH,true
915,45.750079,2026-09-10T13:54:53.092497+00:00,24,HIGH,true
916,45.800086,2026-09-10T13:54:53.142514+00:00,24,HIGH,true
917,45.850085,2026-09-10T13:54:53.192509+00:00,24,HIGH,true
918,45.900085,2026-09-10T13:54:53.242505+00:00,24,HIGH,true
919,45.950081,2026-09-10T13:54:53.292497+00:00,24,HIGH,true
920,46.000085,2026-09-10T13:54:53.342511+00:00,24,HIGH,true
921,46.050085,2026-09-10T13:54:53.392509+00:00,24,HIGH,true
922,46.100082,2026-09-10T13:54:53.442502+00:00,24,HIGH,true
923,46.150081,2026-09-10T13:54:53.492498+00:00,24,HIGH,true
924,46.200086,2026-09-10T13:54:53.542513+00:00,24,HIGH,true
925,46.250085,2026-09-10T13:54:53.592508+00:00,24,HIGH,true
926,46.300082,2026-09-10T13:54:53.642502+00:00,24,HIGH,true
927,46.350080,2026-09-10T13:54:53.692498+00:00,24,HIGH,true
928,46.400086,2026-09-10T13:54:53.742511+00:00,24,HIGH,true
929,46.450086,2026-09-10T13:54:53.792510+00:00,24,HIGH,true
930,46.500083,2026-09-10T13:54:53.842503+00:00,24,HIGH,true
931,46.550080,2026-09-10T13:54:53.892498+00:00,24,HIGH,true
932,46.600087,2026-09-10T13:54:53.942514+00:00,24,HIGH,true
933,46.650096,2026-09-10T13:54:53.992566+00:00,24,HIGH,true
934,46.700086,2026-09-10T13:54:54.042523+00:00,24,HIGH,true
935,46.750082,2026-09-10T13:54:54.092502+00:00,24,HIGH,true
936,46.800092,2026-09-10T13:54:54.142546+00:00,24,HIGH,true
937,46.850087,2026-09-10T13:54:54.192518+00:00,24,HIGH,true
938,46.900082,2026-09-10T13:54:54.242504+00:00,24,HIGH,true
939,46.950081,2026-09-10T13:54:54.292500+00:00,24,HIGH,true
940,47.000088,2026-09-10T13:54:54.342516+00:00,24,HIGH,true
941,47.050086,2026-09-10T13:54:54.392511+00:00,24,HIGH,true
942,47.100082,2026-09-10T13:54:54.442502+00:00,24,HIGH,true
943,47.150082,2026-09-10T13:54:54.492509+00:00,24,HIGH,true
944,47.200084,2026-09-10T13:54:54.542516+00:00,24,HIGH,true
945,47.250086,2026-09-10T13:54:54.592511+00:00,24,HIGH,true
946,47.300082,2026-09-10T13:54:54.642502+00:00,24,HIGH,true
947,47.350081,2026-09-10T13:54:54.692498+00:00,24,HIGH,true
948,47.400086,2026-09-10T13:54:54.742514+00:00,24,HIGH,true
949,47.450104,2026-09-10T13:54:54.792625+00:00,24,HIGH,true
950,47.500093,2026-09-10T13:54:54.842540+00:00,24,HIGH,true
951,47.550087,2026-09-10T13:54:54.892515+00:00,24,HIGH,true
952,47.600078,2026-09-10T13:54:54.942501+00:00,24,HIGH,true
953,47.650083,2026-09-10T13:54:54.992514+00:00,24,HIGH,true
954,47.700090,2026-09-10T13:54:55.042525+00:00,24,HIGH,true
955,47.750088,2026-09-10T13:54:55.092514+00:00,24,HIGH,true
956,47.800085,2026-09-10T13:54:55.142514+00:00,24,HIGH,true
957,47.850083,2026-09-10T13:54:55.192511+00:00,24,HIGH,true
958,47.900086,2026-09-10T13:54:55.242517+00:00,24,HIGH,true
959,47.950086,2026-09-10T13:54:55.292512+00:00,24,HIGH,true
960,48.000092,2026-09-10T13:54:55.342560+00:00,24,HIGH,true
961,48.050085,2026-09-10T13:54:55.392520+00:00,24,HIGH,true
962,48.100087,2026-09-10T13:54:55.442522+00:00,24,HIGH,true
963,48.150086,2026-09-10T13:54:55.492514+00:00,24,HIGH,true
964,48.200083,2026-09-10T13:54:55.542503+00:00,24,HIGH,true
965,48.250080,2026-09-10T13:54:55.592498+00:00,24,HIGH,true
966,48.300086,2026-09-10T13:54:55.642513+00:00,24,HIGH,true
967,48.350086,2026-09-10T13:54:55.692510+00:00,24,HIGH,true
968,48.400083,2026-09-10T13:54:55.742502+00:00,24,HIGH,true
969,48.450080,2026-09-10T13:54:55.792497+00:00,24,HIGH,true
970,48.500086,2026-09-10T13:54:55.842512+00:00,24,HIGH,true
971,48.550086,2026-09-10T13:54:55.892511+00:00,24,HIGH,true
972,48.600083,2026-09-10T13:54:55.942505+00:00,24,HIGH,true
973,48.650081,2026-09-10T13:54:55.992500+00:00,24,HIGH,true
974,48.700086,2026-09-10T13:54:56.042516+00:00,24,HIGH,true
975,48.750086,2026-09-10T13:54:56.092512+00:00,24,HIGH,true
976,48.800082,2026-09-10T13:54:56.142503+00:00,24,HIGH,true
977,48.850080,2026-09-10T13:54:56.192498+00:00,24,HIGH,true
978,48.900089,2026-09-10T13:54:56.242516+00:00,24,HIGH,true
979,48.950086,2026-09-10T13:54:56.292510+00:00,24,HIGH,true
980,49.000082,2026-09-10T13:54:56.342502+00:00,24,HIGH,true
981,49.050080,2026-09-10T13:54:56.392499+00:00,24,HIGH,true
982,49.100086,2026-09-10T13:54:56.442512+00:00,24,HIGH,true
983,49.150085,2026-09-10T13:54:56.492509+00:00,24,HIGH,true
984,49.200083,2026-09-10T13:54:56.542504+00:00,24,HIGH,true
985,49.250080,2026-09-10T13:54:56.592498+00:00,24,HIGH,true
986,49.300085,2026-09-10T13:54:56.642511+00:00,24,HIGH,true
987,49.350085,2026-09-10T13:54:56.692509+00:00,24,HIGH,true
988,49.400083,2026-09-10T13:54:56.742507+00:00,24,HIGH,true
989,49.450080,2026-09-10T13:54:56.792499+00:00,24,HIGH,true
990,49.500086,2026-09-10T13:54:56.842512+00:00,24,HIGH,true
991,49.550085,2026-09-10T13:54:56.892510+00:00,24,HIGH,true
992,49.600082,2026-09-10T13:54:56.942503+00:00,24,HIGH,true
993,49.650080,2026-09-10T13:54:56.992499+00:00,24,HIGH,true
994,49.700085,2026-09-10T13:54:57.042512+00:00,24,HIGH,true
995,49.750085,2026-09-10T13:54:57.092511+00:00,24,HIGH,true
996,49.800086,2026-09-10T13:54:57.142511+00:00,24,HIGH,true
997,49.850083,2026-09-10T13:54:57.192507+00:00,24,HIGH,true
998,49.900083,2026-09-10T13:54:57.242503+00:00,24,HIGH,true
999,49.950080,2026-09-10T13:54:57.292498+00:00,24,HIGH,true
1000,50.000087,2026-09-10T13:54:57.342515+00:00,24,HIGH,true
1001,50.050086,2026-09-10T13:54:57.392511+00:00,24,HIGH,true
1002,50.100082,2026-09-10T13:54:57.442502+00:00,24,HIGH,true
1003,50.150080,2026-09-10T13:54:57.492497+00:00,24,HIGH,true
1004,50.200086,2026-09-10T13:54:57.542512+00:00,24,HIGH,true
1005,50.250086,2026-09-10T13:54:57.592510+00:00,24,HIGH,true
1006,50.300082,2026-09-10T13:54:57.642503+00:00,24,HIGH,true
1007,50.350080,2026-09-10T13:54:57.692499+00:00,24,HIGH,true
1008,50.400087,2026-09-10T13:54:57.742514+00:00,24,HIGH,true
1009,50.450085,2026-09-10T13:54:57.792508+00:00,24,HIGH,true
1010,50.500083,2026-09-10T13:54:57.842503+00:00,24,HIGH,true
1011,50.550081,2026-09-10T13:54:57.892499+00:00,24,HIGH,true
1012,50.600085,2026-09-10T13:54:57.942512+00:00,24,HIGH,true
1013,50.650085,2026-09-10T13:54:57.992513+00:00,24,HIGH,true
1014,50.700083,2026-09-10T13:54:58.042502+00:00,24,HIGH,true
1015,50.750081,2026-09-10T13:54:58.092501+00:00,24,HIGH,true
1016,50.800099,2026-09-10T13:54:58.142603+00:00,24,HIGH,true
1017,50.850087,2026-09-10T13:54:58.192520+00:00,24,HIGH,true
1018,50.900088,2026-09-10T13:54:58.242519+00:00,24,HIGH,true
1019,50.950086,2026-09-10T13:54:58.292511+00:00,24,HIGH,true
1020,51.000082,2026-09-10T13:54:58.342503+00:00,24,HIGH,true
1021,51.050081,2026-09-10T13:54:58.392498+00:00,24,HIGH,true
1022,51.100087,2026-09-10T13:54:58.442515+00:00,24,HIGH,true
1023,51.150086,2026-09-10T13:54:58.492511+00:00,24,HIGH,true
1024,51.200082,2026-09-10T13:54:58.542502+00:00,24,HIGH,true
1025,51.250081,2026-09-10T13:54:58.592499+00:00,24,HIGH,true
1026,51.300086,2026-09-10T13:54:58.642514+00:00,24,HIGH,true
1027,51.350085,2026-09-10T13:54:58.692510+00:00,24,HIGH,true
1028,51.400082,2026-09-10T13:54:58.742503+00:00,24,HIGH,true
1029,51.450080,2026-09-10T13:54:58.792499+00:00,24,HIGH,true
1030,51.500082,2026-09-10T13:54:58.842509+00:00,24,HIGH,true
1031,51.550085,2026-09-10T13:54:58.892509+00:00,24,HIGH,true
1032,51.600081,2026-09-10T13:54:58.942502+00:00,24,HIGH,true
1033,51.650080,2026-09-10T13:54:58.992499+00:00,24,HIGH,true
1034,51.700086,2026-09-10T13:54:59.042513+00:00,24,HIGH,true
1035,51.750086,2026-09-10T13:54:59.092511+00:00,24,HIGH,true
1036,51.800084,2026-09-10T13:54:59.142516+00:00,24,HIGH,true
1037,51.850081,2026-09-10T13:54:59.192502+00:00,24,HIGH,true
1038,51.900086,2026-09-10T13:54:59.242513+00:00,24,HIGH,true
1039,51.950085,2026-09-10T13:54:59.292510+00:00,24,HIGH,true
1040,52.000082,2026-09-10T13:54:59.342506+00:00,24,HIGH,true
1041,52.050092,2026-09-10T13:54:59.392563+00:00,24,HIGH,true
1042,52.100091,2026-09-10T13:54:59.442534+00:00,24,HIGH,true
1043,52.150088,2026-09-10T13:54:59.492516+00:00,24,HIGH,true
1044,52.200083,2026-09-10T13:54:59.542504+00:00,24,HIGH,true
1045,52.250080,2026-09-10T13:54:59.592500+00:00,24,HIGH,true
1046,52.300087,2026-09-10T13:54:59.642515+00:00,24,HIGH,true
1047,52.350086,2026-09-10T13:54:59.692510+00:00,24,HIGH,true
1048,52.400082,2026-09-10T13:54:59.742502+00:00,24,HIGH,true
1049,52.450079,2026-09-10T13:54:59.792497+00:00,24,HIGH,true
1050,52.500085,2026-09-10T13:54:59.842511+00:00,24,HIGH,true
1051,52.550085,2026-09-10T13:54:59.892509+00:00,24,HIGH,true
1052,52.600084,2026-09-10T13:54:59.942503+00:00,24,HIGH,true
1053,52.650080,2026-09-10T13:54:59.992499+00:00,24,HIGH,true
1054,52.700086,2026-09-10T13:55:00.042513+00:00,24,HIGH,true
1055,52.750085,2026-09-10T13:55:00.092510+00:00,24,HIGH,true
1056,52.800094,2026-09-10T13:55:00.142564+00:00,24,HIGH,true
1057,52.850090,2026-09-10T13:55:00.192524+00:00,24,HIGH,true
1058,52.900078,2026-09-10T13:55:00.242501+00:00,24,HIGH,true
1059,52.950081,2026-09-10T13:55:00.292500+00:00,24,HIGH,true
1060,53.000084,2026-09-10T13:55:00.342511+00:00,24,HIGH,true
1061,53.050086,2026-09-10T13:55:00.392510+00:00,24,HIGH,true
1062,53.100082,2026-09-10T13:55:00.442503+00:00,24,HIGH,true
1063,53.150080,2026-09-10T13:55:00.492498+00:00,24,HIGH,true
1064,53.200085,2026-09-10T13:55:00.542512+00:00,24,HIGH,true
1065,53.250085,2026-09-10T13:55:00.592509+00:00,24,HIGH,true
1066,53.300081,2026-09-10T13:55:00.642501+00:00,24,HIGH,true
1067,53.350080,2026-09-10T13:55:00.692499+00:00,24,HIGH,true
1068,53.400086,2026-09-10T13:55:00.742512+00:00,24,HIGH,true
1069,53.450090,2026-09-10T13:55:00.792533+00:00,24,HIGH,true
1070,53.500089,2026-09-10T13:55:00.842521+00:00,24,HIGH,true
1071,53.550100,2026-09-10T13:55:00.892593+00:00,24,HIGH,true
1072,53.600089,2026-09-10T13:55:00.942529+00:00,24,HIGH,true
1073,53.650085,2026-09-10T13:55:00.992512+00:00,24,HIGH,true
1074,53.700087,2026-09-10T13:55:01.042518+00:00,24,HIGH,true
1075,53.750086,2026-09-10T13:55:01.092510+00:00,24,HIGH,true
1076,53.800083,2026-09-10T13:55:01.142507+00:00,24,HIGH,true
1077,53.850084,2026-09-10T13:55:01.192512+00:00,24,HIGH,true
1078,53.900087,2026-09-10T13:55:01.242517+00:00,24,HIGH,true
1079,53.950087,2026-09-10T13:55:01.292514+00:00,24,HIGH,true
1080,54.000084,2026-09-10T13:55:01.342505+00:00,24,HIGH,true
1081,54.050080,2026-09-10T13:55:01.392499+00:00,24,HIGH,true
1082,54.100087,2026-09-10T13:55:01.442530+00:00,24,HIGH,true
1083,54.150086,2026-09-10T13:55:01.492515+00:00,24,HIGH,true
1084,54.200083,2026-09-10T13:55:01.542505+00:00,24,HIGH,true
1085,54.250081,2026-09-10T13:55:01.592501+00:00,24,HIGH,true
1086,54.300086,2026-09-10T13:55:01.642512+00:00,24,HIGH,true
1087,54.350086,2026-09-10T13:55:01.692511+00:00,24,HIGH,true
1088,54.400082,2026-09-10T13:55:01.742502+00:00,24,HIGH,true
1089,54.450080,2026-09-10T13:55:01.792499+00:00,24,HIGH,true
1090,54.500086,2026-09-10T13:55:01.842513+00:00,24,HIGH,true
1091,54.550085,2026-09-10T13:55:01.892510+00:00,24,HIGH,true
1092,54.600079,2026-09-10T13:55:01.942503+00:00,24,HIGH,true
1093,54.650081,2026-09-10T13:55:01.992505+00:00,24,HIGH,true
1094,54.700086,2026-09-10T13:55:02.042515+00:00,24,HIGH,true
1095,54.750086,2026-09-10T13:55:02.092511+00:00,24,HIGH,true
1096,54.800082,2026-09-10T13:55:02.142503+00:00,24,HIGH,true
1097,54.850081,2026-09-10T13:55:02.192500+00:00,24,HIGH,true
1098,54.900086,2026-09-10T13:55:02.242513+00:00,24,HIGH,true
1099,54.950086,2026-09-10T13:55:02.292511+00:00,24,HIGH,true
1100,55.000084,2026-09-10T13:55:02.342508+00:00,24,HIGH,true
1101,55.050081,2026-09-10T13:55:02.392500+00:00,24,HIGH,true
1102,55.100086,2026-09-10T13:55:02.442512+00:00,24,HIGH,true
1103,55.150087,2026-09-10T13:55:02.492512+00:00,24,HIGH,true
1104,55.200081,2026-09-10T13:55:02.542502+00:00,24,HIGH,true
1105,55.250081,2026-09-10T13:55:02.592499+00:00,24,HIGH,true
1106,55.300086,2026-09-10T13:55:02.642513+00:00,24,HIGH,true
1107,55.350086,2026-09-10T13:55:02.692510+00:00,24,HIGH,true
1108,55.400082,2026-09-10T13:55:02.742503+00:00,24,HIGH,true
1109,55.450080,2026-09-10T13:55:02.792501+00:00,24,HIGH,true
1110,55.500087,2026-09-10T13:55:02.842514+00:00,24,HIGH,true
1111,55.550085,2026-09-10T13:55:02.892510+00:00,24,HIGH,true
1112,55.600082,2026-09-10T13:55:02.942503+00:00,24,HIGH,true
1113,55.650080,2026-09-10T13:55:02.992499+00:00,24,HIGH,true
1114,55.700086,2026-09-10T13:55:03.042515+00:00,24,HIGH,true
1115,55.750086,2026-09-10T13:55:03.092510+00:00,24,HIGH,true
1116,55.800084,2026-09-10T13:55:03.142509+00:00,24,HIGH,true
1117,55.850081,2026-09-10T13:55:03.192500+00:00,24,HIGH,true
1118,55.900087,2026-09-10T13:55:03.242514+00:00,24,HIGH,true
1119,55.950086,2026-09-10T13:55:03.292510+00:00,24,HIGH,true
1120,56.000082,2026-09-10T13:55:03.342502+00:00,24,HIGH,true
1121,56.050080,2026-09-10T13:55:03.392498+00:00,24,HIGH,true
1122,56.100087,2026-09-10T13:55:03.442513+00:00,24,HIGH,true
1123,56.150085,2026-09-10T13:55:03.492510+00:00,24,HIGH,true
1124,56.200081,2026-09-10T13:55:03.542502+00:00,24,HIGH,true
1125,56.250081,2026-09-10T13:55:03.592499+00:00,24,HIGH,true
1126,56.300086,2026-09-10T13:55:03.642512+00:00,24,HIGH,true
1127,56.350085,2026-09-10T13:55:03.692509+00:00,24,HIGH,true
1128,56.400082,2026-09-10T13:55:03.742503+00:00,24,HIGH,true
1129,56.450080,2026-09-10T13:55:03.792498+00:00,24,HIGH,true
1130,56.500086,2026-09-10T13:55:03.842513+00:00,24,HIGH,true
1131,56.550085,2026-09-10T13:55:03.892508+00:00,24,HIGH,true
1132,56.600082,2026-09-10T13:55:03.942503+00:00,24,HIGH,true
1133,56.650080,2026-09-10T13:55:03.992499+00:00,24,HIGH,true
1134,56.700086,2026-09-10T13:55:04.042513+00:00,24,HIGH,true
1135,56.750086,2026-09-10T13:55:04.092511+00:00,24,HIGH,true
1136,56.800098,2026-09-10T13:55:04.142604+00:00,24,HIGH,true
1137,56.850086,2026-09-10T13:55:04.192519+00:00,24,HIGH,true
1138,56.900088,2026-09-10T13:55:04.242519+00:00,24,HIGH,true
1139,56.950086,2026-09-10T13:55:04.292512+00:00,24,HIGH,true
1140,57.000081,2026-09-10T13:55:04.342503+00:00,24,HIGH,true
1141,57.050080,2026-09-10T13:55:04.392499+00:00,24,HIGH,true
1142,57.100087,2026-09-10T13:55:04.442514+00:00,24,HIGH,true
1143,57.150094,2026-09-10T13:55:04.492550+00:00,24,HIGH,true
1144,57.200090,2026-09-10T13:55:04.542523+00:00,24,HIGH,true
1145,57.250086,2026-09-10T13:55:04.592511+00:00,24,HIGH,true
1146,57.300081,2026-09-10T13:55:04.642499+00:00,24,HIGH,true
1147,57.350080,2026-09-10T13:55:04.692496+00:00,24,HIGH,true
1148,57.400087,2026-09-10T13:55:04.742518+00:00,24,HIGH,true
1149,57.450087,2026-09-10T13:55:04.792513+00:00,24,HIGH,true
1150,57.500085,2026-09-10T13:55:04.842509+00:00,24,HIGH,true
1151,57.550085,2026-09-10T13:55:04.892507+00:00,24,HIGH,true
1152,57.600081,2026-09-10T13:55:04.942498+00:00,24,HIGH,true
1153,57.650080,2026-09-10T13:55:04.992497+00:00,24,HIGH,true
1154,57.700086,2026-09-10T13:55:05.042509+00:00,24,HIGH,true
1155,57.750087,2026-09-10T13:55:05.092513+00:00,24,HIGH,true
1156,57.800081,2026-09-10T13:55:05.142498+00:00,24,HIGH,true
1157,57.850081,2026-09-10T13:55:05.192498+00:00,24,HIGH,true
1158,57.900086,2026-09-10T13:55:05.242509+00:00,24,HIGH,true
1159,57.950087,2026-09-10T13:55:05.292511+00:00,24,HIGH,true
1160,58.000087,2026-09-10T13:55:05.342508+00:00,24,HIGH,true
1161,58.050081,2026-09-10T13:55:05.392499+00:00,24,HIGH,true
1162,58.100079,2026-09-10T13:55:05.442496+00:00,24,HIGH,true
1163,58.150085,2026-09-10T13:55:05.492508+00:00,24,HIGH,true
1164,58.200085,2026-09-10T13:55:05.542508+00:00,24,HIGH,true
1165,58.250081,2026-09-10T13:55:05.592498+00:00,24,HIGH,true
1166,58.300080,2026-09-10T13:55:05.642496+00:00,24,HIGH,true
1167,58.350085,2026-09-10T13:55:05.692508+00:00,24,HIGH,true
1168,58.400085,2026-09-10T13:55:05.742507+00:00,24,HIGH,true
1169,58.450082,2026-09-10T13:55:05.792500+00:00,24,HIGH,true
1170,58.500136,2026-09-10T13:55:05.842554+00:00,24,HIGH,true
1171,58.550086,2026-09-10T13:55:05.892511+00:00,24,HIGH,true
1172,58.600145,2026-09-10T13:55:05.942569+00:00,24,HIGH,true
1173,58.650081,2026-09-10T13:55:05.992500+00:00,24,HIGH,true
1174,58.700129,2026-09-10T13:55:06.042546+00:00,24,HIGH,true
1175,58.750086,2026-09-10T13:55:06.092511+00:00,24,HIGH,true
1176,58.800145,2026-09-10T13:55:06.142570+00:00,24,HIGH,true
1177,58.850083,2026-09-10T13:55:06.192502+00:00,24,HIGH,true
1178,58.900078,2026-09-10T13:55:06.242494+00:00,24,HIGH,true
1179,58.950085,2026-09-10T13:55:06.292510+00:00,24,HIGH,true
1180,59.000087,2026-09-10T13:55:06.342509+00:00,24,HIGH,true
1181,59.050082,2026-09-10T13:55:06.392501+00:00,24,HIGH,true
1182,59.100085,2026-09-10T13:55:06.442509+00:00,24,HIGH,true
1183,59.150086,2026-09-10T13:55:06.492511+00:00,24,HIGH,true
1184,59.200087,2026-09-10T13:55:06.542510+00:00,24,HIGH,true
1185,59.250082,2026-09-10T13:55:06.592500+00:00,24,HIGH,true
1186,59.300080,2026-09-10T13:55:06.642497+00:00,24,HIGH,true
1187,59.350085,2026-09-10T13:55:06.692509+00:00,24,HIGH,true
1188,59.400085,2026-09-10T13:55:06.742508+00:00,24,HIGH,true
1189,59.450082,2026-09-10T13:55:06.792500+00:00,24,HIGH,true
1190,59.500102,2026-09-10T13:55:06.842597+00:00,24,HIGH,true
1191,59.550093,2026-09-10T13:55:06.892541+00:00,24,HIGH,true
1192,59.600090,2026-09-10T13:55:06.942520+00:00,24,HIGH,true
1193,59.650085,2026-09-10T13:55:06.992505+00:00,24,HIGH,true
1194,59.700088,2026-09-10T13:55:07.042538+00:00,24,HIGH,true
1195,59.750091,2026-09-10T13:55:07.092533+00:00,24,HIGH,true
1196,59.800089,2026-09-10T13:55:07.142539+00:00,24,HIGH,true
1197,59.850091,2026-09-10T13:55:07.192533+00:00,24,HIGH,true
1198,59.900083,2026-09-10T13:55:07.242502+00:00,24,HIGH,true
1199,59.950086,2026-09-10T13:55:07.292513+00:00,24,HIGH,true
1200,60.000086,2026-09-10T13:55:07.342509+00:00,24,HIGH,true
1201,60.050081,2026-09-10T13:55:07.392499+00:00,24,HIGH,true
1202,60.100081,2026-09-10T13:55:07.442498+00:00,24,HIGH,true
1203,60.150086,2026-09-10T13:55:07.492509+00:00,24,HIGH,true
1204,60.200085,2026-09-10T13:55:07.542507+00:00,24,HIGH,true
1205,60.250082,2026-09-10T13:55:07.592500+00:00,24,HIGH,true
1206,60.300085,2026-09-10T13:55:07.642517+00:00,24,HIGH,true
1207,60.350087,2026-09-10T13:55:07.692520+00:00,24,HIGH,true
1208,60.400088,2026-09-10T13:55:07.742510+00:00,24,HIGH,true
1209,60.450082,2026-09-10T13:55:07.792499+00:00,24,HIGH,true
1210,60.500079,2026-09-10T13:55:07.842495+00:00,24,HIGH,true
1211,60.550085,2026-09-10T13:55:07.892509+00:00,24,HIGH,true
1212,60.600086,2026-09-10T13:55:07.942508+00:00,24,HIGH,true
1213,60.650080,2026-09-10T13:55:07.992498+00:00,24,HIGH,true
1214,60.700080,2026-09-10T13:55:08.042496+00:00,24,HIGH,true
1215,60.750087,2026-09-10T13:55:08.092526+00:00,24,HIGH,true
1216,60.800086,2026-09-10T13:55:08.142512+00:00,24,HIGH,true
1217,60.850081,2026-09-10T13:55:08.192500+00:00,24,HIGH,true
1218,60.900081,2026-09-10T13:55:08.242497+00:00,24,HIGH,true
1219,60.950086,2026-09-10T13:55:08.292509+00:00,24,HIGH,true
1220,61.000087,2026-09-10T13:55:08.342513+00:00,24,HIGH,true
1221,61.050084,2026-09-10T13:55:08.392510+00:00,24,HIGH,true
1222,61.100084,2026-09-10T13:55:08.442508+00:00,24,HIGH,true
1223,61.150080,2026-09-10T13:55:08.492500+00:00,24,HIGH,true
1224,61.200079,2026-09-10T13:55:08.542497+00:00,24,HIGH,true
1225,61.250082,2026-09-10T13:55:08.592510+00:00,24,HIGH,true
1226,61.300086,2026-09-10T13:55:08.642511+00:00,24,HIGH,true
1227,61.350083,2026-09-10T13:55:08.692503+00:00,24,HIGH,true
1228,61.400079,2026-09-10T13:55:08.742497+00:00,24,HIGH,true
1229,61.450084,2026-09-10T13:55:08.792509+00:00,24,HIGH,true
1230,61.500087,2026-09-10T13:55:08.842512+00:00,24,HIGH,true
1231,61.550081,2026-09-10T13:55:08.892501+00:00,24,HIGH,true
1232,61.600080,2026-09-10T13:55:08.942498+00:00,24,HIGH,true
1233,61.650085,2026-09-10T13:55:08.992510+00:00,24,HIGH,true
1234,61.700085,2026-09-10T13:55:09.042509+00:00,24,HIGH,true
1235,61.750081,2026-09-10T13:55:09.092501+00:00,24,HIGH,true
1236,61.800081,2026-09-10T13:55:09.142497+00:00,24,HIGH,true
1237,61.850085,2026-09-10T13:55:09.192511+00:00,24,HIGH,true
1238,61.900085,2026-09-10T13:55:09.242510+00:00,24,HIGH,true
1239,61.950081,2026-09-10T13:55:09.292501+00:00,24,HIGH,true
1240,62.000081,2026-09-10T13:55:09.342501+00:00,24,HIGH,true
1241,62.050086,2026-09-10T13:55:09.392515+00:00,24,HIGH,true
1242,62.100086,2026-09-10T13:55:09.442511+00:00,24,HIGH,true
1243,62.150098,2026-09-10T13:55:09.492595+00:00,24,HIGH,true
1244,62.200087,2026-09-10T13:55:09.542524+00:00,24,HIGH,true
1245,62.250091,2026-09-10T13:55:09.592537+00:00,24,HIGH,true
1246,62.300087,2026-09-10T13:55:09.642517+00:00,24,HIGH,true
1247,62.350081,2026-09-10T13:55:09.692502+00:00,24,HIGH,true
1248,62.400081,2026-09-10T13:55:09.742503+00:00,24,HIGH,true
1249,62.450087,2026-09-10T13:55:09.792515+00:00,24,HIGH,true
1250,62.500087,2026-09-10T13:55:09.842510+00:00,24,HIGH,true
1251,62.550115,2026-09-10T13:55:09.892642+00:00,24,HIGH,true
1252,62.600090,2026-09-10T13:55:09.942539+00:00,24,HIGH,true
1253,62.650091,2026-09-10T13:55:09.992543+00:00,24,HIGH,true
1254,62.700087,2026-09-10T13:55:10.042517+00:00,24,HIGH,true
1255,62.750083,2026-09-10T13:55:10.092505+00:00,24,HIGH,true
1256,62.800099,2026-09-10T13:55:10.142603+00:00,24,HIGH,true
1257,62.850088,2026-09-10T13:55:10.192524+00:00,24,HIGH,true
1258,62.900081,2026-09-10T13:55:10.242500+00:00,24,HIGH,true
1259,62.950106,2026-09-10T13:55:10.292596+00:00,24,HIGH,true
1260,63.000093,2026-09-10T13:55:10.342535+00:00,24,HIGH,true
1261,63.050087,2026-09-10T13:55:10.392528+00:00,24,HIGH,true
1262,63.100082,2026-09-10T13:55:10.442505+00:00,24,HIGH,true
1263,63.150099,2026-09-10T13:55:10.492566+00:00,24,HIGH,true
1264,63.200112,2026-09-10T13:55:10.542620+00:00,24,HIGH,true
1265,63.250091,2026-09-10T13:55:10.592533+00:00,24,HIGH,true
1266,63.300085,2026-09-10T13:55:10.642513+00:00,24,HIGH,true
1267,63.350087,2026-09-10T13:55:10.692517+00:00,24,HIGH,true
1268,63.400104,2026-09-10T13:55:10.742595+00:00,24,HIGH,true
1269,63.450083,2026-09-10T13:55:10.792526+00:00,24,HIGH,true
1270,63.500079,2026-09-10T13:55:10.842501+00:00,24,HIGH,true
1271,63.550079,2026-09-10T13:55:10.892509+00:00,24,HIGH,true
1272,63.600085,2026-09-10T13:55:10.942525+00:00,24,HIGH,true
1273,63.650089,2026-09-10T13:55:10.992512+00:00,24,HIGH,true
1274,63.700093,2026-09-10T13:55:11.042528+00:00,24,HIGH,true
1275,63.750083,2026-09-10T13:55:11.092507+00:00,24,HIGH,true
1276,63.800081,2026-09-10T13:55:11.142502+00:00,24,HIGH,true
1277,63.850086,2026-09-10T13:55:11.192514+00:00,24,HIGH,true
1278,63.900091,2026-09-10T13:55:11.242527+00:00,24,HIGH,true
1279,63.950084,2026-09-10T13:55:11.292508+00:00,24,HIGH,true
1280,64.000098,2026-09-10T13:55:11.342576+00:00,24,HIGH,true
1281,64.050092,2026-09-10T13:55:11.392540+00:00,24,HIGH,true
1282,64.100087,2026-09-10T13:55:11.442514+00:00,24,HIGH,true
1283,64.150082,2026-09-10T13:55:11.492502+00:00,24,HIGH,true
1284,64.200080,2026-09-10T13:55:11.542497+00:00,24,HIGH,true
1285,64.250086,2026-09-10T13:55:11.592509+00:00,24,HIGH,true
1286,64.300086,2026-09-10T13:55:11.642508+00:00,24,HIGH,true
1287,64.350082,2026-09-10T13:55:11.692498+00:00,24,HIGH,true
1288,64.400082,2026-09-10T13:55:11.742499+00:00,24,HIGH,true
1289,64.450086,2026-09-10T13:55:11.792509+00:00,24,HIGH,true
1290,64.500092,2026-09-10T13:55:11.842526+00:00,24,HIGH,true
1291,64.550083,2026-09-10T13:55:11.892507+00:00,24,HIGH,true
1292,64.600081,2026-09-10T13:55:11.942498+00:00,24,HIGH,true
1293,64.650087,2026-09-10T13:55:11.992511+00:00,24,HIGH,true
1294,64.700087,2026-09-10T13:55:12.042510+00:00,24,HIGH,true
1295,64.750082,2026-09-10T13:55:12.092500+00:00,24,HIGH,true
1296,64.800091,2026-09-10T13:55:12.142556+00:00,24,HIGH,true
1297,64.850092,2026-09-10T13:55:12.192537+00:00,24,HIGH,true
1298,64.900088,2026-09-10T13:55:12.242513+00:00,24,HIGH,true
1299,64.950082,2026-09-10T13:55:12.292500+00:00,24,HIGH,true
1300,65.000082,2026-09-10T13:55:12.342504+00:00,24,HIGH,true
1301,65.050086,2026-09-10T13:55:12.392512+00:00,24,HIGH,true
1302,65.100086,2026-09-10T13:55:12.442510+00:00,24,HIGH,true
1303,65.150081,2026-09-10T13:55:12.492498+00:00,24,HIGH,true
1304,65.200081,2026-09-10T13:55:12.542497+00:00,24,HIGH,true
1305,65.250087,2026-09-10T13:55:12.592511+00:00,24,HIGH,true
1306,65.300086,2026-09-10T13:55:12.642508+00:00,24,HIGH,true
1307,65.350081,2026-09-10T13:55:12.692498+00:00,24,HIGH,true
1308,65.400080,2026-09-10T13:55:12.742496+00:00,24,HIGH,true
1309,65.450085,2026-09-10T13:55:12.792509+00:00,24,HIGH,true
1310,65.500087,2026-09-10T13:55:12.842509+00:00,24,HIGH,true
1311,65.550081,2026-09-10T13:55:12.892498+00:00,24,HIGH,true
1312,65.600079,2026-09-10T13:55:12.942495+00:00,24,HIGH,true
1313,65.650109,2026-09-10T13:55:12.992618+00:00,24,HIGH,true
1314,65.700093,2026-09-10T13:55:13.042534+00:00,24,HIGH,true
1315,65.750083,2026-09-10T13:55:13.092504+00:00,24,HIGH,true
1316,65.800083,2026-09-10T13:55:13.142516+00:00,24,HIGH,true
1317,65.850090,2026-09-10T13:55:13.192525+00:00,24,HIGH,true
1318,65.900089,2026-09-10T13:55:13.242515+00:00,24,HIGH,true
1319,65.950082,2026-09-10T13:55:13.292501+00:00,24,HIGH,true
1320,66.000082,2026-09-10T13:55:13.342498+00:00,24,HIGH,true
1321,66.050086,2026-09-10T13:55:13.392511+00:00,24,HIGH,true
1322,66.100090,2026-09-10T13:55:13.442526+00:00,24,HIGH,true
1323,66.150083,2026-09-10T13:55:13.492504+00:00,24,HIGH,true
1324,66.200081,2026-09-10T13:55:13.542497+00:00,24,HIGH,true
1325,66.250086,2026-09-10T13:55:13.592509+00:00,24,HIGH,true
1326,66.300086,2026-09-10T13:55:13.642509+00:00,24,HIGH,true
1327,66.350080,2026-09-10T13:55:13.692498+00:00,24,HIGH,true
1328,66.400079,2026-09-10T13:55:13.742495+00:00,24,HIGH,true
1329,66.450086,2026-09-10T13:55:13.792509+00:00,24,HIGH,true
1330,66.500087,2026-09-10T13:55:13.842509+00:00,24,HIGH,true
1331,66.550082,2026-09-10T13:55:13.892499+00:00,24,HIGH,true
1332,66.600081,2026-09-10T13:55:13.942501+00:00,24,HIGH,true
1333,66.650092,2026-09-10T13:55:13.992553+00:00,24,HIGH,true
1334,66.700090,2026-09-10T13:55:14.042520+00:00,24,HIGH,true
1335,66.750082,2026-09-10T13:55:14.092500+00:00,24,HIGH,true
1336,66.800081,2026-09-10T13:55:14.142498+00:00,24,HIGH,true
1337,66.850085,2026-09-10T13:55:14.192508+00:00,24,HIGH,true
1338,66.900086,2026-09-10T13:55:14.242508+00:00,24,HIGH,true
1339,66.950082,2026-09-10T13:55:14.292500+00:00,24,HIGH,true
1340,67.000080,2026-09-10T13:55:14.342496+00:00,24,HIGH,true
1341,67.050085,2026-09-10T13:55:14.392507+00:00,24,HIGH,true
1342,67.100087,2026-09-10T13:55:14.442511+00:00,24,HIGH,true
1343,67.150082,2026-09-10T13:55:14.492501+00:00,24,HIGH,true
1344,67.200079,2026-09-10T13:55:14.542497+00:00,24,HIGH,true
1345,67.250085,2026-09-10T13:55:14.592508+00:00,24,HIGH,true
1346,67.300085,2026-09-10T13:55:14.642509+00:00,24,HIGH,true
1347,67.350082,2026-09-10T13:55:14.692500+00:00,24,HIGH,true
1348,67.400083,2026-09-10T13:55:14.742517+00:00,24,HIGH,true
1349,67.450086,2026-09-10T13:55:14.792512+00:00,24,HIGH,true
1350,67.500085,2026-09-10T13:55:14.842510+00:00,24,HIGH,true
1351,67.550081,2026-09-10T13:55:14.892501+00:00,24,HIGH,true
1352,67.600081,2026-09-10T13:55:14.942502+00:00,24,HIGH,true
1353,67.650079,2026-09-10T13:55:14.992516+00:00,24,HIGH,true
1354,67.700085,2026-09-10T13:55:15.042529+00:00,24,HIGH,true
1355,67.750088,2026-09-10T13:55:15.092512+00:00,24,HIGH,true
1356,67.800088,2026-09-10T13:55:15.142515+00:00,24,HIGH,true
1357,67.850083,2026-09-10T13:55:15.192502+00:00,24,HIGH,true
1358,67.900081,2026-09-10T13:55:15.242497+00:00,24,HIGH,true
1359,67.950085,2026-09-10T13:55:15.292508+00:00,24,HIGH,true
1360,68.000083,2026-09-10T13:55:15.342505+00:00,24,HIGH,true
1361,68.050081,2026-09-10T13:55:15.392499+00:00,24,HIGH,true
1362,68.100095,2026-09-10T13:55:15.442566+00:00,24,HIGH,true
1363,68.150092,2026-09-10T13:55:15.492534+00:00,24,HIGH,true
1364,68.200094,2026-09-10T13:55:15.542532+00:00,24,HIGH,true
1365,68.250083,2026-09-10T13:55:15.592506+00:00,24,HIGH,true
1366,68.300081,2026-09-10T13:55:15.642500+00:00,24,HIGH,true
1367,68.350087,2026-09-10T13:55:15.692512+00:00,24,HIGH,true
1368,68.400086,2026-09-10T13:55:15.742509+00:00,24,HIGH,true
1369,68.450082,2026-09-10T13:55:15.792500+00:00,24,HIGH,true
1370,68.500081,2026-09-10T13:55:15.842498+00:00,24,HIGH,true
1371,68.550087,2026-09-10T13:55:15.892511+00:00,24,HIGH,true
1372,68.600087,2026-09-10T13:55:15.942509+00:00,24,HIGH,true
1373,68.650080,2026-09-10T13:55:15.992499+00:00,24,HIGH,true
1374,68.700081,2026-09-10T13:55:16.042498+00:00,24,HIGH,true
1375,68.750085,2026-09-10T13:55:16.092508+00:00,24,HIGH,true
1376,68.800109,2026-09-10T13:55:16.142619+00:00,24,HIGH,true
1377,68.850090,2026-09-10T13:55:16.192528+00:00,24,HIGH,true
1378,68.900081,2026-09-10T13:55:16.242500+00:00,24,HIGH,true
1379,68.950086,2026-09-10T13:55:16.292512+00:00,24,HIGH,true
1380,69.000085,2026-09-10T13:55:16.342508+00:00,24,HIGH,true
1381,69.050082,2026-09-10T13:55:16.392498+00:00,24,HIGH,true
1382,69.100082,2026-09-10T13:55:16.442497+00:00,24,HIGH,true
1383,69.150086,2026-09-10T13:55:16.492508+00:00,24,HIGH,true
1384,69.200087,2026-09-10T13:55:16.542512+00:00,24,HIGH,true
1385,69.250083,2026-09-10T13:55:16.592502+00:00,24,HIGH,true
1386,69.300081,2026-09-10T13:55:16.642498+00:00,24,HIGH,true
1387,69.350086,2026-09-10T13:55:16.692508+00:00,24,HIGH,true
1388,69.400087,2026-09-10T13:55:16.742509+00:00,24,HIGH,true
1389,69.450082,2026-09-10T13:55:16.792499+00:00,24,HIGH,true
1390,69.500081,2026-09-10T13:55:16.842497+00:00,24,HIGH,true
1391,69.550086,2026-09-10T13:55:16.892511+00:00,24,HIGH,true
1392,69.600087,2026-09-10T13:55:16.942512+00:00,24,HIGH,true
1393,69.650083,2026-09-10T13:55:16.992500+00:00,24,HIGH,true
1394,69.700081,2026-09-10T13:55:17.042498+00:00,24,HIGH,true
1395,69.750087,2026-09-10T13:55:17.092510+00:00,24,HIGH,true
1396,69.800086,2026-09-10T13:55:17.142509+00:00,24,HIGH,true
1397,69.850081,2026-09-10T13:55:17.192498+00:00,24,HIGH,true
1398,69.900081,2026-09-10T13:55:17.242497+00:00,24,HIGH,true
1399,69.950085,2026-09-10T13:55:17.292507+00:00,24,HIGH,true
1400,70.000087,2026-09-10T13:55:17.342508+00:00,24,HIGH,true
1401,70.050081,2026-09-10T13:55:17.392498+00:00,24,HIGH,true
1402,70.100082,2026-09-10T13:55:17.442497+00:00,24,HIGH,true
1403,70.150085,2026-09-10T13:55:17.492508+00:00,24,HIGH,true
1404,70.200087,2026-09-10T13:55:17.542514+00:00,24,HIGH,true
1405,70.250082,2026-09-10T13:55:17.592500+00:00,24,HIGH,true
1406,70.300081,2026-09-10T13:55:17.642497+00:00,24,HIGH,true
1407,70.350086,2026-09-10T13:55:17.692508+00:00,24,HIGH,true
1408,70.400087,2026-09-10T13:55:17.742509+00:00,24,HIGH,true
1409,70.450081,2026-09-10T13:55:17.792499+00:00,24,HIGH,true
1410,70.500080,2026-09-10T13:55:17.842496+00:00,24,HIGH,true
1411,70.550087,2026-09-10T13:55:17.892509+00:00,24,HIGH,true
1412,70.600087,2026-09-10T13:55:17.942508+00:00,24,HIGH,true
1413,70.650082,2026-09-10T13:55:17.992499+00:00,24,HIGH,true
1414,70.700081,2026-09-10T13:55:18.042497+00:00,24,HIGH,true
1415,70.750086,2026-09-10T13:55:18.092508+00:00,24,HIGH,true
1416,70.800085,2026-09-10T13:55:18.142507+00:00,24,HIGH,true
1417,70.850081,2026-09-10T13:55:18.192498+00:00,24,HIGH,true
1418,70.900080,2026-09-10T13:55:18.242496+00:00,24,HIGH,true
1419,70.950085,2026-09-10T13:55:18.292507+00:00,24,HIGH,true
1420,71.000087,2026-09-10T13:55:18.342509+00:00,24,HIGH,true
1421,71.050080,2026-09-10T13:55:18.392497+00:00,24,HIGH,true
1422,71.100082,2026-09-10T13:55:18.442497+00:00,24,HIGH,true
1423,71.150085,2026-09-10T13:55:18.492507+00:00,24,HIGH,true
1424,71.200084,2026-09-10T13:55:18.542505+00:00,24,HIGH,true
1425,71.250082,2026-09-10T13:55:18.592502+00:00,24,HIGH,true
1426,71.300081,2026-09-10T13:55:18.642496+00:00,24,HIGH,true
1427,71.350086,2026-09-10T13:55:18.692509+00:00,24,HIGH,true
1428,71.400086,2026-09-10T13:55:18.742508+00:00,24,HIGH,true
1429,71.450092,2026-09-10T13:55:18.792564+00:00,24,HIGH,true
1430,71.500087,2026-09-10T13:55:18.842528+00:00,24,HIGH,true
1431,71.550088,2026-09-10T13:55:18.892521+00:00,24,HIGH,true
1432,71.600086,2026-09-10T13:55:18.942512+00:00,24,HIGH,true
1433,71.650083,2026-09-10T13:55:18.992509+00:00,24,HIGH,true
1434,71.700082,2026-09-10T13:55:19.042502+00:00,24,HIGH,true
1435,71.750086,2026-09-10T13:55:19.092509+00:00,24,HIGH,true
1436,71.800087,2026-09-10T13:55:19.142513+00:00,24,HIGH,true
1437,71.850084,2026-09-10T13:55:19.192507+00:00,24,HIGH,true
1438,71.900082,2026-09-10T13:55:19.242500+00:00,24,HIGH,true
1439,71.950086,2026-09-10T13:55:19.292509+00:00,24,HIGH,true
1440,72.000085,2026-09-10T13:55:19.342507+00:00,24,HIGH,true
1441,72.050081,2026-09-10T13:55:19.392497+00:00,24,HIGH,true
1442,72.100081,2026-09-10T13:55:19.442497+00:00,24,HIGH,true
1443,72.150086,2026-09-10T13:55:19.492508+00:00,24,HIGH,true
1444,72.200086,2026-09-10T13:55:19.542507+00:00,24,HIGH,true
1445,72.250082,2026-09-10T13:55:19.592501+00:00,24,HIGH,true
1446,72.300081,2026-09-10T13:55:19.642497+00:00,24,HIGH,true
1447,72.350085,2026-09-10T13:55:19.692507+00:00,24,HIGH,true
1448,72.400086,2026-09-10T13:55:19.742507+00:00,24,HIGH,true
1449,72.450081,2026-09-10T13:55:19.792497+00:00,24,HIGH,true
1450,72.500081,2026-09-10T13:55:19.842497+00:00,24,HIGH,true
1451,72.550086,2026-09-10T13:55:19.892509+00:00,24,HIGH,true
1452,72.600080,2026-09-10T13:55:19.942510+00:00,24,HIGH,true
1453,72.650080,2026-09-10T13:55:19.992507+00:00,24,HIGH,true
1454,72.700080,2026-09-10T13:55:20.042505+00:00,24,HIGH,true
1455,72.750091,2026-09-10T13:55:20.092532+00:00,24,HIGH,true
1456,72.800081,2026-09-10T13:55:20.142527+00:00,24,HIGH,true
1457,72.850080,2026-09-10T13:55:20.192517+00:00,24,HIGH,true
1458,72.900080,2026-09-10T13:55:20.242509+00:00,24,HIGH,true
1459,72.950075,2026-09-10T13:55:20.292497+00:00,24,HIGH,true
1460,73.000075,2026-09-10T13:55:20.342496+00:00,24,HIGH,true
1461,73.050080,2026-09-10T13:55:20.392507+00:00,24,HIGH,true
1462,73.100078,2026-09-10T13:55:20.442504+00:00,24,HIGH,true
1463,73.150075,2026-09-10T13:55:20.492494+00:00,24,HIGH,true
1464,73.200082,2026-09-10T13:55:20.542500+00:00,24,HIGH,true
1465,73.250086,2026-09-10T13:55:20.592510+00:00,24,HIGH,true
1466,73.300089,2026-09-10T13:55:20.642512+00:00,24,HIGH,true
1467,73.350083,2026-09-10T13:55:20.692500+00:00,24,HIGH,true
1468,73.400082,2026-09-10T13:55:20.742499+00:00,24,HIGH,true
1469,73.450087,2026-09-10T13:55:20.792509+00:00,24,HIGH,true
1470,73.500086,2026-09-10T13:55:20.842509+00:00,24,HIGH,true
1471,73.550083,2026-09-10T13:55:20.892499+00:00,24,HIGH,true
1472,73.600081,2026-09-10T13:55:20.942499+00:00,24,HIGH,true
1473,73.650085,2026-09-10T13:55:20.992510+00:00,24,HIGH,true
1474,73.700086,2026-09-10T13:55:21.042509+00:00,24,HIGH,true
1475,73.750081,2026-09-10T13:55:21.092498+00:00,24,HIGH,true
1476,73.800081,2026-09-10T13:55:21.142497+00:00,24,HIGH,true
1477,73.850086,2026-09-10T13:55:21.192509+00:00,24,HIGH,true
1478,73.900085,2026-09-10T13:55:21.242507+00:00,24,HIGH,true
1479,73.950081,2026-09-10T13:55:21.292499+00:00,24,HIGH,true
1480,74.000081,2026-09-10T13:55:21.342496+00:00,24,HIGH,true
1481,74.050088,2026-09-10T13:55:21.392525+00:00,24,HIGH,true
1482,74.100088,2026-09-10T13:55:21.442512+00:00,24,HIGH,true
1483,74.150082,2026-09-10T13:55:21.492501+00:00,24,HIGH,true
1484,74.200082,2026-09-10T13:55:21.542498+00:00,24,HIGH,true
1485,74.250086,2026-09-10T13:55:21.592508+00:00,24,HIGH,true
1486,74.300087,2026-09-10T13:55:21.642510+00:00,24,HIGH,true
1487,74.350081,2026-09-10T13:55:21.692498+00:00,24,HIGH,true
1488,74.400081,2026-09-10T13:55:21.742497+00:00,24,HIGH,true
1489,74.450085,2026-09-10T13:55:21.792508+00:00,24,HIGH,true
1490,74.500086,2026-09-10T13:55:21.842509+00:00,24,HIGH,true
1491,74.550082,2026-09-10T13:55:21.892498+00:00,24,HIGH,true
1492,74.600081,2026-09-10T13:55:21.942497+00:00,24,HIGH,true
1493,74.650086,2026-09-10T13:55:21.992511+00:00,24,HIGH,true
1494,74.700087,2026-09-10T13:55:22.042509+00:00,24,HIGH,true
1495,74.750082,2026-09-10T13:55:22.092499+00:00,24,HIGH,true
1496,74.800098,2026-09-10T13:55:22.142620+00:00,24,HIGH,true
1497,74.850081,2026-09-10T13:55:22.192514+00:00,24,HIGH,true
1498,74.900082,2026-09-10T13:55:22.242502+00:00,24,HIGH,true
1499,74.950088,2026-09-10T13:55:22.292514+00:00,24,HIGH,true
1500,75.000087,2026-09-10T13:55:22.342511+00:00,24,HIGH,true
1501,75.050082,2026-09-10T13:55:22.392500+00:00,24,HIGH,true
1502,75.100082,2026-09-10T13:55:22.442499+00:00,24,HIGH,true
1503,75.150087,2026-09-10T13:55:22.492512+00:00,24,HIGH,true
1504,75.200086,2026-09-10T13:55:22.542508+00:00,24,HIGH,true
1505,75.250083,2026-09-10T13:55:22.592499+00:00,24,HIGH,true
1506,75.300082,2026-09-10T13:55:22.642498+00:00,24,HIGH,true
1507,75.350085,2026-09-10T13:55:22.692509+00:00,24,HIGH,true
1508,75.400087,2026-09-10T13:55:22.742512+00:00,24,HIGH,true
1509,75.450081,2026-09-10T13:55:22.792499+00:00,24,HIGH,true
1510,75.500080,2026-09-10T13:55:22.842495+00:00,24,HIGH,true
1511,75.550085,2026-09-10T13:55:22.892508+00:00,24,HIGH,true
1512,75.600087,2026-09-10T13:55:22.942511+00:00,24,HIGH,true
1513,75.650082,2026-09-10T13:55:22.992499+00:00,24,HIGH,true
1514,75.700082,2026-09-10T13:55:23.042498+00:00,24,HIGH,true
1515,75.750086,2026-09-10T13:55:23.092509+00:00,24,HIGH,true
1516,75.800092,2026-09-10T13:55:23.142526+00:00,24,HIGH,true
1517,75.850084,2026-09-10T13:55:23.192504+00:00,24,HIGH,true
1518,75.900082,2026-09-10T13:55:23.242499+00:00,24,HIGH,true
1519,75.950085,2026-09-10T13:55:23.292508+00:00,24,HIGH,true
1520,76.000086,2026-09-10T13:55:23.342509+00:00,24,HIGH,true
1521,76.050083,2026-09-10T13:55:23.392500+00:00,24,HIGH,true
1522,76.100083,2026-09-10T13:55:23.442499+00:00,24,HIGH,true
1523,76.150085,2026-09-10T13:55:23.492508+00:00,24,HIGH,true
1524,76.200086,2026-09-10T13:55:23.542509+00:00,24,HIGH,true
1525,76.250081,2026-09-10T13:55:23.592498+00:00,24,HIGH,true
1526,76.300082,2026-09-10T13:55:23.642497+00:00,24,HIGH,true
1527,76.350087,2026-09-10T13:55:23.692511+00:00,24,HIGH,true
1528,76.400088,2026-09-10T13:55:23.742511+00:00,24,HIGH,true
1529,76.450082,2026-09-10T13:55:23.792498+00:00,24,HIGH,true
1530,76.500080,2026-09-10T13:55:23.842497+00:00,24,HIGH,true
1531,76.550085,2026-09-10T13:55:23.892509+00:00,24,HIGH,true
1532,76.600088,2026-09-10T13:55:23.942509+00:00,24,HIGH,true
1533,76.650082,2026-09-10T13:55:23.992498+00:00,24,HIGH,true
1534,76.700081,2026-09-10T13:55:24.042497+00:00,24,HIGH,true
1535,76.750084,2026-09-10T13:55:24.092508+00:00,24,HIGH,true
1536,76.800086,2026-09-10T13:55:24.142507+00:00,24,HIGH,true
1537,76.850082,2026-09-10T13:55:24.192498+00:00,24,HIGH,true
1538,76.900081,2026-09-10T13:55:24.242496+00:00,24,HIGH,true
1539,76.950085,2026-09-10T13:55:24.292507+00:00,24,HIGH,true
1540,77.000086,2026-09-10T13:55:24.342508+00:00,24,HIGH,true
1541,77.050081,2026-09-10T13:55:24.392496+00:00,24,HIGH,true
1542,77.100081,2026-09-10T13:55:24.442497+00:00,24,HIGH,true
1543,77.150085,2026-09-10T13:55:24.492508+00:00,24,HIGH,true
1544,77.200086,2026-09-10T13:55:24.542509+00:00,24,HIGH,true
1545,77.250081,2026-09-10T13:55:24.592499+00:00,24,HIGH,true
1546,77.300082,2026-09-10T13:55:24.642497+00:00,24,HIGH,true
1547,77.350086,2026-09-10T13:55:24.692509+00:00,24,HIGH,true
1548,77.400086,2026-09-10T13:55:24.742509+00:00,24,HIGH,true
1549,77.450082,2026-09-10T13:55:24.792499+00:00,24,HIGH,true
1550,77.500091,2026-09-10T13:55:24.842582+00:00,24,HIGH,true
1551,77.550085,2026-09-10T13:55:24.892539+00:00,24,HIGH,true
1552,77.600098,2026-09-10T13:55:24.942540+00:00,24,HIGH,true
1553,77.650093,2026-09-10T13:55:24.992593+00:00,24,HIGH,true
1554,77.700107,2026-09-10T13:55:25.042550+00:00,24,HIGH,true
1555,77.750087,2026-09-10T13:55:25.092513+00:00,24,HIGH,true
1556,77.800087,2026-09-10T13:55:25.142510+00:00,24,HIGH,true
1557,77.850087,2026-09-10T13:55:25.192518+00:00,24,HIGH,true
1558,77.900084,2026-09-10T13:55:25.242515+00:00,24,HIGH,true
1559,77.950088,2026-09-10T13:55:25.292516+00:00,24,HIGH,true
1560,78.000086,2026-09-10T13:55:25.342514+00:00,24,HIGH,true
1561,78.050083,2026-09-10T13:55:25.392502+00:00,24,HIGH,true
1562,78.100082,2026-09-10T13:55:25.442498+00:00,24,HIGH,true
1563,78.150087,2026-09-10T13:55:25.492511+00:00,24,HIGH,true
1564,78.200086,2026-09-10T13:55:25.542509+00:00,24,HIGH,true
1565,78.250081,2026-09-10T13:55:25.592499+00:00,24,HIGH,true
1566,78.300082,2026-09-10T13:55:25.642499+00:00,24,HIGH,true
1567,78.350086,2026-09-10T13:55:25.692509+00:00,24,HIGH,true
1568,78.400086,2026-09-10T13:55:25.742512+00:00,24,HIGH,true
1569,78.450082,2026-09-10T13:55:25.792500+00:00,24,HIGH,true
1570,78.500081,2026-09-10T13:55:25.842498+00:00,24,HIGH,true
1571,78.550087,2026-09-10T13:55:25.892511+00:00,24,HIGH,true
1572,78.600081,2026-09-10T13:55:25.942506+00:00,24,HIGH,true
1573,78.650082,2026-09-10T13:55:25.992500+00:00,24,HIGH,true
1574,78.700080,2026-09-10T13:55:26.042496+00:00,24,HIGH,true
1575,78.750086,2026-09-10T13:55:26.092508+00:00,24,HIGH,true
1576,78.800087,2026-09-10T13:55:26.142509+00:00,24,HIGH,true
1577,78.850082,2026-09-10T13:55:26.192499+00:00,24,HIGH,true
1578,78.900080,2026-09-10T13:55:26.242497+00:00,24,HIGH,true
1579,78.950085,2026-09-10T13:55:26.292509+00:00,24,HIGH,true
1580,79.000086,2026-09-10T13:55:26.342509+00:00,24,HIGH,true
1581,79.050082,2026-09-10T13:55:26.392500+00:00,24,HIGH,true
1582,79.100081,2026-09-10T13:55:26.442497+00:00,24,HIGH,true
1583,79.150085,2026-09-10T13:55:26.492508+00:00,24,HIGH,true
1584,79.200085,2026-09-10T13:55:26.542507+00:00,24,HIGH,true
1585,79.250082,2026-09-10T13:55:26.592499+00:00,24,HIGH,true
1586,79.300081,2026-09-10T13:55:26.642496+00:00,24,HIGH,true
1587,79.350086,2026-09-10T13:55:26.692508+00:00,24,HIGH,true
1588,79.400081,2026-09-10T13:55:26.742506+00:00,24,HIGH,true
1589,79.450082,2026-09-10T13:55:26.792499+00:00,24,HIGH,true
1590,79.500081,2026-09-10T13:55:26.842498+00:00,24,HIGH,true
1591,79.550086,2026-09-10T13:55:26.892508+00:00,24,HIGH,true
1592,79.600088,2026-09-10T13:55:26.942514+00:00,24,HIGH,true
1593,79.650081,2026-09-10T13:55:26.992502+00:00,24,HIGH,true
1594,79.700088,2026-09-10T13:55:27.042550+00:00,24,HIGH,true
1595,79.750089,2026-09-10T13:55:27.092529+00:00,24,HIGH,true
1596,79.800087,2026-09-10T13:55:27.142519+00:00,24,HIGH,true
1597,79.850082,2026-09-10T13:55:27.192501+00:00,24,HIGH,true
1598,79.900082,2026-09-10T13:55:27.242499+00:00,24,HIGH,true
1599,79.950086,2026-09-10T13:55:27.292510+00:00,24,HIGH,true
1600,80.000085,2026-09-10T13:55:27.342508+00:00,24,HIGH,true
1601,80.050082,2026-09-10T13:55:27.392498+00:00,24,HIGH,true
1602,80.100081,2026-09-10T13:55:27.442497+00:00,24,HIGH,true
1603,80.150085,2026-09-10T13:55:27.492507+00:00,24,HIGH,true
1604,80.200086,2026-09-10T13:55:27.542509+00:00,24,HIGH,true
1605,80.250081,2026-09-10T13:55:27.592496+00:00,24,HIGH,true
1606,80.300080,2026-09-10T13:55:27.642496+00:00,24,HIGH,true
1607,80.350085,2026-09-10T13:55:27.692508+00:00,24,HIGH,true
1608,80.400087,2026-09-10T13:55:27.742509+00:00,24,HIGH,true
1609,80.450081,2026-09-10T13:55:27.792498+00:00,24,HIGH,true
1610,80.500081,2026-09-10T13:55:27.842498+00:00,24,HIGH,true
1611,80.550085,2026-09-10T13:55:27.892507+00:00,24,HIGH,true
1612,80.600087,2026-09-10T13:55:27.942515+00:00,24,HIGH,true
1613,80.650082,2026-09-10T13:55:27.992502+00:00,24,HIGH,true
1614,80.700084,2026-09-10T13:55:28.042514+00:00,24,HIGH,true
1615,80.750086,2026-09-10T13:55:28.092515+00:00,24,HIGH,true
1616,80.800115,2026-09-10T13:55:28.142628+00:00,24,HIGH,true
1617,80.850090,2026-09-10T13:55:28.192528+00:00,24,HIGH,true
1618,80.900081,2026-09-10T13:55:28.242501+00:00,24,HIGH,true
1619,80.950086,2026-09-10T13:55:28.292510+00:00,24,HIGH,true
1620,81.000088,2026-09-10T13:55:28.342511+00:00,24,HIGH,true
1621,81.050082,2026-09-10T13:55:28.392499+00:00,24,HIGH,true
1622,81.100082,2026-09-10T13:55:28.442499+00:00,24,HIGH,true
1623,81.150086,2026-09-10T13:55:28.492509+00:00,24,HIGH,true
1624,81.200086,2026-09-10T13:55:28.542509+00:00,24,HIGH,true
1625,81.250082,2026-09-10T13:55:28.592499+00:00,24,HIGH,true
1626,81.300080,2026-09-10T13:55:28.642498+00:00,24,HIGH,true
1627,81.350085,2026-09-10T13:55:28.692509+00:00,24,HIGH,true
1628,81.400087,2026-09-10T13:55:28.742509+00:00,24,HIGH,true
1629,81.450082,2026-09-10T13:55:28.792501+00:00,24,HIGH,true
1630,81.500082,2026-09-10T13:55:28.842498+00:00,24,HIGH,true
1631,81.550086,2026-09-10T13:55:28.892508+00:00,24,HIGH,true
1632,81.600086,2026-09-10T13:55:28.942510+00:00,24,HIGH,true
1633,81.650082,2026-09-10T13:55:28.992499+00:00,24,HIGH,true
1634,81.700082,2026-09-10T13:55:29.042498+00:00,24,HIGH,true
1635,81.750085,2026-09-10T13:55:29.092507+00:00,24,HIGH,true
1636,81.800085,2026-09-10T13:55:29.142506+00:00,24,HIGH,true
1637,81.850081,2026-09-10T13:55:29.192499+00:00,24,HIGH,true
1638,81.900081,2026-09-10T13:55:29.242497+00:00,24,HIGH,true
1639,81.950086,2026-09-10T13:55:29.292508+00:00,24,HIGH,true
1640,82.000086,2026-09-10T13:55:29.342508+00:00,24,HIGH,true
1641,82.050082,2026-09-10T13:55:29.392499+00:00,24,HIGH,true
1642,82.100079,2026-09-10T13:55:29.442495+00:00,24,HIGH,true
1643,82.150086,2026-09-10T13:55:29.492508+00:00,24,HIGH,true
1644,82.200085,2026-09-10T13:55:29.542507+00:00,24,HIGH,true
1645,82.250082,2026-09-10T13:55:29.592500+00:00,24,HIGH,true
1646,82.300081,2026-09-10T13:55:29.642496+00:00,24,HIGH,true
1647,82.350086,2026-09-10T13:55:29.692509+00:00,24,HIGH,true
1648,82.400087,2026-09-10T13:55:29.742509+00:00,24,HIGH,true
1649,82.450081,2026-09-10T13:55:29.792497+00:00,24,HIGH,true
1650,82.500081,2026-09-10T13:55:29.842499+00:00,24,HIGH,true
1651,82.550086,2026-09-10T13:55:29.892509+00:00,24,HIGH,true
1652,82.600085,2026-09-10T13:55:29.942508+00:00,24,HIGH,true
1653,82.650081,2026-09-10T13:55:29.992498+00:00,24,HIGH,true
1654,82.700081,2026-09-10T13:55:30.042497+00:00,24,HIGH,true
1655,82.750087,2026-09-10T13:55:30.092513+00:00,24,HIGH,true
1656,82.800088,2026-09-10T13:55:30.142511+00:00,24,HIGH,true
1657,82.850080,2026-09-10T13:55:30.192501+00:00,24,HIGH,true
1658,82.900080,2026-09-10T13:55:30.242499+00:00,24,HIGH,true
1659,82.950086,2026-09-10T13:55:30.292513+00:00,24,HIGH,true
1660,83.000086,2026-09-10T13:55:30.342510+00:00,24,HIGH,true
1661,83.050081,2026-09-10T13:55:30.392501+00:00,24,HIGH,true
1662,83.100080,2026-09-10T13:55:30.442499+00:00,24,HIGH,true
1663,83.150084,2026-09-10T13:55:30.492509+00:00,24,HIGH,true
1664,83.200085,2026-09-10T13:55:30.542515+00:00,24,HIGH,true
1665,83.250083,2026-09-10T13:55:30.592504+00:00,24,HIGH,true
1666,83.300079,2026-09-10T13:55:30.642497+00:00,24,HIGH,true
1667,83.350085,2026-09-10T13:55:30.692511+00:00,24,HIGH,true
1668,83.400085,2026-09-10T13:55:30.742510+00:00,24,HIGH,true
1669,83.450081,2026-09-10T13:55:30.792501+00:00,24,HIGH,true
1670,83.500080,2026-09-10T13:55:30.842499+00:00,24,HIGH,true
1671,83.550086,2026-09-10T13:55:30.892513+00:00,24,HIGH,true
1672,83.600085,2026-09-10T13:55:30.942510+00:00,24,HIGH,true
1673,83.650101,2026-09-10T13:55:30.992600+00:00,24,HIGH,true
1674,83.700088,2026-09-10T13:55:31.042528+00:00,24,HIGH,true
1675,83.750087,2026-09-10T13:55:31.092518+00:00,24,HIGH,true
1676,83.800084,2026-09-10T13:55:31.142524+00:00,24,HIGH,true
1677,83.850084,2026-09-10T13:55:31.192517+00:00,24,HIGH,true
1678,83.900083,2026-09-10T13:55:31.242505+00:00,24,HIGH,true
1679,83.950086,2026-09-10T13:55:31.292513+00:00,24,HIGH,true
1680,84.000085,2026-09-10T13:55:31.342509+00:00,24,HIGH,true
1681,84.050081,2026-09-10T13:55:31.392500+00:00,24,HIGH,true
1682,84.100082,2026-09-10T13:55:31.442508+00:00,24,HIGH,true
1683,84.150086,2026-09-10T13:55:31.492515+00:00,24,HIGH,true
1684,84.200085,2026-09-10T13:55:31.542511+00:00,24,HIGH,true
1685,84.250082,2026-09-10T13:55:31.592501+00:00,24,HIGH,true
1686,84.300081,2026-09-10T13:55:31.642498+00:00,24,HIGH,true
1687,84.350086,2026-09-10T13:55:31.692511+00:00,24,HIGH,true
1688,84.400085,2026-09-10T13:55:31.742510+00:00,24,HIGH,true
1689,84.450082,2026-09-10T13:55:31.792500+00:00,24,HIGH,true
1690,84.500079,2026-09-10T13:55:31.842497+00:00,24,HIGH,true
1691,84.550086,2026-09-10T13:55:31.892514+00:00,24,HIGH,true
1692,84.600086,2026-09-10T13:55:31.942513+00:00,24,HIGH,true
1693,84.650081,2026-09-10T13:55:31.992512+00:00,24,HIGH,true
1694,84.700081,2026-09-10T13:55:32.042499+00:00,24,HIGH,true
1695,84.750085,2026-09-10T13:55:32.092510+00:00,24,HIGH,true
1696,84.800085,2026-09-10T13:55:32.142511+00:00,24,HIGH,true
1697,84.850085,2026-09-10T13:55:32.192510+00:00,24,HIGH,true
1698,84.900080,2026-09-10T13:55:32.242499+00:00,24,HIGH,true
1699,84.950080,2026-09-10T13:55:32.292499+00:00,24,HIGH,true
1700,85.000086,2026-09-10T13:55:32.342510+00:00,24,HIGH,true
1701,85.050154,2026-09-10T13:55:32.392579+00:00,24,HIGH,true
1702,85.100081,2026-09-10T13:55:32.442500+00:00,24,HIGH,true
1703,85.150134,2026-09-10T13:55:32.492552+00:00,24,HIGH,true
1704,85.200086,2026-09-10T13:55:32.542513+00:00,24,HIGH,true
1705,85.250143,2026-09-10T13:55:32.592567+00:00,24,HIGH,true
1706,85.300082,2026-09-10T13:55:32.642502+00:00,24,HIGH,true
1707,85.350129,2026-09-10T13:55:32.692548+00:00,24,HIGH,true
1708,85.400086,2026-09-10T13:55:32.742512+00:00,24,HIGH,true
1709,85.450144,2026-09-10T13:55:32.792570+00:00,24,HIGH,true
1710,85.500081,2026-09-10T13:55:32.842501+00:00,24,HIGH,true
1711,85.550132,2026-09-10T13:55:32.892552+00:00,24,HIGH,true
1712,85.600085,2026-09-10T13:55:32.942512+00:00,24,HIGH,true
1713,85.650145,2026-09-10T13:55:32.992572+00:00,24,HIGH,true
1714,85.700080,2026-09-10T13:55:33.042501+00:00,24,HIGH,true
1715,85.750130,2026-09-10T13:55:33.092549+00:00,24,HIGH,true
1716,85.800081,2026-09-10T13:55:33.142512+00:00,24,HIGH,true
1717,85.850143,2026-09-10T13:55:33.192571+00:00,24,HIGH,true
1718,85.900080,2026-09-10T13:55:33.242500+00:00,24,HIGH,true
1719,85.950133,2026-09-10T13:55:33.292552+00:00,24,HIGH,true
1720,86.000085,2026-09-10T13:55:33.342510+00:00,24,HIGH,true
1721,86.050143,2026-09-10T13:55:33.392567+00:00,24,HIGH,true
1722,86.100079,2026-09-10T13:55:33.442498+00:00,24,HIGH,true
1723,86.150129,2026-09-10T13:55:33.492549+00:00,24,HIGH,true
1724,86.200085,2026-09-10T13:55:33.542510+00:00,24,HIGH,true
1725,86.250142,2026-09-10T13:55:33.592568+00:00,24,HIGH,true
1726,86.300081,2026-09-10T13:55:33.642501+00:00,24,HIGH,true
1727,86.350130,2026-09-10T13:55:33.692549+00:00,24,HIGH,true
1728,86.400085,2026-09-10T13:55:33.742512+00:00,24,HIGH,true
1729,86.450142,2026-09-10T13:55:33.792568+00:00,24,HIGH,true
1730,86.500081,2026-09-10T13:55:33.842501+00:00,24,HIGH,true
1731,86.550128,2026-09-10T13:55:33.892547+00:00,24,HIGH,true
1732,86.600092,2026-09-10T13:55:33.942573+00:00,24,HIGH,true
1733,86.650171,2026-09-10T13:55:33.992613+00:00,24,HIGH,true
1734,86.700083,2026-09-10T13:55:34.042507+00:00,24,HIGH,true
1735,86.750080,2026-09-10T13:55:34.092499+00:00,24,HIGH,true
1736,86.800101,2026-09-10T13:55:34.142633+00:00,24,HIGH,true
1737,86.850084,2026-09-10T13:55:34.192523+00:00,24,HIGH,true
1738,86.900082,2026-09-10T13:55:34.242507+00:00,24,HIGH,true
1739,86.950082,2026-09-10T13:55:34.292502+00:00,24,HIGH,true
1740,87.000085,2026-09-10T13:55:34.342512+00:00,24,HIGH,true
1741,87.050085,2026-09-10T13:55:34.392509+00:00,24,HIGH,true
1742,87.100083,2026-09-10T13:55:34.442504+00:00,24,HIGH,true
1743,87.150080,2026-09-10T13:55:34.492500+00:00,24,HIGH,true
1744,87.200086,2026-09-10T13:55:34.542515+00:00,24,HIGH,true
1745,87.250087,2026-09-10T13:55:34.592511+00:00,24,HIGH,true
1746,87.300082,2026-09-10T13:55:34.642502+00:00,24,HIGH,true
1747,87.350083,2026-09-10T13:55:34.692513+00:00,24,HIGH,true
1748,87.400085,2026-09-10T13:55:34.742514+00:00,24,HIGH,true
1749,87.450085,2026-09-10T13:55:34.792510+00:00,24,HIGH,true
1750,87.500082,2026-09-10T13:55:34.842501+00:00,24,HIGH,true
1751,87.550080,2026-09-10T13:55:34.892496+00:00,24,HIGH,true
1752,87.600085,2026-09-10T13:55:34.942516+00:00,24,HIGH,true
1753,87.650084,2026-09-10T13:55:34.992509+00:00,24,HIGH,true
1754,87.700082,2026-09-10T13:55:35.042502+00:00,24,HIGH,true
1755,87.750081,2026-09-10T13:55:35.092499+00:00,24,HIGH,true
1756,87.800088,2026-09-10T13:55:35.142522+00:00,24,HIGH,true
1757,87.850086,2026-09-10T13:55:35.192511+00:00,24,HIGH,true
1758,87.900081,2026-09-10T13:55:35.242504+00:00,24,HIGH,true
1759,87.950082,2026-09-10T13:55:35.292501+00:00,24,HIGH,true
1760,88.000087,2026-09-10T13:55:35.342515+00:00,24,HIGH,true
1761,88.050085,2026-09-10T13:55:35.392509+00:00,24,HIGH,true
1762,88.100081,2026-09-10T13:55:35.442502+00:00,24,HIGH,true
1763,88.150098,2026-09-10T13:55:35.492587+00:00,24,HIGH,true
1764,88.200092,2026-09-10T13:55:35.542543+00:00,24,HIGH,true
1765,88.250090,2026-09-10T13:55:35.592527+00:00,24,HIGH,true
1766,88.300082,2026-09-10T13:55:35.642507+00:00,24,HIGH,true
1767,88.350081,2026-09-10T13:55:35.692499+00:00,24,HIGH,true
1768,88.400086,2026-09-10T13:55:35.742517+00:00,24,HIGH,true
1769,88.450084,2026-09-10T13:55:35.792508+00:00,24,HIGH,true
1770,88.500081,2026-09-10T13:55:35.842503+00:00,24,HIGH,true
1771,88.550080,2026-09-10T13:55:35.892496+00:00,24,HIGH,true
1772,88.600085,2026-09-10T13:55:35.942512+00:00,24,HIGH,true
1773,88.650086,2026-09-10T13:55:35.992513+00:00,24,HIGH,true
1774,88.700081,2026-09-10T13:55:36.042502+00:00,24,HIGH,true
1775,88.750080,2026-09-10T13:55:36.092498+00:00,24,HIGH,true
1776,88.800085,2026-09-10T13:55:36.142513+00:00,24,HIGH,true
1777,88.850086,2026-09-10T13:55:36.192510+00:00,24,HIGH,true
1778,88.900081,2026-09-10T13:55:36.242502+00:00,24,HIGH,true
1779,88.950079,2026-09-10T13:55:36.292497+00:00,24,HIGH,true
1780,89.000085,2026-09-10T13:55:36.342513+00:00,24,HIGH,true
1781,89.050085,2026-09-10T13:55:36.392510+00:00,24,HIGH,true
1782,89.100098,2026-09-10T13:55:36.442596+00:00,24,HIGH,true
1783,89.150084,2026-09-10T13:55:36.492513+00:00,24,HIGH,true
1784,89.200085,2026-09-10T13:55:36.542516+00:00,24,HIGH,true
1785,89.250084,2026-09-10T13:55:36.592509+00:00,24,HIGH,true
1786,89.300081,2026-09-10T13:55:36.642502+00:00,24,HIGH,true
1787,89.350080,2026-09-10T13:55:36.692498+00:00,24,HIGH,true
1788,89.400085,2026-09-10T13:55:36.742511+00:00,24,HIGH,true
1789,89.450084,2026-09-10T13:55:36.792508+00:00,24,HIGH,true
1790,89.500081,2026-09-10T13:55:36.842503+00:00,24,HIGH,true
1791,89.550080,2026-09-10T13:55:36.892498+00:00,24,HIGH,true
1792,89.600108,2026-09-10T13:55:36.942625+00:00,24,HIGH,true
1793,89.650095,2026-09-10T13:55:36.992547+00:00,24,HIGH,true
1794,89.700088,2026-09-10T13:55:37.042517+00:00,24,HIGH,true
1795,89.750086,2026-09-10T13:55:37.092513+00:00,24,HIGH,true
1796,89.800082,2026-09-10T13:55:37.142505+00:00,24,HIGH,true
1797,89.850288,2026-09-10T13:55:37.192806+00:00,24,HIGH,true
1798,89.900102,2026-09-10T13:55:37.242608+00:00,24,HIGH,true
1799,89.950086,2026-09-10T13:55:37.292515+00:00,24,HIGH,true
1800,90.000086,2026-09-10T13:55:37.342521+00:00,24,HIGH,true
1801,90.050087,2026-09-10T13:55:37.392512+00:00,24,HIGH,true
1802,90.100080,2026-09-10T13:55:37.442503+00:00,24,HIGH,true
1803,90.150080,2026-09-10T13:55:37.492498+00:00,24,HIGH,true
1804,90.200085,2026-09-10T13:55:37.542512+00:00,24,HIGH,true
1805,90.250086,2026-09-10T13:55:37.592510+00:00,24,HIGH,true
1806,90.300081,2026-09-10T13:55:37.642502+00:00,24,HIGH,true
1807,90.350080,2026-09-10T13:55:37.692497+00:00,24,HIGH,true
1808,90.400085,2026-09-10T13:55:37.742512+00:00,24,HIGH,true
1809,90.450085,2026-09-10T13:55:37.792509+00:00,24,HIGH,true
1810,90.500080,2026-09-10T13:55:37.842501+00:00,24,HIGH,true
1811,90.550080,2026-09-10T13:55:37.892499+00:00,24,HIGH,true
1812,90.600086,2026-09-10T13:55:37.942515+00:00,24,HIGH,true
1813,90.650085,2026-09-10T13:55:37.992509+00:00,24,HIGH,true
1814,90.700080,2026-09-10T13:55:38.042502+00:00,24,HIGH,true
1815,90.750080,2026-09-10T13:55:38.092497+00:00,24,HIGH,true
1816,90.800085,2026-09-10T13:55:38.142511+00:00,24,HIGH,true
1817,90.850085,2026-09-10T13:55:38.192509+00:00,24,HIGH,true
1818,90.900081,2026-09-10T13:55:38.242502+00:00,24,HIGH,true
1819,90.950080,2026-09-10T13:55:38.292498+00:00,24,HIGH,true
1820,91.000084,2026-09-10T13:55:38.342515+00:00,24,HIGH,true
1821,91.050086,2026-09-10T13:55:38.392510+00:00,24,HIGH,true
1822,91.100080,2026-09-10T13:55:38.442500+00:00,24,HIGH,true
1823,91.150080,2026-09-10T13:55:38.492497+00:00,24,HIGH,true
1824,91.200086,2026-09-10T13:55:38.542513+00:00,24,HIGH,true
1825,91.250085,2026-09-10T13:55:38.592509+00:00,24,HIGH,true
1826,91.300081,2026-09-10T13:55:38.642501+00:00,24,HIGH,true
1827,91.350082,2026-09-10T13:55:38.692508+00:00,24,HIGH,true
1828,91.400087,2026-09-10T13:55:38.742519+00:00,24,HIGH,true
1829,91.450086,2026-09-10T13:55:38.792527+00:00,24,HIGH,true
1830,91.500079,2026-09-10T13:55:38.842510+00:00,24,HIGH,true
1831,91.550081,2026-09-10T13:55:38.892502+00:00,24,HIGH,true
1832,91.600085,2026-09-10T13:55:38.942514+00:00,24,HIGH,true
1833,91.650086,2026-09-10T13:55:38.992511+00:00,24,HIGH,true
1834,91.700081,2026-09-10T13:55:39.042502+00:00,24,HIGH,true
1835,91.750081,2026-09-10T13:55:39.092500+00:00,24,HIGH,true
1836,91.800086,2026-09-10T13:55:39.142522+00:00,24,HIGH,true
1837,91.850086,2026-09-10T13:55:39.192514+00:00,24,HIGH,true
1838,91.900081,2026-09-10T13:55:39.242503+00:00,24,HIGH,true
1839,91.950081,2026-09-10T13:55:39.292499+00:00,24,HIGH,true
1840,92.000087,2026-09-10T13:55:39.342516+00:00,24,HIGH,true
1841,92.050085,2026-09-10T13:55:39.392509+00:00,24,HIGH,true
1842,92.100081,2026-09-10T13:55:39.442502+00:00,24,HIGH,true
1843,92.150081,2026-09-10T13:55:39.492499+00:00,24,HIGH,true
1844,92.200087,2026-09-10T13:55:39.542514+00:00,24,HIGH,true
1845,92.250086,2026-09-10T13:55:39.592509+00:00,24,HIGH,true
1846,92.300081,2026-09-10T13:55:39.642502+00:00,24,HIGH,true
1847,92.350079,2026-09-10T13:55:39.692496+00:00,24,HIGH,true
1848,92.400085,2026-09-10T13:55:39.742512+00:00,24,HIGH,true
1849,92.450085,2026-09-10T13:55:39.792509+00:00,24,HIGH,true
1850,92.500080,2026-09-10T13:55:39.842500+00:00,24,HIGH,true
1851,92.550080,2026-09-10T13:55:39.892497+00:00,24,HIGH,true
1852,92.600086,2026-09-10T13:55:39.942512+00:00,24,HIGH,true
1853,92.650085,2026-09-10T13:55:39.992509+00:00,24,HIGH,true
1854,92.700081,2026-09-10T13:55:40.042501+00:00,24,HIGH,true
1855,92.750091,2026-09-10T13:55:40.092563+00:00,24,HIGH,true
1856,92.800111,2026-09-10T13:55:40.142643+00:00,24,HIGH,true
1857,92.850094,2026-09-10T13:55:40.192539+00:00,24,HIGH,true
1858,92.900081,2026-09-10T13:55:40.242506+00:00,24,HIGH,true
1859,92.950082,2026-09-10T13:55:40.292501+00:00,24,HIGH,true
1860,93.000094,2026-09-10T13:55:40.342557+00:00,24,HIGH,true
1861,93.050091,2026-09-10T13:55:40.392525+00:00,24,HIGH,true
1862,93.100081,2026-09-10T13:55:40.442506+00:00,24,HIGH,true
1863,93.150079,2026-09-10T13:55:40.492499+00:00,24,HIGH,true
1864,93.200086,2026-09-10T13:55:40.542516+00:00,24,HIGH,true
1865,93.250086,2026-09-10T13:55:40.592512+00:00,24,HIGH,true
1866,93.300081,2026-09-10T13:55:40.642503+00:00,24,HIGH,true
1867,93.350080,2026-09-10T13:55:40.692499+00:00,24,HIGH,true
1868,93.400087,2026-09-10T13:55:40.742514+00:00,24,HIGH,true
1869,93.450086,2026-09-10T13:55:40.792511+00:00,24,HIGH,true
1870,93.500081,2026-09-10T13:55:40.842503+00:00,24,HIGH,true
1871,93.550080,2026-09-10T13:55:40.892498+00:00,24,HIGH,true
1872,93.600086,2026-09-10T13:55:40.942520+00:00,24,HIGH,true
1873,93.650086,2026-09-10T13:55:40.992513+00:00,24,HIGH,true
1874,93.700082,2026-09-10T13:55:41.042503+00:00,24,HIGH,true
1875,93.750081,2026-09-10T13:55:41.092501+00:00,24,HIGH,true
1876,93.800087,2026-09-10T13:55:41.142516+00:00,24,HIGH,true
1877,93.850085,2026-09-10T13:55:41.192510+00:00,24,HIGH,true
1878,93.900080,2026-09-10T13:55:41.242502+00:00,24,HIGH,true
1879,93.950080,2026-09-10T13:55:41.292498+00:00,24,HIGH,true
1880,94.000088,2026-09-10T13:55:41.342531+00:00,24,HIGH,true
1881,94.050088,2026-09-10T13:55:41.392515+00:00,24,HIGH,true
1882,94.100081,2026-09-10T13:55:41.442504+00:00,24,HIGH,true
1883,94.150080,2026-09-10T13:55:41.492498+00:00,24,HIGH,true
1884,94.200085,2026-09-10T13:55:41.542512+00:00,24,HIGH,true
1885,94.250085,2026-09-10T13:55:41.592511+00:00,24,HIGH,true
1886,94.300082,2026-09-10T13:55:41.642503+00:00,24,HIGH,true
1887,94.350080,2026-09-10T13:55:41.692498+00:00,24,HIGH,true
1888,94.400084,2026-09-10T13:55:41.742511+00:00,24,HIGH,true
1889,94.450086,2026-09-10T13:55:41.792510+00:00,24,HIGH,true
1890,94.500081,2026-09-10T13:55:41.842502+00:00,24,HIGH,true
1891,94.550080,2026-09-10T13:55:41.892498+00:00,24,HIGH,true
1892,94.600082,2026-09-10T13:55:41.942510+00:00,24,HIGH,true
1893,94.650085,2026-09-10T13:55:41.992511+00:00,24,HIGH,true
1894,94.700079,2026-09-10T13:55:42.042499+00:00,24,HIGH,true
1895,94.750080,2026-09-10T13:55:42.092497+00:00,24,HIGH,true
1896,94.800086,2026-09-10T13:55:42.142514+00:00,24,HIGH,true
1897,94.850085,2026-09-10T13:55:42.192510+00:00,24,HIGH,true
1898,94.900083,2026-09-10T13:55:42.242505+00:00,24,HIGH,true
1899,94.950082,2026-09-10T13:55:42.292501+00:00,24,HIGH,true
1900,95.000085,2026-09-10T13:55:42.342514+00:00,24,HIGH,true
1901,95.050087,2026-09-10T13:55:42.392512+00:00,24,HIGH,true
1902,95.100081,2026-09-10T13:55:42.442502+00:00,24,HIGH,true
1903,95.150080,2026-09-10T13:55:42.492499+00:00,24,HIGH,true
1904,95.200086,2026-09-10T13:55:42.542513+00:00,24,HIGH,true
1905,95.250086,2026-09-10T13:55:42.592512+00:00,24,HIGH,true
1906,95.300081,2026-09-10T13:55:42.642502+00:00,24,HIGH,true
1907,95.350080,2026-09-10T13:55:42.692498+00:00,24,HIGH,true
1908,95.400087,2026-09-10T13:55:42.742514+00:00,24,HIGH,true
1909,95.450086,2026-09-10T13:55:42.792510+00:00,24,HIGH,true
1910,95.500081,2026-09-10T13:55:42.842501+00:00,24,HIGH,true
1911,95.550098,2026-09-10T13:55:42.892593+00:00,24,HIGH,true
1912,95.600094,2026-09-10T13:55:42.942559+00:00,24,HIGH,true
1913,95.650089,2026-09-10T13:55:42.992524+00:00,24,HIGH,true
1914,95.700082,2026-09-10T13:55:43.042505+00:00,24,HIGH,true
1915,95.750080,2026-09-10T13:55:43.092499+00:00,24,HIGH,true
1916,95.800088,2026-09-10T13:55:43.142525+00:00,24,HIGH,true
1917,95.850089,2026-09-10T13:55:43.192527+00:00,24,HIGH,true
1918,95.900082,2026-09-10T13:55:43.242507+00:00,24,HIGH,true
1919,95.950082,2026-09-10T13:55:43.292502+00:00,24,HIGH,true
1920,96.000086,2026-09-10T13:55:43.342514+00:00,24,HIGH,true
1921,96.050086,2026-09-10T13:55:43.392511+00:00,24,HIGH,true
1922,96.100081,2026-09-10T13:55:43.442501+00:00,24,HIGH,true
1923,96.150080,2026-09-10T13:55:43.492497+00:00,24,HIGH,true
1924,96.200086,2026-09-10T13:55:43.542517+00:00,24,HIGH,true
1925,96.250085,2026-09-10T13:55:43.592511+00:00,24,HIGH,true
1926,96.300082,2026-09-10T13:55:43.642502+00:00,24,HIGH,true
1927,96.350083,2026-09-10T13:55:43.692522+00:00,24,HIGH,true
1928,96.400089,2026-09-10T13:55:43.742524+00:00,24,HIGH,true
1929,96.450086,2026-09-10T13:55:43.792513+00:00,24,HIGH,true
1930,96.500080,2026-09-10T13:55:43.842503+00:00,24,HIGH,true
1931,96.550080,2026-09-10T13:55:43.892498+00:00,24,HIGH,true
1932,96.600086,2026-09-10T13:55:43.942517+00:00,24,HIGH,true
1933,96.650085,2026-09-10T13:55:43.992510+00:00,24,HIGH,true
1934,96.700081,2026-09-10T13:55:44.042502+00:00,24,HIGH,true
1935,96.750081,2026-09-10T13:55:44.092498+00:00,24,HIGH,true
1936,96.800086,2026-09-10T13:55:44.142513+00:00,24,HIGH,true
1937,96.850085,2026-09-10T13:55:44.192510+00:00,24,HIGH,true
1938,96.900081,2026-09-10T13:55:44.242501+00:00,24,HIGH,true
1939,96.950080,2026-09-10T13:55:44.292498+00:00,24,HIGH,true
1940,97.000085,2026-09-10T13:55:44.342512+00:00,24,HIGH,true
1941,97.050085,2026-09-10T13:55:44.392509+00:00,24,HIGH,true
1942,97.100080,2026-09-10T13:55:44.442501+00:00,24,HIGH,true
1943,97.150079,2026-09-10T13:55:44.492497+00:00,24,HIGH,true
1944,97.200086,2026-09-10T13:55:44.542514+00:00,24,HIGH,true
1945,97.250087,2026-09-10T13:55:44.592512+00:00,24,HIGH,true
1946,97.300081,2026-09-10T13:55:44.642503+00:00,24,HIGH,true
1947,97.350080,2026-09-10T13:55:44.692498+00:00,24,HIGH,true
1948,97.400085,2026-09-10T13:55:44.742511+00:00,24,HIGH,true
1949,97.450086,2026-09-10T13:55:44.792510+00:00,24,HIGH,true
1950,97.500081,2026-09-10T13:55:44.842503+00:00,24,HIGH,true
1951,97.550080,2026-09-10T13:55:44.892498+00:00,24,HIGH,true
1952,97.600086,2026-09-10T13:55:44.942514+00:00,24,HIGH,true
1953,97.650086,2026-09-10T13:55:44.992510+00:00,24,HIGH,true
1954,97.700081,2026-09-10T13:55:45.042501+00:00,24,HIGH,true
1955,97.750080,2026-09-10T13:55:45.092497+00:00,24,HIGH,true
1956,97.800086,2026-09-10T13:55:45.142515+00:00,24,HIGH,true
1957,97.850086,2026-09-10T13:55:45.192515+00:00,24,HIGH,true
1958,97.900086,2026-09-10T13:55:45.242512+00:00,24,HIGH,true
1959,97.950086,2026-09-10T13:55:45.292508+00:00,24,HIGH,true
1960,98.000082,2026-09-10T13:55:45.342503+00:00,24,HIGH,true
1961,98.050081,2026-09-10T13:55:45.392498+00:00,24,HIGH,true
1962,98.100086,2026-09-10T13:55:45.442514+00:00,24,HIGH,true
1963,98.150085,2026-09-10T13:55:45.492509+00:00,24,HIGH,true
1964,98.200081,2026-09-10T13:55:45.542502+00:00,24,HIGH,true
1965,98.250080,2026-09-10T13:55:45.592497+00:00,24,HIGH,true
1966,98.300084,2026-09-10T13:55:45.642512+00:00,24,HIGH,true
1967,98.350087,2026-09-10T13:55:45.692519+00:00,24,HIGH,true
1968,98.400083,2026-09-10T13:55:45.742507+00:00,24,HIGH,true
1969,98.450081,2026-09-10T13:55:45.792499+00:00,24,HIGH,true
1970,98.500086,2026-09-10T13:55:45.842514+00:00,24,HIGH,true
1971,98.550085,2026-09-10T13:55:45.892510+00:00,24,HIGH,true
1972,98.600081,2026-09-10T13:55:45.942501+00:00,24,HIGH,true
1973,98.650080,2026-09-10T13:55:45.992498+00:00,24,HIGH,true
1974,98.700083,2026-09-10T13:55:46.042512+00:00,24,HIGH,true
1975,98.750087,2026-09-10T13:55:46.092511+00:00,24,HIGH,true
1976,98.800103,2026-09-10T13:55:46.142627+00:00,24,HIGH,true
1977,98.850088,2026-09-10T13:55:46.192520+00:00,24,HIGH,true
1978,98.900082,2026-09-10T13:55:46.242508+00:00,24,HIGH,true
1979,98.950081,2026-09-10T13:55:46.292498+00:00,24,HIGH,true
1980,99.000085,2026-09-10T13:55:46.342513+00:00,24,HIGH,true
1981,99.050085,2026-09-10T13:55:46.392511+00:00,24,HIGH,true
1982,99.100081,2026-09-10T13:55:46.442500+00:00,24,HIGH,true
1983,99.150080,2026-09-10T13:55:46.492498+00:00,24,HIGH,true
1984,99.200085,2026-09-10T13:55:46.542512+00:00,24,HIGH,true
1985,99.250085,2026-09-10T13:55:46.592510+00:00,24,HIGH,true
1986,99.300082,2026-09-10T13:55:46.642503+00:00,24,HIGH,true
1987,99.350080,2026-09-10T13:55:46.692497+00:00,24,HIGH,true
1988,99.400087,2026-09-10T13:55:46.742514+00:00,24,HIGH,true
1989,99.450086,2026-09-10T13:55:46.792510+00:00,24,HIGH,true
1990,99.500080,2026-09-10T13:55:46.842500+00:00,24,HIGH,true
1991,99.550080,2026-09-10T13:55:46.892498+00:00,24,HIGH,true
1992,99.600086,2026-09-10T13:55:46.942516+00:00,24,HIGH,true
1993,99.650097,2026-09-10T13:55:46.992568+00:00,24,HIGH,true
1994,99.700085,2026-09-10T13:55:47.042523+00:00,24,HIGH,true
1995,99.750081,2026-09-10T13:55:47.092501+00:00,24,HIGH,true
1996,99.800088,2026-09-10T13:55:47.142526+00:00,24,HIGH,true
1997,99.850087,2026-09-10T13:55:47.192515+00:00,24,HIGH,true
1998,99.900081,2026-09-10T13:55:47.242505+00:00,24,HIGH,true
1999,99.950080,2026-09-10T13:55:47.292499+00:00,24,HIGH,true
2000,100.000085,2026-09-10T13:55:47.342512+00:00,24,HIGH,true
2001,100.050085,2026-09-10T13:55:47.392510+00:00,24,HIGH,true
2002,100.100081,2026-09-10T13:55:47.442503+00:00,24,HIGH,true
2003,100.150081,2026-09-10T13:55:47.492498+00:00,24,HIGH,true
2004,100.200085,2026-09-10T13:55:47.542512+00:00,24,HIGH,true
2005,100.250084,2026-09-10T13:55:47.592508+00:00,24,HIGH,true
2006,100.300080,2026-09-10T13:55:47.642502+00:00,24,HIGH,true
2007,100.350080,2026-09-10T13:55:47.692498+00:00,24,HIGH,true
2008,100.400085,2026-09-10T13:55:47.742512+00:00,24,HIGH,true
2009,100.450085,2026-09-10T13:55:47.792509+00:00,24,HIGH,true
2010,100.500081,2026-09-10T13:55:47.842500+00:00,24,HIGH,true
2011,100.550080,2026-09-10T13:55:47.892497+00:00,24,HIGH,true
2012,100.600088,2026-09-10T13:55:47.942532+00:00,24,HIGH,true
2013,100.650087,2026-09-10T13:55:47.992515+00:00,24,HIGH,true
2014,100.700081,2026-09-10T13:55:48.042502+00:00,24,HIGH,true
2015,100.750081,2026-09-10T13:55:48.092500+00:00,24,HIGH,true
2016,100.800086,2026-09-10T13:55:48.142515+00:00,24,HIGH,true
2017,100.850085,2026-09-10T13:55:48.192510+00:00,24,HIGH,true
2018,100.900080,2026-09-10T13:55:48.242501+00:00,24,HIGH,true
2019,100.950081,2026-09-10T13:55:48.292500+00:00,24,HIGH,true
2020,101.000086,2026-09-10T13:55:48.342515+00:00,24,HIGH,true
2021,101.050085,2026-09-10T13:55:48.392511+00:00,24,HIGH,true
2022,101.100081,2026-09-10T13:55:48.442500+00:00,24,HIGH,true
2023,101.150079,2026-09-10T13:55:48.492497+00:00,24,HIGH,true
2024,101.200086,2026-09-10T13:55:48.542514+00:00,24,HIGH,true
2025,101.250085,2026-09-10T13:55:48.592509+00:00,24,HIGH,true
2026,101.300081,2026-09-10T13:55:48.642502+00:00,24,HIGH,true
2027,101.350080,2026-09-10T13:55:48.692498+00:00,24,HIGH,true
2028,101.400086,2026-09-10T13:55:48.742517+00:00,24,HIGH,true
2029,101.450091,2026-09-10T13:55:48.792542+00:00,24,HIGH,true
2030,101.500106,2026-09-10T13:55:48.842624+00:00,24,HIGH,true
2031,101.550088,2026-09-10T13:55:48.892523+00:00,24,HIGH,true
2032,101.600086,2026-09-10T13:55:48.942520+00:00,24,HIGH,true
2033,101.650087,2026-09-10T13:55:48.992513+00:00,24,HIGH,true
2034,101.700085,2026-09-10T13:55:49.042520+00:00,24,HIGH,true
2035,101.750083,2026-09-10T13:55:49.092508+00:00,24,HIGH,true
2036,101.800085,2026-09-10T13:55:49.142521+00:00,24,HIGH,true
2037,101.850087,2026-09-10T13:55:49.192524+00:00,24,HIGH,true
2038,101.900081,2026-09-10T13:55:49.242507+00:00,24,HIGH,true
2039,101.950081,2026-09-10T13:55:49.292501+00:00,24,HIGH,true
2040,102.000085,2026-09-10T13:55:49.342515+00:00,24,HIGH,true
2041,102.050085,2026-09-10T13:55:49.392511+00:00,24,HIGH,true
2042,102.100082,2026-09-10T13:55:49.442503+00:00,24,HIGH,true
2043,102.150080,2026-09-10T13:55:49.492498+00:00,24,HIGH,true
2044,102.200085,2026-09-10T13:55:49.542512+00:00,24,HIGH,true
2045,102.250085,2026-09-10T13:55:49.592510+00:00,24,HIGH,true
2046,102.300082,2026-09-10T13:55:49.642502+00:00,24,HIGH,true
2047,102.350080,2026-09-10T13:55:49.692498+00:00,24,HIGH,true
2048,102.400085,2026-09-10T13:55:49.742512+00:00,24,HIGH,true
2049,102.450086,2026-09-10T13:55:49.792509+00:00,24,HIGH,true
2050,102.500081,2026-09-10T13:55:49.842501+00:00,24,HIGH,true
2051,102.550081,2026-09-10T13:55:49.892498+00:00,24,HIGH,true
2052,102.600085,2026-09-10T13:55:49.942512+00:00,24,HIGH,true
2053,102.650085,2026-09-10T13:55:49.992510+00:00,24,HIGH,true
2054,102.700079,2026-09-10T13:55:50.042501+00:00,24,HIGH,true
2055,102.750079,2026-09-10T13:55:50.092497+00:00,24,HIGH,true
2056,102.800085,2026-09-10T13:55:50.142513+00:00,24,HIGH,true
2057,102.850085,2026-09-10T13:55:50.192509+00:00,24,HIGH,true
2058,102.900080,2026-09-10T13:55:50.242500+00:00,24,HIGH,true
2059,102.950079,2026-09-10T13:55:50.292497+00:00,24,HIGH,true
2060,103.000088,2026-09-10T13:55:50.342517+00:00,24,HIGH,true
2061,103.050086,2026-09-10T13:55:50.392511+00:00,24,HIGH,true
2062,103.100081,2026-09-10T13:55:50.442502+00:00,24,HIGH,true
2063,103.150080,2026-09-10T13:55:50.492498+00:00,24,HIGH,true
2064,103.200084,2026-09-10T13:55:50.542511+00:00,24,HIGH,true
2065,103.250086,2026-09-10T13:55:50.592513+00:00,24,HIGH,true
2066,103.300081,2026-09-10T13:55:50.642502+00:00,24,HIGH,true
2067,103.350080,2026-09-10T13:55:50.692498+00:00,24,HIGH,true
2068,103.400085,2026-09-10T13:55:50.742512+00:00,24,HIGH,true
2069,103.450086,2026-09-10T13:55:50.792510+00:00,24,HIGH,true
2070,103.500079,2026-09-10T13:55:50.842499+00:00,24,HIGH,true
2071,103.550079,2026-09-10T13:55:50.892496+00:00,24,HIGH,true
2072,103.600084,2026-09-10T13:55:50.942511+00:00,24,HIGH,true
2073,103.650085,2026-09-10T13:55:50.992509+00:00,24,HIGH,true
2074,103.700080,2026-09-10T13:55:51.042501+00:00,24,HIGH,true
2075,103.750080,2026-09-10T13:55:51.092497+00:00,24,HIGH,true
2076,103.800086,2026-09-10T13:55:51.142523+00:00,24,HIGH,true
2077,103.850086,2026-09-10T13:55:51.192515+00:00,24,HIGH,true
2078,103.900081,2026-09-10T13:55:51.242503+00:00,24,HIGH,true
2079,103.950080,2026-09-10T13:55:51.292498+00:00,24,HIGH,true
2080,104.000085,2026-09-10T13:55:51.342516+00:00,24,HIGH,true
2081,104.050085,2026-09-10T13:55:51.392511+00:00,24,HIGH,true
2082,104.100080,2026-09-10T13:55:51.442501+00:00,24,HIGH,true
2083,104.150081,2026-09-10T13:55:51.492499+00:00,24,HIGH,true
2084,104.200086,2026-09-10T13:55:51.542512+00:00,24,HIGH,true
2085,104.250086,2026-09-10T13:55:51.592511+00:00,24,HIGH,true
2086,104.300081,2026-09-10T13:55:51.642500+00:00,24,HIGH,true
2087,104.350080,2026-09-10T13:55:51.692497+00:00,24,HIGH,true
2088,104.400085,2026-09-10T13:55:51.742513+00:00,24,HIGH,true
2089,104.450086,2026-09-10T13:55:51.792511+00:00,24,HIGH,true
2090,104.500081,2026-09-10T13:55:51.842503+00:00,24,HIGH,true
2091,104.550080,2026-09-10T13:55:51.892497+00:00,24,HIGH,true
2092,104.600084,2026-09-10T13:55:51.942510+00:00,24,HIGH,true
2093,104.650085,2026-09-10T13:55:51.992509+00:00,24,HIGH,true
2094,104.700081,2026-09-10T13:55:52.042501+00:00,24,HIGH,true
2095,104.750080,2026-09-10T13:55:52.092497+00:00,24,HIGH,true
2096,104.800111,2026-09-10T13:55:52.142644+00:00,24,HIGH,true
2097,104.850094,2026-09-10T13:55:52.192533+00:00,24,HIGH,true
2098,104.900082,2026-09-10T13:55:52.242506+00:00,24,HIGH,true
2099,104.950080,2026-09-10T13:55:52.292499+00:00,24,HIGH,true
2100,105.000082,2026-09-10T13:55:52.342512+00:00,24,HIGH,true
2101,105.050086,2026-09-10T13:55:52.392512+00:00,24,HIGH,true
2102,105.100081,2026-09-10T13:55:52.442503+00:00,24,HIGH,true
2103,105.150081,2026-09-10T13:55:52.492500+00:00,24,HIGH,true
2104,105.200086,2026-09-10T13:55:52.542514+00:00,24,HIGH,true
2105,105.250085,2026-09-10T13:55:52.592510+00:00,24,HIGH,true
2106,105.300080,2026-09-10T13:55:52.642500+00:00,24,HIGH,true
2107,105.350080,2026-09-10T13:55:52.692496+00:00,24,HIGH,true
2108,105.400087,2026-09-10T13:55:52.742514+00:00,24,HIGH,true
2109,105.450086,2026-09-10T13:55:52.792510+00:00,24,HIGH,true
2110,105.500081,2026-09-10T13:55:52.842501+00:00,24,HIGH,true
2111,105.550080,2026-09-10T13:55:52.892497+00:00,24,HIGH,true
2112,105.600086,2026-09-10T13:55:52.942515+00:00,24,HIGH,true
2113,105.650086,2026-09-10T13:55:52.992511+00:00,24,HIGH,true
2114,105.700082,2026-09-10T13:55:53.042502+00:00,24,HIGH,true
2115,105.750080,2026-09-10T13:55:53.092498+00:00,24,HIGH,true
2116,105.800097,2026-09-10T13:55:53.142570+00:00,24,HIGH,true
2117,105.850092,2026-09-10T13:55:53.192534+00:00,24,HIGH,true
2118,105.900081,2026-09-10T13:55:53.242507+00:00,24,HIGH,true
2119,105.950079,2026-09-10T13:55:53.292498+00:00,24,HIGH,true
2120,106.000086,2026-09-10T13:55:53.342514+00:00,24,HIGH,true
2121,106.050085,2026-09-10T13:55:53.392512+00:00,24,HIGH,true
2122,106.100086,2026-09-10T13:55:53.442511+00:00,24,HIGH,true
2123,106.150086,2026-09-10T13:55:53.492509+00:00,24,HIGH,true
2124,106.200081,2026-09-10T13:55:53.542501+00:00,24,HIGH,true
2125,106.250080,2026-09-10T13:55:53.592498+00:00,24,HIGH,true
2126,106.300086,2026-09-10T13:55:53.642512+00:00,24,HIGH,true
2127,106.350087,2026-09-10T13:55:53.692511+00:00,24,HIGH,true
2128,106.400081,2026-09-10T13:55:53.742502+00:00,24,HIGH,true
2129,106.450080,2026-09-10T13:55:53.792498+00:00,24,HIGH,true
2130,106.500085,2026-09-10T13:55:53.842512+00:00,24,HIGH,true
2131,106.550087,2026-09-10T13:55:53.892512+00:00,24,HIGH,true
2132,106.600088,2026-09-10T13:55:53.942544+00:00,24,HIGH,true
2133,106.650083,2026-09-10T13:55:53.992509+00:00,24,HIGH,true
2134,106.700086,2026-09-10T13:55:54.042516+00:00,24,HIGH,true
2135,106.750085,2026-09-10T13:55:54.092510+00:00,24,HIGH,true
2136,106.800081,2026-09-10T13:55:54.142504+00:00,24,HIGH,true
2137,106.850080,2026-09-10T13:55:54.192497+00:00,24,HIGH,true
2138,106.900086,2026-09-10T13:55:54.242514+00:00,24,HIGH,true
2139,106.950085,2026-09-10T13:55:54.292510+00:00,24,HIGH,true
2140,107.000081,2026-09-10T13:55:54.342501+00:00,24,HIGH,true
2141,107.050080,2026-09-10T13:55:54.392499+00:00,24,HIGH,true
2142,107.100086,2026-09-10T13:55:54.442515+00:00,24,HIGH,true
2143,107.150088,2026-09-10T13:55:54.492523+00:00,24,HIGH,true
2144,107.200082,2026-09-10T13:55:54.542507+00:00,24,HIGH,true
2145,107.250081,2026-09-10T13:55:54.592500+00:00,24,HIGH,true
2146,107.300085,2026-09-10T13:55:54.642513+00:00,24,HIGH,true
2147,107.350085,2026-09-10T13:55:54.692510+00:00,24,HIGH,true
2148,107.400082,2026-09-10T13:55:54.742502+00:00,24,HIGH,true
2149,107.450081,2026-09-10T13:55:54.792499+00:00,24,HIGH,true
2150,107.500088,2026-09-10T13:55:54.842536+00:00,24,HIGH,true
2151,107.550087,2026-09-10T13:55:54.892519+00:00,24,HIGH,true
2152,107.600097,2026-09-10T13:55:54.942594+00:00,24,HIGH,true
2153,107.650087,2026-09-10T13:55:54.992521+00:00,24,HIGH,true
2154,107.700086,2026-09-10T13:55:55.042522+00:00,24,HIGH,true
2155,107.750085,2026-09-10T13:55:55.092512+00:00,24,HIGH,true
2156,107.800082,2026-09-10T13:55:55.142510+00:00,24,HIGH,true
2157,107.850083,2026-09-10T13:55:55.192513+00:00,24,HIGH,true
2158,107.900095,2026-09-10T13:55:55.242589+00:00,24,HIGH,true
2159,107.950093,2026-09-10T13:55:55.292543+00:00,24,HIGH,true
2160,108.000084,2026-09-10T13:55:55.342515+00:00,24,HIGH,true
2161,108.050080,2026-09-10T13:55:55.392504+00:00,24,HIGH,true
2162,108.100092,2026-09-10T13:55:55.442538+00:00,24,HIGH,true
2163,108.150088,2026-09-10T13:55:55.492516+00:00,24,HIGH,true
2164,108.200086,2026-09-10T13:55:55.542512+00:00,24,HIGH,true
2165,108.250086,2026-09-10T13:55:55.592509+00:00,24,HIGH,true
2166,108.300082,2026-09-10T13:55:55.642502+00:00,24,HIGH,true
2167,108.350081,2026-09-10T13:55:55.692500+00:00,24,HIGH,true
2168,108.400085,2026-09-10T13:55:55.742512+00:00,24,HIGH,true
2169,108.450085,2026-09-10T13:55:55.792511+00:00,24,HIGH,true
2170,108.500081,2026-09-10T13:55:55.842502+00:00,24,HIGH,true
2171,108.550080,2026-09-10T13:55:55.892497+00:00,24,HIGH,true
2172,108.600088,2026-09-10T13:55:55.942529+00:00,24,HIGH,true
2173,108.650087,2026-09-10T13:55:55.992516+00:00,24,HIGH,true
2174,108.700087,2026-09-10T13:55:56.042512+00:00,24,HIGH,true
2175,108.750085,2026-09-10T13:55:56.092509+00:00,24,HIGH,true
2176,108.800082,2026-09-10T13:55:56.142503+00:00,24,HIGH,true
2177,108.850080,2026-09-10T13:55:56.192499+00:00,24,HIGH,true
2178,108.900086,2026-09-10T13:55:56.242513+00:00,24,HIGH,true
2179,108.950085,2026-09-10T13:55:56.292510+00:00,24,HIGH,true
2180,109.000081,2026-09-10T13:55:56.342503+00:00,24,HIGH,true
2181,109.050080,2026-09-10T13:55:56.392498+00:00,24,HIGH,true
2182,109.100084,2026-09-10T13:55:56.442513+00:00,24,HIGH,true
2183,109.150086,2026-09-10T13:55:56.492511+00:00,24,HIGH,true
2184,109.200081,2026-09-10T13:55:56.542504+00:00,24,HIGH,true
2185,109.250081,2026-09-10T13:55:56.592500+00:00,24,HIGH,true
2186,109.300085,2026-09-10T13:55:56.642513+00:00,24,HIGH,true
2187,109.350086,2026-09-10T13:55:56.692511+00:00,24,HIGH,true
2188,109.400082,2026-09-10T13:55:56.742502+00:00,24,HIGH,true
2189,109.450081,2026-09-10T13:55:56.792498+00:00,24,HIGH,true
2190,109.500084,2026-09-10T13:55:56.842513+00:00,24,HIGH,true
2191,109.550086,2026-09-10T13:55:56.892510+00:00,24,HIGH,true
2192,109.600082,2026-09-10T13:55:56.942508+00:00,24,HIGH,true
2193,109.650080,2026-09-10T13:55:56.992500+00:00,24,HIGH,true
2194,109.700085,2026-09-10T13:55:57.042513+00:00,24,HIGH,true
2195,109.750087,2026-09-10T13:55:57.092511+00:00,24,HIGH,true
2196,109.800081,2026-09-10T13:55:57.142502+00:00,24,HIGH,true
2197,109.850081,2026-09-10T13:55:57.192498+00:00,24,HIGH,true
2198,109.900086,2026-09-10T13:55:57.242516+00:00,24,HIGH,true
2199,109.950085,2026-09-10T13:55:57.292510+00:00,24,HIGH,true
2200,110.000086,2026-09-10T13:55:57.342511+00:00,24,HIGH,true
2201,110.050085,2026-09-10T13:55:57.392508+00:00,24,HIGH,true
2202,110.100081,2026-09-10T13:55:57.442502+00:00,24,HIGH,true
2203,110.150080,2026-09-10T13:55:57.492498+00:00,24,HIGH,true
2204,110.200084,2026-09-10T13:55:57.542513+00:00,24,HIGH,true
2205,110.250086,2026-09-10T13:55:57.592511+00:00,24,HIGH,true
2206,110.300081,2026-09-10T13:55:57.642501+00:00,24,HIGH,true
2207,110.350080,2026-09-10T13:55:57.692498+00:00,24,HIGH,true
2208,110.400086,2026-09-10T13:55:57.742513+00:00,24,HIGH,true
2209,110.450085,2026-09-10T13:55:57.792510+00:00,24,HIGH,true
2210,110.500080,2026-09-10T13:55:57.842501+00:00,24,HIGH,true
2211,110.550081,2026-09-10T13:55:57.892499+00:00,24,HIGH,true
2212,110.600085,2026-09-10T13:55:57.942513+00:00,24,HIGH,true
2213,110.650085,2026-09-10T13:55:57.992509+00:00,24,HIGH,true
2214,110.700080,2026-09-10T13:55:58.042501+00:00,24,HIGH,true
2215,110.750081,2026-09-10T13:55:58.092498+00:00,24,HIGH,true
2216,110.800112,2026-09-10T13:55:58.142645+00:00,24,HIGH,true
2217,110.850093,2026-09-10T13:55:58.192531+00:00,24,HIGH,true
2218,110.900081,2026-09-10T13:55:58.242505+00:00,24,HIGH,true
2219,110.950081,2026-09-10T13:55:58.292500+00:00,24,HIGH,true
2220,111.000086,2026-09-10T13:55:58.342516+00:00,24,HIGH,true
2221,111.050086,2026-09-10T13:55:58.392512+00:00,24,HIGH,true
2222,111.100080,2026-09-10T13:55:58.442502+00:00,24,HIGH,true
2223,111.150081,2026-09-10T13:55:58.492500+00:00,24,HIGH,true
2224,111.200085,2026-09-10T13:55:58.542513+00:00,24,HIGH,true
2225,111.250084,2026-09-10T13:55:58.592509+00:00,24,HIGH,true
2226,111.300082,2026-09-10T13:55:58.642504+00:00,24,HIGH,true
2227,111.350080,2026-09-10T13:55:58.692499+00:00,24,HIGH,true
2228,111.400087,2026-09-10T13:55:58.742514+00:00,24,HIGH,true
2229,111.450084,2026-09-10T13:55:58.792509+00:00,24,HIGH,true
2230,111.500081,2026-09-10T13:55:58.842501+00:00,24,HIGH,true
2231,111.550081,2026-09-10T13:55:58.892500+00:00,24,HIGH,true
2232,111.600086,2026-09-10T13:55:58.942515+00:00,24,HIGH,true
2233,111.650087,2026-09-10T13:55:58.992511+00:00,24,HIGH,true
2234,111.700082,2026-09-10T13:55:59.042503+00:00,24,HIGH,true
2235,111.750080,2026-09-10T13:55:59.092499+00:00,24,HIGH,true
2236,111.800086,2026-09-10T13:55:59.142524+00:00,24,HIGH,true
2237,111.850086,2026-09-10T13:55:59.192513+00:00,24,HIGH,true
2238,111.900080,2026-09-10T13:55:59.242504+00:00,24,HIGH,true
2239,111.950079,2026-09-10T13:55:59.292498+00:00,24,HIGH,true
2240,112.000086,2026-09-10T13:55:59.342514+00:00,24,HIGH,true
2241,112.050085,2026-09-10T13:55:59.392512+00:00,24,HIGH,true
2242,112.100081,2026-09-10T13:55:59.442502+00:00,24,HIGH,true
2243,112.150080,2026-09-10T13:55:59.492498+00:00,24,HIGH,true
2244,112.200085,2026-09-10T13:55:59.542517+00:00,24,HIGH,true
2245,112.250086,2026-09-10T13:55:59.592510+00:00,24,HIGH,true
2246,112.300080,2026-09-10T13:55:59.642502+00:00,24,HIGH,true
2247,112.350080,2026-09-10T13:55:59.692498+00:00,24,HIGH,true
2248,112.400086,2026-09-10T13:55:59.742514+00:00,24,HIGH,true
2249,112.450085,2026-09-10T13:55:59.792510+00:00,24,HIGH,true
2250,112.500081,2026-09-10T13:55:59.842502+00:00,24,HIGH,true
2251,112.550081,2026-09-10T13:55:59.892500+00:00,24,HIGH,true
2252,112.600085,2026-09-10T13:55:59.942514+00:00,24,HIGH,true
2253,112.650086,2026-09-10T13:55:59.992510+00:00,24,HIGH,true
2254,112.700090,2026-09-10T13:56:00.042555+00:00,24,HIGH,true
2255,112.750085,2026-09-10T13:56:00.092513+00:00,24,HIGH,true
2256,112.800086,2026-09-10T13:56:00.142515+00:00,24,HIGH,true
2257,112.850086,2026-09-10T13:56:00.192510+00:00,24,HIGH,true
2258,112.900081,2026-09-10T13:56:00.242501+00:00,24,HIGH,true
2259,112.950107,2026-09-10T13:56:00.292630+00:00,24,HIGH,true
2260,113.000094,2026-09-10T13:56:00.342544+00:00,24,HIGH,true
2261,113.050086,2026-09-10T13:56:00.392517+00:00,24,HIGH,true
2262,113.100081,2026-09-10T13:56:00.442505+00:00,24,HIGH,true
2263,113.150081,2026-09-10T13:56:00.492500+00:00,24,HIGH,true
2264,113.200086,2026-09-10T13:56:00.542517+00:00,24,HIGH,true
2265,113.250086,2026-09-10T13:56:00.592511+00:00,24,HIGH,true
2266,113.300080,2026-09-10T13:56:00.642501+00:00,24,HIGH,true
2267,113.350080,2026-09-10T13:56:00.692499+00:00,24,HIGH,true
2268,113.400085,2026-09-10T13:56:00.742512+00:00,24,HIGH,true
2269,113.450092,2026-09-10T13:56:00.792542+00:00,24,HIGH,true
2270,113.500090,2026-09-10T13:56:00.842549+00:00,24,HIGH,true
2271,113.550100,2026-09-10T13:56:00.892602+00:00,24,HIGH,true
2272,113.600097,2026-09-10T13:56:00.942560+00:00,24,HIGH,true
2273,113.650088,2026-09-10T13:56:00.992518+00:00,24,HIGH,true
2274,113.700085,2026-09-10T13:56:01.042529+00:00,24,HIGH,true
2275,113.750081,2026-09-10T13:56:01.092501+00:00,24,HIGH,true
2276,113.800088,2026-09-10T13:56:01.142527+00:00,24,HIGH,true
2277,113.850090,2026-09-10T13:56:01.192531+00:00,24,HIGH,true
2278,113.900084,2026-09-10T13:56:01.242510+00:00,24,HIGH,true
2279,113.950082,2026-09-10T13:56:01.292502+00:00,24,HIGH,true
2280,114.000086,2026-09-10T13:56:01.342515+00:00,24,HIGH,true
2281,114.050087,2026-09-10T13:56:01.392512+00:00,24,HIGH,true
2282,114.100081,2026-09-10T13:56:01.442502+00:00,24,HIGH,true
2283,114.150079,2026-09-10T13:56:01.492497+00:00,24,HIGH,true
2284,114.200085,2026-09-10T13:56:01.542512+00:00,24,HIGH,true
2285,114.250086,2026-09-10T13:56:01.592510+00:00,24,HIGH,true
2286,114.300080,2026-09-10T13:56:01.642501+00:00,24,HIGH,true
2287,114.350080,2026-09-10T13:56:01.692498+00:00,24,HIGH,true
2288,114.400087,2026-09-10T13:56:01.742519+00:00,24,HIGH,true
2289,114.450087,2026-09-10T13:56:01.792512+00:00,24,HIGH,true
2290,114.500081,2026-09-10T13:56:01.842502+00:00,24,HIGH,true
2291,114.550080,2026-09-10T13:56:01.892497+00:00,24,HIGH,true
2292,114.600085,2026-09-10T13:56:01.942514+00:00,24,HIGH,true
2293,114.650087,2026-09-10T13:56:01.992517+00:00,24,HIGH,true
2294,114.700087,2026-09-10T13:56:02.042513+00:00,24,HIGH,true
2295,114.750085,2026-09-10T13:56:02.092508+00:00,24,HIGH,true
2296,114.800082,2026-09-10T13:56:02.142503+00:00,24,HIGH,true
2297,114.850080,2026-09-10T13:56:02.192498+00:00,24,HIGH,true
2298,114.900085,2026-09-10T13:56:02.242513+00:00,24,HIGH,true
2299,114.950085,2026-09-10T13:56:02.292508+00:00,24,HIGH,true
2300,115.000081,2026-09-10T13:56:02.342502+00:00,24,HIGH,true
2301,115.050081,2026-09-10T13:56:02.392498+00:00,24,HIGH,true
2302,115.100086,2026-09-10T13:56:02.442513+00:00,24,HIGH,true
2303,115.150086,2026-09-10T13:56:02.492510+00:00,24,HIGH,true
2304,115.200080,2026-09-10T13:56:02.542500+00:00,24,HIGH,true
2305,115.250080,2026-09-10T13:56:02.592498+00:00,24,HIGH,true
2306,115.300085,2026-09-10T13:56:02.642513+00:00,24,HIGH,true
2307,115.350085,2026-09-10T13:56:02.692509+00:00,24,HIGH,true
2308,115.400082,2026-09-10T13:56:02.742503+00:00,24,HIGH,true
2309,115.450081,2026-09-10T13:56:02.792499+00:00,24,HIGH,true
2310,115.500085,2026-09-10T13:56:02.842511+00:00,24,HIGH,true
2311,115.550085,2026-09-10T13:56:02.892509+00:00,24,HIGH,true
2312,115.600080,2026-09-10T13:56:02.942502+00:00,24,HIGH,true
2313,115.650082,2026-09-10T13:56:02.992500+00:00,24,HIGH,true
2314,115.700086,2026-09-10T13:56:03.042513+00:00,24,HIGH,true
2315,115.750086,2026-09-10T13:56:03.092510+00:00,24,HIGH,true
2316,115.800082,2026-09-10T13:56:03.142510+00:00,24,HIGH,true
2317,115.850081,2026-09-10T13:56:03.192500+00:00,24,HIGH,true
2318,115.900085,2026-09-10T13:56:03.242512+00:00,24,HIGH,true
2319,115.950085,2026-09-10T13:56:03.292512+00:00,24,HIGH,true
2320,116.000082,2026-09-10T13:56:03.342503+00:00,24,HIGH,true
2321,116.050080,2026-09-10T13:56:03.392498+00:00,24,HIGH,true
2322,116.100086,2026-09-10T13:56:03.442512+00:00,24,HIGH,true
2323,116.150085,2026-09-10T13:56:03.492509+00:00,24,HIGH,true
2324,116.200081,2026-09-10T13:56:03.542500+00:00,24,HIGH,true
2325,116.250080,2026-09-10T13:56:03.592497+00:00,24,HIGH,true
2326,116.300087,2026-09-10T13:56:03.642516+00:00,24,HIGH,true
2327,116.350086,2026-09-10T13:56:03.692512+00:00,24,HIGH,true
2328,116.400084,2026-09-10T13:56:03.742509+00:00,24,HIGH,true
2329,116.450086,2026-09-10T13:56:03.792509+00:00,24,HIGH,true
2330,116.500080,2026-09-10T13:56:03.842501+00:00,24,HIGH,true
2331,116.550080,2026-09-10T13:56:03.892497+00:00,24,HIGH,true
2332,116.600085,2026-09-10T13:56:03.942512+00:00,24,HIGH,true
2333,116.650086,2026-09-10T13:56:03.992510+00:00,24,HIGH,true
2334,116.700081,2026-09-10T13:56:04.042503+00:00,24,HIGH,true
2335,116.750080,2026-09-10T13:56:04.092497+00:00,24,HIGH,true
2336,116.800101,2026-09-10T13:56:04.142605+00:00,24,HIGH,true
2337,116.850093,2026-09-10T13:56:04.192534+00:00,24,HIGH,true
2338,116.900081,2026-09-10T13:56:04.242506+00:00,24,HIGH,true
2339,116.950080,2026-09-10T13:56:04.292499+00:00,24,HIGH,true
2340,117.000085,2026-09-10T13:56:04.342515+00:00,24,HIGH,true
2341,117.050086,2026-09-10T13:56:04.392511+00:00,24,HIGH,true
2342,117.100081,2026-09-10T13:56:04.442501+00:00,24,HIGH,true
2343,117.150079,2026-09-10T13:56:04.492497+00:00,24,HIGH,true
2344,117.200086,2026-09-10T13:56:04.542513+00:00,24,HIGH,true
2345,117.250084,2026-09-10T13:56:04.592509+00:00,24,HIGH,true
2346,117.300081,2026-09-10T13:56:04.642505+00:00,24,HIGH,true
2347,117.350085,2026-09-10T13:56:04.692522+00:00,24,LOW,false
2348,117.400087,2026-09-10T13:56:04.742545+00:00,24,LOW,false
2349,117.450084,2026-09-10T13:56:04.792519+00:00,24,LOW,false
2350,117.500087,2026-09-10T13:56:04.842523+00:00,24,LOW,false
2351,117.550085,2026-09-10T13:56:04.892515+00:00,24,LOW,false
2352,117.600081,2026-09-10T13:56:04.942504+00:00,24,LOW,false
2353,117.650080,2026-09-10T13:56:04.992499+00:00,24,LOW,false
2354,117.700086,2026-09-10T13:56:05.042513+00:00,24,LOW,false
2355,117.750087,2026-09-10T13:56:05.092511+00:00,24,LOW,false
2356,117.800080,2026-09-10T13:56:05.142500+00:00,24,LOW,false
2357,117.850080,2026-09-10T13:56:05.192497+00:00,24,LOW,false
2358,117.900086,2026-09-10T13:56:05.242512+00:00,24,LOW,false
2359,117.950086,2026-09-10T13:56:05.292511+00:00,24,LOW,false
2360,118.000081,2026-09-10T13:56:05.342502+00:00,24,LOW,false
2361,118.050080,2026-09-10T13:56:05.392497+00:00,24,LOW,false
2362,118.100086,2026-09-10T13:56:05.442512+00:00,24,LOW,false
2363,118.150087,2026-09-10T13:56:05.492511+00:00,24,LOW,false
2364,118.200082,2026-09-10T13:56:05.542507+00:00,24,LOW,false
2365,118.250080,2026-09-10T13:56:05.592499+00:00,24,LOW,false
2366,118.300086,2026-09-10T13:56:05.642513+00:00,24,LOW,false
2367,118.350085,2026-09-10T13:56:05.692511+00:00,24,LOW,false
2368,118.400080,2026-09-10T13:56:05.742502+00:00,24,LOW,false
2369,118.450080,2026-09-10T13:56:05.792498+00:00,24,LOW,false
2370,118.500085,2026-09-10T13:56:05.842512+00:00,24,LOW,false
2371,118.550086,2026-09-10T13:56:05.892511+00:00,24,LOW,false
2372,118.600095,2026-09-10T13:56:05.942568+00:00,24,LOW,false
2373,118.650086,2026-09-10T13:56:05.992517+00:00,24,LOW,false
2374,118.700087,2026-09-10T13:56:06.042518+00:00,24,LOW,false
2375,118.750087,2026-09-10T13:56:06.092511+00:00,24,LOW,false
2376,118.800081,2026-09-10T13:56:06.142500+00:00,24,LOW,false
2377,118.850082,2026-09-10T13:56:06.192506+00:00,24,LOW,false
2378,118.900087,2026-09-10T13:56:06.242515+00:00,24,LOW,false
2379,118.950086,2026-09-10T13:56:06.292511+00:00,24,LOW,false
2380,119.000082,2026-09-10T13:56:06.342501+00:00,24,LOW,false
2381,119.050081,2026-09-10T13:56:06.392497+00:00,24,LOW,false
2382,119.100092,2026-09-10T13:56:06.442526+00:00,24,LOW,false
2383,119.150088,2026-09-10T13:56:06.492514+00:00,24,LOW,false
2384,119.200082,2026-09-10T13:56:06.542500+00:00,24,LOW,false
2385,119.250081,2026-09-10T13:56:06.592497+00:00,24,LOW,false
2386,119.300085,2026-09-10T13:56:06.642510+00:00,24,LOW,false
2387,119.350086,2026-09-10T13:56:06.692509+00:00,24,LOW,false
2388,119.400081,2026-09-10T13:56:06.742499+00:00,24,LOW,false
2389,119.450081,2026-09-10T13:56:06.792497+00:00,24,LOW,false
2390,119.500109,2026-09-10T13:56:06.842620+00:00,24,LOW,false
2391,119.550093,2026-09-10T13:56:06.892538+00:00,24,LOW,false
2392,119.600085,2026-09-10T13:56:06.942524+00:00,24,LOW,false
2393,119.650083,2026-09-10T13:56:06.992506+00:00,24,LOW,false
2394,119.700085,2026-09-10T13:56:07.042511+00:00,24,LOW,false
2395,119.750086,2026-09-10T13:56:07.092508+00:00,24,LOW,false
2396,119.800082,2026-09-10T13:56:07.142504+00:00,24,LOW,false
2397,119.850087,2026-09-10T13:56:07.192513+00:00,24,LOW,false
2398,119.900086,2026-09-10T13:56:07.242514+00:00,24,LOW,false
2399,119.950087,2026-09-10T13:56:07.292512+00:00,24,LOW,false
2400,120.000083,2026-09-10T13:56:07.342503+00:00,24,LOW,false
2401,120.050083,2026-09-10T13:56:07.392500+00:00,24,LOW,false
2402,120.100087,2026-09-10T13:56:07.442512+00:00,24,LOW,false
2403,120.150087,2026-09-10T13:56:07.492510+00:00,24,LOW,false
2404,120.200081,2026-09-10T13:56:07.542499+00:00,24,LOW,false
2405,120.250083,2026-09-10T13:56:07.592513+00:00,24,LOW,false
2406,120.300086,2026-09-10T13:56:07.642512+00:00,24,LOW,false
2407,120.350086,2026-09-10T13:56:07.692510+00:00,24,LOW,false
2408,120.400082,2026-09-10T13:56:07.742503+00:00,24,LOW,false
2409,120.450081,2026-09-10T13:56:07.792498+00:00,24,LOW,false
2410,120.500085,2026-09-10T13:56:07.842508+00:00,24,LOW,false
2411,120.550086,2026-09-10T13:56:07.892508+00:00,24,LOW,false
2412,120.600083,2026-09-10T13:56:07.942501+00:00,24,LOW,false
2413,120.650081,2026-09-10T13:56:07.992498+00:00,24,LOW,false
2414,120.700087,2026-09-10T13:56:08.042510+00:00,24,LOW,false
2415,120.750085,2026-09-10T13:56:08.092507+00:00,24,LOW,false
2416,120.800081,2026-09-10T13:56:08.142499+00:00,24,LOW,false
2417,120.850081,2026-09-10T13:56:08.192497+00:00,24,LOW,false
2418,120.900085,2026-09-10T13:56:08.242507+00:00,24,LOW,false
2419,120.950087,2026-09-10T13:56:08.292508+00:00,24,LOW,false
2420,121.000082,2026-09-10T13:56:08.342499+00:00,24,LOW,false
2421,121.050082,2026-09-10T13:56:08.392498+00:00,24,LOW,false
2422,121.100086,2026-09-10T13:56:08.442509+00:00,24,LOW,false
2423,121.150086,2026-09-10T13:56:08.492507+00:00,24,LOW,false
2424,121.200082,2026-09-10T13:56:08.542500+00:00,24,LOW,false
2425,121.250080,2026-09-10T13:56:08.592495+00:00,24,LOW,false
2426,121.300086,2026-09-10T13:56:08.642509+00:00,24,LOW,false
2427,121.350086,2026-09-10T13:56:08.692508+00:00,24,LOW,false
2428,121.400081,2026-09-10T13:56:08.742499+00:00,24,LOW,false
2429,121.450081,2026-09-10T13:56:08.792498+00:00,24,LOW,false
2430,121.500091,2026-09-10T13:56:08.842529+00:00,24,LOW,false
2431,121.550089,2026-09-10T13:56:08.892519+00:00,24,LOW,false
2432,121.600083,2026-09-10T13:56:08.942504+00:00,24,LOW,false
2433,121.650082,2026-09-10T13:56:08.992500+00:00,24,LOW,false
2434,121.700086,2026-09-10T13:56:09.042509+00:00,24,LOW,false
2435,121.750086,2026-09-10T13:56:09.092510+00:00,24,LOW,false
2436,121.800082,2026-09-10T13:56:09.142499+00:00,24,LOW,false
2437,121.850081,2026-09-10T13:56:09.192496+00:00,24,LOW,false
2438,121.900084,2026-09-10T13:56:09.242508+00:00,24,LOW,false
2439,121.950085,2026-09-10T13:56:09.292507+00:00,24,LOW,false
2440,122.000081,2026-09-10T13:56:09.342498+00:00,24,LOW,false
2441,122.050084,2026-09-10T13:56:09.392518+00:00,24,LOW,false
2442,122.100088,2026-09-10T13:56:09.442520+00:00,24,LOW,false
2443,122.150087,2026-09-10T13:56:09.492511+00:00,24,LOW,false
2444,122.200081,2026-09-10T13:56:09.542503+00:00,24,LOW,false
2445,122.250081,2026-09-10T13:56:09.592499+00:00,24,LOW,false
2446,122.300085,2026-09-10T13:56:09.642509+00:00,24,LOW,false
2447,122.350086,2026-09-10T13:56:09.692508+00:00,24,LOW,false
2448,122.400081,2026-09-10T13:56:09.742498+00:00,24,LOW,false
2449,122.450086,2026-09-10T13:56:09.792527+00:00,24,LOW,false
2450,122.500084,2026-09-10T13:56:09.842508+00:00,24,LOW,false
2451,122.550082,2026-09-10T13:56:09.892499+00:00,24,LOW,false
2452,122.600087,2026-09-10T13:56:09.942512+00:00,24,LOW,false
2453,122.650088,2026-09-10T13:56:09.992510+00:00,24,LOW,false
2454,122.700083,2026-09-10T13:56:10.042500+00:00,24,LOW,false
2455,122.750082,2026-09-10T13:56:10.092498+00:00,24,LOW,false
2456,122.800117,2026-09-10T13:56:10.142652+00:00,24,LOW,false
2457,122.850094,2026-09-10T13:56:10.192534+00:00,24,LOW,false
2458,122.900083,2026-09-10T13:56:10.242504+00:00,24,LOW,false
2459,122.950081,2026-09-10T13:56:10.292496+00:00,24,LOW,false
2460,123.000085,2026-09-10T13:56:10.342509+00:00,24,LOW,false
2461,123.050087,2026-09-10T13:56:10.392509+00:00,24,LOW,false
2462,123.100081,2026-09-10T13:56:10.442498+00:00,24,LOW,false
2463,123.150080,2026-09-10T13:56:10.492496+00:00,24,LOW,false
2464,123.200085,2026-09-10T13:56:10.542508+00:00,24,LOW,false
2465,123.250087,2026-09-10T13:56:10.592509+00:00,24,LOW,false
2466,123.300081,2026-09-10T13:56:10.642499+00:00,24,LOW,false
2467,123.350080,2026-09-10T13:56:10.692495+00:00,24,LOW,false
2468,123.400086,2026-09-10T13:56:10.742508+00:00,24,LOW,false
2469,123.450086,2026-09-10T13:56:10.792510+00:00,24,LOW,false
2470,123.500084,2026-09-10T13:56:10.842502+00:00,24,LOW,false
2471,123.550082,2026-09-10T13:56:10.892498+00:00,24,LOW,false
2472,123.600085,2026-09-10T13:56:10.942509+00:00,24,LOW,false
2473,123.650086,2026-09-10T13:56:10.992508+00:00,24,LOW,false
2474,123.700082,2026-09-10T13:56:11.042501+00:00,24,LOW,false
2475,123.750081,2026-09-10T13:56:11.092497+00:00,24,LOW,false
2476,123.800087,2026-09-10T13:56:11.142516+00:00,24,LOW,false
2477,123.850086,2026-09-10T13:56:11.192510+00:00,24,LOW,false
2478,123.900082,2026-09-10T13:56:11.242500+00:00,24,LOW,false
2479,123.950080,2026-09-10T13:56:11.292496+00:00,24,LOW,false
2480,124.000087,2026-09-10T13:56:11.342516+00:00,24,LOW,false
2481,124.050087,2026-09-10T13:56:11.392512+00:00,24,LOW,false
2482,124.100082,2026-09-10T13:56:11.442502+00:00,24,LOW,false
2483,124.150081,2026-09-10T13:56:11.492498+00:00,24,LOW,false
2484,124.200085,2026-09-10T13:56:11.542506+00:00,24,LOW,false
2485,124.250087,2026-09-10T13:56:11.592508+00:00,24,LOW,false
2486,124.300082,2026-09-10T13:56:11.642499+00:00,24,LOW,false
2487,124.350081,2026-09-10T13:56:11.692496+00:00,24,LOW,false
2488,124.400085,2026-09-10T13:56:11.742506+00:00,24,LOW,false
2489,124.450086,2026-09-10T13:56:11.792508+00:00,24,LOW,false
2490,124.500080,2026-09-10T13:56:11.842499+00:00,24,LOW,false
2491,124.550080,2026-09-10T13:56:11.892496+00:00,24,LOW,false
2492,124.600084,2026-09-10T13:56:11.942534+00:00,24,HIGH,true
2493,124.650088,2026-09-10T13:56:11.992567+00:00,24,HIGH,true
2494,124.700093,2026-09-10T13:56:12.042533+00:00,24,HIGH,true
2495,124.750089,2026-09-10T13:56:12.092520+00:00,24,HIGH,true
2496,124.800082,2026-09-10T13:56:12.142509+00:00,24,HIGH,true
2497,124.850082,2026-09-10T13:56:12.192501+00:00,24,HIGH,true
2498,124.900086,2026-09-10T13:56:12.242510+00:00,24,HIGH,true
2499,124.950087,2026-09-10T13:56:12.292510+00:00,24,HIGH,true
2500,125.000082,2026-09-10T13:56:12.342500+00:00,24,HIGH,true
2501,125.050081,2026-09-10T13:56:12.392496+00:00,24,HIGH,true
2502,125.100086,2026-09-10T13:56:12.442509+00:00,24,HIGH,true
2503,125.150087,2026-09-10T13:56:12.492510+00:00,24,HIGH,true
2504,125.200082,2026-09-10T13:56:12.542499+00:00,24,HIGH,true
2505,125.250081,2026-09-10T13:56:12.592497+00:00,24,HIGH,true
2506,125.300085,2026-09-10T13:56:12.642508+00:00,24,HIGH,true
2507,125.350086,2026-09-10T13:56:12.692509+00:00,24,HIGH,true
2508,125.400082,2026-09-10T13:56:12.742499+00:00,24,HIGH,true
2509,125.450081,2026-09-10T13:56:12.792497+00:00,24,HIGH,true
2510,125.500086,2026-09-10T13:56:12.842533+00:00,24,HIGH,true
2511,125.550089,2026-09-10T13:56:12.892518+00:00,24,HIGH,true
2512,125.600083,2026-09-10T13:56:12.942504+00:00,24,HIGH,true
2513,125.650100,2026-09-10T13:56:12.992590+00:00,24,HIGH,true
2514,125.700093,2026-09-10T13:56:13.042539+00:00,24,HIGH,true
2515,125.750096,2026-09-10T13:56:13.092583+00:00,24,HIGH,true
2516,125.800088,2026-09-10T13:56:13.142534+00:00,24,HIGH,true
2517,125.850082,2026-09-10T13:56:13.192504+00:00,24,HIGH,true
2518,125.900086,2026-09-10T13:56:13.242511+00:00,24,HIGH,true
2519,125.950088,2026-09-10T13:56:13.292511+00:00,24,HIGH,true
2520,126.000082,2026-09-10T13:56:13.342500+00:00,24,HIGH,true
2521,126.050082,2026-09-10T13:56:13.392499+00:00,24,HIGH,true
2522,126.100091,2026-09-10T13:56:13.442527+00:00,24,HIGH,true
2523,126.150089,2026-09-10T13:56:13.492514+00:00,24,HIGH,true
2524,126.200082,2026-09-10T13:56:13.542500+00:00,24,HIGH,true
2525,126.250081,2026-09-10T13:56:13.592497+00:00,24,HIGH,true
2526,126.300086,2026-09-10T13:56:13.642510+00:00,24,HIGH,true
2527,126.350085,2026-09-10T13:56:13.692508+00:00,24,HIGH,true
2528,126.400083,2026-09-10T13:56:13.742500+00:00,24,HIGH,true
2529,126.450081,2026-09-10T13:56:13.792496+00:00,24,HIGH,true
2530,126.500085,2026-09-10T13:56:13.842507+00:00,24,HIGH,true
2531,126.550096,2026-09-10T13:56:13.892557+00:00,24,HIGH,true
2532,126.600081,2026-09-10T13:56:13.942514+00:00,24,HIGH,true
2533,126.650083,2026-09-10T13:56:13.992503+00:00,24,HIGH,true
2534,126.700084,2026-09-10T13:56:14.042510+00:00,24,HIGH,true
2535,126.750087,2026-09-10T13:56:14.092510+00:00,24,HIGH,true
2536,126.800084,2026-09-10T13:56:14.142518+00:00,24,HIGH,true
2537,126.850081,2026-09-10T13:56:14.192501+00:00,24,HIGH,true
2538,126.900085,2026-09-10T13:56:14.242511+00:00,24,HIGH,true
2539,126.950086,2026-09-10T13:56:14.292509+00:00,24,HIGH,true
2540,127.000082,2026-09-10T13:56:14.342500+00:00,24,HIGH,true
2541,127.050081,2026-09-10T13:56:14.392496+00:00,24,HIGH,true
2542,127.100092,2026-09-10T13:56:14.442542+00:00,24,HIGH,true
2543,127.150089,2026-09-10T13:56:14.492519+00:00,24,HIGH,true
2544,127.200083,2026-09-10T13:56:14.542503+00:00,24,HIGH,true
2545,127.250081,2026-09-10T13:56:14.592498+00:00,24,HIGH,true
2546,127.300086,2026-09-10T13:56:14.642508+00:00,24,HIGH,true
2547,127.350086,2026-09-10T13:56:14.692508+00:00,24,HIGH,true
2548,127.400082,2026-09-10T13:56:14.742502+00:00,24,HIGH,true
2549,127.450081,2026-09-10T13:56:14.792499+00:00,24,HIGH,true
2550,127.500085,2026-09-10T13:56:14.842509+00:00,24,HIGH,true
2551,127.550087,2026-09-10T13:56:14.892510+00:00,24,HIGH,true
2552,127.600080,2026-09-10T13:56:14.942498+00:00,24,HIGH,true
2553,127.650081,2026-09-10T13:56:14.992499+00:00,24,HIGH,true
2554,127.700084,2026-09-10T13:56:15.042508+00:00,24,HIGH,true
2555,127.750087,2026-09-10T13:56:15.092510+00:00,24,HIGH,true
2556,127.800083,2026-09-10T13:56:15.142505+00:00,24,HIGH,true
2557,127.850082,2026-09-10T13:56:15.192499+00:00,24,HIGH,true
2558,127.900086,2026-09-10T13:56:15.242511+00:00,24,HIGH,true
2559,127.950085,2026-09-10T13:56:15.292508+00:00,24,HIGH,true
2560,128.000081,2026-09-10T13:56:15.342499+00:00,24,HIGH,true
2561,128.050080,2026-09-10T13:56:15.392496+00:00,24,HIGH,true
2562,128.100093,2026-09-10T13:56:15.442571+00:00,24,HIGH,true
2563,128.150092,2026-09-10T13:56:15.492527+00:00,24,HIGH,true
2564,128.200082,2026-09-10T13:56:15.542503+00:00,24,HIGH,true
2565,128.250083,2026-09-10T13:56:15.592501+00:00,24,HIGH,true
2566,128.300086,2026-09-10T13:56:15.642510+00:00,24,HIGH,true
2567,128.350087,2026-09-10T13:56:15.692510+00:00,24,HIGH,true
2568,128.400082,2026-09-10T13:56:15.742500+00:00,24,HIGH,true
2569,128.450081,2026-09-10T13:56:15.792497+00:00,24,HIGH,true
2570,128.500085,2026-09-10T13:56:15.842507+00:00,24,HIGH,true
2571,128.550085,2026-09-10T13:56:15.892507+00:00,24,HIGH,true
2572,128.600081,2026-09-10T13:56:15.942501+00:00,24,HIGH,true
2573,128.650081,2026-09-10T13:56:15.992497+00:00,24,HIGH,true
2574,128.700085,2026-09-10T13:56:16.042509+00:00,24,HIGH,true
2575,128.750085,2026-09-10T13:56:16.092507+00:00,24,HIGH,true
2576,128.800106,2026-09-10T13:56:16.142625+00:00,24,HIGH,true
2577,128.850089,2026-09-10T13:56:16.192523+00:00,24,HIGH,true
2578,128.900086,2026-09-10T13:56:16.242514+00:00,24,HIGH,true
2579,128.950086,2026-09-10T13:56:16.292511+00:00,24,HIGH,true
2580,129.000082,2026-09-10T13:56:16.342501+00:00,24,HIGH,true
2581,129.050080,2026-09-10T13:56:16.392497+00:00,24,HIGH,true
2582,129.100084,2026-09-10T13:56:16.442521+00:00,24,HIGH,true
2583,129.150080,2026-09-10T13:56:16.492507+00:00,24,HIGH,true
2584,129.200096,2026-09-10T13:56:16.542525+00:00,24,HIGH,true
2585,129.250080,2026-09-10T13:56:16.592500+00:00,24,HIGH,true
2586,129.300084,2026-09-10T13:56:16.642511+00:00,24,HIGH,true
2587,129.350085,2026-09-10T13:56:16.692509+00:00,24,HIGH,true
2588,129.400081,2026-09-10T13:56:16.742502+00:00,24,HIGH,true
2589,129.450080,2026-09-10T13:56:16.792498+00:00,24,HIGH,true
2590,129.500085,2026-09-10T13:56:16.842512+00:00,24,HIGH,true
2591,129.550086,2026-09-10T13:56:16.892509+00:00,24,HIGH,true
2592,129.600093,2026-09-10T13:56:16.942524+00:00,24,HIGH,true
2593,129.650083,2026-09-10T13:56:16.992505+00:00,24,HIGH,true
2594,129.700086,2026-09-10T13:56:17.042511+00:00,24,HIGH,true
2595,129.750086,2026-09-10T13:56:17.092510+00:00,24,HIGH,true
2596,129.800081,2026-09-10T13:56:17.142501+00:00,24,HIGH,true
2597,129.850079,2026-09-10T13:56:17.192498+00:00,24,HIGH,true
2598,129.900084,2026-09-10T13:56:17.242510+00:00,24,HIGH,true
2599,129.950085,2026-09-10T13:56:17.292508+00:00,24,HIGH,true
2600,130.000081,2026-09-10T13:56:17.342503+00:00,24,HIGH,true
2601,130.050079,2026-09-10T13:56:17.392499+00:00,24,HIGH,true
2602,130.100085,2026-09-10T13:56:17.442510+00:00,24,HIGH,true
2603,130.150085,2026-09-10T13:56:17.492508+00:00,24,HIGH,true
2604,130.200081,2026-09-10T13:56:17.542500+00:00,24,HIGH,true
2605,130.250079,2026-09-10T13:56:17.592495+00:00,24,HIGH,true
2606,130.300085,2026-09-10T13:56:17.642510+00:00,24,HIGH,true
2607,130.350086,2026-09-10T13:56:17.692510+00:00,24,HIGH,true
2608,130.400081,2026-09-10T13:56:17.742500+00:00,24,HIGH,true
2609,130.450082,2026-09-10T13:56:17.792499+00:00,24,HIGH,true
2610,130.500085,2026-09-10T13:56:17.842509+00:00,24,HIGH,true
2611,130.550086,2026-09-10T13:56:17.892510+00:00,24,HIGH,true
2612,130.600082,2026-09-10T13:56:17.942515+00:00,24,HIGH,true
2613,130.650081,2026-09-10T13:56:17.992501+00:00,24,HIGH,true
2614,130.700085,2026-09-10T13:56:18.042511+00:00,24,HIGH,true
2615,130.750084,2026-09-10T13:56:18.092508+00:00,24,HIGH,true
2616,130.800081,2026-09-10T13:56:18.142499+00:00,24,HIGH,true
2617,130.850080,2026-09-10T13:56:18.192498+00:00,24,HIGH,true
2618,130.900084,2026-09-10T13:56:18.242509+00:00,24,HIGH,true
2619,130.950085,2026-09-10T13:56:18.292509+00:00,24,HIGH,true
2620,131.000081,2026-09-10T13:56:18.342500+00:00,24,HIGH,true
2621,131.050080,2026-09-10T13:56:18.392497+00:00,24,HIGH,true
2622,131.100085,2026-09-10T13:56:18.442510+00:00,24,HIGH,true
2623,131.150085,2026-09-10T13:56:18.492508+00:00,24,HIGH,true
2624,131.200080,2026-09-10T13:56:18.542498+00:00,24,HIGH,true
2625,131.250080,2026-09-10T13:56:18.592498+00:00,24,HIGH,true
2626,131.300085,2026-09-10T13:56:18.642510+00:00,24,HIGH,true
2627,131.350085,2026-09-10T13:56:18.692509+00:00,24,HIGH,true
2628,131.400081,2026-09-10T13:56:18.742500+00:00,24,HIGH,true
2629,131.450080,2026-09-10T13:56:18.792498+00:00,24,HIGH,true
2630,131.500085,2026-09-10T13:56:18.842510+00:00,24,HIGH,true
2631,131.550084,2026-09-10T13:56:18.892514+00:00,24,HIGH,true
2632,131.600096,2026-09-10T13:56:18.942593+00:00,24,HIGH,true
2633,131.650087,2026-09-10T13:56:18.992521+00:00,24,HIGH,true
2634,131.700086,2026-09-10T13:56:19.042516+00:00,24,HIGH,true
2635,131.750086,2026-09-10T13:56:19.092511+00:00,24,HIGH,true
2636,131.800082,2026-09-10T13:56:19.142510+00:00,24,HIGH,true
2637,131.850082,2026-09-10T13:56:19.192506+00:00,24,HIGH,true
2638,131.900085,2026-09-10T13:56:19.242527+00:00,24,HIGH,true
2639,131.950086,2026-09-10T13:56:19.292517+00:00,24,HIGH,true
2640,132.000081,2026-09-10T13:56:19.342504+00:00,24,HIGH,true
2641,132.050081,2026-09-10T13:56:19.392503+00:00,24,HIGH,true
2642,132.100085,2026-09-10T13:56:19.442512+00:00,24,HIGH,true
2643,132.150088,2026-09-10T13:56:19.492539+00:00,24,HIGH,true
2644,132.200084,2026-09-10T13:56:19.542516+00:00,24,HIGH,true
2645,132.250082,2026-09-10T13:56:19.592503+00:00,24,HIGH,true
2646,132.300084,2026-09-10T13:56:19.642510+00:00,24,HIGH,true
2647,132.350085,2026-09-10T13:56:19.692509+00:00,24,HIGH,true
2648,132.400080,2026-09-10T13:56:19.742499+00:00,24,HIGH,true
2649,132.450080,2026-09-10T13:56:19.792497+00:00,24,HIGH,true
2650,132.500085,2026-09-10T13:56:19.842511+00:00,24,HIGH,true
2651,132.550085,2026-09-10T13:56:19.892508+00:00,24,HIGH,true
2652,132.600081,2026-09-10T13:56:19.942504+00:00,24,HIGH,true
2653,132.650082,2026-09-10T13:56:19.992514+00:00,24,HIGH,true
2654,132.700090,2026-09-10T13:56:20.042541+00:00,24,HIGH,true
2655,132.750120,2026-09-10T13:56:20.092655+00:00,24,HIGH,true
2656,132.800095,2026-09-10T13:56:20.142533+00:00,24,HIGH,true
2657,132.850086,2026-09-10T13:56:20.192511+00:00,24,HIGH,true
2658,132.900082,2026-09-10T13:56:20.242502+00:00,24,HIGH,true
2659,132.950080,2026-09-10T13:56:20.292498+00:00,24,HIGH,true
2660,133.000085,2026-09-10T13:56:20.342512+00:00,24,HIGH,true
2661,133.050085,2026-09-10T13:56:20.392508+00:00,24,HIGH,true
2662,133.100081,2026-09-10T13:56:20.442501+00:00,24,HIGH,true
2663,133.150080,2026-09-10T13:56:20.492497+00:00,24,HIGH,true
2664,133.200086,2026-09-10T13:56:20.542512+00:00,24,HIGH,true
2665,133.250084,2026-09-10T13:56:20.592508+00:00,24,HIGH,true
2666,133.300083,2026-09-10T13:56:20.642504+00:00,24,HIGH,true
2667,133.350082,2026-09-10T13:56:20.692513+00:00,24,HIGH,true
2668,133.400086,2026-09-10T13:56:20.742516+00:00,24,HIGH,true
2669,133.450085,2026-09-10T13:56:20.792510+00:00,24,HIGH,true
2670,133.500081,2026-09-10T13:56:20.842501+00:00,24,HIGH,true
2671,133.550080,2026-09-10T13:56:20.892499+00:00,24,HIGH,true
2672,133.600086,2026-09-10T13:56:20.942513+00:00,24,HIGH,true
2673,133.650086,2026-09-10T13:56:20.992510+00:00,24,HIGH,true
2674,133.700084,2026-09-10T13:56:21.042509+00:00,24,HIGH,true
2675,133.750081,2026-09-10T13:56:21.092501+00:00,24,HIGH,true
2676,133.800086,2026-09-10T13:56:21.142514+00:00,24,HIGH,true
2677,133.850084,2026-09-10T13:56:21.192509+00:00,24,HIGH,true
2678,133.900082,2026-09-10T13:56:21.242503+00:00,24,HIGH,true
2679,133.950086,2026-09-10T13:56:21.292533+00:00,24,HIGH,true
2680,134.000089,2026-09-10T13:56:21.342530+00:00,24,HIGH,true
2681,134.050086,2026-09-10T13:56:21.392511+00:00,24,HIGH,true
2682,134.100083,2026-09-10T13:56:21.442504+00:00,24,HIGH,true
2683,134.150080,2026-09-10T13:56:21.492500+00:00,24,HIGH,true
2684,134.200086,2026-09-10T13:56:21.542514+00:00,24,HIGH,true
2685,134.250085,2026-09-10T13:56:21.592510+00:00,24,HIGH,true
2686,134.300082,2026-09-10T13:56:21.642502+00:00,24,HIGH,true
2687,134.350080,2026-09-10T13:56:21.692497+00:00,24,HIGH,true
2688,134.400086,2026-09-10T13:56:21.742512+00:00,24,HIGH,true
2689,134.450086,2026-09-10T13:56:21.792509+00:00,24,HIGH,true
2690,134.500083,2026-09-10T13:56:21.842502+00:00,24,HIGH,true
2691,134.550081,2026-09-10T13:56:21.892499+00:00,24,HIGH,true
2692,134.600085,2026-09-10T13:56:21.942513+00:00,24,HIGH,true
2693,134.650085,2026-09-10T13:56:21.992510+00:00,24,HIGH,true
2694,134.700082,2026-09-10T13:56:22.042503+00:00,24,HIGH,true
2695,134.750079,2026-09-10T13:56:22.092498+00:00,24,HIGH,true
2696,134.800111,2026-09-10T13:56:22.142646+00:00,24,HIGH,true
2697,134.850094,2026-09-10T13:56:22.192535+00:00,24,HIGH,true
2698,134.900083,2026-09-10T13:56:22.242507+00:00,24,HIGH,true
2699,134.950080,2026-09-10T13:56:22.292500+00:00,24,HIGH,true
2700,135.000086,2026-09-10T13:56:22.342514+00:00,24,HIGH,true
2701,135.050086,2026-09-10T13:56:22.392511+00:00,24,HIGH,true
2702,135.100083,2026-09-10T13:56:22.442505+00:00,24,HIGH,true
2703,135.150081,2026-09-10T13:56:22.492499+00:00,24,HIGH,true
2704,135.200086,2026-09-10T13:56:22.542516+00:00,24,HIGH,true
2705,135.250085,2026-09-10T13:56:22.592509+00:00,24,HIGH,true
2706,135.300082,2026-09-10T13:56:22.642502+00:00,24,HIGH,true
2707,135.350080,2026-09-10T13:56:22.692497+00:00,24,HIGH,true
2708,135.400086,2026-09-10T13:56:22.742512+00:00,24,HIGH,true
2709,135.450086,2026-09-10T13:56:22.792509+00:00,24,HIGH,true
2710,135.500080,2026-09-10T13:56:22.842499+00:00,24,HIGH,true
2711,135.550080,2026-09-10T13:56:22.892498+00:00,24,HIGH,true
2712,135.600087,2026-09-10T13:56:22.942517+00:00,24,HIGH,true
2713,135.650085,2026-09-10T13:56:22.992511+00:00,24,HIGH,true
2714,135.700081,2026-09-10T13:56:23.042501+00:00,24,HIGH,true
2715,135.750084,2026-09-10T13:56:23.092510+00:00,24,LOW,false
2716,135.800096,2026-09-10T13:56:23.142589+00:00,24,LOW,false
2717,135.850091,2026-09-10T13:56:23.192527+00:00,24,LOW,false
2718,135.900082,2026-09-10T13:56:23.242504+00:00,24,LOW,false
2719,135.950081,2026-09-10T13:56:23.292498+00:00,24,LOW,false
2720,136.000087,2026-09-10T13:56:23.342513+00:00,24,LOW,false
2721,136.050086,2026-09-10T13:56:23.392510+00:00,24,LOW,false
2722,136.100083,2026-09-10T13:56:23.442503+00:00,24,LOW,false
2723,136.150081,2026-09-10T13:56:23.492498+00:00,24,LOW,false
2724,136.200085,2026-09-10T13:56:23.542510+00:00,24,LOW,false
2725,136.250084,2026-09-10T13:56:23.592508+00:00,24,LOW,false
2726,136.300081,2026-09-10T13:56:23.642500+00:00,24,LOW,false
2727,136.350081,2026-09-10T13:56:23.692499+00:00,24,LOW,false
2728,136.400086,2026-09-10T13:56:23.742512+00:00,24,LOW,false
2729,136.450085,2026-09-10T13:56:23.792510+00:00,24,LOW,false
2730,136.500083,2026-09-10T13:56:23.842504+00:00,24,LOW,false
2731,136.550080,2026-09-10T13:56:23.892498+00:00,24,LOW,false
2732,136.600087,2026-09-10T13:56:23.942516+00:00,24,LOW,false
2733,136.650086,2026-09-10T13:56:23.992511+00:00,24,LOW,false
2734,136.700082,2026-09-10T13:56:24.042502+00:00,24,LOW,false
2735,136.750081,2026-09-10T13:56:24.092500+00:00,24,LOW,false
2736,136.800086,2026-09-10T13:56:24.142513+00:00,24,LOW,false
2737,136.850086,2026-09-10T13:56:24.192510+00:00,24,LOW,false
2738,136.900082,2026-09-10T13:56:24.242503+00:00,24,LOW,false
2739,136.950081,2026-09-10T13:56:24.292499+00:00,24,LOW,false
2740,137.000086,2026-09-10T13:56:24.342513+00:00,24,LOW,false
2741,137.050086,2026-09-10T13:56:24.392510+00:00,24,LOW,false
2742,137.100081,2026-09-10T13:56:24.442501+00:00,24,LOW,false
2743,137.150080,2026-09-10T13:56:24.492498+00:00,24,LOW,false
2744,137.200086,2026-09-10T13:56:24.542512+00:00,24,LOW,false
2745,137.250085,2026-09-10T13:56:24.592509+00:00,24,LOW,false
2746,137.300082,2026-09-10T13:56:24.642501+00:00,24,LOW,false
2747,137.350079,2026-09-10T13:56:24.692496+00:00,24,LOW,false
2748,137.400086,2026-09-10T13:56:24.742512+00:00,24,LOW,false
2749,137.450085,2026-09-10T13:56:24.792509+00:00,24,LOW,false
2750,137.500106,2026-09-10T13:56:24.842601+00:00,24,LOW,false
2751,137.550087,2026-09-10T13:56:24.892526+00:00,24,LOW,false
2752,137.600088,2026-09-10T13:56:24.942522+00:00,24,LOW,false
2753,137.650086,2026-09-10T13:56:24.992514+00:00,24,LOW,false
2754,137.700083,2026-09-10T13:56:25.042504+00:00,24,LOW,false
2755,137.750080,2026-09-10T13:56:25.092499+00:00,24,LOW,false
2756,137.800087,2026-09-10T13:56:25.142532+00:00,24,LOW,false
2757,137.850089,2026-09-10T13:56:25.192526+00:00,24,LOW,false
2758,137.900082,2026-09-10T13:56:25.242508+00:00,24,LOW,false
2759,137.950081,2026-09-10T13:56:25.292499+00:00,24,LOW,false
2760,138.000086,2026-09-10T13:56:25.342513+00:00,24,LOW,false
2761,138.050086,2026-09-10T13:56:25.392510+00:00,24,LOW,false
2762,138.100083,2026-09-10T13:56:25.442503+00:00,24,LOW,false
2763,138.150080,2026-09-10T13:56:25.492498+00:00,24,LOW,false
2764,138.200086,2026-09-10T13:56:25.542512+00:00,24,LOW,false
2765,138.250087,2026-09-10T13:56:25.592511+00:00,24,LOW,false
2766,138.300083,2026-09-10T13:56:25.642502+00:00,24,LOW,false
2767,138.350080,2026-09-10T13:56:25.692498+00:00,24,LOW,false
2768,138.400085,2026-09-10T13:56:25.742510+00:00,24,LOW,false
2769,138.450085,2026-09-10T13:56:25.792509+00:00,24,LOW,false
2770,138.500082,2026-09-10T13:56:25.842502+00:00,24,LOW,false
2771,138.550080,2026-09-10T13:56:25.892498+00:00,24,LOW,false
2772,138.600086,2026-09-10T13:56:25.942513+00:00,24,LOW,false
2773,138.650086,2026-09-10T13:56:25.992511+00:00,24,LOW,false
2774,138.700081,2026-09-10T13:56:26.042501+00:00,24,LOW,false
2775,138.750080,2026-09-10T13:56:26.092497+00:00,24,LOW,false
2776,138.800095,2026-09-10T13:56:26.142566+00:00,24,LOW,false
2777,138.850090,2026-09-10T13:56:26.192532+00:00,24,LOW,false
2778,138.900084,2026-09-10T13:56:26.242510+00:00,24,LOW,false
2779,138.950082,2026-09-10T13:56:26.292502+00:00,24,LOW,false
2780,139.000086,2026-09-10T13:56:26.342513+00:00,24,LOW,false
2781,139.050087,2026-09-10T13:56:26.392512+00:00,24,LOW,false
2782,139.100084,2026-09-10T13:56:26.442504+00:00,24,LOW,false
2783,139.150080,2026-09-10T13:56:26.492498+00:00,24,LOW,false
2784,139.200086,2026-09-10T13:56:26.542512+00:00,24,LOW,false
2785,139.250086,2026-09-10T13:56:26.592510+00:00,24,LOW,false
2786,139.300082,2026-09-10T13:56:26.642501+00:00,24,LOW,false
2787,139.350083,2026-09-10T13:56:26.692508+00:00,24,LOW,false
2788,139.400087,2026-09-10T13:56:26.742514+00:00,24,LOW,false
2789,139.450085,2026-09-10T13:56:26.792510+00:00,24,LOW,false
2790,139.500082,2026-09-10T13:56:26.842502+00:00,24,LOW,false
2791,139.550081,2026-09-10T13:56:26.892499+00:00,24,LOW,false
2792,139.600086,2026-09-10T13:56:26.942512+00:00,24,LOW,false
2793,139.650086,2026-09-10T13:56:26.992513+00:00,24,LOW,false
2794,139.700083,2026-09-10T13:56:27.042505+00:00,24,LOW,false
2795,139.750080,2026-09-10T13:56:27.092499+00:00,24,LOW,false
2796,139.800088,2026-09-10T13:56:27.142521+00:00,24,LOW,false
2797,139.850088,2026-09-10T13:56:27.192516+00:00,24,LOW,false
2798,139.900085,2026-09-10T13:56:27.242519+00:00,24,LOW,false
2799,139.950081,2026-09-10T13:56:27.292502+00:00,24,LOW,false
2800,140.000087,2026-09-10T13:56:27.342515+00:00,24,LOW,false
2801,140.050086,2026-09-10T13:56:27.392510+00:00,24,LOW,false
2802,140.100082,2026-09-10T13:56:27.442501+00:00,24,LOW,false
2803,140.150081,2026-09-10T13:56:27.492498+00:00,24,LOW,false
2804,140.200087,2026-09-10T13:56:27.542515+00:00,24,LOW,false
2805,140.250086,2026-09-10T13:56:27.592511+00:00,24,LOW,false
2806,140.300082,2026-09-10T13:56:27.642501+00:00,24,LOW,false
2807,140.350080,2026-09-10T13:56:27.692498+00:00,24,LOW,false
2808,140.400086,2026-09-10T13:56:27.742515+00:00,24,LOW,false
2809,140.450085,2026-09-10T13:56:27.792509+00:00,24,LOW,false
2810,140.500082,2026-09-10T13:56:27.842501+00:00,24,LOW,false
2811,140.550080,2026-09-10T13:56:27.892497+00:00,24,LOW,false
2812,140.600086,2026-09-10T13:56:27.942512+00:00,24,LOW,false
2813,140.650086,2026-09-10T13:56:27.992510+00:00,24,LOW,false
2814,140.700082,2026-09-10T13:56:28.042510+00:00,24,LOW,false
2815,140.750081,2026-09-10T13:56:28.092506+00:00,24,LOW,false
2816,140.800110,2026-09-10T13:56:28.142642+00:00,24,LOW,false
2817,140.850096,2026-09-10T13:56:28.192539+00:00,24,LOW,false
2818,140.900083,2026-09-10T13:56:28.242508+00:00,24,LOW,false
2819,140.950081,2026-09-10T13:56:28.292500+00:00,24,LOW,false
2820,141.000087,2026-09-10T13:56:28.342514+00:00,24,LOW,false
2821,141.050085,2026-09-10T13:56:28.392509+00:00,24,LOW,false
2822,141.100082,2026-09-10T13:56:28.442503+00:00,24,LOW,false
2823,141.150081,2026-09-10T13:56:28.492499+00:00,24,LOW,false
2824,141.200085,2026-09-10T13:56:28.542515+00:00,24,LOW,false
2825,141.250086,2026-09-10T13:56:28.592510+00:00,24,LOW,false
2826,141.300084,2026-09-10T13:56:28.642504+00:00,24,LOW,false
2827,141.350080,2026-09-10T13:56:28.692497+00:00,24,LOW,false
2828,141.400085,2026-09-10T13:56:28.742512+00:00,24,LOW,false
2829,141.450086,2026-09-10T13:56:28.792510+00:00,24,LOW,false
2830,141.500083,2026-09-10T13:56:28.842503+00:00,24,LOW,false
2831,141.550080,2026-09-10T13:56:28.892496+00:00,24,LOW,false
2832,141.600088,2026-09-10T13:56:28.942516+00:00,24,LOW,false
2833,141.650085,2026-09-10T13:56:28.992509+00:00,24,LOW,false
2834,141.700078,2026-09-10T13:56:29.042497+00:00,24,LOW,false
2835,141.750081,2026-09-10T13:56:29.092499+00:00,24,LOW,false
2836,141.800088,2026-09-10T13:56:29.142513+00:00,24,LOW,false
2837,141.850086,2026-09-10T13:56:29.192510+00:00,24,LOW,false
2838,141.900083,2026-09-10T13:56:29.242504+00:00,24,LOW,false
2839,141.950080,2026-09-10T13:56:29.292497+00:00,24,LOW,false
2840,142.000086,2026-09-10T13:56:29.342512+00:00,24,LOW,false
2841,142.050085,2026-09-10T13:56:29.392509+00:00,24,LOW,false
2842,142.100082,2026-09-10T13:56:29.442501+00:00,24,LOW,false
2843,142.150081,2026-09-10T13:56:29.492499+00:00,24,LOW,false
2844,142.200086,2026-09-10T13:56:29.542512+00:00,24,LOW,false
2845,142.250086,2026-09-10T13:56:29.592510+00:00,24,LOW,false
2846,142.300083,2026-09-10T13:56:29.642503+00:00,24,LOW,false
2847,142.350081,2026-09-10T13:56:29.692499+00:00,24,LOW,false
2848,142.400086,2026-09-10T13:56:29.742511+00:00,24,LOW,false
2849,142.450086,2026-09-10T13:56:29.792510+00:00,24,LOW,false
2850,142.500082,2026-09-10T13:56:29.842502+00:00,24,LOW,false
2851,142.550080,2026-09-10T13:56:29.892498+00:00,24,LOW,false
2852,142.600086,2026-09-10T13:56:29.942512+00:00,24,LOW,false
2853,142.650086,2026-09-10T13:56:29.992510+00:00,24,LOW,false
2854,142.700082,2026-09-10T13:56:30.042502+00:00,24,LOW,false
2855,142.750080,2026-09-10T13:56:30.092498+00:00,24,LOW,false
2856,142.800086,2026-09-10T13:56:30.142511+00:00,24,LOW,false
2857,142.850086,2026-09-10T13:56:30.192511+00:00,24,LOW,false
2858,142.900082,2026-09-10T13:56:30.242502+00:00,24,LOW,false
2859,142.950081,2026-09-10T13:56:30.292498+00:00,24,LOW,false
2860,143.000086,2026-09-10T13:56:30.342515+00:00,24,LOW,false
2861,143.050086,2026-09-10T13:56:30.392511+00:00,24,LOW,false
2862,143.100084,2026-09-10T13:56:30.442505+00:00,24,LOW,false
2863,143.150080,2026-09-10T13:56:30.492498+00:00,24,LOW,false
2864,143.200085,2026-09-10T13:56:30.542511+00:00,24,LOW,false
2865,143.250085,2026-09-10T13:56:30.592509+00:00,24,LOW,false
2866,143.300082,2026-09-10T13:56:30.642503+00:00,24,LOW,false
2867,143.350080,2026-09-10T13:56:30.692499+00:00,24,LOW,false
2868,143.400086,2026-09-10T13:56:30.742512+00:00,24,LOW,false
2869,143.450086,2026-09-10T13:56:30.792510+00:00,24,LOW,false
2870,143.500083,2026-09-10T13:56:30.842503+00:00,24,LOW,false
2871,143.550080,2026-09-10T13:56:30.892497+00:00,24,LOW,false
2872,143.600087,2026-09-10T13:56:30.942513+00:00,24,LOW,false
2873,143.650102,2026-09-10T13:56:30.992593+00:00,24,LOW,false
2874,143.700095,2026-09-10T13:56:31.042549+00:00,24,LOW,false
2875,143.750086,2026-09-10T13:56:31.092523+00:00,24,LOW,false
2876,143.800092,2026-09-10T13:56:31.142536+00:00,24,LOW,false
2877,143.850087,2026-09-10T13:56:31.192514+00:00,24,LOW,false
2878,143.900082,2026-09-10T13:56:31.242504+00:00,24,LOW,false
2879,143.950081,2026-09-10T13:56:31.292500+00:00,24,LOW,false
2880,144.000086,2026-09-10T13:56:31.342513+00:00,24,LOW,false
2881,144.050086,2026-09-10T13:56:31.392511+00:00,24,LOW,false
2882,144.100084,2026-09-10T13:56:31.442509+00:00,24,LOW,false
2883,144.150081,2026-09-10T13:56:31.492501+00:00,24,LOW,false
2884,144.200093,2026-09-10T13:56:31.542561+00:00,24,LOW,false
2885,144.250090,2026-09-10T13:56:31.592524+00:00,24,LOW,false
2886,144.300083,2026-09-10T13:56:31.642505+00:00,24,LOW,false
2887,144.350081,2026-09-10T13:56:31.692500+00:00,24,LOW,false
2888,144.400086,2026-09-10T13:56:31.742514+00:00,24,LOW,false
2889,144.450086,2026-09-10T13:56:31.792512+00:00,24,LOW,false
2890,144.500083,2026-09-10T13:56:31.842503+00:00,24,LOW,false
2891,144.550080,2026-09-10T13:56:31.892497+00:00,24,LOW,false
2892,144.600087,2026-09-10T13:56:31.942515+00:00,24,LOW,false
2893,144.650086,2026-09-10T13:56:31.992511+00:00,24,LOW,false
2894,144.700086,2026-09-10T13:56:32.042513+00:00,24,HIGH,true
2895,144.750092,2026-09-10T13:56:32.092566+00:00,24,HIGH,true
2896,144.800089,2026-09-10T13:56:32.142537+00:00,24,HIGH,true
2897,144.850081,2026-09-10T13:56:32.192506+00:00,24,HIGH,true
2898,144.900085,2026-09-10T13:56:32.242514+00:00,24,HIGH,true
2899,144.950085,2026-09-10T13:56:32.292512+00:00,24,HIGH,true
2900,145.000082,2026-09-10T13:56:32.342503+00:00,24,HIGH,true
2901,145.050079,2026-09-10T13:56:32.392498+00:00,24,HIGH,true
2902,145.100087,2026-09-10T13:56:32.442514+00:00,24,HIGH,true
2903,145.150085,2026-09-10T13:56:32.492509+00:00,24,HIGH,true
2904,145.200082,2026-09-10T13:56:32.542501+00:00,24,HIGH,true
2905,145.250080,2026-09-10T13:56:32.592498+00:00,24,HIGH,true
2906,145.300087,2026-09-10T13:56:32.642515+00:00,24,HIGH,true
2907,145.350085,2026-09-10T13:56:32.692510+00:00,24,HIGH,true
2908,145.400082,2026-09-10T13:56:32.742502+00:00,24,HIGH,true
2909,145.450079,2026-09-10T13:56:32.792497+00:00,24,HIGH,true
2910,145.500085,2026-09-10T13:56:32.842512+00:00,24,HIGH,true
2911,145.550086,2026-09-10T13:56:32.892511+00:00,24,HIGH,true
2912,145.600082,2026-09-10T13:56:32.942506+00:00,24,HIGH,true
2913,145.650080,2026-09-10T13:56:32.992499+00:00,24,HIGH,true
2914,145.700083,2026-09-10T13:56:33.042510+00:00,24,HIGH,true
2915,145.750094,2026-09-10T13:56:33.092567+00:00,24,HIGH,true
2916,145.800088,2026-09-10T13:56:33.142524+00:00,24,HIGH,true
2917,145.850081,2026-09-10T13:56:33.192503+00:00,24,HIGH,true
2918,145.900085,2026-09-10T13:56:33.242514+00:00,24,HIGH,true
2919,145.950086,2026-09-10T13:56:33.292512+00:00,24,HIGH,true
2920,146.000087,2026-09-10T13:56:33.342513+00:00,24,HIGH,true
2921,146.050085,2026-09-10T13:56:33.392509+00:00,24,HIGH,true
2922,146.100082,2026-09-10T13:56:33.442503+00:00,24,HIGH,true
2923,146.150080,2026-09-10T13:56:33.492498+00:00,24,HIGH,true
2924,146.200087,2026-09-10T13:56:33.542514+00:00,24,HIGH,true
2925,146.250085,2026-09-10T13:56:33.592510+00:00,24,HIGH,true
2926,146.300082,2026-09-10T13:56:33.642502+00:00,24,HIGH,true
2927,146.350080,2026-09-10T13:56:33.692499+00:00,24,HIGH,true
2928,146.400087,2026-09-10T13:56:33.742514+00:00,24,HIGH,true
2929,146.450088,2026-09-10T13:56:33.792527+00:00,24,HIGH,true
2930,146.500084,2026-09-10T13:56:33.842508+00:00,24,HIGH,true
2931,146.550082,2026-09-10T13:56:33.892502+00:00,24,HIGH,true
2932,146.600086,2026-09-10T13:56:33.942512+00:00,24,HIGH,true
2933,146.650085,2026-09-10T13:56:33.992509+00:00,24,HIGH,true
2934,146.700082,2026-09-10T13:56:34.042502+00:00,24,HIGH,true
2935,146.750080,2026-09-10T13:56:34.092498+00:00,24,HIGH,true
2936,146.800107,2026-09-10T13:56:34.142631+00:00,24,HIGH,true
2937,146.850093,2026-09-10T13:56:34.192533+00:00,24,HIGH,true
2938,146.900082,2026-09-10T13:56:34.242507+00:00,24,HIGH,true
2939,146.950082,2026-09-10T13:56:34.292501+00:00,24,HIGH,true
2940,147.000087,2026-09-10T13:56:34.342516+00:00,24,HIGH,true
2941,147.050087,2026-09-10T13:56:34.392512+00:00,24,HIGH,true
2942,147.100082,2026-09-10T13:56:34.442502+00:00,24,HIGH,true
2943,147.150080,2026-09-10T13:56:34.492498+00:00,24,HIGH,true
2944,147.200085,2026-09-10T13:56:34.542510+00:00,24,HIGH,true
2945,147.250086,2026-09-10T13:56:34.592509+00:00,24,HIGH,true
2946,147.300081,2026-09-10T13:56:34.642500+00:00,24,HIGH,true
2947,147.350080,2026-09-10T13:56:34.692497+00:00,24,HIGH,true
2948,147.400085,2026-09-10T13:56:34.742509+00:00,24,HIGH,true
2949,147.450084,2026-09-10T13:56:34.792508+00:00,24,HIGH,true
2950,147.500082,2026-09-10T13:56:34.842501+00:00,24,HIGH,true
2951,147.550080,2026-09-10T13:56:34.892498+00:00,24,HIGH,true
2952,147.600086,2026-09-10T13:56:34.942513+00:00,24,HIGH,true
2953,147.650086,2026-09-10T13:56:34.992510+00:00,24,HIGH,true
2954,147.700081,2026-09-10T13:56:35.042502+00:00,24,HIGH,true
2955,147.750080,2026-09-10T13:56:35.092499+00:00,24,HIGH,true
2956,147.800087,2026-09-10T13:56:35.142520+00:00,24,HIGH,true
2957,147.850086,2026-09-10T13:56:35.192512+00:00,24,HIGH,true
2958,147.900082,2026-09-10T13:56:35.242501+00:00,24,HIGH,true
2959,147.950085,2026-09-10T13:56:35.292550+00:00,24,HIGH,true
2960,148.000084,2026-09-10T13:56:35.342531+00:00,24,HIGH,true
2961,148.050082,2026-09-10T13:56:35.392522+00:00,24,HIGH,true
2962,148.100088,2026-09-10T13:56:35.442516+00:00,24,HIGH,true
2963,148.150086,2026-09-10T13:56:35.492509+00:00,24,HIGH,true
2964,148.200087,2026-09-10T13:56:35.542515+00:00,24,HIGH,true
2965,148.250082,2026-09-10T13:56:35.592500+00:00,24,HIGH,true
2966,148.300081,2026-09-10T13:56:35.642499+00:00,24,HIGH,true
2967,148.350088,2026-09-10T13:56:35.692512+00:00,24,HIGH,true
2968,148.400148,2026-09-10T13:56:35.742574+00:00,24,HIGH,true
2969,148.450081,2026-09-10T13:56:35.792500+00:00,24,HIGH,true
2970,148.500131,2026-09-10T13:56:35.842549+00:00,24,HIGH,true
2971,148.550085,2026-09-10T13:56:35.892510+00:00,24,HIGH,true
2972,148.600144,2026-09-10T13:56:35.942569+00:00,24,HIGH,true
2973,148.650082,2026-09-10T13:56:35.992500+00:00,24,HIGH,true
2974,148.700132,2026-09-10T13:56:36.042550+00:00,24,HIGH,true
2975,148.750085,2026-09-10T13:56:36.092511+00:00,24,HIGH,true
2976,148.800141,2026-09-10T13:56:36.142564+00:00,24,HIGH,true
2977,148.850081,2026-09-10T13:56:36.192500+00:00,24,HIGH,true
2978,148.900080,2026-09-10T13:56:36.242496+00:00,24,HIGH,true
2979,148.950087,2026-09-10T13:56:36.292511+00:00,24,HIGH,true
2980,149.000085,2026-09-10T13:56:36.342506+00:00,24,HIGH,true
2981,149.050082,2026-09-10T13:56:36.392503+00:00,24,HIGH,true
2982,149.100103,2026-09-10T13:56:36.442602+00:00,24,HIGH,true
2983,149.150094,2026-09-10T13:56:36.492541+00:00,24,HIGH,true
2984,149.200089,2026-09-10T13:56:36.542518+00:00,24,HIGH,true
2985,149.250083,2026-09-10T13:56:36.592502+00:00,24,HIGH,true
2986,149.300080,2026-09-10T13:56:36.642498+00:00,24,HIGH,true
2987,149.350085,2026-09-10T13:56:36.692510+00:00,24,HIGH,true
2988,149.400088,2026-09-10T13:56:36.742510+00:00,24,HIGH,true
2989,149.450081,2026-09-10T13:56:36.792499+00:00,24,HIGH,true
2990,149.500081,2026-09-10T13:56:36.842496+00:00,24,HIGH,true
2991,149.550078,2026-09-10T13:56:36.892523+00:00,24,HIGH,true
2992,149.600097,2026-09-10T13:56:36.942593+00:00,24,HIGH,true
2993,149.650097,2026-09-10T13:56:36.992560+00:00,24,HIGH,true
2994,149.700087,2026-09-10T13:56:37.042514+00:00,24,HIGH,true
2995,149.750087,2026-09-10T13:56:37.092514+00:00,24,HIGH,true
2996,149.800088,2026-09-10T13:56:37.142511+00:00,24,HIGH,true
2997,149.850085,2026-09-10T13:56:37.192510+00:00,24,HIGH,true
2998,149.900083,2026-09-10T13:56:37.242500+00:00,24,HIGH,true
2999,149.950085,2026-09-10T13:56:37.292509+00:00,24,HIGH,true
3000,150.000086,2026-09-10T13:56:37.342508+00:00,24,HIGH,true
3001,150.050081,2026-09-10T13:56:37.392498+00:00,24,HIGH,true
3002,150.100083,2026-09-10T13:56:37.442501+00:00,24,HIGH,true
3003,150.150087,2026-09-10T13:56:37.492511+00:00,24,HIGH,true
3004,150.200087,2026-09-10T13:56:37.542511+00:00,24,HIGH,true
3005,150.250083,2026-09-10T13:56:37.592500+00:00,24,HIGH,true
3006,150.300081,2026-09-10T13:56:37.642497+00:00,24,HIGH,true
3007,150.350085,2026-09-10T13:56:37.692526+00:00,24,HIGH,true
3008,150.400089,2026-09-10T13:56:37.742519+00:00,24,HIGH,true
3009,150.450113,2026-09-10T13:56:37.792636+00:00,24,HIGH,true
3010,150.500088,2026-09-10T13:56:37.842522+00:00,24,HIGH,true
3011,150.550081,2026-09-10T13:56:37.892498+00:00,24,HIGH,true
3012,150.600082,2026-09-10T13:56:37.942497+00:00,24,HIGH,true
3013,150.650087,2026-09-10T13:56:37.992513+00:00,24,HIGH,true
3014,150.700087,2026-09-10T13:56:38.042510+00:00,24,HIGH,true
3015,150.750081,2026-09-10T13:56:38.092498+00:00,24,HIGH,true
3016,150.800079,2026-09-10T13:56:38.142498+00:00,24,HIGH,true
3017,150.850084,2026-09-10T13:56:38.192508+00:00,24,HIGH,true
3018,150.900085,2026-09-10T13:56:38.242507+00:00,24,HIGH,true
3019,150.950082,2026-09-10T13:56:38.292499+00:00,24,HIGH,true
3020,151.000081,2026-09-10T13:56:38.342498+00:00,24,HIGH,true
3021,151.050086,2026-09-10T13:56:38.392509+00:00,24,HIGH,true
3022,151.100087,2026-09-10T13:56:38.442511+00:00,24,HIGH,true
3023,151.150081,2026-09-10T13:56:38.492500+00:00,24,HIGH,true
3024,151.200082,2026-09-10T13:56:38.542498+00:00,24,HIGH,true
3025,151.250085,2026-09-10T13:56:38.592508+00:00,24,HIGH,true
3026,151.300088,2026-09-10T13:56:38.642510+00:00,24,HIGH,true
3027,151.350082,2026-09-10T13:56:38.692498+00:00,24,HIGH,true
3028,151.400078,2026-09-10T13:56:38.742493+00:00,24,HIGH,true
3029,151.450085,2026-09-10T13:56:38.792509+00:00,24,HIGH,true
3030,151.500086,2026-09-10T13:56:38.842508+00:00,24,HIGH,true
3031,151.550082,2026-09-10T13:56:38.892500+00:00,24,HIGH,true
3032,151.600087,2026-09-10T13:56:38.942545+00:00,24,HIGH,true
3033,151.650098,2026-09-10T13:56:38.992548+00:00,24,HIGH,true
3034,151.700089,2026-09-10T13:56:39.042519+00:00,24,HIGH,true
3035,151.750090,2026-09-10T13:56:39.092528+00:00,24,HIGH,true
3036,151.800088,2026-09-10T13:56:39.142522+00:00,24,HIGH,true
3037,151.850077,2026-09-10T13:56:39.192503+00:00,24,HIGH,true
3038,151.900078,2026-09-10T13:56:39.242498+00:00,24,HIGH,true
3039,151.950080,2026-09-10T13:56:39.292513+00:00,24,LOW,false
3040,152.000091,2026-09-10T13:56:39.342562+00:00,24,LOW,false
3041,152.050089,2026-09-10T13:56:39.392534+00:00,24,LOW,false
3042,152.100084,2026-09-10T13:56:39.442506+00:00,24,LOW,false
3043,152.150088,2026-09-10T13:56:39.492517+00:00,24,LOW,false
3044,152.200086,2026-09-10T13:56:39.542510+00:00,24,LOW,false
3045,152.250083,2026-09-10T13:56:39.592502+00:00,24,LOW,false
3046,152.300082,2026-09-10T13:56:39.642498+00:00,24,LOW,false
3047,152.350086,2026-09-10T13:56:39.692510+00:00,24,LOW,false
3048,152.400086,2026-09-10T13:56:39.742507+00:00,24,LOW,false
3049,152.450081,2026-09-10T13:56:39.792499+00:00,24,LOW,false
3050,152.500081,2026-09-10T13:56:39.842496+00:00,24,LOW,false
3051,152.550086,2026-09-10T13:56:39.892508+00:00,24,LOW,false
3052,152.600087,2026-09-10T13:56:39.942509+00:00,24,LOW,false
3053,152.650083,2026-09-10T13:56:39.992499+00:00,24,LOW,false
3054,152.700080,2026-09-10T13:56:40.042496+00:00,24,LOW,false
3055,152.750085,2026-09-10T13:56:40.092507+00:00,24,LOW,false
3056,152.800100,2026-09-10T13:56:40.142599+00:00,24,LOW,false
3057,152.850086,2026-09-10T13:56:40.192530+00:00,24,LOW,false
3058,152.900097,2026-09-10T13:56:40.242587+00:00,24,LOW,false
3059,152.950095,2026-09-10T13:56:40.292537+00:00,24,LOW,false
3060,153.000092,2026-09-10T13:56:40.342542+00:00,24,LOW,false
3061,153.050080,2026-09-10T13:56:40.392510+00:00,24,LOW,false
3062,153.100091,2026-09-10T13:56:40.442545+00:00,24,LOW,false
3063,153.150086,2026-09-10T13:56:40.492514+00:00,24,LOW,false
3064,153.200087,2026-09-10T13:56:40.542547+00:00,24,LOW,false
3065,153.250084,2026-09-10T13:56:40.592535+00:00,24,LOW,false
3066,153.300085,2026-09-10T13:56:40.642522+00:00,24,LOW,false
3067,153.350087,2026-09-10T13:56:40.692517+00:00,24,LOW,false
3068,153.400085,2026-09-10T13:56:40.742517+00:00,24,LOW,false
3069,153.450081,2026-09-10T13:56:40.792507+00:00,24,LOW,false
3070,153.500095,2026-09-10T13:56:40.842573+00:00,24,LOW,false
3071,153.550089,2026-09-10T13:56:40.892530+00:00,24,LOW,false
3072,153.600084,2026-09-10T13:56:40.942509+00:00,24,LOW,false
3073,153.650087,2026-09-10T13:56:40.992517+00:00,24,LOW,false
3074,153.700089,2026-09-10T13:56:41.042513+00:00,24,LOW,false
3075,153.750082,2026-09-10T13:56:41.092500+00:00,24,LOW,false
3076,153.800081,2026-09-10T13:56:41.142501+00:00,24,LOW,false
3077,153.850087,2026-09-10T13:56:41.192511+00:00,24,LOW,false
3078,153.900097,2026-09-10T13:56:41.242594+00:00,24,LOW,false
3079,153.950113,2026-09-10T13:56:41.292597+00:00,24,LOW,false
3080,154.000087,2026-09-10T13:56:41.342540+00:00,24,LOW,false
3081,154.050081,2026-09-10T13:56:41.392519+00:00,24,LOW,false
3082,154.100083,2026-09-10T13:56:41.442510+00:00,24,LOW,false
3083,154.150086,2026-09-10T13:56:41.492511+00:00,24,LOW,false
3084,154.200087,2026-09-10T13:56:41.542510+00:00,24,LOW,false
3085,154.250083,2026-09-10T13:56:41.592504+00:00,24,LOW,false
3086,154.300082,2026-09-10T13:56:41.642500+00:00,24,LOW,false
3087,154.350086,2026-09-10T13:56:41.692510+00:00,24,LOW,false
3088,154.400082,2026-09-10T13:56:41.742512+00:00,24,LOW,false
3089,154.450080,2026-09-10T13:56:41.792510+00:00,24,LOW,false
3090,154.500080,2026-09-10T13:56:41.842507+00:00,24,LOW,false
3091,154.550078,2026-09-10T13:56:41.892501+00:00,24,LOW,false
3092,154.600061,2026-09-10T13:56:41.942494+00:00,24,LOW,false
3093,154.650087,2026-09-10T13:56:41.992519+00:00,24,LOW,false
3094,154.700099,2026-09-10T13:56:42.042574+00:00,24,LOW,false
3095,154.750087,2026-09-10T13:56:42.092527+00:00,24,LOW,false
3096,154.800082,2026-09-10T13:56:42.142502+00:00,24,LOW,false
3097,154.850085,2026-09-10T13:56:42.192510+00:00,24,LOW,false
3098,154.900085,2026-09-10T13:56:42.242511+00:00,24,LOW,false
3099,154.950081,2026-09-10T13:56:42.292500+00:00,24,LOW,false
3100,155.000081,2026-09-10T13:56:42.342497+00:00,24,LOW,false
3101,155.050087,2026-09-10T13:56:42.392514+00:00,24,LOW,false
3102,155.100086,2026-09-10T13:56:42.442509+00:00,24,LOW,false
3103,155.150082,2026-09-10T13:56:42.492500+00:00,24,LOW,false
3104,155.200080,2026-09-10T13:56:42.542502+00:00,24,LOW,false
3105,155.250086,2026-09-10T13:56:42.592513+00:00,24,LOW,false
3106,155.300085,2026-09-10T13:56:42.642509+00:00,24,LOW,false
3107,155.350081,2026-09-10T13:56:42.692501+00:00,24,LOW,false
3108,155.400079,2026-09-10T13:56:42.742496+00:00,24,LOW,false
3109,155.450086,2026-09-10T13:56:42.792511+00:00,24,LOW,false
3110,155.500085,2026-09-10T13:56:42.842509+00:00,24,LOW,false
3111,155.550094,2026-09-10T13:56:42.892593+00:00,24,LOW,false
3112,155.600087,2026-09-10T13:56:42.942520+00:00,24,LOW,false
3113,155.650086,2026-09-10T13:56:42.992517+00:00,24,LOW,false
3114,155.700084,2026-09-10T13:56:43.042520+00:00,24,LOW,false
3115,155.750083,2026-09-10T13:56:43.092507+00:00,24,LOW,false
3116,155.800081,2026-09-10T13:56:43.142505+00:00,24,LOW,false
3117,155.850087,2026-09-10T13:56:43.192521+00:00,24,LOW,false
3118,155.900087,2026-09-10T13:56:43.242512+00:00,24,LOW,false
3119,155.950081,2026-09-10T13:56:43.292500+00:00,24,LOW,false
3120,156.000081,2026-09-10T13:56:43.342502+00:00,24,LOW,false
3121,156.050088,2026-09-10T13:56:43.392519+00:00,24,LOW,false
3122,156.100086,2026-09-10T13:56:43.442512+00:00,24,LOW,false
3123,156.150080,2026-09-10T13:56:43.492500+00:00,24,LOW,false
3124,156.200079,2026-09-10T13:56:43.542497+00:00,24,LOW,false
3125,156.250085,2026-09-10T13:56:43.592515+00:00,24,LOW,false
3126,156.300086,2026-09-10T13:56:43.642512+00:00,24,LOW,false
3127,156.350082,2026-09-10T13:56:43.692503+00:00,24,LOW,false
3128,156.400079,2026-09-10T13:56:43.742498+00:00,24,LOW,false
3129,156.450084,2026-09-10T13:56:43.792511+00:00,24,LOW,false
3130,156.500086,2026-09-10T13:56:43.842510+00:00,24,LOW,false
3131,156.550082,2026-09-10T13:56:43.892505+00:00,24,LOW,false
3132,156.600080,2026-09-10T13:56:43.942499+00:00,24,LOW,false
3133,156.650086,2026-09-10T13:56:43.992511+00:00,24,LOW,false
3134,156.700085,2026-09-10T13:56:44.042509+00:00,24,LOW,false
3135,156.750082,2026-09-10T13:56:44.092501+00:00,24,LOW,false
3136,156.800080,2026-09-10T13:56:44.142496+00:00,24,LOW,false
3137,156.850086,2026-09-10T13:56:44.192512+00:00,24,LOW,false
3138,156.900086,2026-09-10T13:56:44.242511+00:00,24,LOW,false
3139,156.950080,2026-09-10T13:56:44.292497+00:00,24,LOW,false
3140,157.000079,2026-09-10T13:56:44.342496+00:00,24,LOW,false
3141,157.050085,2026-09-10T13:56:44.392509+00:00,24,LOW,false
3142,157.100088,2026-09-10T13:56:44.442521+00:00,24,LOW,false
3143,157.150082,2026-09-10T13:56:44.492505+00:00,24,LOW,false
3144,157.200081,2026-09-10T13:56:44.542499+00:00,24,LOW,false
3145,157.250086,2026-09-10T13:56:44.592513+00:00,24,LOW,false
3146,157.300086,2026-09-10T13:56:44.642510+00:00,24,LOW,false
3147,157.350082,2026-09-10T13:56:44.692501+00:00,24,LOW,false
3148,157.400079,2026-09-10T13:56:44.742497+00:00,24,LOW,false
3149,157.450086,2026-09-10T13:56:44.792511+00:00,24,LOW,false
3150,157.500085,2026-09-10T13:56:44.842509+00:00,24,LOW,false
3151,157.550080,2026-09-10T13:56:44.892498+00:00,24,LOW,false
3152,157.600081,2026-09-10T13:56:44.942499+00:00,24,LOW,false
3153,157.650086,2026-09-10T13:56:44.992511+00:00,24,LOW,false
3154,157.700085,2026-09-10T13:56:45.042509+00:00,24,LOW,false
3155,157.750092,2026-09-10T13:56:45.092557+00:00,24,LOW,false
3156,157.800084,2026-09-10T13:56:45.142514+00:00,24,LOW,false
3157,157.850087,2026-09-10T13:56:45.192515+00:00,24,LOW,false
3158,157.900086,2026-09-10T13:56:45.242510+00:00,24,LOW,false
3159,157.950082,2026-09-10T13:56:45.292500+00:00,24,LOW,false
3160,158.000079,2026-09-10T13:56:45.342496+00:00,24,LOW,false
3161,158.050086,2026-09-10T13:56:45.392514+00:00,24,LOW,false
3162,158.100085,2026-09-10T13:56:45.442510+00:00,24,LOW,false
3163,158.150083,2026-09-10T13:56:45.492502+00:00,24,LOW,false
3164,158.200080,2026-09-10T13:56:45.542498+00:00,24,LOW,false
3165,158.250090,2026-09-10T13:56:45.592534+00:00,24,LOW,false
3166,158.300089,2026-09-10T13:56:45.642518+00:00,24,LOW,false
3167,158.350088,2026-09-10T13:56:45.692513+00:00,24,LOW,false
3168,158.400086,2026-09-10T13:56:45.742510+00:00,24,LOW,false
3169,158.450082,2026-09-10T13:56:45.792503+00:00,24,LOW,false
3170,158.500080,2026-09-10T13:56:45.842497+00:00,24,LOW,false
3171,158.550086,2026-09-10T13:56:45.892512+00:00,24,LOW,false
3172,158.600085,2026-09-10T13:56:45.942513+00:00,24,LOW,false
3173,158.650087,2026-09-10T13:56:45.992528+00:00,24,HIGH,true
3174,158.700090,2026-09-10T13:56:46.042559+00:00,24,HIGH,true
3175,158.750091,2026-09-10T13:56:46.092537+00:00,24,HIGH,true
3176,158.800109,2026-09-10T13:56:46.142640+00:00,24,HIGH,true
3177,158.850094,2026-09-10T13:56:46.192533+00:00,24,HIGH,true
3178,158.900085,2026-09-10T13:56:46.242510+00:00,24,HIGH,true
3179,158.950083,2026-09-10T13:56:46.292504+00:00,24,HIGH,true
3180,159.000080,2026-09-10T13:56:46.342499+00:00,24,HIGH,true
3181,159.050086,2026-09-10T13:56:46.392512+00:00,24,HIGH,true
3182,159.100084,2026-09-10T13:56:46.442508+00:00,24,HIGH,true
3183,159.150082,2026-09-10T13:56:46.492503+00:00,24,HIGH,true
3184,159.200080,2026-09-10T13:56:46.542498+00:00,24,HIGH,true
3185,159.250086,2026-09-10T13:56:46.592513+00:00,24,HIGH,true
3186,159.300085,2026-09-10T13:56:46.642512+00:00,24,HIGH,true
3187,159.350083,2026-09-10T13:56:46.692503+00:00,24,HIGH,true
3188,159.400079,2026-09-10T13:56:46.742497+00:00,24,HIGH,true
3189,159.450086,2026-09-10T13:56:46.792513+00:00,24,HIGH,true
3190,159.500085,2026-09-10T13:56:46.842509+00:00,24,HIGH,true
3191,159.550084,2026-09-10T13:56:46.892528+00:00,24,HIGH,true
3192,159.600079,2026-09-10T13:56:46.942503+00:00,24,HIGH,true
3193,159.650088,2026-09-10T13:56:46.992526+00:00,24,HIGH,true
3194,159.700087,2026-09-10T13:56:47.042515+00:00,24,HIGH,true
3195,159.750083,2026-09-10T13:56:47.092505+00:00,24,HIGH,true
3196,159.800084,2026-09-10T13:56:47.142521+00:00,24,HIGH,true
3197,159.850090,2026-09-10T13:56:47.192525+00:00,24,HIGH,true
3198,159.900086,2026-09-10T13:56:47.242512+00:00,24,HIGH,true
3199,159.950082,2026-09-10T13:56:47.292502+00:00,24,HIGH,true
3200,160.000080,2026-09-10T13:56:47.342499+00:00,24,HIGH,true
3201,160.050087,2026-09-10T13:56:47.392515+00:00,24,HIGH,true
3202,160.100086,2026-09-10T13:56:47.442511+00:00,24,HIGH,true
3203,160.150082,2026-09-10T13:56:47.492504+00:00,24,HIGH,true
3204,160.200079,2026-09-10T13:56:47.542497+00:00,24,HIGH,true
3205,160.250086,2026-09-10T13:56:47.592513+00:00,24,HIGH,true
3206,160.300086,2026-09-10T13:56:47.642514+00:00,24,HIGH,true
3207,160.350083,2026-09-10T13:56:47.692505+00:00,24,HIGH,true
3208,160.400079,2026-09-10T13:56:47.742498+00:00,24,HIGH,true
3209,160.450086,2026-09-10T13:56:47.792514+00:00,24,HIGH,true
3210,160.500086,2026-09-10T13:56:47.842511+00:00,24,HIGH,true
3211,160.550082,2026-09-10T13:56:47.892504+00:00,24,HIGH,true
3212,160.600081,2026-09-10T13:56:47.942501+00:00,24,HIGH,true
3213,160.650087,2026-09-10T13:56:47.992516+00:00,24,HIGH,true
3214,160.700086,2026-09-10T13:56:48.042511+00:00,24,HIGH,true
3215,160.750084,2026-09-10T13:56:48.092506+00:00,24,HIGH,true
3216,160.800080,2026-09-10T13:56:48.142499+00:00,24,HIGH,true
3217,160.850087,2026-09-10T13:56:48.192515+00:00,24,HIGH,true
3218,160.900084,2026-09-10T13:56:48.242509+00:00,24,HIGH,true
3219,160.950082,2026-09-10T13:56:48.292503+00:00,24,HIGH,true
3220,161.000078,2026-09-10T13:56:48.342496+00:00,24,HIGH,true
3221,161.050085,2026-09-10T13:56:48.392512+00:00,24,HIGH,true
3222,161.100086,2026-09-10T13:56:48.442510+00:00,24,HIGH,true
3223,161.150081,2026-09-10T13:56:48.492500+00:00,24,HIGH,true
3224,161.200079,2026-09-10T13:56:48.542500+00:00,24,HIGH,true
3225,161.250085,2026-09-10T13:56:48.592513+00:00,24,HIGH,true
3226,161.300086,2026-09-10T13:56:48.642510+00:00,24,HIGH,true
3227,161.350082,2026-09-10T13:56:48.692503+00:00,24,HIGH,true
3228,161.400079,2026-09-10T13:56:48.742497+00:00,24,HIGH,true
3229,161.450086,2026-09-10T13:56:48.792514+00:00,24,HIGH,true
3230,161.500084,2026-09-10T13:56:48.842509+00:00,24,HIGH,true
3231,161.550083,2026-09-10T13:56:48.892504+00:00,24,HIGH,true
3232,161.600080,2026-09-10T13:56:48.942498+00:00,24,HIGH,true
3233,161.650086,2026-09-10T13:56:48.992513+00:00,24,HIGH,true
3234,161.700105,2026-09-10T13:56:49.042610+00:00,24,HIGH,true
3235,161.750095,2026-09-10T13:56:49.092539+00:00,24,HIGH,true
3236,161.800086,2026-09-10T13:56:49.142513+00:00,24,HIGH,true
3237,161.850082,2026-09-10T13:56:49.192504+00:00,24,HIGH,true
3238,161.900080,2026-09-10T13:56:49.242498+00:00,24,HIGH,true
3239,161.950088,2026-09-10T13:56:49.292527+00:00,24,HIGH,true
3240,162.000087,2026-09-10T13:56:49.342516+00:00,24,HIGH,true
3241,162.050083,2026-09-10T13:56:49.392504+00:00,24,HIGH,true
3242,162.100081,2026-09-10T13:56:49.442505+00:00,24,HIGH,true
3243,162.150087,2026-09-10T13:56:49.492515+00:00,24,HIGH,true
3244,162.200085,2026-09-10T13:56:49.542510+00:00,24,HIGH,true
3245,162.250083,2026-09-10T13:56:49.592504+00:00,24,HIGH,true
3246,162.300079,2026-09-10T13:56:49.642498+00:00,24,HIGH,true
3247,162.350087,2026-09-10T13:56:49.692514+00:00,24,HIGH,true
3248,162.400086,2026-09-10T13:56:49.742510+00:00,24,HIGH,true
3249,162.450082,2026-09-10T13:56:49.792501+00:00,24,HIGH,true
3250,162.500080,2026-09-10T13:56:49.842498+00:00,24,HIGH,true
3251,162.550086,2026-09-10T13:56:49.892513+00:00,24,HIGH,true
3252,162.600083,2026-09-10T13:56:49.942507+00:00,24,HIGH,true
3253,162.650082,2026-09-10T13:56:49.992501+00:00,24,HIGH,true
3254,162.700079,2026-09-10T13:56:50.042497+00:00,24,HIGH,true
3255,162.750086,2026-09-10T13:56:50.092512+00:00,24,HIGH,true
3256,162.800085,2026-09-10T13:56:50.142509+00:00,24,HIGH,true
3257,162.850082,2026-09-10T13:56:50.192502+00:00,24,HIGH,true
3258,162.900080,2026-09-10T13:56:50.242497+00:00,24,HIGH,true
3259,162.950086,2026-09-10T13:56:50.292513+00:00,24,HIGH,true
3260,163.000085,2026-09-10T13:56:50.342510+00:00,24,HIGH,true
3261,163.050081,2026-09-10T13:56:50.392501+00:00,24,HIGH,true
3262,163.100079,2026-09-10T13:56:50.442496+00:00,24,HIGH,true
3263,163.150086,2026-09-10T13:56:50.492514+00:00,24,HIGH,true
3264,163.200086,2026-09-10T13:56:50.542510+00:00,24,HIGH,true
3265,163.250082,2026-09-10T13:56:50.592502+00:00,24,HIGH,true
3266,163.300079,2026-09-10T13:56:50.642497+00:00,24,HIGH,true
3267,163.350085,2026-09-10T13:56:50.692512+00:00,24,HIGH,true
3268,163.400084,2026-09-10T13:56:50.742509+00:00,24,HIGH,true
3269,163.450083,2026-09-10T13:56:50.792503+00:00,24,HIGH,true
3270,163.500080,2026-09-10T13:56:50.842498+00:00,24,HIGH,true
3271,163.550086,2026-09-10T13:56:50.892512+00:00,24,HIGH,true
3272,163.600085,2026-09-10T13:56:50.942508+00:00,24,HIGH,true
3273,163.650082,2026-09-10T13:56:50.992501+00:00,24,HIGH,true
3274,163.700080,2026-09-10T13:56:51.042498+00:00,24,HIGH,true
3275,163.750086,2026-09-10T13:56:51.092513+00:00,24,HIGH,true
3276,163.800085,2026-09-10T13:56:51.142518+00:00,24,HIGH,true
3277,163.850082,2026-09-10T13:56:51.192504+00:00,24,HIGH,true
3278,163.900079,2026-09-10T13:56:51.242498+00:00,24,HIGH,true
3279,163.950086,2026-09-10T13:56:51.292513+00:00,24,HIGH,true
3280,164.000087,2026-09-10T13:56:51.342511+00:00,24,HIGH,true
3281,164.050082,2026-09-10T13:56:51.392504+00:00,24,HIGH,true
3282,164.100080,2026-09-10T13:56:51.442498+00:00,24,HIGH,true
3283,164.150086,2026-09-10T13:56:51.492513+00:00,24,HIGH,true
3284,164.200084,2026-09-10T13:56:51.542508+00:00,24,HIGH,true
3285,164.250082,2026-09-10T13:56:51.592502+00:00,24,HIGH,true
3286,164.300080,2026-09-10T13:56:51.642499+00:00,24,HIGH,true
3287,164.350085,2026-09-10T13:56:51.692512+00:00,24,HIGH,true
3288,164.400085,2026-09-10T13:56:51.742511+00:00,24,HIGH,true
3289,164.450082,2026-09-10T13:56:51.792503+00:00,24,HIGH,true
3290,164.500081,2026-09-10T13:56:51.842500+00:00,24,HIGH,true
3291,164.550086,2026-09-10T13:56:51.892513+00:00,24,HIGH,true
3292,164.600085,2026-09-10T13:56:51.942509+00:00,24,HIGH,true
3293,164.650085,2026-09-10T13:56:51.992521+00:00,24,HIGH,true
3294,164.700087,2026-09-10T13:56:52.042528+00:00,24,HIGH,true
3295,164.750088,2026-09-10T13:56:52.092524+00:00,24,HIGH,true
3296,164.800114,2026-09-10T13:56:52.142648+00:00,24,HIGH,true
3297,164.850093,2026-09-10T13:56:52.192531+00:00,24,HIGH,true
3298,164.900088,2026-09-10T13:56:52.242513+00:00,24,HIGH,true
3299,164.950083,2026-09-10T13:56:52.292503+00:00,24,HIGH,true
3300,165.000086,2026-09-10T13:56:52.342515+00:00,24,LOW,false
3301,165.050094,2026-09-10T13:56:52.392581+00:00,24,LOW,false
3302,165.100093,2026-09-10T13:56:52.442535+00:00,24,LOW,false
3303,165.150084,2026-09-10T13:56:52.492506+00:00,24,LOW,false
3304,165.200082,2026-09-10T13:56:52.542501+00:00,24,LOW,false
3305,165.250086,2026-09-10T13:56:52.592512+00:00,24,LOW,false
3306,165.300087,2026-09-10T13:56:52.642511+00:00,24,LOW,false
3307,165.350083,2026-09-10T13:56:52.692499+00:00,24,LOW,false
3308,165.400081,2026-09-10T13:56:52.742496+00:00,24,LOW,false
3309,165.450086,2026-09-10T13:56:52.792511+00:00,24,LOW,false
3310,165.500084,2026-09-10T13:56:52.842506+00:00,24,LOW,false
3311,165.550081,2026-09-10T13:56:52.892499+00:00,24,LOW,false
3312,165.600082,2026-09-10T13:56:52.942497+00:00,24,LOW,false
3313,165.650087,2026-09-10T13:56:52.992511+00:00,24,LOW,false
3314,165.700087,2026-09-10T13:56:53.042508+00:00,24,LOW,false
3315,165.750082,2026-09-10T13:56:53.092500+00:00,24,LOW,false
3316,165.800081,2026-09-10T13:56:53.142496+00:00,24,LOW,false
3317,165.850085,2026-09-10T13:56:53.192508+00:00,24,LOW,false
3318,165.900085,2026-09-10T13:56:53.242507+00:00,24,LOW,false
3319,165.950083,2026-09-10T13:56:53.292498+00:00,24,LOW,false
3320,166.000081,2026-09-10T13:56:53.342497+00:00,24,LOW,false
3321,166.050084,2026-09-10T13:56:53.392508+00:00,24,LOW,false
3322,166.100089,2026-09-10T13:56:53.442525+00:00,24,LOW,false
3323,166.150081,2026-09-10T13:56:53.492501+00:00,24,LOW,false
3324,166.200081,2026-09-10T13:56:53.542497+00:00,24,LOW,false
3325,166.250085,2026-09-10T13:56:53.592510+00:00,24,LOW,false
3326,166.300086,2026-09-10T13:56:53.642509+00:00,24,LOW,false
3327,166.350082,2026-09-10T13:56:53.692501+00:00,24,LOW,false
3328,166.400081,2026-09-10T13:56:53.742500+00:00,24,LOW,false
3329,166.450086,2026-09-10T13:56:53.792510+00:00,24,LOW,false
3330,166.500085,2026-09-10T13:56:53.842508+00:00,24,LOW,false
3331,166.550082,2026-09-10T13:56:53.892499+00:00,24,LOW,false
3332,166.600081,2026-09-10T13:56:53.942498+00:00,24,LOW,false
3333,166.650078,2026-09-10T13:56:53.992503+00:00,24,LOW,false
3334,166.700079,2026-09-10T13:56:54.042505+00:00,24,LOW,false
3335,166.750076,2026-09-10T13:56:54.092499+00:00,24,LOW,false
3336,166.800075,2026-09-10T13:56:54.142494+00:00,24,LOW,false
3337,166.850078,2026-09-10T13:56:54.192505+00:00,24,LOW,false
3338,166.900082,2026-09-10T13:56:54.242506+00:00,24,LOW,false
3339,166.950075,2026-09-10T13:56:54.292495+00:00,24,LOW,false
3340,167.000083,2026-09-10T13:56:54.342500+00:00,24,LOW,false
3341,167.050087,2026-09-10T13:56:54.392510+00:00,24,LOW,false
3342,167.100085,2026-09-10T13:56:54.442509+00:00,24,LOW,false
3343,167.150080,2026-09-10T13:56:54.492499+00:00,24,LOW,false
3344,167.200080,2026-09-10T13:56:54.542496+00:00,24,LOW,false
3345,167.250085,2026-09-10T13:56:54.592509+00:00,24,LOW,false
3346,167.300085,2026-09-10T13:56:54.642508+00:00,24,LOW,false
3347,167.350086,2026-09-10T13:56:54.692511+00:00,24,LOW,false
3348,167.400081,2026-09-10T13:56:54.742499+00:00,24,LOW,false
3349,167.450086,2026-09-10T13:56:54.792510+00:00,24,LOW,false
3350,167.500086,2026-09-10T13:56:54.842511+00:00,24,LOW,false
3351,167.550086,2026-09-10T13:56:54.892510+00:00,24,LOW,false
3352,167.600093,2026-09-10T13:56:54.942593+00:00,24,LOW,false
3353,167.650063,2026-09-10T13:56:54.992530+00:00,24,LOW,false
3354,167.700089,2026-09-10T13:56:55.042530+00:00,24,LOW,false
3355,167.750158,2026-09-10T13:56:55.092587+00:00,24,LOW,false
3356,167.800084,2026-09-10T13:56:55.142511+00:00,24,LOW,false
3357,167.850147,2026-09-10T13:56:55.192595+00:00,24,LOW,false
3358,167.900087,2026-09-10T13:56:55.242520+00:00,24,LOW,false
3359,167.950179,2026-09-10T13:56:55.292658+00:00,24,LOW,false
3360,168.000086,2026-09-10T13:56:55.342526+00:00,24,LOW,false
3361,168.050081,2026-09-10T13:56:55.392502+00:00,24,LOW,false
3362,168.100087,2026-09-10T13:56:55.442520+00:00,24,LOW,false
3363,168.150088,2026-09-10T13:56:55.492514+00:00,24,LOW,false
3364,168.200080,2026-09-10T13:56:55.542499+00:00,24,LOW,false
3365,168.250080,2026-09-10T13:56:55.592497+00:00,24,LOW,false
3366,168.300086,2026-09-10T13:56:55.642511+00:00,24,LOW,false
3367,168.350086,2026-09-10T13:56:55.692510+00:00,24,LOW,false
3368,168.400081,2026-09-10T13:56:55.742501+00:00,24,LOW,false
3369,168.450080,2026-09-10T13:56:55.792496+00:00,24,LOW,false
3370,168.500085,2026-09-10T13:56:55.842512+00:00,24,LOW,false
3371,168.550085,2026-09-10T13:56:55.892509+00:00,24,LOW,false
3372,168.600082,2026-09-10T13:56:55.942501+00:00,24,LOW,false
3373,168.650105,2026-09-10T13:56:55.992623+00:00,24,LOW,false
3374,168.700088,2026-09-10T13:56:56.042525+00:00,24,LOW,false
3375,168.750080,2026-09-10T13:56:56.092499+00:00,24,LOW,false
3376,168.800085,2026-09-10T13:56:56.142511+00:00,24,LOW,false
3377,168.850088,2026-09-10T13:56:56.192512+00:00,24,LOW,false
3378,168.900081,2026-09-10T13:56:56.242503+00:00,24,LOW,false
3379,168.950080,2026-09-10T13:56:56.292498+00:00,24,LOW,false
3380,169.000086,2026-09-10T13:56:56.342516+00:00,24,LOW,false
3381,169.050086,2026-09-10T13:56:56.392510+00:00,24,LOW,false
3382,169.100080,2026-09-10T13:56:56.442499+00:00,24,LOW,false
3383,169.150081,2026-09-10T13:56:56.492498+00:00,24,LOW,false
3384,169.200085,2026-09-10T13:56:56.542512+00:00,24,LOW,false
3385,169.250085,2026-09-10T13:56:56.592509+00:00,24,LOW,false
3386,169.300080,2026-09-10T13:56:56.642499+00:00,24,LOW,false
3387,169.350080,2026-09-10T13:56:56.692498+00:00,24,LOW,false
3388,169.400086,2026-09-10T13:56:56.742512+00:00,24,LOW,false
3389,169.450086,2026-09-10T13:56:56.792509+00:00,24,LOW,false
3390,169.500081,2026-09-10T13:56:56.842500+00:00,24,LOW,false
3391,169.550083,2026-09-10T13:56:56.892517+00:00,24,LOW,false
3392,169.600086,2026-09-10T13:56:56.942517+00:00,24,LOW,false
3393,169.650086,2026-09-10T13:56:56.992515+00:00,24,LOW,false
3394,169.700082,2026-09-10T13:56:57.042504+00:00,24,LOW,false
3395,169.750081,2026-09-10T13:56:57.092500+00:00,24,LOW,false
3396,169.800092,2026-09-10T13:56:57.142550+00:00,24,LOW,false
3397,169.850089,2026-09-10T13:56:57.192521+00:00,24,LOW,false
3398,169.900082,2026-09-10T13:56:57.242504+00:00,24,LOW,false
3399,169.950080,2026-09-10T13:56:57.292498+00:00,24,LOW,false
3400,170.000086,2026-09-10T13:56:57.342512+00:00,24,LOW,false
3401,170.050069,2026-09-10T13:56:57.392509+00:00,24,LOW,false
3402,170.100088,2026-09-10T13:56:57.442516+00:00,24,LOW,false
3403,170.150086,2026-09-10T13:56:57.492509+00:00,24,LOW,false
3404,170.200081,2026-09-10T13:56:57.542500+00:00,24,LOW,false
3405,170.250080,2026-09-10T13:56:57.592496+00:00,24,LOW,false
3406,170.300085,2026-09-10T13:56:57.642510+00:00,24,LOW,false
3407,170.350086,2026-09-10T13:56:57.692512+00:00,24,LOW,false
3408,170.400081,2026-09-10T13:56:57.742500+00:00,24,LOW,false
3409,170.450081,2026-09-10T13:56:57.792499+00:00,24,LOW,false
3410,170.500085,2026-09-10T13:56:57.842511+00:00,24,LOW,false
3411,170.550096,2026-09-10T13:56:57.892568+00:00,24,HIGH,true
3412,170.600092,2026-09-10T13:56:57.942581+00:00,24,HIGH,true
3413,170.650090,2026-09-10T13:56:57.992543+00:00,24,HIGH,true
3414,170.700091,2026-09-10T13:56:58.042530+00:00,24,HIGH,true
3415,170.750087,2026-09-10T13:56:58.092515+00:00,24,HIGH,true
3416,170.800106,2026-09-10T13:56:58.142629+00:00,24,HIGH,true
3417,170.850087,2026-09-10T13:56:58.192518+00:00,24,HIGH,true
3418,170.900086,2026-09-10T13:56:58.242517+00:00,24,HIGH,true
3419,170.950085,2026-09-10T13:56:58.292510+00:00,24,HIGH,true
3420,171.000081,2026-09-10T13:56:58.342501+00:00,24,HIGH,true
3421,171.050080,2026-09-10T13:56:58.392498+00:00,24,HIGH,true
3422,171.100085,2026-09-10T13:56:58.442510+00:00,24,HIGH,true
3423,171.150085,2026-09-10T13:56:58.492509+00:00,24,HIGH,true
3424,171.200080,2026-09-10T13:56:58.542499+00:00,24,HIGH,true
3425,171.250080,2026-09-10T13:56:58.592497+00:00,24,HIGH,true
3426,171.300084,2026-09-10T13:56:58.642507+00:00,24,HIGH,true
3427,171.350086,2026-09-10T13:56:58.692509+00:00,24,HIGH,true
3428,171.400081,2026-09-10T13:56:58.742501+00:00,24,HIGH,true
3429,171.450082,2026-09-10T13:56:58.792500+00:00,24,HIGH,true
3430,171.500085,2026-09-10T13:56:58.842510+00:00,24,HIGH,true
3431,171.550085,2026-09-10T13:56:58.892509+00:00,24,HIGH,true
3432,171.600081,2026-09-10T13:56:58.942506+00:00,24,HIGH,true
3433,171.650080,2026-09-10T13:56:58.992499+00:00,24,HIGH,true
3434,171.700086,2026-09-10T13:56:59.042511+00:00,24,HIGH,true
3435,171.750085,2026-09-10T13:56:59.092510+00:00,24,HIGH,true
3436,171.800082,2026-09-10T13:56:59.142509+00:00,24,HIGH,true
3437,171.850081,2026-09-10T13:56:59.192500+00:00,24,HIGH,true
3438,171.900086,2026-09-10T13:56:59.242513+00:00,24,HIGH,true
3439,171.950084,2026-09-10T13:56:59.292509+00:00,24,HIGH,true
3440,172.000081,2026-09-10T13:56:59.342500+00:00,24,HIGH,true
3441,172.050080,2026-09-10T13:56:59.392498+00:00,24,HIGH,true
3442,172.100085,2026-09-10T13:56:59.442510+00:00,24,HIGH,true
3443,172.150085,2026-09-10T13:56:59.492523+00:00,24,HIGH,true
3444,172.200082,2026-09-10T13:56:59.542507+00:00,24,HIGH,true
3445,172.250081,2026-09-10T13:56:59.592501+00:00,24,HIGH,true
3446,172.300081,2026-09-10T13:56:59.642508+00:00,24,HIGH,true
3447,172.350078,2026-09-10T13:56:59.692504+00:00,24,HIGH,true
3448,172.400076,2026-09-10T13:56:59.742497+00:00,24,HIGH,true
3449,172.450074,2026-09-10T13:56:59.792494+00:00,24,HIGH,true
3450,172.500083,2026-09-10T13:56:59.842510+00:00,24,HIGH,true
3451,172.550088,2026-09-10T13:56:59.892512+00:00,24,HIGH,true
3452,172.600085,2026-09-10T13:56:59.942510+00:00,24,HIGH,true
3453,172.650090,2026-09-10T13:56:59.992525+00:00,24,HIGH,true
3454,172.700082,2026-09-10T13:57:00.042503+00:00,24,HIGH,true
3455,172.750080,2026-09-10T13:57:00.092497+00:00,24,HIGH,true
3456,172.800079,2026-09-10T13:57:00.142507+00:00,24,HIGH,true
3457,172.850078,2026-09-10T13:57:00.192504+00:00,24,HIGH,true
3458,172.900081,2026-09-10T13:57:00.242501+00:00,24,HIGH,true
3459,172.950075,2026-09-10T13:57:00.292494+00:00,24,HIGH,true
3460,173.000083,2026-09-10T13:57:00.342513+00:00,24,HIGH,true
3461,173.050088,2026-09-10T13:57:00.392511+00:00,24,HIGH,true
3462,173.100083,2026-09-10T13:57:00.442510+00:00,24,HIGH,true
3463,173.150088,2026-09-10T13:57:00.492512+00:00,24,HIGH,true
3464,173.200083,2026-09-10T13:57:00.542501+00:00,24,HIGH,true
3465,173.250082,2026-09-10T13:57:00.592497+00:00,24,HIGH,true
3466,173.300085,2026-09-10T13:57:00.642510+00:00,24,HIGH,true
3467,173.350086,2026-09-10T13:57:00.692510+00:00,24,HIGH,true
3468,173.400081,2026-09-10T13:57:00.742501+00:00,24,HIGH,true
3469,173.450081,2026-09-10T13:57:00.792499+00:00,24,HIGH,true
3470,173.500086,2026-09-10T13:57:00.842512+00:00,24,HIGH,true
3471,173.550095,2026-09-10T13:57:00.892599+00:00,24,HIGH,true
3472,173.600102,2026-09-10T13:57:00.942551+00:00,24,HIGH,true
3473,173.650088,2026-09-10T13:57:00.992520+00:00,24,HIGH,true
3474,173.700087,2026-09-10T13:57:01.042514+00:00,24,HIGH,true
3475,173.750088,2026-09-10T13:57:01.092523+00:00,24,HIGH,true
3476,173.800084,2026-09-10T13:57:01.142512+00:00,24,HIGH,true
3477,173.850082,2026-09-10T13:57:01.192506+00:00,24,HIGH,true
3478,173.900087,2026-09-10T13:57:01.242517+00:00,24,HIGH,true
3479,173.950085,2026-09-10T13:57:01.292509+00:00,24,HIGH,true
3480,174.000082,2026-09-10T13:57:01.342504+00:00,24,HIGH,true
3481,174.050080,2026-09-10T13:57:01.392500+00:00,24,HIGH,true
3482,174.100084,2026-09-10T13:57:01.442509+00:00,24,HIGH,true
3483,174.150085,2026-09-10T13:57:01.492509+00:00,24,HIGH,true
3484,174.200081,2026-09-10T13:57:01.542504+00:00,24,HIGH,true
3485,174.250080,2026-09-10T13:57:01.592499+00:00,24,HIGH,true
3486,174.300085,2026-09-10T13:57:01.642510+00:00,24,HIGH,true
3487,174.350085,2026-09-10T13:57:01.692509+00:00,24,HIGH,true
3488,174.400081,2026-09-10T13:57:01.742503+00:00,24,HIGH,true
3489,174.450081,2026-09-10T13:57:01.792500+00:00,24,HIGH,true
3490,174.500085,2026-09-10T13:57:01.842511+00:00,24,HIGH,true
3491,174.550085,2026-09-10T13:57:01.892510+00:00,24,HIGH,true
3492,174.600080,2026-09-10T13:57:01.942501+00:00,24,HIGH,true
3493,174.650083,2026-09-10T13:57:01.992506+00:00,24,HIGH,true
3494,174.700086,2026-09-10T13:57:02.042513+00:00,24,HIGH,true
3495,174.750085,2026-09-10T13:57:02.092509+00:00,24,HIGH,true
3496,174.800081,2026-09-10T13:57:02.142501+00:00,24,HIGH,true
3497,174.850080,2026-09-10T13:57:02.192497+00:00,24,HIGH,true
3498,174.900086,2026-09-10T13:57:02.242512+00:00,24,HIGH,true
3499,174.950084,2026-09-10T13:57:02.292508+00:00,24,HIGH,true
3500,175.000081,2026-09-10T13:57:02.342500+00:00,24,HIGH,true
3501,175.050079,2026-09-10T13:57:02.392497+00:00,24,HIGH,true
3502,175.100085,2026-09-10T13:57:02.442509+00:00,24,HIGH,true
3503,175.150085,2026-09-10T13:57:02.492508+00:00,24,HIGH,true
3504,175.200080,2026-09-10T13:57:02.542499+00:00,24,HIGH,true
3505,175.250080,2026-09-10T13:57:02.592498+00:00,24,HIGH,true
3506,175.300084,2026-09-10T13:57:02.642510+00:00,24,HIGH,true
3507,175.350085,2026-09-10T13:57:02.692509+00:00,24,HIGH,true
3508,175.400080,2026-09-10T13:57:02.742499+00:00,24,HIGH,true
3509,175.450080,2026-09-10T13:57:02.792497+00:00,24,HIGH,true
3510,175.500084,2026-09-10T13:57:02.842509+00:00,24,HIGH,true
3511,175.550085,2026-09-10T13:57:02.892508+00:00,24,HIGH,true
3512,175.600082,2026-09-10T13:57:02.942501+00:00,24,HIGH,true
3513,175.650086,2026-09-10T13:57:02.992530+00:00,24,HIGH,true
3514,175.700089,2026-09-10T13:57:03.042526+00:00,24,HIGH,true
3515,175.750086,2026-09-10T13:57:03.092511+00:00,24,HIGH,true
3516,175.800082,2026-09-10T13:57:03.142510+00:00,24,HIGH,true
3517,175.850081,2026-09-10T13:57:03.192500+00:00,24,HIGH,true
3518,175.900084,2026-09-10T13:57:03.242508+00:00,24,HIGH,true
3519,175.950085,2026-09-10T13:57:03.292508+00:00,24,HIGH,true
3520,176.000080,2026-09-10T13:57:03.342499+00:00,24,HIGH,true
3521,176.050080,2026-09-10T13:57:03.392497+00:00,24,HIGH,true
3522,176.100085,2026-09-10T13:57:03.442510+00:00,24,HIGH,true
3523,176.150084,2026-09-10T13:57:03.492509+00:00,24,HIGH,true
3524,176.200081,2026-09-10T13:57:03.542501+00:00,24,HIGH,true
3525,176.250081,2026-09-10T13:57:03.592498+00:00,24,HIGH,true
3526,176.300084,2026-09-10T13:57:03.642510+00:00,24,HIGH,true
3527,176.350086,2026-09-10T13:57:03.692510+00:00,24,HIGH,true
3528,176.400081,2026-09-10T13:57:03.742503+00:00,24,HIGH,true
3529,176.450080,2026-09-10T13:57:03.792499+00:00,24,HIGH,true
3530,176.500085,2026-09-10T13:57:03.842511+00:00,24,HIGH,true
3531,176.550084,2026-09-10T13:57:03.892509+00:00,24,HIGH,true
3532,176.600081,2026-09-10T13:57:03.942500+00:00,24,HIGH,true
3533,176.650081,2026-09-10T13:57:03.992499+00:00,24,HIGH,true
3534,176.700094,2026-09-10T13:57:04.042567+00:00,24,HIGH,true
3535,176.750089,2026-09-10T13:57:04.092524+00:00,24,HIGH,true
3536,176.800105,2026-09-10T13:57:04.142633+00:00,24,HIGH,true
3537,176.850089,2026-09-10T13:57:04.192522+00:00,24,HIGH,true
3538,176.900086,2026-09-10T13:57:04.242514+00:00,24,HIGH,true
3539,176.950086,2026-09-10T13:57:04.292512+00:00,24,HIGH,true
3540,177.000081,2026-09-10T13:57:04.342500+00:00,24,HIGH,true
3541,177.050080,2026-09-10T13:57:04.392498+00:00,24,HIGH,true
3542,177.100086,2026-09-10T13:57:04.442511+00:00,24,HIGH,true
3543,177.150087,2026-09-10T13:57:04.492538+00:00,24,HIGH,true
3544,177.200085,2026-09-10T13:57:04.542517+00:00,24,HIGH,true
3545,177.250082,2026-09-10T13:57:04.592502+00:00,24,HIGH,true
3546,177.300087,2026-09-10T13:57:04.642515+00:00,24,HIGH,true
3547,177.350084,2026-09-10T13:57:04.692509+00:00,24,HIGH,true
3548,177.400079,2026-09-10T13:57:04.742499+00:00,24,HIGH,true
3549,177.450080,2026-09-10T13:57:04.792498+00:00,24,HIGH,true
3550,177.500086,2026-09-10T13:57:04.842513+00:00,24,HIGH,true
3551,177.550085,2026-09-10T13:57:04.892509+00:00,24,HIGH,true
3552,177.600082,2026-09-10T13:57:04.942503+00:00,24,HIGH,true
3553,177.650081,2026-09-10T13:57:04.992499+00:00,24,HIGH,true
3554,177.700086,2026-09-10T13:57:05.042514+00:00,24,HIGH,true
3555,177.750088,2026-09-10T13:57:05.092515+00:00,24,HIGH,true
3556,177.800088,2026-09-10T13:57:05.142512+00:00,24,HIGH,true
3557,177.850086,2026-09-10T13:57:05.192509+00:00,24,HIGH,true
3558,177.900083,2026-09-10T13:57:05.242503+00:00,24,HIGH,true
3559,177.950080,2026-09-10T13:57:05.292497+00:00,24,HIGH,true
3560,178.000084,2026-09-10T13:57:05.342509+00:00,24,HIGH,true
3561,178.050086,2026-09-10T13:57:05.392509+00:00,24,HIGH,true
3562,178.100082,2026-09-10T13:57:05.442503+00:00,24,HIGH,true
3563,178.150081,2026-09-10T13:57:05.492498+00:00,24,HIGH,true
3564,178.200085,2026-09-10T13:57:05.542512+00:00,24,HIGH,true
3565,178.250085,2026-09-10T13:57:05.592508+00:00,24,HIGH,true
3566,178.300082,2026-09-10T13:57:05.642501+00:00,24,HIGH,true
3567,178.350080,2026-09-10T13:57:05.692497+00:00,24,HIGH,true
3568,178.400086,2026-09-10T13:57:05.742513+00:00,24,HIGH,true
3569,178.450086,2026-09-10T13:57:05.792512+00:00,24,HIGH,true
3570,178.500083,2026-09-10T13:57:05.842503+00:00,24,HIGH,true
3571,178.550081,2026-09-10T13:57:05.892498+00:00,24,HIGH,true
3572,178.600086,2026-09-10T13:57:05.942512+00:00,24,HIGH,true
3573,178.650085,2026-09-10T13:57:05.992510+00:00,24,HIGH,true
3574,178.700083,2026-09-10T13:57:06.042503+00:00,24,HIGH,true
3575,178.750080,2026-09-10T13:57:06.092497+00:00,24,HIGH,true
3576,178.800084,2026-09-10T13:57:06.142512+00:00,24,HIGH,true
3577,178.850085,2026-09-10T13:57:06.192509+00:00,24,HIGH,true
3578,178.900081,2026-09-10T13:57:06.242501+00:00,24,HIGH,true
3579,178.950080,2026-09-10T13:57:06.292498+00:00,24,HIGH,true
3580,179.000085,2026-09-10T13:57:06.342512+00:00,24,HIGH,true
3581,179.050086,2026-09-10T13:57:06.392509+00:00,24,HIGH,true
3582,179.100084,2026-09-10T13:57:06.442514+00:00,24,HIGH,true
3583,179.150081,2026-09-10T13:57:06.492500+00:00,24,HIGH,true
3584,179.200089,2026-09-10T13:57:06.542531+00:00,24,HIGH,true
3585,179.250086,2026-09-10T13:57:06.592514+00:00,24,HIGH,true
3586,179.300082,2026-09-10T13:57:06.642503+00:00,24,HIGH,true
3587,179.350080,2026-09-10T13:57:06.692497+00:00,24,HIGH,true
3588,179.400086,2026-09-10T13:57:06.742516+00:00,24,HIGH,true
3589,179.450086,2026-09-10T13:57:06.792511+00:00,24,HIGH,true
3590,179.500081,2026-09-10T13:57:06.842499+00:00,24,HIGH,true
3591,179.550080,2026-09-10T13:57:06.892498+00:00,24,HIGH,true
3592,179.600085,2026-09-10T13:57:06.942513+00:00,24,HIGH,true
3593,179.650086,2026-09-10T13:57:06.992515+00:00,24,HIGH,true
3594,179.700103,2026-09-10T13:57:07.042608+00:00,24,HIGH,true
3595,179.750088,2026-09-10T13:57:07.092529+00:00,24,HIGH,true
3596,179.800081,2026-09-10T13:57:07.142532+00:00,24,HIGH,true
3597,179.850090,2026-09-10T13:57:07.192526+00:00,24,HIGH,true
3598,179.900088,2026-09-10T13:57:07.242515+00:00,24,HIGH,true
3599,179.950081,2026-09-10T13:57:07.292502+00:00,24,HIGH,true
3600,180.000079,2026-09-10T13:57:07.342497+00:00,24,HIGH,true
3601,180.050092,2026-09-10T13:57:07.392563+00:00,24,HIGH,true
3602,180.100092,2026-09-10T13:57:07.442538+00:00,24,HIGH,true
3603,180.150084,2026-09-10T13:57:07.492508+00:00,24,HIGH,true
3604,180.200145,2026-09-10T13:57:07.542566+00:00,24,HIGH,true
3605,180.250088,2026-09-10T13:57:07.592515+00:00,24,HIGH,true
3606,180.300084,2026-09-10T13:57:07.642517+00:00,24,HIGH,true
3607,180.350072,2026-09-10T13:57:07.692508+00:00,24,HIGH,true
3608,180.400086,2026-09-10T13:57:07.742513+00:00,24,HIGH,true
3609,180.450081,2026-09-10T13:57:07.792502+00:00,24,HIGH,true
3610,180.500078,2026-09-10T13:57:07.842496+00:00,24,HIGH,true
3611,180.550084,2026-09-10T13:57:07.892508+00:00,24,HIGH,true
3612,180.600085,2026-09-10T13:57:07.942509+00:00,24,HIGH,true
3613,180.650081,2026-09-10T13:57:07.992502+00:00,24,HIGH,true
3614,180.700080,2026-09-10T13:57:08.042498+00:00,24,HIGH,true
3615,180.750084,2026-09-10T13:57:08.092509+00:00,24,HIGH,true
3616,180.800086,2026-09-10T13:57:08.142512+00:00,24,HIGH,true
3617,180.850081,2026-09-10T13:57:08.192500+00:00,24,HIGH,true
3618,180.900080,2026-09-10T13:57:08.242497+00:00,24,HIGH,true
3619,180.950086,2026-09-10T13:57:08.292512+00:00,24,HIGH,true
3620,181.000086,2026-09-10T13:57:08.342509+00:00,24,HIGH,true
3621,181.050082,2026-09-10T13:57:08.392500+00:00,24,HIGH,true
3622,181.100080,2026-09-10T13:57:08.442497+00:00,24,HIGH,true
3623,181.150086,2026-09-10T13:57:08.492514+00:00,24,HIGH,true
3624,181.200086,2026-09-10T13:57:08.542511+00:00,24,HIGH,true
3625,181.250081,2026-09-10T13:57:08.592499+00:00,24,HIGH,true
3626,181.300078,2026-09-10T13:57:08.642496+00:00,24,HIGH,true
3627,181.350085,2026-09-10T13:57:08.692509+00:00,24,HIGH,true
3628,181.400085,2026-09-10T13:57:08.742508+00:00,24,HIGH,true
3629,181.450081,2026-09-10T13:57:08.792500+00:00,24,HIGH,true
3630,181.500081,2026-09-10T13:57:08.842497+00:00,24,HIGH,true
3631,181.550085,2026-09-10T13:57:08.892510+00:00,24,HIGH,true
3632,181.600086,2026-09-10T13:57:08.942510+00:00,24,HIGH,true
3633,181.650081,2026-09-10T13:57:08.992500+00:00,24,HIGH,true
3634,181.700079,2026-09-10T13:57:09.042497+00:00,24,HIGH,true
3635,181.750085,2026-09-10T13:57:09.092510+00:00,24,HIGH,true
3636,181.800082,2026-09-10T13:57:09.142506+00:00,24,HIGH,true
3637,181.850081,2026-09-10T13:57:09.192501+00:00,24,HIGH,true
3638,181.900081,2026-09-10T13:57:09.242499+00:00,24,HIGH,true
3639,181.950086,2026-09-10T13:57:09.292512+00:00,24,HIGH,true
3640,182.000085,2026-09-10T13:57:09.342512+00:00,24,HIGH,true
3641,182.050081,2026-09-10T13:57:09.392501+00:00,24,HIGH,true
3642,182.100080,2026-09-10T13:57:09.442497+00:00,24,HIGH,true
3643,182.150086,2026-09-10T13:57:09.492511+00:00,24,HIGH,true
3644,182.200086,2026-09-10T13:57:09.542510+00:00,24,HIGH,true
3645,182.250082,2026-09-10T13:57:09.592499+00:00,24,HIGH,true
3646,182.300081,2026-09-10T13:57:09.642498+00:00,24,HIGH,true
3647,182.350093,2026-09-10T13:57:09.692555+00:00,24,HIGH,true
3648,182.400089,2026-09-10T13:57:09.742526+00:00,24,HIGH,true
3649,182.450082,2026-09-10T13:57:09.792505+00:00,24,HIGH,true
3650,182.500080,2026-09-10T13:57:09.842498+00:00,24,HIGH,true
3651,182.550087,2026-09-10T13:57:09.892515+00:00,24,HIGH,true
3652,182.600085,2026-09-10T13:57:09.942509+00:00,24,HIGH,true
3653,182.650082,2026-09-10T13:57:09.992501+00:00,24,HIGH,true
3654,182.700081,2026-09-10T13:57:10.042499+00:00,24,HIGH,true
3655,182.750085,2026-09-10T13:57:10.092513+00:00,24,HIGH,true
3656,182.800107,2026-09-10T13:57:10.142637+00:00,24,HIGH,true
3657,182.850090,2026-09-10T13:57:10.192539+00:00,24,HIGH,true
3658,182.900082,2026-09-10T13:57:10.242504+00:00,24,HIGH,true
3659,182.950086,2026-09-10T13:57:10.292514+00:00,24,HIGH,true
3660,183.000086,2026-09-10T13:57:10.342512+00:00,24,HIGH,true
3661,183.050081,2026-09-10T13:57:10.392502+00:00,24,HIGH,true
3662,183.100079,2026-09-10T13:57:10.442497+00:00,24,HIGH,true
3663,183.150086,2026-09-10T13:57:10.492513+00:00,24,HIGH,true
3664,183.200110,2026-09-10T13:57:10.542645+00:00,24,HIGH,true
3665,183.250089,2026-09-10T13:57:10.592527+00:00,24,HIGH,true
3666,183.300080,2026-09-10T13:57:10.642501+00:00,24,HIGH,true
3667,183.350084,2026-09-10T13:57:10.692511+00:00,24,HIGH,true
3668,183.400086,2026-09-10T13:57:10.742511+00:00,24,HIGH,true
3669,183.450082,2026-09-10T13:57:10.792501+00:00,24,HIGH,true
3670,183.500080,2026-09-10T13:57:10.842497+00:00,24,HIGH,true
3671,183.550085,2026-09-10T13:57:10.892510+00:00,24,HIGH,true
3672,183.600086,2026-09-10T13:57:10.942509+00:00,24,HIGH,true
3673,183.650082,2026-09-10T13:57:10.992500+00:00,24,HIGH,true
3674,183.700080,2026-09-10T13:57:11.042496+00:00,24,HIGH,true
3675,183.750084,2026-09-10T13:57:11.092509+00:00,24,HIGH,true
3676,183.800086,2026-09-10T13:57:11.142512+00:00,24,HIGH,true
3677,183.850079,2026-09-10T13:57:11.192500+00:00,24,HIGH,true
3678,183.900081,2026-09-10T13:57:11.242499+00:00,24,HIGH,true
3679,183.950085,2026-09-10T13:57:11.292510+00:00,24,HIGH,true
3680,184.000085,2026-09-10T13:57:11.342508+00:00,24,HIGH,true
3681,184.050081,2026-09-10T13:57:11.392499+00:00,24,HIGH,true
3682,184.100081,2026-09-10T13:57:11.442498+00:00,24,HIGH,true
3683,184.150086,2026-09-10T13:57:11.492514+00:00,24,HIGH,true
3684,184.200085,2026-09-10T13:57:11.542510+00:00,24,HIGH,true
3685,184.250082,2026-09-10T13:57:11.592501+00:00,24,HIGH,true
3686,184.300079,2026-09-10T13:57:11.642497+00:00,24,HIGH,true
3687,184.350085,2026-09-10T13:57:11.692509+00:00,24,HIGH,true
3688,184.400086,2026-09-10T13:57:11.742509+00:00,24,HIGH,true
3689,184.450081,2026-09-10T13:57:11.792499+00:00,24,HIGH,true
3690,184.500080,2026-09-10T13:57:11.842498+00:00,24,HIGH,true
3691,184.550084,2026-09-10T13:57:11.892508+00:00,24,HIGH,true
3692,184.600084,2026-09-10T13:57:11.942511+00:00,24,HIGH,true
3693,184.650082,2026-09-10T13:57:11.992563+00:00,24,HIGH,true
3694,184.700084,2026-09-10T13:57:12.042515+00:00,24,HIGH,true
3695,184.750086,2026-09-10T13:57:12.092516+00:00,24,HIGH,true
3696,184.800084,2026-09-10T13:57:12.142509+00:00,24,HIGH,true
3697,184.850080,2026-09-10T13:57:12.192498+00:00,24,HIGH,true
3698,184.900081,2026-09-10T13:57:12.242499+00:00,24,HIGH,true
3699,184.950086,2026-09-10T13:57:12.292512+00:00,24,HIGH,true
3700,185.000085,2026-09-10T13:57:12.342508+00:00,24,HIGH,true
3701,185.050081,2026-09-10T13:57:12.392499+00:00,24,HIGH,true
3702,185.100079,2026-09-10T13:57:12.442496+00:00,24,HIGH,true
3703,185.150086,2026-09-10T13:57:12.492511+00:00,24,HIGH,true
3704,185.200086,2026-09-10T13:57:12.542509+00:00,24,HIGH,true
3705,185.250081,2026-09-10T13:57:12.592500+00:00,24,HIGH,true
3706,185.300081,2026-09-10T13:57:12.642498+00:00,24,HIGH,true
3707,185.350085,2026-09-10T13:57:12.692510+00:00,24,HIGH,true
3708,185.400085,2026-09-10T13:57:12.742509+00:00,24,HIGH,true
3709,185.450080,2026-09-10T13:57:12.792500+00:00,24,HIGH,true
3710,185.500080,2026-09-10T13:57:12.842496+00:00,24,HIGH,true
3711,185.550086,2026-09-10T13:57:12.892510+00:00,24,HIGH,true
3712,185.600085,2026-09-10T13:57:12.942508+00:00,24,HIGH,true
3713,185.650095,2026-09-10T13:57:12.992583+00:00,24,HIGH,true
3714,185.700086,2026-09-10T13:57:13.042519+00:00,24,HIGH,true
3715,185.750089,2026-09-10T13:57:13.092542+00:00,24,HIGH,true
3716,185.800087,2026-09-10T13:57:13.142517+00:00,24,HIGH,true
3717,185.850082,2026-09-10T13:57:13.192506+00:00,24,HIGH,true
3718,185.900082,2026-09-10T13:57:13.242505+00:00,24,HIGH,true
3719,185.950087,2026-09-10T13:57:13.292515+00:00,24,HIGH,true
3720,186.000085,2026-09-10T13:57:13.342508+00:00,24,HIGH,true
3721,186.050082,2026-09-10T13:57:13.392501+00:00,24,HIGH,true
3722,186.100079,2026-09-10T13:57:13.442499+00:00,24,HIGH,true
3723,186.150086,2026-09-10T13:57:13.492512+00:00,24,HIGH,true
3724,186.200085,2026-09-10T13:57:13.542508+00:00,24,HIGH,true
3725,186.250082,2026-09-10T13:57:13.592502+00:00,24,HIGH,true
3726,186.300079,2026-09-10T13:57:13.642496+00:00,24,HIGH,true
3727,186.350085,2026-09-10T13:57:13.692513+00:00,24,HIGH,true
3728,186.400085,2026-09-10T13:57:13.742510+00:00,24,HIGH,true
3729,186.450082,2026-09-10T13:57:13.792503+00:00,24,HIGH,true
3730,186.500080,2026-09-10T13:57:13.842499+00:00,24,HIGH,true
3731,186.550087,2026-09-10T13:57:13.892513+00:00,24,HIGH,true
3732,186.600086,2026-09-10T13:57:13.942511+00:00,24,HIGH,true
3733,186.650083,2026-09-10T13:57:13.992505+00:00,24,HIGH,true
3734,186.700080,2026-09-10T13:57:14.042499+00:00,24,HIGH,true
3735,186.750087,2026-09-10T13:57:14.092513+00:00,24,HIGH,true
3736,186.800084,2026-09-10T13:57:14.142509+00:00,24,HIGH,true
3737,186.850082,2026-09-10T13:57:14.192503+00:00,24,HIGH,true
3738,186.900080,2026-09-10T13:57:14.242497+00:00,24,HIGH,true
3739,186.950084,2026-09-10T13:57:14.292513+00:00,24,HIGH,true
3740,187.000085,2026-09-10T13:57:14.342509+00:00,24,HIGH,true
3741,187.050081,2026-09-10T13:57:14.392500+00:00,24,HIGH,true
3742,187.100080,2026-09-10T13:57:14.442498+00:00,24,HIGH,true
3743,187.150087,2026-09-10T13:57:14.492511+00:00,24,HIGH,true
3744,187.200085,2026-09-10T13:57:14.542512+00:00,24,HIGH,true
3745,187.250081,2026-09-10T13:57:14.592501+00:00,24,HIGH,true
3746,187.300079,2026-09-10T13:57:14.642496+00:00,24,HIGH,true
3747,187.350092,2026-09-10T13:57:14.692543+00:00,24,HIGH,true
3748,187.400091,2026-09-10T13:57:14.742523+00:00,24,HIGH,true
3749,187.450083,2026-09-10T13:57:14.792504+00:00,24,HIGH,true
3750,187.500081,2026-09-10T13:57:14.842499+00:00,24,HIGH,true
3751,187.550087,2026-09-10T13:57:14.892512+00:00,24,HIGH,true
3752,187.600086,2026-09-10T13:57:14.942510+00:00,24,HIGH,true
3753,187.650082,2026-09-10T13:57:14.992501+00:00,24,HIGH,true
3754,187.700080,2026-09-10T13:57:15.042497+00:00,24,HIGH,true
3755,187.750085,2026-09-10T13:57:15.092509+00:00,24,HIGH,true
3756,187.800086,2026-09-10T13:57:15.142515+00:00,24,HIGH,true
3757,187.850082,2026-09-10T13:57:15.192503+00:00,24,HIGH,true
3758,187.900080,2026-09-10T13:57:15.242496+00:00,24,HIGH,true
3759,187.950080,2026-09-10T13:57:15.292507+00:00,24,HIGH,true
3760,188.000086,2026-09-10T13:57:15.342512+00:00,24,HIGH,true
3761,188.050086,2026-09-10T13:57:15.392510+00:00,24,HIGH,true
3762,188.100095,2026-09-10T13:57:15.442563+00:00,24,HIGH,true
3763,188.150086,2026-09-10T13:57:15.492521+00:00,24,HIGH,true
3764,188.200083,2026-09-10T13:57:15.542506+00:00,24,HIGH,true
3765,188.250086,2026-09-10T13:57:15.592514+00:00,24,HIGH,true
3766,188.300085,2026-09-10T13:57:15.642510+00:00,24,HIGH,true
3767,188.350082,2026-09-10T13:57:15.692500+00:00,24,HIGH,true
3768,188.400079,2026-09-10T13:57:15.742496+00:00,24,HIGH,true
3769,188.450086,2026-09-10T13:57:15.792510+00:00,24,HIGH,true
3770,188.500085,2026-09-10T13:57:15.842509+00:00,24,HIGH,true
3771,188.550081,2026-09-10T13:57:15.892500+00:00,24,HIGH,true
3772,188.600079,2026-09-10T13:57:15.942496+00:00,24,HIGH,true
3773,188.650086,2026-09-10T13:57:15.992511+00:00,24,HIGH,true
3774,188.700086,2026-09-10T13:57:16.042509+00:00,24,HIGH,true
3775,188.750082,2026-09-10T13:57:16.092501+00:00,24,HIGH,true
3776,188.800096,2026-09-10T13:57:16.142613+00:00,24,HIGH,true
3777,188.850086,2026-09-10T13:57:16.192537+00:00,24,HIGH,true
3778,188.900087,2026-09-10T13:57:16.242517+00:00,24,HIGH,true
3779,188.950082,2026-09-10T13:57:16.292502+00:00,24,HIGH,true
3780,189.000081,2026-09-10T13:57:16.342501+00:00,24,HIGH,true
3781,189.050086,2026-09-10T13:57:16.392512+00:00,24,HIGH,true
3782,189.100086,2026-09-10T13:57:16.442510+00:00,24,HIGH,true
3783,189.150081,2026-09-10T13:57:16.492500+00:00,24,HIGH,true
3784,189.200080,2026-09-10T13:57:16.542499+00:00,24,HIGH,true
3785,189.250086,2026-09-10T13:57:16.592511+00:00,24,HIGH,true
3786,189.300085,2026-09-10T13:57:16.642510+00:00,24,HIGH,true
3787,189.350086,2026-09-10T13:57:16.692510+00:00,24,HIGH,true
3788,189.400081,2026-09-10T13:57:16.742500+00:00,24,HIGH,true
3789,189.450080,2026-09-10T13:57:16.792497+00:00,24,HIGH,true
3790,189.500085,2026-09-10T13:57:16.842509+00:00,24,HIGH,true
3791,189.550147,2026-09-10T13:57:16.892572+00:00,24,HIGH,true
3792,189.600081,2026-09-10T13:57:16.942500+00:00,24,HIGH,true
3793,189.650081,2026-09-10T13:57:16.992501+00:00,24,HIGH,true
3794,189.700086,2026-09-10T13:57:17.042512+00:00,24,HIGH,true
3795,189.750088,2026-09-10T13:57:17.092519+00:00,24,HIGH,true
3796,189.800083,2026-09-10T13:57:17.142507+00:00,24,HIGH,true
3797,189.850080,2026-09-10T13:57:17.192501+00:00,24,HIGH,true
3798,189.900085,2026-09-10T13:57:17.242512+00:00,24,HIGH,true
3799,189.950086,2026-09-10T13:57:17.292510+00:00,24,HIGH,true
3800,190.000081,2026-09-10T13:57:17.342503+00:00,24,HIGH,true
3801,190.050081,2026-09-10T13:57:17.392500+00:00,24,HIGH,true
3802,190.100086,2026-09-10T13:57:17.442514+00:00,24,HIGH,true
3803,190.150085,2026-09-10T13:57:17.492508+00:00,24,HIGH,true
3804,190.200081,2026-09-10T13:57:17.542500+00:00,24,HIGH,true
3805,190.250081,2026-09-10T13:57:17.592498+00:00,24,HIGH,true
3806,190.300086,2026-09-10T13:57:17.642511+00:00,24,HIGH,true
3807,190.350085,2026-09-10T13:57:17.692509+00:00,24,HIGH,true
3808,190.400081,2026-09-10T13:57:17.742500+00:00,24,HIGH,true
3809,190.450081,2026-09-10T13:57:17.792497+00:00,24,HIGH,true
3810,190.500085,2026-09-10T13:57:17.842510+00:00,24,HIGH,true
3811,190.550087,2026-09-10T13:57:17.892521+00:00,24,HIGH,true
3812,190.600081,2026-09-10T13:57:17.942503+00:00,24,HIGH,true
3813,190.650081,2026-09-10T13:57:17.992498+00:00,24,HIGH,true
3814,190.700084,2026-09-10T13:57:18.042509+00:00,24,HIGH,true
3815,190.750084,2026-09-10T13:57:18.092508+00:00,24,HIGH,true
3816,190.800080,2026-09-10T13:57:18.142500+00:00,24,HIGH,true
3817,190.850080,2026-09-10T13:57:18.192498+00:00,24,HIGH,true
3818,190.900086,2026-09-10T13:57:18.242513+00:00,24,HIGH,true
3819,190.950085,2026-09-10T13:57:18.292509+00:00,24,HIGH,true
3820,191.000081,2026-09-10T13:57:18.342501+00:00,24,HIGH,true
3821,191.050080,2026-09-10T13:57:18.392499+00:00,24,HIGH,true
3822,191.100085,2026-09-10T13:57:18.442513+00:00,24,HIGH,true
3823,191.150085,2026-09-10T13:57:18.492510+00:00,24,HIGH,true
3824,191.200081,2026-09-10T13:57:18.542502+00:00,24,HIGH,true
3825,191.250081,2026-09-10T13:57:18.592499+00:00,24,HIGH,true
3826,191.300086,2026-09-10T13:57:18.642513+00:00,24,HIGH,true
3827,191.350086,2026-09-10T13:57:18.692509+00:00,24,HIGH,true
3828,191.400081,2026-09-10T13:57:18.742502+00:00,24,HIGH,true
3829,191.450080,2026-09-10T13:57:18.792498+00:00,24,HIGH,true
3830,191.500085,2026-09-10T13:57:18.842513+00:00,24,HIGH,true
3831,191.550085,2026-09-10T13:57:18.892510+00:00,24,HIGH,true
3832,191.600098,2026-09-10T13:57:18.942614+00:00,24,HIGH,true
3833,191.650081,2026-09-10T13:57:18.992514+00:00,24,HIGH,true
3834,191.700081,2026-09-10T13:57:19.042503+00:00,24,HIGH,true
3835,191.750082,2026-09-10T13:57:19.092505+00:00,24,HIGH,true
3836,191.800100,2026-09-10T13:57:19.142591+00:00,24,HIGH,true
3837,191.850092,2026-09-10T13:57:19.192541+00:00,24,HIGH,true
3838,191.900083,2026-09-10T13:57:19.242511+00:00,24,HIGH,true
3839,191.950080,2026-09-10T13:57:19.292499+00:00,24,HIGH,true
3840,192.000085,2026-09-10T13:57:19.342513+00:00,24,HIGH,true
3841,192.050085,2026-09-10T13:57:19.392510+00:00,24,HIGH,true
3842,192.100081,2026-09-10T13:57:19.442504+00:00,24,HIGH,true
3843,192.150080,2026-09-10T13:57:19.492498+00:00,24,HIGH,true
3844,192.200085,2026-09-10T13:57:19.542512+00:00,24,HIGH,true
3845,192.250086,2026-09-10T13:57:19.592510+00:00,24,HIGH,true
3846,192.300082,2026-09-10T13:57:19.642520+00:00,24,HIGH,true
3847,192.350081,2026-09-10T13:57:19.692502+00:00,24,HIGH,true
3848,192.400085,2026-09-10T13:57:19.742516+00:00,24,HIGH,true
3849,192.450086,2026-09-10T13:57:19.792512+00:00,24,HIGH,true
3850,192.500080,2026-09-10T13:57:19.842500+00:00,24,HIGH,true
3851,192.550079,2026-09-10T13:57:19.892497+00:00,24,HIGH,true
3852,192.600083,2026-09-10T13:57:19.942509+00:00,24,HIGH,true
3853,192.650086,2026-09-10T13:57:19.992510+00:00,24,HIGH,true
3854,192.700081,2026-09-10T13:57:20.042501+00:00,24,HIGH,true
3855,192.750080,2026-09-10T13:57:20.092498+00:00,24,HIGH,true
3856,192.800086,2026-09-10T13:57:20.142513+00:00,24,HIGH,true
3857,192.850086,2026-09-10T13:57:20.192510+00:00,24,HIGH,true
3858,192.900081,2026-09-10T13:57:20.242502+00:00,24,HIGH,true
3859,192.950079,2026-09-10T13:57:20.292499+00:00,24,HIGH,true
3860,193.000086,2026-09-10T13:57:20.342513+00:00,24,HIGH,true
3861,193.050085,2026-09-10T13:57:20.392510+00:00,24,HIGH,true
3862,193.100081,2026-09-10T13:57:20.442504+00:00,24,HIGH,true
3863,193.150080,2026-09-10T13:57:20.492498+00:00,24,HIGH,true
3864,193.200085,2026-09-10T13:57:20.542511+00:00,24,HIGH,true
3865,193.250085,2026-09-10T13:57:20.592509+00:00,24,HIGH,true
3866,193.300081,2026-09-10T13:57:20.642503+00:00,24,HIGH,true
3867,193.350080,2026-09-10T13:57:20.692497+00:00,24,HIGH,true
3868,193.400085,2026-09-10T13:57:20.742511+00:00,24,HIGH,true
3869,193.450086,2026-09-10T13:57:20.792511+00:00,24,HIGH,true
3870,193.500081,2026-09-10T13:57:20.842501+00:00,24,HIGH,true
3871,193.550080,2026-09-10T13:57:20.892498+00:00,24,HIGH,true
3872,193.600085,2026-09-10T13:57:20.942510+00:00,24,HIGH,true
3873,193.650085,2026-09-10T13:57:20.992509+00:00,24,HIGH,true
3874,193.700080,2026-09-10T13:57:21.042499+00:00,24,HIGH,true
3875,193.750079,2026-09-10T13:57:21.092496+00:00,24,HIGH,true
3876,193.800086,2026-09-10T13:57:21.142513+00:00,24,HIGH,true
3877,193.850087,2026-09-10T13:57:21.192510+00:00,24,HIGH,true
3878,193.900081,2026-09-10T13:57:21.242499+00:00,24,HIGH,true
3879,193.950080,2026-09-10T13:57:21.292498+00:00,24,HIGH,true
3880,194.000085,2026-09-10T13:57:21.342511+00:00,24,HIGH,true
3881,194.050086,2026-09-10T13:57:21.392512+00:00,24,HIGH,true
3882,194.100082,2026-09-10T13:57:21.442503+00:00,24,HIGH,true
3883,194.150080,2026-09-10T13:57:21.492497+00:00,24,HIGH,true
3884,194.200086,2026-09-10T13:57:21.542513+00:00,24,HIGH,true
3885,194.250086,2026-09-10T13:57:21.592510+00:00,24,HIGH,true
3886,194.300080,2026-09-10T13:57:21.642499+00:00,24,HIGH,true
3887,194.350080,2026-09-10T13:57:21.692497+00:00,24,HIGH,true
3888,194.400085,2026-09-10T13:57:21.742512+00:00,24,HIGH,true
3889,194.450087,2026-09-10T13:57:21.792512+00:00,24,HIGH,true
3890,194.500080,2026-09-10T13:57:21.842499+00:00,24,HIGH,true
3891,194.550080,2026-09-10T13:57:21.892498+00:00,24,HIGH,true
3892,194.600086,2026-09-10T13:57:21.942514+00:00,24,HIGH,true
3893,194.650085,2026-09-10T13:57:21.992510+00:00,24,HIGH,true
3894,194.700080,2026-09-10T13:57:22.042499+00:00,24,HIGH,true
3895,194.750081,2026-09-10T13:57:22.092498+00:00,24,HIGH,true
3896,194.800110,2026-09-10T13:57:22.142644+00:00,24,HIGH,true
3897,194.850091,2026-09-10T13:57:22.192531+00:00,24,HIGH,true
3898,194.900081,2026-09-10T13:57:22.242503+00:00,24,HIGH,true
3899,194.950080,2026-09-10T13:57:22.292499+00:00,24,HIGH,true
3900,195.000087,2026-09-10T13:57:22.342518+00:00,24,HIGH,true
3901,195.050086,2026-09-10T13:57:22.392513+00:00,24,HIGH,true
3902,195.100082,2026-09-10T13:57:22.442504+00:00,24,HIGH,true
3903,195.150081,2026-09-10T13:57:22.492500+00:00,24,HIGH,true
3904,195.200085,2026-09-10T13:57:22.542512+00:00,24,HIGH,true
3905,195.250086,2026-09-10T13:57:22.592509+00:00,24,HIGH,true
3906,195.300082,2026-09-10T13:57:22.642501+00:00,24,HIGH,true
3907,195.350081,2026-09-10T13:57:22.692497+00:00,24,HIGH,true
3908,195.400086,2026-09-10T13:57:22.742513+00:00,24,HIGH,true
3909,195.450086,2026-09-10T13:57:22.792510+00:00,24,HIGH,true
3910,195.500081,2026-09-10T13:57:22.842499+00:00,24,HIGH,true
3911,195.550079,2026-09-10T13:57:22.892496+00:00,24,HIGH,true
3912,195.600085,2026-09-10T13:57:22.942510+00:00,24,HIGH,true
3913,195.650087,2026-09-10T13:57:22.992511+00:00,24,HIGH,true
3914,195.700081,2026-09-10T13:57:23.042501+00:00,24,HIGH,true
3915,195.750080,2026-09-10T13:57:23.092497+00:00,24,HIGH,true
3916,195.800088,2026-09-10T13:57:23.142521+00:00,24,HIGH,true
3917,195.850086,2026-09-10T13:57:23.192511+00:00,24,HIGH,true
3918,195.900097,2026-09-10T13:57:23.242620+00:00,24,HIGH,true
3919,195.950081,2026-09-10T13:57:23.292512+00:00,24,HIGH,true
3920,196.000101,2026-09-10T13:57:23.342534+00:00,24,HIGH,true
3921,196.050086,2026-09-10T13:57:23.392512+00:00,24,HIGH,true
3922,196.100081,2026-09-10T13:57:23.442501+00:00,24,HIGH,true
3923,196.150080,2026-09-10T13:57:23.492500+00:00,24,HIGH,true
3924,196.200085,2026-09-10T13:57:23.542512+00:00,24,HIGH,true
3925,196.250087,2026-09-10T13:57:23.592511+00:00,24,HIGH,true
3926,196.300081,2026-09-10T13:57:23.642500+00:00,24,HIGH,true
3927,196.350081,2026-09-10T13:57:23.692499+00:00,24,HIGH,true
3928,196.400086,2026-09-10T13:57:23.742511+00:00,24,HIGH,true
3929,196.450086,2026-09-10T13:57:23.792508+00:00,24,HIGH,true
3930,196.500081,2026-09-10T13:57:23.842500+00:00,24,HIGH,true
3931,196.550080,2026-09-10T13:57:23.892496+00:00,24,HIGH,true
3932,196.600086,2026-09-10T13:57:23.942512+00:00,24,HIGH,true
3933,196.650086,2026-09-10T13:57:23.992512+00:00,24,HIGH,true
