sample_index,timestamp_utc,elapsed_s,phase,a0_voltage_v,pressure_emulator_bar,a1_voltage_v,flow_emulator_l_min,gpio24_raw_level,estop_active,permit_requested,trip_latched,gpio23_command_high,event
0,2026-09-11T21:08:32.479902+00:00,0.006995,boot_safe,-0.144000,-0.43610,-0.144000,-0.87273,HIGH,true,false,true,false,logger_started_output_safe
1,2026-09-11T21:08:32.573160+00:00,0.100360,boot_safe,-0.144000,-0.43610,-0.144000,-0.87273,HIGH,true,false,true,false,
2,2026-09-11T21:08:32.673093+00:00,0.200293,boot_safe,-0.144000,-0.43610,-0.144000,-0.87273,HIGH,true,false,true,false,
3,2026-09-11T21:08:32.773077+00:00,0.300282,boot_safe,-0.144000,-0.43610,-0.142000,-0.86061,HIGH,true,false,true,false,
4,2026-09-11T21:08:32.873100+00:00,0.400284,boot_safe,-0.144000,-0.43610,-0.144000,-0.87273,HIGH,true,false,true,false,
5,2026-09-11T21:08:32.973096+00:00,0.500294,boot_safe,-0.144000,-0.43610,-0.144000,-0.87273,HIGH,true,false,true,false,
6,2026-09-11T21:08:33.073088+00:00,0.600287,boot_safe,-0.144000,-0.43610,-0.144000,-0.87273,HIGH,true,false,true,false,
7,2026-09-11T21:08:33.173087+00:00,0.700282,boot_safe,-0.146000,-0.44216,-0.144000,-0.87273,HIGH,true,false,true,false,
8,2026-09-11T21:08:33.273093+00:00,0.800280,boot_safe,-0.144000,-0.43610,-0.142000,-0.86061,HIGH,true,false,true,false,
9,2026-09-11T21:08:33.373089+00:00,0.900293,boot_safe,-0.142000,-0.43004,-0.144000,-0.87273,HIGH,true,false,true,false,
10,2026-09-11T21:08:33.473082+00:00,1.000288,boot_safe,-0.144000,-0.43610,-0.144000,-0.87273,HIGH,true,false,true,false,
11,2026-09-11T21:08:33.573104+00:00,1.100288,boot_safe,-0.144000,-0.43610,-0.146000,-0.88485,HIGH,true,false,true,false,
12,2026-09-11T21:08:33.673076+00:00,1.200279,boot_safe,-0.144000,-0.43610,-0.142000,-0.86061,HIGH,true,false,true,false,
13,2026-09-11T21:08:33.773085+00:00,1.300287,boot_safe,-0.144000,-0.43610,-0.144000,-0.87273,HIGH,true,false,true,false,
14,2026-09-11T21:08:33.873078+00:00,1.400281,boot_safe,-0.144000,-0.43610,-0.144000,-0.87273,HIGH,true,false,true,false,
15,2026-09-11T21:08:33.973086+00:00,1.500281,boot_safe,-0.144000,-0.43610,-0.144000,-0.87273,HIGH,true,false,true,false,
16,2026-09-11T21:08:34.073067+00:00,1.600274,boot_safe,-0.144000,-0.43610,-0.144000,-0.87273,HIGH,true,false,true,false,
17,2026-09-11T21:08:34.173055+00:00,1.700282,boot_safe,-0.144000,-0.43610,-0.144000,-0.87273,HIGH,true,false,true,false,
18,2026-09-11T21:08:34.273068+00:00,1.800272,boot_safe,-0.144000,-0.43610,-0.144000,-0.87273,HIGH,true,false,true,false,
19,2026-09-11T21:08:34.373051+00:00,1.900276,boot_safe,-0.144000,-0.43610,-0.142000,-0.86061,HIGH,true,false,true,false,
20,2026-09-11T21:08:34.473018+00:00,2.000273,boot_safe,-0.146000,-0.44216,-0.142000,-0.86061,HIGH,true,false,true,false,
21,2026-09-11T21:08:34.572877+00:00,2.100199,boot_safe,-0.144000,-0.43610,-0.144000,-0.87273,HIGH,true,false,true,false,
22,2026-09-11T21:08:34.672870+00:00,2.200187,boot_safe,-0.144000,-0.43610,-0.144000,-0.87273,HIGH,true,false,true,false,
23,2026-09-11T21:08:34.772876+00:00,2.300185,boot_safe,-0.144000,-0.43610,-0.144000,-0.87273,HIGH,true,false,true,false,
24,2026-09-11T21:08:34.872866+00:00,2.400183,boot_safe,-0.144000,-0.43610,-0.144000,-0.87273,HIGH,true,false,true,false,
25,2026-09-11T21:08:34.972855+00:00,2.500177,boot_safe,-0.144000,-0.43610,-0.142000,-0.86061,HIGH,true,false,true,false,
26,2026-09-11T21:08:35.072860+00:00,2.600181,boot_safe,-0.144000,-0.43610,-0.144000,-0.87273,HIGH,true,false,true,false,
27,2026-09-11T21:08:35.172869+00:00,2.700182,boot_safe,-0.148000,-0.44821,-0.140000,-0.84848,HIGH,true,false,true,false,
28,2026-09-11T21:08:35.273005+00:00,2.800261,boot_safe,-0.144000,-0.43610,-0.144000,-0.87273,HIGH,true,false,true,false,
29,2026-09-11T21:08:35.372968+00:00,2.900247,boot_safe,-0.144000,-0.43610,-0.144000,-0.87273,HIGH,true,false,true,false,
30,2026-09-11T21:08:35.472876+00:00,3.000199,boot_safe,-0.144000,-0.43610,-0.144000,-0.87273,HIGH,true,false,true,false,
31,2026-09-11T21:08:35.572888+00:00,3.100201,boot_safe,-0.144000,-0.43610,-0.144000,-0.87273,HIGH,true,false,true,false,
32,2026-09-11T21:08:35.672877+00:00,3.200191,boot_safe,-0.144000,-0.43610,-0.144000,-0.87273,HIGH,true,false,true,false,
33,2026-09-11T21:08:35.772902+00:00,3.300203,boot_safe,-0.144000,-0.43610,-0.144000,-0.87273,HIGH,true,false,true,false,
34,2026-09-11T21:08:35.872873+00:00,3.400187,boot_safe,-0.144000,-0.43610,-0.144000,-0.87273,HIGH,true,false,true,false,
35,2026-09-11T21:08:35.972861+00:00,3.500180,boot_safe,-0.144000,-0.43610,-0.144000,-0.87273,HIGH,true,false,true,false,
36,2026-09-11T21:08:36.072854+00:00,3.600176,boot_safe,-0.144000,-0.43610,-0.144000,-0.87273,HIGH,true,false,true,false,
37,2026-09-11T21:08:36.172860+00:00,3.700177,boot_safe,-0.144000,-0.43610,-0.144000,-0.87273,HIGH,true,false,true,false,
38,2026-09-11T21:08:36.272856+00:00,3.800177,boot_safe,-0.144000,-0.43610,-0.144000,-0.87273,HIGH,true,false,true,false,
39,2026-09-11T21:08:36.372865+00:00,3.900179,boot_safe,-0.144000,-0.43610,-0.144000,-0.87273,HIGH,true,false,true,false,
40,2026-09-11T21:08:36.472864+00:00,4.000181,boot_safe,-0.146000,-0.44216,-0.142000,-0.86061,HIGH,true,false,true,false,
41,2026-09-11T21:08:36.572868+00:00,4.100182,boot_safe,-0.146000,-0.44216,-0.144000,-0.87273,HIGH,true,false,true,false,
42,2026-09-11T21:08:36.672857+00:00,4.200179,boot_safe,-0.144000,-0.43610,-0.142000,-0.86061,HIGH,true,false,true,false,
43,2026-09-11T21:08:36.774413+00:00,4.300322,boot_safe,-0.144000,-0.43610,-0.144000,-0.87273,HIGH,true,false,true,false,
44,2026-09-11T21:08:36.874161+00:00,4.400314,boot_safe,-0.142000,-0.43004,-0.146000,-0.88485,HIGH,true,false,true,false,
45,2026-09-11T21:08:36.974952+00:00,4.500699,estop_latched_red_on_green_off_k1_off,-0.142000,-0.43004,-0.144000,-0.87273,HIGH,true,false,true,false,mark:estop_latched_red_on_green_off_k1_off
46,2026-09-11T21:08:37.074440+00:00,4.600429,estop_latched_red_on_green_off_k1_off,-0.142000,-0.43004,-0.144000,-0.87273,HIGH,true,false,true,false,
47,2026-09-11T21:08:37.174547+00:00,4.700398,estop_latched_red_on_green_off_k1_off,-0.146000,-0.44216,-0.144000,-0.87273,HIGH,true,false,true,false,
48,2026-09-11T21:08:37.274497+00:00,4.800519,estop_latched_red_on_green_off_k1_off,-0.144000,-0.43610,-0.142000,-0.86061,HIGH,true,false,true,false,
49,2026-09-11T21:08:37.374534+00:00,4.900382,estop_latched_red_on_green_off_k1_off,-0.144000,-0.43610,-0.144000,-0.87273,HIGH,true,false,true,false,
50,2026-09-11T21:08:37.474398+00:00,5.000412,estop_latched_red_on_green_off_k1_off,-0.144000,-0.43610,-0.144000,-0.87273,HIGH,true,false,true,false,
51,2026-09-11T21:08:37.574698+00:00,5.100425,estop_latched_red_on_green_off_k1_off,-0.144000,-0.43610,-0.144000,-0.87273,HIGH,true,false,true,false,
52,2026-09-11T21:08:37.674549+00:00,5.200427,estop_latched_red_on_green_off_k1_off,-0.144000,-0.43610,-0.144000,-0.87273,HIGH,true,false,true,false,
53,2026-09-11T21:08:37.774540+00:00,5.300390,estop_latched_red_on_green_off_k1_off,-0.144000,-0.43610,-0.144000,-0.87273,HIGH,true,false,true,false,
54,2026-09-11T21:08:37.874451+00:00,5.400419,estop_latched_red_on_green_off_k1_off,-0.144000,-0.43610,-0.144000,-0.87273,HIGH,true,false,true,false,
55,2026-09-11T21:08:37.974577+00:00,5.500396,estop_latched_red_on_green_off_k1_off,-0.144000,-0.43610,-0.144000,-0.87273,HIGH,true,false,true,false,
56,2026-09-11T21:08:38.074421+00:00,5.600427,estop_latched_red_on_green_off_k1_off,-0.144000,-0.43610,-0.144000,-0.87273,HIGH,true,false,true,false,
57,2026-09-11T21:08:38.174277+00:00,5.700385,estop_latched_red_on_green_off_k1_off,-0.144000,-0.43610,-0.144000,-0.87273,HIGH,true,false,true,false,
58,2026-09-11T21:08:38.274313+00:00,5.800384,estop_latched_red_on_green_off_k1_off,-0.144000,-0.43610,-0.144000,-0.87273,HIGH,true,false,true,false,
59,2026-09-11T21:08:38.374321+00:00,5.900376,estop_latched_red_on_green_off_k1_off,-0.144000,-0.43610,-0.144000,-0.87273,HIGH,true,false,true,false,
60,2026-09-11T21:08:38.474296+00:00,6.000380,estop_latched_red_on_green_off_k1_off,-0.144000,-0.43610,-0.144000,-0.87273,HIGH,true,false,true,false,
61,2026-09-11T21:08:38.574388+00:00,6.100412,estop_latched_red_on_green_off_k1_off,-0.146000,-0.44216,-0.146000,-0.88485,HIGH,true,false,true,false,
62,2026-09-11T21:08:38.674545+00:00,6.200382,estop_latched_red_on_green_off_k1_off,-0.146000,-0.44216,-0.144000,-0.87273,HIGH,true,false,true,false,
63,2026-09-11T21:08:38.774345+00:00,6.300411,estop_latched_red_on_green_off_k1_off,-0.144000,-0.43610,-0.144000,-0.87273,HIGH,true,false,true,false,
64,2026-09-11T21:08:38.874289+00:00,6.400297,estop_latched_red_on_green_off_k1_off,-0.144000,-0.43610,-0.142000,-0.86061,HIGH,true,false,true,false,
65,2026-09-11T21:08:38.974151+00:00,6.500311,estop_latched_red_on_green_off_k1_off,-0.144000,-0.43610,-0.144000,-0.87273,HIGH,true,false,true,false,
66,2026-09-11T21:08:39.074255+00:00,6.600278,estop_latched_red_on_green_off_k1_off,-0.144000,-0.43610,-0.144000,-0.87273,HIGH,true,false,true,false,
67,2026-09-11T21:08:39.174300+00:00,6.700308,estop_latched_red_on_green_off_k1_off,-0.144000,-0.43610,-0.144000,-0.87273,HIGH,true,false,true,false,
68,2026-09-11T21:08:39.274307+00:00,6.800295,estop_latched_red_on_green_off_k1_off,-0.146000,-0.44216,-0.144000,-0.87273,HIGH,true,false,true,false,
69,2026-09-11T21:08:39.374303+00:00,6.900358,estop_latched_red_on_green_off_k1_off,-0.144000,-0.43610,-0.142000,-0.86061,HIGH,true,false,true,false,
70,2026-09-11T21:08:39.474199+00:00,7.000322,estop_latched_red_on_green_off_k1_off,-0.144000,-0.43610,-0.144000,-0.87273,HIGH,true,false,true,false,
71,2026-09-11T21:08:39.574285+00:00,7.100344,estop_latched_red_on_green_off_k1_off,-0.146000,-0.44216,-0.146000,-0.88485,HIGH,true,false,true,false,
72,2026-09-11T21:08:39.674416+00:00,7.200324,estop_latched_red_on_green_off_k1_off,-0.146000,-0.44216,-0.146000,-0.88485,HIGH,true,false,true,false,
73,2026-09-11T21:08:39.774221+00:00,7.300284,estop_latched_red_on_green_off_k1_off,-0.144000,-0.43610,-0.144000,-0.87273,HIGH,true,false,true,false,
74,2026-09-11T21:08:39.874431+00:00,7.400313,estop_latched_red_on_green_off_k1_off,-0.146000,-0.44216,-0.144000,-0.87273,HIGH,true,false,true,false,
75,2026-09-11T21:08:39.974446+00:00,7.500325,estop_latched_red_on_green_off_k1_off,-0.144000,-0.43610,-0.146000,-0.88485,HIGH,true,false,true,false,
76,2026-09-11T21:08:40.074211+00:00,7.600281,estop_latched_red_on_green_off_k1_off,-0.144000,-0.43610,-0.142000,-0.86061,HIGH,true,false,true,false,
77,2026-09-11T21:08:40.174280+00:00,7.700307,estop_latched_red_on_green_off_k1_off,-0.140000,-0.42399,-0.146000,-0.88485,HIGH,true,false,true,false,
78,2026-09-11T21:08:40.274135+00:00,7.800276,estop_latched_red_on_green_off_k1_off,-0.144000,-0.43610,-0.144000,-0.87273,HIGH,true,false,true,false,
79,2026-09-11T21:08:40.374285+00:00,7.900307,estop_latched_red_on_green_off_k1_off,-0.144000,-0.43610,-0.142000,-0.86061,HIGH,true,false,true,false,
80,2026-09-11T21:08:40.474405+00:00,8.000423,estop_latched_red_on_green_off_k1_off,-0.144000,-0.43610,-0.144000,-0.87273,HIGH,true,false,true,false,
81,2026-09-11T21:08:40.574398+00:00,8.100330,estop_latched_red_on_green_off_k1_off,-0.142000,-0.43004,-0.144000,-0.87273,HIGH,true,false,true,false,
82,2026-09-11T21:08:40.674368+00:00,8.200305,estop_latched_red_on_green_off_k1_off,-0.144000,-0.43610,-0.144000,-0.87273,HIGH,true,false,true,false,
83,2026-09-11T21:08:40.774354+00:00,8.300299,estop_latched_red_on_green_off_k1_off,-0.144000,-0.43610,-0.144000,-0.87273,HIGH,true,false,true,false,
84,2026-09-11T21:08:40.874282+00:00,8.400310,estop_latched_red_on_green_off_k1_off,-0.144000,-0.43610,-0.142000,-0.86061,HIGH,true,false,true,false,
85,2026-09-11T21:08:40.974127+00:00,8.500279,estop_latched_red_on_green_off_k1_off,-0.140000,-0.42399,-0.146000,-0.88485,HIGH,true,false,true,false,
86,2026-09-11T21:08:41.074285+00:00,8.600310,estop_latched_red_on_green_off_k1_off,-0.136000,-0.41187,-0.138000,-0.83636,HIGH,true,false,true,false,
87,2026-09-11T21:08:41.174130+00:00,8.700279,estop_latched_red_on_green_off_k1_off,-0.148000,-0.44821,-0.146000,-0.88485,HIGH,true,false,true,false,
88,2026-09-11T21:08:41.274272+00:00,8.800303,estop_latched_red_on_green_off_k1_off,-0.148000,-0.44821,-0.146000,-0.88485,HIGH,true,false,true,false,
89,2026-09-11T21:08:41.374313+00:00,8.900376,estop_latched_red_on_green_off_k1_off,-0.140000,-0.42399,-0.140000,-0.84848,HIGH,true,false,true,false,
90,2026-09-11T21:08:41.474298+00:00,9.000324,estop_latched_red_on_green_off_k1_off,-0.144000,-0.43610,-0.144000,-0.87273,HIGH,true,false,true,false,
91,2026-09-11T21:08:41.574134+00:00,9.100280,estop_latched_red_on_green_off_k1_off,-0.144000,-0.43610,-0.144000,-0.87273,HIGH,true,false,true,false,
92,2026-09-11T21:08:41.674349+00:00,9.200313,estop_latched_red_on_green_off_k1_off,-0.144000,-0.43610,-0.144000,-0.87273,HIGH,true,false,true,false,
93,2026-09-11T21:08:41.774122+00:00,9.300277,estop_latched_red_on_green_off_k1_off,-0.142000,-0.43004,-0.142000,-0.86061,HIGH,true,false,true,false,
94,2026-09-11T21:08:41.874376+00:00,9.400316,estop_latched_red_on_green_off_k1_off,-0.140000,-0.42399,-0.144000,-0.87273,HIGH,true,false,true,false,
95,2026-09-11T21:08:41.974042+00:00,9.500277,estop_latched_red_on_green_off_k1_off,-0.140000,-0.42399,-0.148000,-0.89697,HIGH,true,false,true,false,
96,2026-09-11T21:08:42.074403+00:00,9.600330,estop_latched_red_on_green_off_k1_off,-0.144000,-0.43610,-0.146000,-0.88485,HIGH,true,false,true,false,
97,2026-09-11T21:08:42.174059+00:00,9.700284,estop_latched_red_on_green_off_k1_off,-0.144000,-0.43610,-0.144000,-0.87273,HIGH,true,false,true,false,
98,2026-09-11T21:08:42.274436+00:00,9.800307,estop_latched_red_on_green_off_k1_off,-0.144000,-0.43610,-0.144000,-0.87273,HIGH,true,false,true,false,
99,2026-09-11T21:08:42.374063+00:00,9.900288,estop_latched_red_on_green_off_k1_off,-0.144000,-0.43610,-0.144000,-0.87273,HIGH,true,false,true,false,
100,2026-09-11T21:08:42.474359+00:00,10.000309,estop_latched_red_on_green_off_k1_off,-0.144000,-0.43610,-0.142000,-0.86061,HIGH,true,false,true,false,
101,2026-09-11T21:08:42.574043+00:00,10.100280,estop_latched_red_on_green_off_k1_off,-0.144000,-0.43610,-0.144000,-0.87273,HIGH,true,false,true,false,
102,2026-09-11T21:08:42.674601+00:00,10.200377,estop_latched_red_on_green_off_k1_off,-0.146000,-0.44216,-0.146000,-0.88485,HIGH,true,false,true,false,
103,2026-09-11T21:08:42.774089+00:00,10.300305,estop_latched_red_on_green_off_k1_off,-0.148000,-0.44821,-0.148000,-0.89697,HIGH,true,false,true,false,
104,2026-09-11T21:08:42.874367+00:00,10.400315,estop_latched_red_on_green_off_k1_off,-0.140000,-0.42399,-0.146000,-0.88485,HIGH,true,false,true,false,
105,2026-09-11T21:08:42.974087+00:00,10.500294,estop_latched_red_on_green_off_k1_off,-0.142000,-0.43004,-0.144000,-0.87273,HIGH,true,false,true,false,
106,2026-09-11T21:08:43.074357+00:00,10.600312,estop_latched_red_on_green_off_k1_off,-0.146000,-0.44216,-0.144000,-0.87273,HIGH,true,false,true,false,
107,2026-09-11T21:08:43.174091+00:00,10.700285,estop_latched_red_on_green_off_k1_off,-0.144000,-0.43610,-0.144000,-0.87273,HIGH,true,false,true,false,
108,2026-09-11T21:08:43.274367+00:00,10.800317,estop_latched_red_on_green_off_k1_off,-0.144000,-0.43610,-0.144000,-0.87273,HIGH,true,false,true,false,
109,2026-09-11T21:08:43.374062+00:00,10.900283,estop_latched_red_on_green_off_k1_off,-0.146000,-0.44216,-0.140000,-0.84848,HIGH,true,false,true,false,
110,2026-09-11T21:08:43.474354+00:00,11.000307,estop_latched_red_on_green_off_k1_off,-0.144000,-0.43610,-0.144000,-0.87273,HIGH,true,false,true,false,
111,2026-09-11T21:08:43.574121+00:00,11.100310,estop_latched_red_on_green_off_k1_off,-0.140000,-0.42399,-0.144000,-0.87273,HIGH,true,false,true,false,
112,2026-09-11T21:08:43.674362+00:00,11.200311,estop_latched_red_on_green_off_k1_off,-0.144000,-0.43610,-0.144000,-0.87273,HIGH,true,false,true,false,
113,2026-09-11T21:08:43.774062+00:00,11.300278,estop_latched_red_on_green_off_k1_off,-0.144000,-0.43610,-0.146000,-0.88485,HIGH,true,false,true,false,
114,2026-09-11T21:08:43.874365+00:00,11.400310,estop_latched_red_on_green_off_k1_off,-0.144000,-0.43610,-0.144000,-0.87273,HIGH,true,false,true,false,
115,2026-09-11T21:08:43.974074+00:00,11.500290,estop_latched_red_on_green_off_k1_off,-0.144000,-0.43610,-0.146000,-0.88485,HIGH,true,false,true,false,
116,2026-09-11T21:08:44.074386+00:00,11.600316,estop_latched_red_on_green_off_k1_off,-0.144000,-0.43610,-0.144000,-0.87273,HIGH,true,false,true,false,
117,2026-09-11T21:08:44.174058+00:00,11.700285,estop_latched_red_on_green_off_k1_off,-0.144000,-0.43610,-0.144000,-0.87273,HIGH,true,false,true,false,
118,2026-09-11T21:08:44.274363+00:00,11.800311,estop_latched_red_on_green_off_k1_off,-0.146000,-0.44216,-0.140000,-0.84848,HIGH,true,false,true,false,
119,2026-09-11T21:08:44.374064+00:00,11.900281,estop_latched_red_on_green_off_k1_off,-0.140000,-0.42399,-0.144000,-0.87273,HIGH,true,false,true,false,
120,2026-09-11T21:08:44.474387+00:00,12.000322,estop_latched_red_on_green_off_k1_off,-0.140000,-0.42399,-0.140000,-0.84848,HIGH,true,false,true,false,
121,2026-09-11T21:08:44.574316+00:00,12.100432,estop_latched_red_on_green_off_k1_off,-0.146000,-0.44216,-0.144000,-0.87273,HIGH,true,false,true,false,
122,2026-09-11T21:08:44.674511+00:00,12.200391,estop_latched_red_on_green_off_k1_off,-0.146000,-0.44216,-0.144000,-0.87273,HIGH,true,false,true,false,
123,2026-09-11T21:08:44.774101+00:00,12.300307,estop_latched_red_on_green_off_k1_off,-0.144000,-0.43610,-0.144000,-0.87273,HIGH,true,false,true,false,
124,2026-09-11T21:08:44.874528+00:00,12.400395,estop_latched_red_on_green_off_k1_off,-0.144000,-0.43610,-0.144000,-0.87273,HIGH,true,false,true,false,
125,2026-09-11T21:08:44.974095+00:00,12.500305,estop_latched_red_on_green_off_k1_off,-0.144000,-0.43610,-0.144000,-0.87273,HIGH,true,false,true,false,
126,2026-09-11T21:08:45.074367+00:00,12.600314,estop_latched_red_on_green_off_k1_off,-0.144000,-0.43610,-0.144000,-0.87273,HIGH,true,false,true,false,
127,2026-09-11T21:08:45.174100+00:00,12.700302,estop_latched_red_on_green_off_k1_off,-0.142000,-0.43004,-0.144000,-0.87273,HIGH,true,false,true,false,
128,2026-09-11T21:08:45.274376+00:00,12.800319,estop_latched_red_on_green_off_k1_off,-0.144000,-0.43610,-0.142000,-0.86061,HIGH,true,false,true,false,
129,2026-09-11T21:08:45.374116+00:00,12.900308,estop_latched_red_on_green_off_k1_off,-0.146000,-0.44216,-0.144000,-0.87273,HIGH,true,false,true,false,
130,2026-09-11T21:08:45.474506+00:00,13.000386,estop_latched_red_on_green_off_k1_off,-0.144000,-0.43610,-0.146000,-0.88485,HIGH,true,false,true,false,
131,2026-09-11T21:08:45.574089+00:00,13.100305,estop_latched_red_on_green_off_k1_off,-0.144000,-0.43610,-0.144000,-0.87273,HIGH,true,false,true,false,
132,2026-09-11T21:08:45.674415+00:00,13.200341,estop_latched_red_on_green_off_k1_off,-0.144000,-0.43610,-0.144000,-0.87273,HIGH,true,false,true,false,
133,2026-09-11T21:08:45.774064+00:00,13.300288,estop_latched_red_on_green_off_k1_off,-0.144000,-0.43610,-0.142000,-0.86061,HIGH,true,false,true,false,
134,2026-09-11T21:08:45.874404+00:00,13.400333,estop_latched_red_on_green_off_k1_off,-0.144000,-0.43610,-0.144000,-0.87273,HIGH,true,false,true,false,
135,2026-09-11T21:08:45.974302+00:00,13.500436,estop_latched_red_on_green_off_k1_off,-0.146000,-0.44216,-0.144000,-0.87273,HIGH,true,false,true,false,
136,2026-09-11T21:08:46.074390+00:00,13.600330,estop_latched_red_on_green_off_k1_off,-0.140000,-0.42399,-0.144000,-0.87273,HIGH,true,false,true,false,
137,2026-09-11T21:08:46.174069+00:00,13.700285,estop_latched_red_on_green_off_k1_off,-0.144000,-0.43610,-0.144000,-0.87273,HIGH,true,false,true,false,
138,2026-09-11T21:08:46.274412+00:00,13.800333,estop_latched_red_on_green_off_k1_off,-0.144000,-0.43610,-0.144000,-0.87273,HIGH,true,false,true,false,
139,2026-09-11T21:08:46.374085+00:00,13.900294,estop_latched_red_on_green_off_k1_off,-0.144000,-0.43610,-0.144000,-0.87273,HIGH,true,false,true,false,
140,2026-09-11T21:08:46.474385+00:00,14.000319,estop_latched_red_on_green_off_k1_off,-0.144000,-0.43610,-0.144000,-0.87273,HIGH,true,false,true,false,
141,2026-09-11T21:08:46.574064+00:00,14.100283,estop_latched_red_on_green_off_k1_off,-0.144000,-0.43610,-0.144000,-0.87273,HIGH,true,false,true,false,
142,2026-09-11T21:08:46.674357+00:00,14.200308,estop_latched_red_on_green_off_k1_off,-0.144000,-0.43610,-0.144000,-0.87273,HIGH,true,false,true,false,
143,2026-09-11T21:08:46.774085+00:00,14.300293,estop_latched_red_on_green_off_k1_off,-0.144000,-0.43610,-0.144000,-0.87273,HIGH,true,false,true,false,
144,2026-09-11T21:08:46.874367+00:00,14.400310,estop_latched_red_on_green_off_k1_off,-0.144000,-0.43610,-0.144000,-0.87273,HIGH,true,false,true,false,
145,2026-09-11T21:08:46.974068+00:00,14.500286,estop_latched_red_on_green_off_k1_off,-0.144000,-0.43610,-0.144000,-0.87273,HIGH,true,false,true,false,
146,2026-09-11T21:08:47.074361+00:00,14.600307,estop_latched_red_on_green_off_k1_off,-0.144000,-0.43610,-0.144000,-0.87273,HIGH,true,false,true,false,
147,2026-09-11T21:08:47.174072+00:00,14.700283,estop_latched_red_on_green_off_k1_off,-0.144000,-0.43610,-0.144000,-0.87273,HIGH,true,false,true,false,
148,2026-09-11T21:08:47.274361+00:00,14.800310,estop_latched_red_on_green_off_k1_off,-0.140000,-0.42399,-0.144000,-0.87273,HIGH,true,false,true,false,
149,2026-09-11T21:08:47.374062+00:00,14.900282,estop_latched_red_on_green_off_k1_off,-0.144000,-0.43610,-0.144000,-0.87273,HIGH,true,false,true,false,
150,2026-09-11T21:08:47.474365+00:00,15.000311,estop_latched_red_on_green_off_k1_off,-0.144000,-0.43610,-0.146000,-0.88485,HIGH,true,false,true,false,
151,2026-09-11T21:08:47.574123+00:00,15.100318,estop_latched_red_on_green_off_k1_off,-0.142000,-0.43004,-0.144000,-0.87273,HIGH,true,false,true,false,
152,2026-09-11T21:08:47.674375+00:00,15.200320,estop_latched_red_on_green_off_k1_off,-0.142000,-0.43004,-0.146000,-0.88485,HIGH,true,false,true,false,
153,2026-09-11T21:08:47.774187+00:00,15.300350,estop_latched_red_on_green_off_k1_off,-0.144000,-0.43610,-0.144000,-0.87273,HIGH,true,false,true,false,
154,2026-09-11T21:08:47.874438+00:00,15.400323,estop_latched_red_on_green_off_k1_off,-0.144000,-0.43610,-0.144000,-0.87273,HIGH,true,false,true,false,
155,2026-09-11T21:08:47.974510+00:00,15.500384,estop_latched_red_on_green_off_k1_off,-0.142000,-0.43004,-0.146000,-0.88485,HIGH,true,false,true,false,
156,2026-09-11T21:08:48.074100+00:00,15.600313,estop_latched_red_on_green_off_k1_off,-0.144000,-0.43610,-0.144000,-0.87273,HIGH,true,false,true,false,
157,2026-09-11T21:08:48.174376+00:00,15.700320,estop_latched_red_on_green_off_k1_off,-0.142000,-0.43004,-0.144000,-0.87273,HIGH,true,false,true,false,
158,2026-09-11T21:08:48.274084+00:00,15.800285,estop_latched_red_on_green_off_k1_off,-0.144000,-0.43610,-0.144000,-0.87273,HIGH,true,false,true,false,
159,2026-09-11T21:08:48.374399+00:00,15.900330,estop_latched_red_on_green_off_k1_off,-0.144000,-0.43610,-0.144000,-0.87273,HIGH,true,false,true,false,
160,2026-09-11T21:08:48.474064+00:00,16.000288,estop_latched_red_on_green_off_k1_off,-0.144000,-0.43610,-0.144000,-0.87273,HIGH,true,false,true,false,
161,2026-09-11T21:08:48.574371+00:00,16.100311,estop_latched_red_on_green_off_k1_off,-0.142000,-0.43004,-0.146000,-0.88485,HIGH,true,false,true,false,
162,2026-09-11T21:08:48.674062+00:00,16.200287,estop_latched_red_on_green_off_k1_off,-0.144000,-0.43610,-0.146000,-0.88485,HIGH,true,false,true,false,
163,2026-09-11T21:08:48.774368+00:00,16.300315,estop_latched_red_on_green_off_k1_off,-0.144000,-0.43610,-0.146000,-0.88485,HIGH,true,false,true,false,
164,2026-09-11T21:08:48.874067+00:00,16.400287,estop_latched_red_on_green_off_k1_off,-0.144000,-0.43610,-0.144000,-0.87273,HIGH,true,false,true,false,
165,2026-09-11T21:08:48.974344+00:00,16.500305,estop_latched_red_on_green_off_k1_off,-0.146000,-0.44216,-0.144000,-0.87273,HIGH,true,false,true,false,
166,2026-09-11T21:08:49.074075+00:00,16.600289,estop_latched_red_on_green_off_k1_off,-0.146000,-0.44216,-0.142000,-0.86061,HIGH,true,false,true,false,
167,2026-09-11T21:08:49.174363+00:00,16.700312,estop_latched_red_on_green_off_k1_off,-0.144000,-0.43610,-0.146000,-0.88485,HIGH,true,false,true,false,
168,2026-09-11T21:08:49.274062+00:00,16.800281,estop_latched_red_on_green_off_k1_off,-0.142000,-0.43004,-0.144000,-0.87273,HIGH,true,false,true,false,
169,2026-09-11T21:08:49.374359+00:00,16.900309,estop_latched_red_on_green_off_k1_off,-0.140000,-0.42399,-0.144000,-0.87273,HIGH,true,false,true,false,
170,2026-09-11T21:08:49.474115+00:00,17.000306,estop_latched_red_on_green_off_k1_off,-0.144000,-0.43610,-0.144000,-0.87273,HIGH,true,false,true,false,
171,2026-09-11T21:08:49.574377+00:00,17.100315,estop_latched_red_on_green_off_k1_off,-0.144000,-0.43610,-0.146000,-0.88485,HIGH,true,false,true,false,
172,2026-09-11T21:08:49.674054+00:00,17.200282,estop_latched_red_on_green_off_k1_off,-0.144000,-0.43610,-0.146000,-0.88485,HIGH,true,false,true,false,
173,2026-09-11T21:08:49.774358+00:00,17.300305,estop_latched_red_on_green_off_k1_off,-0.146000,-0.44216,-0.144000,-0.87273,HIGH,true,false,true,false,
174,2026-09-11T21:08:49.874069+00:00,17.400281,estop_latched_red_on_green_off_k1_off,-0.144000,-0.43610,-0.144000,-0.87273,HIGH,true,false,true,false,
175,2026-09-11T21:08:49.974362+00:00,17.500307,estop_latched_red_on_green_off_k1_off,-0.144000,-0.43610,-0.142000,-0.86061,HIGH,true,false,true,false,
176,2026-09-11T21:08:50.074079+00:00,17.600292,estop_latched_red_on_green_off_k1_off,-0.142000,-0.43004,-0.142000,-0.86061,HIGH,true,false,true,false,
177,2026-09-11T21:08:50.174358+00:00,17.700308,estop_latched_red_on_green_off_k1_off,-0.144000,-0.43610,-0.142000,-0.86061,HIGH,true,false,true,false,
178,2026-09-11T21:08:50.274062+00:00,17.800281,estop_latched_red_on_green_off_k1_off,-0.144000,-0.43610,-0.146000,-0.88485,HIGH,true,false,true,false,
179,2026-09-11T21:08:50.374369+00:00,17.900311,estop_latched_red_on_green_off_k1_off,-0.144000,-0.43610,-0.144000,-0.87273,HIGH,true,false,true,false,
180,2026-09-11T21:08:50.474047+00:00,18.000280,estop_latched_red_on_green_off_k1_off,-0.144000,-0.43610,-0.140000,-0.84848,HIGH,true,false,true,false,
181,2026-09-11T21:08:50.574600+00:00,18.100460,estop_latched_red_on_green_off_k1_off,-0.144000,-0.43610,-0.146000,-0.88485,HIGH,true,false,true,false,
182,2026-09-11T21:08:50.674078+00:00,18.200304,estop_latched_red_on_green_off_k1_off,-0.144000,-0.43610,-0.144000,-0.87273,HIGH,true,false,true,false,
183,2026-09-11T21:08:50.774365+00:00,18.300316,estop_latched_red_on_green_off_k1_off,-0.144000,-0.43610,-0.142000,-0.86061,HIGH,true,false,true,false,
184,2026-09-11T21:08:50.874076+00:00,18.400292,estop_latched_red_on_green_off_k1_off,-0.144000,-0.43610,-0.142000,-0.86061,HIGH,true,false,true,false,
185,2026-09-11T21:08:50.974359+00:00,18.500310,estop_latched_red_on_green_off_k1_off,-0.144000,-0.43610,-0.146000,-0.88485,HIGH,true,false,true,false,
186,2026-09-11T21:08:51.074074+00:00,18.600289,estop_latched_red_on_green_off_k1_off,-0.144000,-0.43610,-0.144000,-0.87273,HIGH,true,false,true,false,
187,2026-09-11T21:08:51.174363+00:00,18.700316,estop_latched_red_on_green_off_k1_off,-0.144000,-0.43610,-0.144000,-0.87273,HIGH,true,false,true,false,
188,2026-09-11T21:08:51.274079+00:00,18.800290,estop_latched_red_on_green_off_k1_off,-0.144000,-0.43610,-0.142000,-0.86061,HIGH,true,false,true,false,
189,2026-09-11T21:08:51.374621+00:00,18.900432,estop_latched_red_on_green_off_k1_off,-0.144000,-0.43610,-0.144000,-0.87273,HIGH,true,false,true,false,
190,2026-09-11T21:08:51.474099+00:00,19.000314,estop_latched_red_on_green_off_k1_off,-0.144000,-0.43610,-0.142000,-0.86061,HIGH,true,false,true,false,
191,2026-09-11T21:08:51.574422+00:00,19.100338,estop_latched_red_on_green_off_k1_off,-0.144000,-0.43610,-0.144000,-0.87273,HIGH,true,false,true,false,
192,2026-09-11T21:08:51.674131+00:00,19.200323,estop_latched_red_on_green_off_k1_off,-0.144000,-0.43610,-0.146000,-0.88485,HIGH,true,false,true,false,
193,2026-09-11T21:08:51.774411+00:00,19.300341,estop_latched_red_on_green_off_k1_off,-0.144000,-0.43610,-0.146000,-0.88485,HIGH,true,false,true,false,
194,2026-09-11T21:08:51.874064+00:00,19.400290,estop_latched_red_on_green_off_k1_off,-0.144000,-0.43610,-0.144000,-0.87273,HIGH,true,false,true,false,
195,2026-09-11T21:08:51.974355+00:00,19.500312,estop_latched_red_on_green_off_k1_off,-0.144000,-0.43610,-0.144000,-0.87273,HIGH,true,false,true,false,
196,2026-09-11T21:08:52.074054+00:00,19.600285,estop_latched_red_on_green_off_k1_off,-0.144000,-0.43610,-0.144000,-0.87273,HIGH,true,false,true,false,
197,2026-09-11T21:08:52.174385+00:00,19.700324,estop_latched_red_on_green_off_k1_off,-0.138000,-0.41793,-0.142000,-0.86061,HIGH,true,false,true,false,
198,2026-09-11T21:08:52.274058+00:00,19.800286,estop_latched_red_on_green_off_k1_off,-0.146000,-0.44216,-0.142000,-0.86061,HIGH,true,false,true,false,
199,2026-09-11T21:08:52.374369+00:00,19.900309,estop_latched_red_on_green_off_k1_off,-0.144000,-0.43610,-0.144000,-0.87273,HIGH,true,false,true,false,
200,2026-09-11T21:08:52.474059+00:00,20.000290,estop_latched_red_on_green_off_k1_off,-0.144000,-0.43610,-0.144000,-0.87273,HIGH,true,false,true,false,
201,2026-09-11T21:08:52.574355+00:00,20.100314,estop_latched_red_on_green_off_k1_off,-0.142000,-0.43004,-0.144000,-0.87273,HIGH,true,false,true,false,
202,2026-09-11T21:08:52.674060+00:00,20.200287,estop_latched_red_on_green_off_k1_off,-0.144000,-0.43610,-0.144000,-0.87273,HIGH,true,false,true,false,
203,2026-09-11T21:08:52.774366+00:00,20.300313,estop_latched_red_on_green_off_k1_off,-0.144000,-0.43610,-0.144000,-0.87273,HIGH,true,false,true,false,
204,2026-09-11T21:08:52.874195+00:00,20.400358,estop_latched_red_on_green_off_k1_off,-0.144000,-0.43610,-0.144000,-0.87273,HIGH,true,false,true,false,
205,2026-09-11T21:08:52.974423+00:00,20.500350,estop_latched_red_on_green_off_k1_off,-0.144000,-0.43610,-0.144000,-0.87273,HIGH,true,false,true,false,
206,2026-09-11T21:08:53.074163+00:00,20.600345,estop_latched_red_on_green_off_k1_off,-0.144000,-0.43610,-0.142000,-0.86061,HIGH,true,false,true,false,
207,2026-09-11T21:08:53.174396+00:00,20.700331,estop_latched_red_on_green_off_k1_off,-0.144000,-0.43610,-0.144000,-0.87273,HIGH,true,false,true,false,
208,2026-09-11T21:08:53.274152+00:00,20.800333,estop_latched_red_on_green_off_k1_off,-0.146000,-0.44216,-0.146000,-0.88485,HIGH,true,false,true,false,
209,2026-09-11T21:08:53.374401+00:00,20.900332,estop_latched_red_on_green_off_k1_off,-0.144000,-0.43610,-0.144000,-0.87273,HIGH,true,false,true,false,
210,2026-09-11T21:08:53.474078+00:00,21.000294,estop_latched_red_on_green_off_k1_off,-0.144000,-0.43610,-0.142000,-0.86061,HIGH,true,false,true,false,
211,2026-09-11T21:08:53.574363+00:00,21.100313,estop_latched_red_on_green_off_k1_off,-0.146000,-0.44216,-0.142000,-0.86061,HIGH,true,false,true,false,
212,2026-09-11T21:08:53.674069+00:00,21.200290,estop_latched_red_on_green_off_k1_off,-0.146000,-0.44216,-0.148000,-0.89697,HIGH,true,false,true,false,
213,2026-09-11T21:08:53.774360+00:00,21.300309,estop_latched_red_on_green_off_k1_off,-0.148000,-0.44821,-0.140000,-0.84848,HIGH,true,false,true,false,
214,2026-09-11T21:08:53.874057+00:00,21.400280,estop_latched_red_on_green_off_k1_off,-0.144000,-0.43610,-0.146000,-0.88485,HIGH,true,false,true,false,
215,2026-09-11T21:08:53.974367+00:00,21.500313,estop_latched_red_on_green_off_k1_off,-0.144000,-0.43610,-0.144000,-0.87273,HIGH,true,false,true,false,
216,2026-09-11T21:08:54.074055+00:00,21.600282,estop_latched_red_on_green_off_k1_off,-0.136000,-0.41187,-0.140000,-0.84848,HIGH,true,false,true,false,
217,2026-09-11T21:08:54.174376+00:00,21.700316,estop_latched_red_on_green_off_k1_off,-0.148000,-0.44821,-0.140000,-0.84848,HIGH,true,false,true,false,
218,2026-09-11T21:08:54.274068+00:00,21.800289,estop_latched_red_on_green_off_k1_off,-0.144000,-0.43610,-0.144000,-0.87273,HIGH,true,false,true,false,
219,2026-09-11T21:08:54.374364+00:00,21.900307,estop_latched_red_on_green_off_k1_off,-0.144000,-0.43610,-0.144000,-0.87273,HIGH,true,false,true,false,
220,2026-09-11T21:08:54.474058+00:00,22.000281,estop_latched_red_on_green_off_k1_off,-0.144000,-0.43610,-0.144000,-0.87273,HIGH,true,false,true,false,
221,2026-09-11T21:08:54.574363+00:00,22.100310,estop_latched_red_on_green_off_k1_off,-0.144000,-0.43610,-0.148000,-0.89697,HIGH,true,false,true,false,
222,2026-09-11T21:08:54.674067+00:00,22.200287,estop_latched_red_on_green_off_k1_off,-0.138000,-0.41793,-0.142000,-0.86061,HIGH,true,false,true,false,
223,2026-09-11T21:08:54.774355+00:00,22.300308,estop_latched_red_on_green_off_k1_off,-0.146000,-0.44216,-0.140000,-0.84848,HIGH,true,false,true,false,
224,2026-09-11T21:08:54.874074+00:00,22.400290,estop_latched_red_on_green_off_k1_off,-0.144000,-0.43610,-0.144000,-0.87273,HIGH,true,false,true,false,
225,2026-09-11T21:08:54.974364+00:00,22.500308,estop_latched_red_on_green_off_k1_off,-0.144000,-0.43610,-0.144000,-0.87273,HIGH,true,false,true,false,
226,2026-09-11T21:08:55.074056+00:00,22.600282,estop_latched_red_on_green_off_k1_off,-0.144000,-0.43610,-0.142000,-0.86061,HIGH,true,false,true,false,
227,2026-09-11T21:08:55.174368+00:00,22.700311,estop_latched_red_on_green_off_k1_off,-0.144000,-0.43610,-0.144000,-0.87273,HIGH,true,false,true,false,
228,2026-09-11T21:08:55.274065+00:00,22.800290,estop_latched_red_on_green_off_k1_off,-0.144000,-0.43610,-0.144000,-0.87273,HIGH,true,false,true,false,
229,2026-09-11T21:08:55.374363+00:00,22.900312,estop_latched_red_on_green_off_k1_off,-0.146000,-0.44216,-0.142000,-0.86061,HIGH,true,false,true,false,
230,2026-09-11T21:08:55.474057+00:00,23.000283,estop_latched_red_on_green_off_k1_off,-0.142000,-0.43004,-0.146000,-0.88485,HIGH,true,false,true,false,
231,2026-09-11T21:08:55.574407+00:00,23.100333,estop_latched_red_on_green_off_k1_off,-0.146000,-0.44216,-0.144000,-0.87273,HIGH,true,false,true,false,
232,2026-09-11T21:08:55.674059+00:00,23.200286,estop_latched_red_on_green_off_k1_off,-0.144000,-0.43610,-0.146000,-0.88485,HIGH,true,false,true,false,
233,2026-09-11T21:08:55.774352+00:00,23.300306,estop_latched_red_on_green_off_k1_off,-0.140000,-0.42399,-0.140000,-0.84848,HIGH,true,false,true,false,
234,2026-09-11T21:08:55.874046+00:00,23.400280,estop_latched_red_on_green_off_k1_off,-0.144000,-0.43610,-0.146000,-0.88485,HIGH,true,false,true,false,
235,2026-09-11T21:08:55.974365+00:00,23.500308,estop_latched_red_on_green_off_k1_off,-0.144000,-0.43610,-0.142000,-0.86061,HIGH,true,false,true,false,
236,2026-09-11T21:08:56.074052+00:00,23.600285,estop_latched_red_on_green_off_k1_off,-0.142000,-0.43004,-0.144000,-0.87273,HIGH,true,false,true,false,
237,2026-09-11T21:08:56.174362+00:00,23.700304,estop_latched_red_on_green_off_k1_off,-0.144000,-0.43610,-0.144000,-0.87273,HIGH,true,false,true,false,
238,2026-09-11T21:08:56.274059+00:00,23.800286,estop_latched_red_on_green_off_k1_off,-0.146000,-0.44216,-0.144000,-0.87273,HIGH,true,false,true,false,
239,2026-09-11T21:08:56.374374+00:00,23.900304,estop_latched_red_on_green_off_k1_off,-0.144000,-0.43610,-0.144000,-0.87273,HIGH,true,false,true,false,
240,2026-09-11T21:08:56.474110+00:00,24.000313,estop_latched_red_on_green_off_k1_off,-0.144000,-0.43610,-0.142000,-0.86061,HIGH,true,false,true,false,
241,2026-09-11T21:08:56.574618+00:00,24.100442,estop_latched_red_on_green_off_k1_off,-0.144000,-0.43610,-0.142000,-0.86061,HIGH,true,false,true,false,
242,2026-09-11T21:08:56.674214+00:00,24.200354,estop_latched_red_on_green_off_k1_off,-0.146000,-0.44216,-0.140000,-0.84848,HIGH,true,false,true,false,
243,2026-09-11T21:08:56.774293+00:00,24.300295,estop_latched_red_on_green_off_k1_off,-0.142000,-0.43004,-0.140000,-0.84848,HIGH,true,false,true,false,
244,2026-09-11T21:08:56.874145+00:00,24.400313,estop_latched_red_on_green_off_k1_off,-0.144000,-0.43610,-0.142000,-0.86061,HIGH,true,false,true,false,
245,2026-09-11T21:08:56.974353+00:00,24.500362,estop_latched_red_on_green_off_k1_off,-0.140000,-0.42399,-0.144000,-0.87273,HIGH,true,false,true,false,
246,2026-09-11T21:08:57.074232+00:00,24.600397,estop_latched_red_on_green_off_k1_off,-0.144000,-0.43610,-0.144000,-0.87273,HIGH,true,false,true,false,
247,2026-09-11T21:08:57.174344+00:00,24.700283,estop_latched_red_on_green_off_k1_off,-0.144000,-0.43610,-0.140000,-0.84848,HIGH,true,false,true,false,
248,2026-09-11T21:08:57.274255+00:00,24.800313,estop_latched_red_on_green_off_k1_off,-0.144000,-0.43610,-0.144000,-0.87273,HIGH,true,false,true,false,
249,2026-09-11T21:08:57.374283+00:00,24.900282,estop_latched_red_on_green_off_k1_off,-0.144000,-0.43610,-0.144000,-0.87273,HIGH,true,false,true,false,
250,2026-09-11T21:08:57.474359+00:00,25.000310,estop_latched_red_on_green_off_k1_off,-0.144000,-0.43610,-0.144000,-0.87273,HIGH,true,false,true,false,
251,2026-09-11T21:08:57.574468+00:00,25.100360,estop_latched_red_on_green_off_k1_off,-0.144000,-0.43610,-0.144000,-0.87273,HIGH,true,false,true,false,
252,2026-09-11T21:08:57.674191+00:00,25.200339,estop_latched_red_on_green_off_k1_off,-0.144000,-0.43610,-0.144000,-0.87273,HIGH,true,false,true,false,
253,2026-09-11T21:08:57.774360+00:00,25.300330,estop_latched_red_on_green_off_k1_off,-0.144000,-0.43610,-0.142000,-0.86061,HIGH,true,false,true,false,
254,2026-09-11T21:08:57.874161+00:00,25.400321,estop_latched_red_on_green_off_k1_off,-0.144000,-0.43610,-0.144000,-0.87273,HIGH,true,false,true,false,
255,2026-09-11T21:08:57.974447+00:00,25.500373,estop_latched_red_on_green_off_k1_off,-0.144000,-0.43610,-0.144000,-0.87273,HIGH,true,false,true,false,
256,2026-09-11T21:08:58.074170+00:00,25.600330,estop_latched_red_on_green_off_k1_off,-0.144000,-0.43610,-0.144000,-0.87273,HIGH,true,false,true,false,
257,2026-09-11T21:08:58.174279+00:00,25.700289,estop_latched_red_on_green_off_k1_off,-0.144000,-0.43610,-0.144000,-0.87273,HIGH,true,false,true,false,
258,2026-09-11T21:08:58.274163+00:00,25.800318,estop_latched_red_on_green_off_k1_off,-0.144000,-0.43610,-0.144000,-0.87273,HIGH,true,false,true,false,
259,2026-09-11T21:08:58.374259+00:00,25.900278,estop_latched_red_on_green_off_k1_off,-0.144000,-0.43610,-0.142000,-0.86061,HIGH,true,false,true,false,
260,2026-09-11T21:08:58.474182+00:00,26.000309,estop_latched_red_on_green_off_k1_off,-0.144000,-0.43610,-0.144000,-0.87273,HIGH,true,false,true,false,
261,2026-09-11T21:08:58.574311+00:00,26.100304,estop_latched_red_on_green_off_k1_off,-0.148000,-0.44821,-0.144000,-0.87273,HIGH,true,false,true,false,
262,2026-09-11T21:08:58.674161+00:00,26.200319,estop_latched_red_on_green_off_k1_off,-0.146000,-0.44216,-0.136000,-0.82424,HIGH,true,false,true,false,
263,2026-09-11T21:08:58.774267+00:00,26.300281,estop_latched_red_on_green_off_k1_off,-0.144000,-0.43610,-0.144000,-0.87273,HIGH,true,false,true,false,
264,2026-09-11T21:08:58.874152+00:00,26.400310,estop_latched_red_on_green_off_k1_off,-0.144000,-0.43610,-0.144000,-0.87273,HIGH,true,false,true,false,
265,2026-09-11T21:08:58.974270+00:00,26.500279,estop_latched_red_on_green_off_k1_off,-0.144000,-0.43610,-0.144000,-0.87273,HIGH,true,false,true,false,
266,2026-09-11T21:08:59.074178+00:00,26.600308,estop_latched_red_on_green_off_k1_off,-0.144000,-0.43610,-0.144000,-0.87273,HIGH,true,false,true,false,
267,2026-09-11T21:08:59.174248+00:00,26.700277,estop_latched_red_on_green_off_k1_off,-0.144000,-0.43610,-0.144000,-0.87273,HIGH,true,false,true,false,
268,2026-09-11T21:08:59.274280+00:00,26.800307,estop_latched_red_on_green_off_k1_off,-0.144000,-0.43610,-0.144000,-0.87273,HIGH,true,false,true,false,
269,2026-09-11T21:08:59.374223+00:00,26.900288,estop_latched_red_on_green_off_k1_off,-0.140000,-0.42399,-0.144000,-0.87273,HIGH,true,false,true,false,
270,2026-09-11T21:08:59.474280+00:00,27.000315,estop_latched_red_on_green_off_k1_off,-0.144000,-0.43610,-0.144000,-0.87273,HIGH,true,false,true,false,
271,2026-09-11T21:08:59.574286+00:00,27.100303,estop_latched_red_on_green_off_k1_off,-0.144000,-0.43610,-0.146000,-0.88485,HIGH,true,false,true,false,
272,2026-09-11T21:08:59.674479+00:00,27.200339,estop_latched_red_on_green_off_k1_off,-0.142000,-0.43004,-0.144000,-0.87273,HIGH,true,false,true,false,
273,2026-09-11T21:08:59.774280+00:00,27.300312,estop_latched_red_on_green_off_k1_off,-0.144000,-0.43610,-0.144000,-0.87273,HIGH,true,false,true,false,
274,2026-09-11T21:08:59.874118+00:00,27.400280,estop_latched_red_on_green_off_k1_off,-0.144000,-0.43610,-0.144000,-0.87273,HIGH,true,false,true,false,
275,2026-09-11T21:08:59.974278+00:00,27.500307,estop_latched_red_on_green_off_k1_off,-0.144000,-0.43610,-0.142000,-0.86061,HIGH,true,false,true,false,
276,2026-09-11T21:09:00.074128+00:00,27.600281,estop_latched_red_on_green_off_k1_off,-0.144000,-0.43610,-0.144000,-0.87273,HIGH,true,false,true,false,
277,2026-09-11T21:09:00.174371+00:00,27.700310,estop_latched_red_on_green_off_k1_off,-0.142000,-0.43004,-0.146000,-0.88485,HIGH,true,false,true,false,
278,2026-09-11T21:09:00.274132+00:00,27.800286,estop_latched_red_on_green_off_k1_off,-0.144000,-0.43610,-0.142000,-0.86061,HIGH,true,false,true,false,
279,2026-09-11T21:09:00.374292+00:00,27.900313,estop_latched_red_on_green_off_k1_off,-0.142000,-0.43004,-0.140000,-0.84848,HIGH,true,false,true,false,
280,2026-09-11T21:09:00.474140+00:00,28.000285,estop_latched_red_on_green_off_k1_off,-0.144000,-0.43610,-0.144000,-0.87273,HIGH,true,false,true,false,
281,2026-09-11T21:09:00.574352+00:00,28.100312,estop_latched_red_on_green_off_k1_off,-0.144000,-0.43610,-0.140000,-0.84848,HIGH,true,false,true,false,
282,2026-09-11T21:09:00.674274+00:00,28.200299,estop_latched_red_on_green_off_k1_off,-0.146000,-0.44216,-0.142000,-0.86061,HIGH,true,false,true,false,
283,2026-09-11T21:09:00.774131+00:00,28.300284,estop_latched_red_on_green_off_k1_off,-0.142000,-0.43004,-0.144000,-0.87273,HIGH,true,false,true,false,
284,2026-09-11T21:09:00.874280+00:00,28.400310,estop_latched_red_on_green_off_k1_off,-0.144000,-0.43610,-0.144000,-0.87273,HIGH,true,false,true,false,
285,2026-09-11T21:09:00.974128+00:00,28.500282,estop_latched_red_on_green_off_k1_off,-0.144000,-0.43610,-0.146000,-0.88485,HIGH,true,false,true,false,
286,2026-09-11T21:09:01.074282+00:00,28.600311,estop_latched_red_on_green_off_k1_off,-0.144000,-0.43610,-0.140000,-0.84848,HIGH,true,false,true,false,
287,2026-09-11T21:09:01.174123+00:00,28.700279,estop_latched_red_on_green_off_k1_off,-0.144000,-0.43610,-0.144000,-0.87273,HIGH,true,false,true,false,
288,2026-09-11T21:09:01.274307+00:00,28.800304,estop_latched_red_on_green_off_k1_off,-0.144000,-0.43610,-0.146000,-0.88485,HIGH,true,false,true,false,
289,2026-09-11T21:09:01.374173+00:00,28.900306,estop_latched_red_on_green_off_k1_off,-0.144000,-0.43610,-0.146000,-0.88485,HIGH,true,false,true,false,
290,2026-09-11T21:09:01.474280+00:00,29.000311,estop_latched_red_on_green_off_k1_off,-0.144000,-0.43610,-0.144000,-0.87273,HIGH,true,false,true,false,
291,2026-09-11T21:09:01.574124+00:00,29.100277,estop_latched_red_on_green_off_k1_off,-0.140000,-0.42399,-0.146000,-0.88485,HIGH,true,false,true,false,
292,2026-09-11T21:09:01.674294+00:00,29.200311,estop_latched_red_on_green_off_k1_off,-0.146000,-0.44216,-0.144000,-0.87273,HIGH,true,false,true,false,
293,2026-09-11T21:09:01.774132+00:00,29.300282,estop_latched_red_on_green_off_k1_off,-0.142000,-0.43004,-0.144000,-0.87273,HIGH,true,false,true,false,
294,2026-09-11T21:09:01.874285+00:00,29.400311,estop_latched_red_on_green_off_k1_off,-0.144000,-0.43610,-0.146000,-0.88485,HIGH,true,false,true,false,
295,2026-09-11T21:09:01.974131+00:00,29.500281,estop_latched_red_on_green_off_k1_off,-0.142000,-0.43004,-0.140000,-0.84848,HIGH,true,false,true,false,
296,2026-09-11T21:09:02.074358+00:00,29.600304,estop_latched_red_on_green_off_k1_off,-0.144000,-0.43610,-0.140000,-0.84848,HIGH,true,false,true,false,
297,2026-09-11T21:09:02.174062+00:00,29.700285,estop_latched_red_on_green_off_k1_off,-0.144000,-0.43610,-0.144000,-0.87273,HIGH,true,false,true,false,
298,2026-09-11T21:09:02.274458+00:00,29.800314,estop_latched_red_on_green_off_k1_off,-0.144000,-0.43610,-0.146000,-0.88485,HIGH,true,false,true,false,
299,2026-09-11T21:09:02.374155+00:00,29.900295,estop_latched_red_on_green_off_k1_off,-0.142000,-0.43004,-0.144000,-0.87273,HIGH,true,false,true,false,
300,2026-09-11T21:09:02.474374+00:00,30.000316,estop_latched_red_on_green_off_k1_off,-0.142000,-0.43004,-0.142000,-0.86061,HIGH,true,false,true,false,
301,2026-09-11T21:09:02.574400+00:00,30.100420,estop_latched_red_on_green_off_k1_off,-0.144000,-0.43610,-0.144000,-0.87273,HIGH,true,false,true,false,
302,2026-09-11T21:09:02.674392+00:00,30.200337,estop_latched_red_on_green_off_k1_off,-0.144000,-0.43610,-0.144000,-0.87273,HIGH,true,false,true,false,
303,2026-09-11T21:09:02.774072+00:00,30.300292,estop_latched_red_on_green_off_k1_off,-0.142000,-0.43004,-0.142000,-0.86061,HIGH,true,false,true,false,
304,2026-09-11T21:09:02.874374+00:00,30.400317,estop_latched_red_on_green_off_k1_off,-0.142000,-0.43004,-0.142000,-0.86061,HIGH,true,false,true,false,
305,2026-09-11T21:09:02.974101+00:00,30.500303,estop_latched_red_on_green_off_k1_off,-0.144000,-0.43610,-0.142000,-0.86061,HIGH,true,false,true,false,
306,2026-09-11T21:09:03.074497+00:00,30.600382,estop_latched_red_on_green_off_k1_off,-0.144000,-0.43610,-0.144000,-0.87273,HIGH,true,false,true,false,
307,2026-09-11T21:09:03.174080+00:00,30.700302,estop_latched_red_on_green_off_k1_off,-0.144000,-0.43610,-0.142000,-0.86061,HIGH,true,false,true,false,
308,2026-09-11T21:09:03.274510+00:00,30.800389,estop_latched_red_on_green_off_k1_off,-0.146000,-0.44216,-0.146000,-0.88485,HIGH,true,false,true,false,
309,2026-09-11T21:09:03.374092+00:00,30.900301,estop_latched_red_on_green_off_k1_off,-0.144000,-0.43610,-0.144000,-0.87273,HIGH,true,false,true,false,
310,2026-09-11T21:09:03.474604+00:00,31.000439,estop_latched_red_on_green_off_k1_off,-0.144000,-0.43610,-0.144000,-0.87273,HIGH,true,false,true,false,
311,2026-09-11T21:09:03.574169+00:00,31.100351,estop_latched_red_on_green_off_k1_off,-0.146000,-0.44216,-0.144000,-0.87273,HIGH,true,false,true,false,
312,2026-09-11T21:09:03.674374+00:00,31.200322,estop_latched_red_on_green_off_k1_off,-0.144000,-0.43610,-0.144000,-0.87273,HIGH,true,false,true,false,
313,2026-09-11T21:09:03.774179+00:00,31.300344,estop_latched_red_on_green_off_k1_off,-0.144000,-0.43610,-0.144000,-0.87273,HIGH,true,false,true,false,
314,2026-09-11T21:09:03.874398+00:00,31.400332,estop_latched_red_on_green_off_k1_off,-0.144000,-0.43610,-0.144000,-0.87273,HIGH,true,false,true,false,
315,2026-09-11T21:09:03.974078+00:00,31.500292,estop_latched_red_on_green_off_k1_off,-0.144000,-0.43610,-0.144000,-0.87273,HIGH,true,false,true,false,
316,2026-09-11T21:09:04.074381+00:00,31.600318,estop_latched_red_on_green_off_k1_off,-0.144000,-0.43610,-0.144000,-0.87273,HIGH,true,false,true,false,
317,2026-09-11T21:09:04.174075+00:00,31.700286,estop_latched_red_on_green_off_k1_off,-0.142000,-0.43004,-0.144000,-0.87273,HIGH,true,false,true,false,
318,2026-09-11T21:09:04.274366+00:00,31.800312,estop_latched_red_on_green_off_k1_off,-0.140000,-0.42399,-0.144000,-0.87273,HIGH,true,false,true,false,
319,2026-09-11T21:09:04.374082+00:00,31.900288,estop_latched_red_on_green_off_k1_off,-0.144000,-0.43610,-0.144000,-0.87273,HIGH,true,false,true,false,
320,2026-09-11T21:09:04.474377+00:00,32.000318,estop_latched_red_on_green_off_k1_off,-0.144000,-0.43610,-0.142000,-0.86061,HIGH,true,false,true,false,
321,2026-09-11T21:09:04.574062+00:00,32.100282,estop_latched_red_on_green_off_k1_off,-0.146000,-0.44216,-0.144000,-0.87273,HIGH,true,false,true,false,
322,2026-09-11T21:09:04.674368+00:00,32.200311,estop_latched_red_on_green_off_k1_off,-0.148000,-0.44821,-0.140000,-0.84848,HIGH,true,false,true,false,
323,2026-09-11T21:09:04.774069+00:00,32.300283,estop_latched_red_on_green_off_k1_off,-0.144000,-0.43610,-0.144000,-0.87273,HIGH,true,false,true,false,
324,2026-09-11T21:09:04.874373+00:00,32.400318,estop_latched_red_on_green_off_k1_off,-0.144000,-0.43610,-0.144000,-0.87273,HIGH,true,false,true,false,
325,2026-09-11T21:09:04.974064+00:00,32.500285,estop_latched_red_on_green_off_k1_off,-0.144000,-0.43610,-0.144000,-0.87273,HIGH,true,false,true,false,
326,2026-09-11T21:09:05.074368+00:00,32.600310,estop_latched_red_on_green_off_k1_off,-0.142000,-0.43004,-0.144000,-0.87273,HIGH,true,false,true,false,
327,2026-09-11T21:09:05.174065+00:00,32.700287,estop_latched_red_on_green_off_k1_off,-0.144000,-0.43610,-0.142000,-0.86061,HIGH,true,false,true,false,
328,2026-09-11T21:09:05.274366+00:00,32.800311,estop_latched_red_on_green_off_k1_off,-0.144000,-0.43610,-0.144000,-0.87273,HIGH,true,false,true,false,
329,2026-09-11T21:09:05.374060+00:00,32.900281,estop_latched_red_on_green_off_k1_off,-0.144000,-0.43610,-0.144000,-0.87273,HIGH,true,false,true,false,
330,2026-09-11T21:09:05.474369+00:00,33.000315,estop_latched_red_on_green_off_k1_off,-0.144000,-0.43610,-0.144000,-0.87273,HIGH,true,false,true,false,
331,2026-09-11T21:09:05.574058+00:00,33.100289,estop_latched_red_on_green_off_k1_off,-0.144000,-0.43610,-0.144000,-0.87273,HIGH,true,false,true,false,
332,2026-09-11T21:09:05.674370+00:00,33.200318,estop_latched_red_on_green_off_k1_off,-0.144000,-0.43610,-0.142000,-0.86061,HIGH,true,false,true,false,
333,2026-09-11T21:09:05.774050+00:00,33.300280,estop_latched_red_on_green_off_k1_off,-0.146000,-0.44216,-0.136000,-0.82424,HIGH,true,false,true,false,
334,2026-09-11T21:09:05.874359+00:00,33.400314,estop_latched_red_on_green_off_k1_off,-0.142000,-0.43004,-0.138000,-0.83636,HIGH,true,false,true,false,
335,2026-09-11T21:09:05.974060+00:00,33.500285,estop_latched_red_on_green_off_k1_off,-0.144000,-0.43610,-0.144000,-0.87273,HIGH,true,false,true,false,
336,2026-09-11T21:09:06.074352+00:00,33.600308,estop_latched_red_on_green_off_k1_off,-0.142000,-0.43004,-0.142000,-0.86061,HIGH,true,false,true,false,
337,2026-09-11T21:09:06.174055+00:00,33.700283,estop_latched_red_on_green_off_k1_off,-0.144000,-0.43610,-0.142000,-0.86061,HIGH,true,false,true,false,
338,2026-09-11T21:09:06.274354+00:00,33.800310,estop_latched_red_on_green_off_k1_off,-0.142000,-0.43004,-0.144000,-0.87273,HIGH,true,false,true,false,
339,2026-09-11T21:09:06.374051+00:00,33.900279,estop_latched_red_on_green_off_k1_off,-0.144000,-0.43610,-0.144000,-0.87273,HIGH,true,false,true,false,
340,2026-09-11T21:09:06.474375+00:00,34.000318,estop_latched_red_on_green_off_k1_off,-0.144000,-0.43610,-0.144000,-0.87273,HIGH,true,false,true,false,
341,2026-09-11T21:09:06.574049+00:00,34.100280,estop_latched_red_on_green_off_k1_off,-0.142000,-0.43004,-0.142000,-0.86061,HIGH,true,false,true,false,
342,2026-09-11T21:09:06.674354+00:00,34.200308,estop_latched_red_on_green_off_k1_off,-0.146000,-0.44216,-0.142000,-0.86061,HIGH,true,false,true,false,
343,2026-09-11T21:09:06.774098+00:00,34.300306,estop_latched_red_on_green_off_k1_off,-0.144000,-0.43610,-0.144000,-0.87273,HIGH,true,false,true,false,
344,2026-09-11T21:09:06.874380+00:00,34.400320,estop_latched_red_on_green_off_k1_off,-0.144000,-0.43610,-0.142000,-0.86061,HIGH,true,false,true,false,
345,2026-09-11T21:09:06.974070+00:00,34.500288,estop_latched_red_on_green_off_k1_off,-0.144000,-0.43610,-0.144000,-0.87273,HIGH,true,false,true,false,
346,2026-09-11T21:09:07.074354+00:00,34.600305,estop_latched_red_on_green_off_k1_off,-0.144000,-0.43610,-0.144000,-0.87273,HIGH,true,false,true,false,
347,2026-09-11T21:09:07.174341+00:00,34.700432,estop_latched_red_on_green_off_k1_off,-0.144000,-0.43610,-0.144000,-0.87273,LOW,false,false,true,false,estop_closed_reset_required
348,2026-09-11T21:09:07.274478+00:00,34.800375,estop_latched_red_on_green_off_k1_off,-0.146000,-0.44216,-0.144000,-0.87273,LOW,false,false,true,false,
349,2026-09-11T21:09:07.374081+00:00,34.900300,estop_latched_red_on_green_off_k1_off,-0.140000,-0.42399,-0.138000,-0.83636,LOW,false,false,true,false,
350,2026-09-11T21:09:07.474382+00:00,35.000322,estop_latched_red_on_green_off_k1_off,-0.144000,-0.43610,-0.144000,-0.87273,LOW,false,false,true,false,
351,2026-09-11T21:09:07.574123+00:00,35.100318,estop_latched_red_on_green_off_k1_off,-0.144000,-0.43610,-0.144000,-0.87273,LOW,false,false,true,false,
352,2026-09-11T21:09:07.674369+00:00,35.200315,estop_latched_red_on_green_off_k1_off,-0.146000,-0.44216,-0.146000,-0.88485,LOW,false,false,true,false,
353,2026-09-11T21:09:07.774051+00:00,35.300284,estop_latched_red_on_green_off_k1_off,-0.144000,-0.43610,-0.144000,-0.87273,LOW,false,false,true,false,
354,2026-09-11T21:09:07.874373+00:00,35.400314,estop_latched_red_on_green_off_k1_off,-0.142000,-0.43004,-0.144000,-0.87273,LOW,false,false,true,false,
355,2026-09-11T21:09:07.974060+00:00,35.500285,estop_latched_red_on_green_off_k1_off,-0.144000,-0.43610,-0.144000,-0.87273,LOW,false,false,true,false,
356,2026-09-11T21:09:08.074355+00:00,35.600309,estop_latched_red_on_green_off_k1_off,-0.144000,-0.43610,-0.144000,-0.87273,LOW,false,false,true,false,
357,2026-09-11T21:09:08.174496+00:00,35.700382,estop_latched_red_on_green_off_k1_off,-0.144000,-0.43610,-0.144000,-0.87273,LOW,false,false,true,false,
358,2026-09-11T21:09:08.274075+00:00,35.800299,estop_latched_red_on_green_off_k1_off,-0.144000,-0.43610,-0.144000,-0.87273,LOW,false,false,true,false,
359,2026-09-11T21:09:08.374399+00:00,35.900330,estop_latched_red_on_green_off_k1_off,-0.144000,-0.43610,-0.144000,-0.87273,LOW,false,false,true,false,
360,2026-09-11T21:09:08.474063+00:00,36.000286,estop_latched_red_on_green_off_k1_off,-0.142000,-0.43004,-0.140000,-0.84848,LOW,false,false,true,false,
361,2026-09-11T21:09:08.574613+00:00,36.100461,estop_latched_red_on_green_off_k1_off,-0.144000,-0.43610,-0.140000,-0.84848,LOW,false,false,true,false,
362,2026-09-11T21:09:08.674197+00:00,36.200361,estop_latched_red_on_green_off_k1_off,-0.142000,-0.43004,-0.140000,-0.84848,LOW,false,false,true,false,
363,2026-09-11T21:09:08.774378+00:00,36.300330,estop_latched_red_on_green_off_k1_off,-0.148000,-0.44821,-0.148000,-0.89697,LOW,false,false,true,false,
364,2026-09-11T21:09:08.874065+00:00,36.400287,estop_latched_red_on_green_off_k1_off,-0.144000,-0.43610,-0.146000,-0.88485,LOW,false,false,true,false,
365,2026-09-11T21:09:08.974376+00:00,36.500313,estop_latched_red_on_green_off_k1_off,-0.140000,-0.42399,-0.138000,-0.83636,LOW,false,false,true,false,
366,2026-09-11T21:09:09.074059+00:00,36.600282,estop_latched_red_on_green_off_k1_off,-0.138000,-0.41793,-0.148000,-0.89697,LOW,false,false,true,false,
367,2026-09-11T21:09:09.174370+00:00,36.700312,estop_latched_red_on_green_off_k1_off,-0.144000,-0.43610,-0.144000,-0.87273,LOW,false,false,true,false,
368,2026-09-11T21:09:09.274069+00:00,36.800286,estop_latched_red_on_green_off_k1_off,-0.146000,-0.44216,-0.144000,-0.87273,LOW,false,false,true,false,
369,2026-09-11T21:09:09.374705+00:00,36.900411,estop_latched_red_on_green_off_k1_off,-0.144000,-0.43610,-0.144000,-0.87273,LOW,false,false,true,false,
370,2026-09-11T21:09:09.474467+00:00,37.000376,estop_latched_red_on_green_off_k1_off,-0.144000,-0.43610,-0.144000,-0.87273,LOW,false,false,true,false,
371,2026-09-11T21:09:09.574118+00:00,37.100315,estop_latched_red_on_green_off_k1_off,-0.146000,-0.44216,-0.140000,-0.84848,LOW,false,false,true,false,
372,2026-09-11T21:09:09.674367+00:00,37.200314,estop_latched_red_on_green_off_k1_off,-0.144000,-0.43610,-0.144000,-0.87273,LOW,false,false,true,false,
373,2026-09-11T21:09:09.774114+00:00,37.300309,estop_latched_red_on_green_off_k1_off,-0.142000,-0.43004,-0.144000,-0.87273,LOW,false,false,true,false,
374,2026-09-11T21:09:09.874368+00:00,37.400311,estop_latched_red_on_green_off_k1_off,-0.142000,-0.43004,-0.144000,-0.87273,LOW,false,false,true,false,
375,2026-09-11T21:09:09.974423+00:00,37.500335,estop_latched_red_on_green_off_k1_off,-0.142000,-0.43004,-0.144000,-0.87273,LOW,false,false,true,false,
376,2026-09-11T21:09:10.074067+00:00,37.600291,estop_latched_red_on_green_off_k1_off,-0.140000,-0.42399,-0.144000,-0.87273,LOW,false,false,true,false,
377,2026-09-11T21:09:10.174362+00:00,37.700309,estop_latched_red_on_green_off_k1_off,-0.142000,-0.43004,-0.142000,-0.86061,LOW,false,false,true,false,
378,2026-09-11T21:09:10.274075+00:00,37.800286,estop_latched_red_on_green_off_k1_off,-0.144000,-0.43610,-0.144000,-0.87273,LOW,false,false,true,false,
379,2026-09-11T21:09:10.374380+00:00,37.900316,estop_latched_red_on_green_off_k1_off,-0.144000,-0.43610,-0.144000,-0.87273,LOW,false,false,true,false,
380,2026-09-11T21:09:10.474058+00:00,38.000284,estop_latched_red_on_green_off_k1_off,-0.144000,-0.43610,-0.144000,-0.87273,LOW,false,false,true,false,
381,2026-09-11T21:09:10.574384+00:00,38.100317,estop_latched_red_on_green_off_k1_off,-0.144000,-0.43610,-0.144000,-0.87273,LOW,false,false,true,false,
382,2026-09-11T21:09:10.674059+00:00,38.200281,estop_latched_red_on_green_off_k1_off,-0.146000,-0.44216,-0.138000,-0.83636,LOW,false,false,true,false,
383,2026-09-11T21:09:10.774363+00:00,38.300309,estop_latched_red_on_green_off_k1_off,-0.146000,-0.44216,-0.140000,-0.84848,LOW,false,false,true,false,
384,2026-09-11T21:09:10.874061+00:00,38.400279,estop_latched_red_on_green_off_k1_off,-0.146000,-0.44216,-0.144000,-0.87273,LOW,false,false,true,false,
385,2026-09-11T21:09:10.974373+00:00,38.500311,estop_latched_red_on_green_off_k1_off,-0.146000,-0.44216,-0.144000,-0.87273,LOW,false,false,true,false,
386,2026-09-11T21:09:11.074084+00:00,38.600292,estop_latched_red_on_green_off_k1_off,-0.144000,-0.43610,-0.144000,-0.87273,LOW,false,false,true,false,
387,2026-09-11T21:09:11.174363+00:00,38.700309,estop_latched_red_on_green_off_k1_off,-0.142000,-0.43004,-0.144000,-0.87273,LOW,false,false,true,false,
388,2026-09-11T21:09:11.274054+00:00,38.800281,estop_latched_red_on_green_off_k1_off,-0.144000,-0.43610,-0.146000,-0.88485,LOW,false,false,true,false,
389,2026-09-11T21:09:11.374375+00:00,38.900311,estop_latched_red_on_green_off_k1_off,-0.144000,-0.43610,-0.144000,-0.87273,LOW,false,false,true,false,
390,2026-09-11T21:09:11.474054+00:00,39.000281,estop_latched_red_on_green_off_k1_off,-0.144000,-0.43610,-0.146000,-0.88485,LOW,false,false,true,false,
391,2026-09-11T21:09:11.574447+00:00,39.100354,estop_latched_red_on_green_off_k1_off,-0.146000,-0.44216,-0.144000,-0.87273,LOW,false,false,true,false,
392,2026-09-11T21:09:11.674061+00:00,39.200287,estop_latched_red_on_green_off_k1_off,-0.144000,-0.43610,-0.146000,-0.88485,LOW,false,false,true,false,
393,2026-09-11T21:09:11.774354+00:00,39.300310,estop_latched_red_on_green_off_k1_off,-0.146000,-0.44216,-0.140000,-0.84848,LOW,false,false,true,false,
394,2026-09-11T21:09:11.874052+00:00,39.400281,estop_latched_red_on_green_off_k1_off,-0.144000,-0.43610,-0.142000,-0.86061,LOW,false,false,true,false,
395,2026-09-11T21:09:11.974353+00:00,39.500307,estop_latched_red_on_green_off_k1_off,-0.144000,-0.43610,-0.144000,-0.87273,LOW,false,false,true,false,
396,2026-09-11T21:09:12.074061+00:00,39.600282,estop_latched_red_on_green_off_k1_off,-0.144000,-0.43610,-0.142000,-0.86061,LOW,false,false,true,false,
397,2026-09-11T21:09:12.174355+00:00,39.700308,estop_latched_red_on_green_off_k1_off,-0.146000,-0.44216,-0.144000,-0.87273,LOW,false,false,true,false,
398,2026-09-11T21:09:12.274524+00:00,39.800396,estop_latched_red_on_green_off_k1_off,-0.144000,-0.43610,-0.144000,-0.87273,LOW,false,false,true,false,
399,2026-09-11T21:09:12.374088+00:00,39.900304,estop_latched_red_on_green_off_k1_off,-0.144000,-0.43610,-0.144000,-0.87273,LOW,false,false,true,false,
400,2026-09-11T21:09:12.474364+00:00,40.000313,estop_latched_red_on_green_off_k1_off,-0.144000,-0.43610,-0.144000,-0.87273,LOW,false,false,true,false,
401,2026-09-11T21:09:12.574066+00:00,40.100285,estop_latched_red_on_green_off_k1_off,-0.144000,-0.43610,-0.144000,-0.87273,LOW,false,false,true,false,
402,2026-09-11T21:09:12.674365+00:00,40.200316,estop_latched_red_on_green_off_k1_off,-0.144000,-0.43610,-0.144000,-0.87273,LOW,false,false,true,false,
403,2026-09-11T21:09:12.774064+00:00,40.300285,estop_latched_red_on_green_off_k1_off,-0.146000,-0.44216,-0.144000,-0.87273,LOW,false,false,true,false,
404,2026-09-11T21:09:12.874362+00:00,40.400307,estop_latched_red_on_green_off_k1_off,-0.144000,-0.43610,-0.144000,-0.87273,LOW,false,false,true,false,
405,2026-09-11T21:09:12.974066+00:00,40.500280,estop_latched_red_on_green_off_k1_off,-0.144000,-0.43610,-0.144000,-0.87273,LOW,false,false,true,false,
406,2026-09-11T21:09:13.074374+00:00,40.600319,estop_latched_red_on_green_off_k1_off,-0.144000,-0.43610,-0.144000,-0.87273,LOW,false,false,true,false,
407,2026-09-11T21:09:13.174055+00:00,40.700285,estop_latched_red_on_green_off_k1_off,-0.144000,-0.43610,-0.140000,-0.84848,LOW,false,false,true,false,
408,2026-09-11T21:09:13.274482+00:00,40.800373,estop_latched_red_on_green_off_k1_off,-0.138000,-0.41793,-0.138000,-0.83636,LOW,false,false,true,false,
409,2026-09-11T21:09:13.374076+00:00,40.900300,estop_latched_red_on_green_off_k1_off,-0.144000,-0.43610,-0.144000,-0.87273,LOW,false,false,true,false,
410,2026-09-11T21:09:13.474367+00:00,41.000311,estop_latched_red_on_green_off_k1_off,-0.144000,-0.43610,-0.142000,-0.86061,LOW,false,false,true,false,
411,2026-09-11T21:09:13.574072+00:00,41.100286,estop_latched_red_on_green_off_k1_off,-0.140000,-0.42399,-0.144000,-0.87273,LOW,false,false,true,false,
412,2026-09-11T21:09:13.674188+00:00,41.200353,estop_latched_red_on_green_off_k1_off,-0.144000,-0.43610,-0.144000,-0.87273,LOW,false,false,true,false,
413,2026-09-11T21:09:13.774374+00:00,41.300325,estop_latched_red_on_green_off_k1_off,-0.144000,-0.43610,-0.142000,-0.86061,LOW,false,false,true,false,
414,2026-09-11T21:09:13.874061+00:00,41.400286,estop_latched_red_on_green_off_k1_off,-0.140000,-0.42399,-0.138000,-0.83636,LOW,false,false,true,false,
415,2026-09-11T21:09:13.974362+00:00,41.500312,estop_latched_red_on_green_off_k1_off,-0.144000,-0.43610,-0.140000,-0.84848,LOW,false,false,true,false,
416,2026-09-11T21:09:14.074063+00:00,41.600283,estop_latched_red_on_green_off_k1_off,-0.144000,-0.43610,-0.144000,-0.87273,LOW,false,false,true,false,
417,2026-09-11T21:09:14.174370+00:00,41.700311,estop_latched_red_on_green_off_k1_off,-0.144000,-0.43610,-0.144000,-0.87273,LOW,false,false,true,false,
418,2026-09-11T21:09:14.274051+00:00,41.800279,estop_latched_red_on_green_off_k1_off,-0.146000,-0.44216,-0.146000,-0.88485,LOW,false,false,true,false,
419,2026-09-11T21:09:14.374361+00:00,41.900307,estop_latched_red_on_green_off_k1_off,-0.138000,-0.41793,-0.146000,-0.88485,LOW,false,false,true,false,
420,2026-09-11T21:09:14.474057+00:00,42.000283,estop_latched_red_on_green_off_k1_off,-0.146000,-0.44216,-0.144000,-0.87273,LOW,false,false,true,false,
421,2026-09-11T21:09:14.574285+00:00,42.100420,estop_latched_red_on_green_off_k1_off,-0.140000,-0.42399,-0.146000,-0.88485,LOW,false,false,true,false,
422,2026-09-11T21:09:14.674397+00:00,42.200334,estop_latched_red_on_green_off_k1_off,-0.146000,-0.44216,-0.148000,-0.89697,LOW,false,false,true,false,
423,2026-09-11T21:09:14.774094+00:00,42.300298,estop_latched_red_on_green_off_k1_off,-0.144000,-0.43610,-0.142000,-0.86061,LOW,false,false,true,false,
424,2026-09-11T21:09:14.874388+00:00,42.400317,estop_latched_red_on_green_off_k1_off,-0.138000,-0.41793,-0.144000,-0.87273,LOW,false,false,true,false,
425,2026-09-11T21:09:14.974073+00:00,42.500284,estop_latched_red_on_green_off_k1_off,-0.146000,-0.44216,-0.148000,-0.89697,LOW,false,false,true,false,
426,2026-09-11T21:09:15.074367+00:00,42.600309,estop_latched_red_on_green_off_k1_off,-0.144000,-0.43610,-0.144000,-0.87273,LOW,false,false,true,false,
427,2026-09-11T21:09:15.174077+00:00,42.700286,estop_latched_red_on_green_off_k1_off,-0.144000,-0.43610,-0.140000,-0.84848,LOW,false,false,true,false,
428,2026-09-11T21:09:15.274369+00:00,42.800307,estop_latched_red_on_green_off_k1_off,-0.142000,-0.43004,-0.142000,-0.86061,LOW,false,false,true,false,
429,2026-09-11T21:09:15.374074+00:00,42.900284,estop_latched_red_on_green_off_k1_off,-0.144000,-0.43610,-0.140000,-0.84848,LOW,false,false,true,false,
430,2026-09-11T21:09:15.474374+00:00,43.000315,estop_latched_red_on_green_off_k1_off,-0.140000,-0.42399,-0.144000,-0.87273,LOW,false,false,true,false,
431,2026-09-11T21:09:15.574286+00:00,43.100370,estop_latched_red_on_green_off_k1_off,-0.144000,-0.43610,-0.144000,-0.87273,LOW,false,false,true,false,
432,2026-09-11T21:09:15.674484+00:00,43.200375,estop_latched_red_on_green_off_k1_off,-0.144000,-0.43610,-0.144000,-0.87273,LOW,false,false,true,false,
433,2026-09-11T21:09:15.774096+00:00,43.300305,estop_latched_red_on_green_off_k1_off,-0.144000,-0.43610,-0.144000,-0.87273,LOW,false,false,true,false,
434,2026-09-11T21:09:15.874365+00:00,43.400313,estop_latched_red_on_green_off_k1_off,-0.144000,-0.43610,-0.144000,-0.87273,LOW,false,false,true,false,
435,2026-09-11T21:09:15.974118+00:00,43.500307,estop_latched_red_on_green_off_k1_off,-0.144000,-0.43610,-0.144000,-0.87273,LOW,false,false,true,false,
436,2026-09-11T21:09:16.074366+00:00,43.600309,estop_latched_red_on_green_off_k1_off,-0.144000,-0.43610,-0.140000,-0.84848,LOW,false,false,true,false,
437,2026-09-11T21:09:16.174069+00:00,43.700287,estop_latched_red_on_green_off_k1_off,-0.144000,-0.43610,-0.142000,-0.86061,LOW,false,false,true,false,
438,2026-09-11T21:09:16.274358+00:00,43.800306,estop_latched_red_on_green_off_k1_off,-0.144000,-0.43610,-0.144000,-0.87273,LOW,false,false,true,false,
439,2026-09-11T21:09:16.374094+00:00,43.900296,estop_latched_red_on_green_off_k1_off,-0.142000,-0.43004,-0.144000,-0.87273,LOW,false,false,true,false,
440,2026-09-11T21:09:16.474367+00:00,44.000310,estop_latched_red_on_green_off_k1_off,-0.144000,-0.43610,-0.144000,-0.87273,LOW,false,false,true,false,
441,2026-09-11T21:09:16.574074+00:00,44.100286,estop_latched_red_on_green_off_k1_off,-0.140000,-0.42399,-0.136000,-0.82424,LOW,false,false,true,false,
442,2026-09-11T21:09:16.674370+00:00,44.200309,estop_latched_red_on_green_off_k1_off,-0.148000,-0.44821,-0.144000,-0.87273,LOW,false,false,true,false,
443,2026-09-11T21:09:16.774078+00:00,44.300288,estop_latched_red_on_green_off_k1_off,-0.140000,-0.42399,-0.140000,-0.84848,LOW,false,false,true,false,
444,2026-09-11T21:09:16.874366+00:00,44.400308,estop_latched_red_on_green_off_k1_off,-0.138000,-0.41793,-0.138000,-0.83636,LOW,false,false,true,false,
445,2026-09-11T21:09:16.974060+00:00,44.500280,estop_latched_red_on_green_off_k1_off,-0.144000,-0.43610,-0.144000,-0.87273,LOW,false,false,true,false,
446,2026-09-11T21:09:17.074370+00:00,44.600307,estop_latched_red_on_green_off_k1_off,-0.146000,-0.44216,-0.142000,-0.86061,LOW,false,false,true,false,
447,2026-09-11T21:09:17.174065+00:00,44.700281,estop_latched_red_on_green_off_k1_off,-0.138000,-0.41793,-0.144000,-0.87273,LOW,false,false,true,false,
448,2026-09-11T21:09:17.274362+00:00,44.800304,estop_latched_red_on_green_off_k1_off,-0.144000,-0.43610,-0.144000,-0.87273,LOW,false,false,true,false,
449,2026-09-11T21:09:17.374073+00:00,44.900284,estop_latched_red_on_green_off_k1_off,-0.144000,-0.43610,-0.144000,-0.87273,LOW,false,false,true,false,
450,2026-09-11T21:09:17.474364+00:00,45.000312,estop_latched_red_on_green_off_k1_off,-0.138000,-0.41793,-0.144000,-0.87273,LOW,false,false,true,false,
451,2026-09-11T21:09:17.574054+00:00,45.100282,estop_latched_red_on_green_off_k1_off,-0.144000,-0.43610,-0.144000,-0.87273,LOW,false,false,true,false,
452,2026-09-11T21:09:17.674356+00:00,45.200308,estop_latched_red_on_green_off_k1_off,-0.144000,-0.43610,-0.146000,-0.88485,LOW,false,false,true,false,
453,2026-09-11T21:09:17.774066+00:00,45.300286,estop_latched_red_on_green_off_k1_off,-0.142000,-0.43004,-0.144000,-0.87273,LOW,false,false,true,false,
454,2026-09-11T21:09:17.874367+00:00,45.400311,estop_latched_red_on_green_off_k1_off,-0.140000,-0.42399,-0.144000,-0.87273,LOW,false,false,true,false,
455,2026-09-11T21:09:17.974054+00:00,45.500282,estop_latched_red_on_green_off_k1_off,-0.144000,-0.43610,-0.144000,-0.87273,LOW,false,false,true,false,
456,2026-09-11T21:09:18.074370+00:00,45.600305,estop_latched_red_on_green_off_k1_off,-0.144000,-0.43610,-0.146000,-0.88485,LOW,false,false,true,false,
457,2026-09-11T21:09:18.174124+00:00,45.700309,estop_latched_red_on_green_off_k1_off,-0.144000,-0.43610,-0.144000,-0.87273,LOW,false,false,true,false,
458,2026-09-11T21:09:18.274334+00:00,45.800283,estop_latched_red_on_green_off_k1_off,-0.146000,-0.44216,-0.144000,-0.87273,LOW,false,false,true,false,
459,2026-09-11T21:09:18.374497+00:00,45.900379,estop_latched_red_on_green_off_k1_off,-0.144000,-0.43610,-0.144000,-0.87273,LOW,false,false,true,false,
460,2026-09-11T21:09:18.474174+00:00,46.000326,estop_latched_red_on_green_off_k1_off,-0.142000,-0.43004,-0.144000,-0.87273,LOW,false,false,true,false,
461,2026-09-11T21:09:18.574274+00:00,46.100284,estop_latched_red_on_green_off_k1_off,-0.146000,-0.44216,-0.144000,-0.87273,LOW,false,false,true,false,
462,2026-09-11T21:09:18.674255+00:00,46.200404,estop_latched_red_on_green_off_k1_off,-0.142000,-0.43004,-0.144000,-0.87273,LOW,false,false,true,false,
463,2026-09-11T21:09:18.774360+00:00,46.300285,estop_latched_red_on_green_off_k1_off,-0.144000,-0.43610,-0.148000,-0.89697,LOW,false,false,true,false,
464,2026-09-11T21:09:18.874234+00:00,46.400310,estop_latched_red_on_green_off_k1_off,-0.144000,-0.43610,-0.144000,-0.87273,LOW,false,false,true,false,
465,2026-09-11T21:09:18.974258+00:00,46.500277,estop_latched_red_on_green_off_k1_off,-0.144000,-0.43610,-0.142000,-0.86061,LOW,false,false,true,false,
466,2026-09-11T21:09:19.074159+00:00,46.600316,estop_latched_red_on_green_off_k1_off,-0.144000,-0.43610,-0.144000,-0.87273,LOW,false,false,true,false,
467,2026-09-11T21:09:19.174259+00:00,46.700277,estop_latched_red_on_green_off_k1_off,-0.144000,-0.43610,-0.142000,-0.86061,LOW,false,false,true,false,
468,2026-09-11T21:09:19.274157+00:00,46.800311,estop_latched_red_on_green_off_k1_off,-0.144000,-0.43610,-0.142000,-0.86061,LOW,false,false,true,false,
469,2026-09-11T21:09:19.374272+00:00,46.900280,estop_latched_red_on_green_off_k1_off,-0.144000,-0.43610,-0.144000,-0.87273,LOW,false,false,true,false,
470,2026-09-11T21:09:19.474165+00:00,47.000313,estop_latched_red_on_green_off_k1_off,-0.144000,-0.43610,-0.146000,-0.88485,LOW,false,false,true,false,
471,2026-09-11T21:09:19.574341+00:00,47.100311,estop_latched_red_on_green_off_k1_off,-0.144000,-0.43610,-0.140000,-0.84848,LOW,false,false,true,false,
472,2026-09-11T21:09:19.674159+00:00,47.200313,estop_latched_red_on_green_off_k1_off,-0.140000,-0.42399,-0.144000,-0.87273,LOW,false,false,true,false,
473,2026-09-11T21:09:19.774290+00:00,47.300285,estop_latched_red_on_green_off_k1_off,-0.144000,-0.43610,-0.146000,-0.88485,LOW,false,false,true,false,
474,2026-09-11T21:09:19.874148+00:00,47.400310,estop_latched_red_on_green_off_k1_off,-0.144000,-0.43610,-0.144000,-0.87273,LOW,false,false,true,false,
475,2026-09-11T21:09:19.974263+00:00,47.500276,estop_latched_red_on_green_off_k1_off,-0.144000,-0.43610,-0.146000,-0.88485,LOW,false,false,true,false,
476,2026-09-11T21:09:20.074154+00:00,47.600306,estop_latched_red_on_green_off_k1_off,-0.146000,-0.44216,-0.144000,-0.87273,LOW,false,false,true,false,
477,2026-09-11T21:09:20.174325+00:00,47.700302,estop_latched_red_on_green_off_k1_off,-0.144000,-0.43610,-0.142000,-0.86061,LOW,false,false,true,false,
478,2026-09-11T21:09:20.274225+00:00,47.800317,estop_latched_red_on_green_off_k1_off,-0.144000,-0.43610,-0.144000,-0.87273,LOW,false,false,true,false,
479,2026-09-11T21:09:20.374208+00:00,47.900281,estop_latched_red_on_green_off_k1_off,-0.146000,-0.44216,-0.140000,-0.84848,LOW,false,false,true,false,
480,2026-09-11T21:09:20.474270+00:00,48.000310,estop_latched_red_on_green_off_k1_off,-0.140000,-0.42399,-0.142000,-0.86061,LOW,false,false,true,false,
481,2026-09-11T21:09:20.574489+00:00,48.100413,estop_latched_red_on_green_off_k1_off,-0.144000,-0.43610,-0.142000,-0.86061,LOW,false,false,true,false,
482,2026-09-11T21:09:20.674302+00:00,48.200330,estop_latched_red_on_green_off_k1_off,-0.146000,-0.44216,-0.144000,-0.87273,LOW,false,false,true,false,
483,2026-09-11T21:09:20.774173+00:00,48.300287,estop_latched_red_on_green_off_k1_off,-0.142000,-0.43004,-0.144000,-0.87273,LOW,false,false,true,false,
484,2026-09-11T21:09:20.874382+00:00,48.400315,estop_latched_red_on_green_off_k1_off,-0.144000,-0.43610,-0.142000,-0.86061,LOW,false,false,true,false,
485,2026-09-11T21:09:20.974134+00:00,48.500278,estop_latched_red_on_green_off_k1_off,-0.142000,-0.43004,-0.144000,-0.87273,LOW,false,false,true,false,
486,2026-09-11T21:09:21.074279+00:00,48.600304,estop_latched_red_on_green_off_k1_off,-0.142000,-0.43004,-0.146000,-0.88485,LOW,false,false,true,false,
487,2026-09-11T21:09:21.174140+00:00,48.700276,estop_latched_red_on_green_off_k1_off,-0.144000,-0.43610,-0.142000,-0.86061,LOW,false,false,true,false,
488,2026-09-11T21:09:21.274292+00:00,48.800312,estop_latched_red_on_green_off_k1_off,-0.140000,-0.42399,-0.142000,-0.86061,LOW,false,false,true,false,
489,2026-09-11T21:09:21.374213+00:00,48.900280,estop_latched_red_on_green_off_k1_off,-0.146000,-0.44216,-0.146000,-0.88485,LOW,false,false,true,false,
490,2026-09-11T21:09:21.474517+00:00,49.000404,estop_latched_red_on_green_off_k1_off,-0.144000,-0.43610,-0.144000,-0.87273,LOW,false,false,true,false,
491,2026-09-11T21:09:21.574280+00:00,49.100319,estop_latched_red_on_green_off_k1_off,-0.144000,-0.43610,-0.140000,-0.84848,LOW,false,false,true,false,
492,2026-09-11T21:09:21.674301+00:00,49.200315,estop_latched_red_on_green_off_k1_off,-0.138000,-0.41793,-0.142000,-0.86061,LOW,false,false,true,false,
493,2026-09-11T21:09:21.774183+00:00,49.300311,estop_latched_red_on_green_off_k1_off,-0.138000,-0.41793,-0.146000,-0.88485,LOW,false,false,true,false,
494,2026-09-11T21:09:21.874302+00:00,49.400323,estop_latched_red_on_green_off_k1_off,-0.144000,-0.43610,-0.144000,-0.87273,LOW,false,false,true,false,
495,2026-09-11T21:09:21.974167+00:00,49.500299,estop_latched_red_on_green_off_k1_off,-0.144000,-0.43610,-0.144000,-0.87273,LOW,false,false,true,false,
496,2026-09-11T21:09:22.074279+00:00,49.600311,estop_latched_red_on_green_off_k1_off,-0.144000,-0.43610,-0.144000,-0.87273,LOW,false,false,true,false,
497,2026-09-11T21:09:22.174115+00:00,49.700275,estop_latched_red_on_green_off_k1_off,-0.144000,-0.43610,-0.142000,-0.86061,LOW,false,false,true,false,
498,2026-09-11T21:09:22.274274+00:00,49.800306,estop_latched_red_on_green_off_k1_off,-0.144000,-0.43610,-0.138000,-0.83636,LOW,false,false,true,false,
499,2026-09-11T21:09:22.374128+00:00,49.900278,estop_latched_red_on_green_off_k1_off,-0.144000,-0.43610,-0.144000,-0.87273,LOW,false,false,true,false,
500,2026-09-11T21:09:22.474482+00:00,50.000315,estop_latched_red_on_green_off_k1_off,-0.144000,-0.43610,-0.144000,-0.87273,LOW,false,false,true,false,
501,2026-09-11T21:09:22.574213+00:00,50.100334,estop_latched_red_on_green_off_k1_off,-0.144000,-0.43610,-0.144000,-0.87273,LOW,false,false,true,false,
502,2026-09-11T21:09:22.674309+00:00,50.200329,estop_latched_red_on_green_off_k1_off,-0.148000,-0.44821,-0.146000,-0.88485,LOW,false,false,true,false,
503,2026-09-11T21:09:22.774073+00:00,50.300280,estop_latched_red_on_green_off_k1_off,-0.144000,-0.43610,-0.144000,-0.87273,LOW,false,false,true,false,
504,2026-09-11T21:09:22.874160+00:00,50.400286,estop_latched_red_on_green_off_k1_off,-0.144000,-0.43610,-0.146000,-0.88485,LOW,false,false,true,false,
505,2026-09-11T21:09:22.974301+00:00,50.500311,estop_latched_red_on_green_off_k1_off,-0.144000,-0.43610,-0.144000,-0.87273,LOW,false,false,true,false,
506,2026-09-11T21:09:23.074162+00:00,50.600284,estop_latched_red_on_green_off_k1_off,-0.142000,-0.43004,-0.142000,-0.86061,LOW,false,false,true,false,
507,2026-09-11T21:09:23.174359+00:00,50.700308,estop_latched_red_on_green_off_k1_off,-0.144000,-0.43610,-0.142000,-0.86061,LOW,false,false,true,false,
508,2026-09-11T21:09:23.274052+00:00,50.800280,estop_latched_red_on_green_off_k1_off,-0.144000,-0.43610,-0.144000,-0.87273,LOW,false,false,true,false,
509,2026-09-11T21:09:23.374382+00:00,50.900314,estop_latched_red_on_green_off_k1_off,-0.146000,-0.44216,-0.144000,-0.87273,LOW,false,false,true,false,
510,2026-09-11T21:09:23.474201+00:00,51.000354,estop_latched_red_on_green_off_k1_off,-0.144000,-0.43610,-0.144000,-0.87273,LOW,false,false,true,false,
511,2026-09-11T21:09:23.574439+00:00,51.100351,estop_latched_red_on_green_off_k1_off,-0.144000,-0.43610,-0.144000,-0.87273,LOW,false,false,true,false,
512,2026-09-11T21:09:23.674142+00:00,51.200290,estop_latched_red_on_green_off_k1_off,-0.144000,-0.43610,-0.146000,-0.88485,LOW,false,false,true,false,
513,2026-09-11T21:09:23.774537+00:00,51.300379,estop_latched_red_on_green_off_k1_off,-0.144000,-0.43610,-0.142000,-0.86061,LOW,false,false,true,false,
514,2026-09-11T21:09:23.874374+00:00,51.400324,estop_latched_red_on_green_off_k1_off,-0.144000,-0.43610,-0.140000,-0.84848,LOW,false,false,true,false,
515,2026-09-11T21:09:23.974133+00:00,51.500282,estop_latched_red_on_green_off_k1_off,-0.144000,-0.43610,-0.146000,-0.88485,LOW,false,false,true,false,
516,2026-09-11T21:09:24.074452+00:00,51.600316,estop_latched_red_on_green_off_k1_off,-0.144000,-0.43610,-0.144000,-0.87273,LOW,false,false,true,false,
517,2026-09-11T21:09:24.174049+00:00,51.700283,estop_latched_red_on_green_off_k1_off,-0.146000,-0.44216,-0.142000,-0.86061,LOW,false,false,true,false,
518,2026-09-11T21:09:24.274361+00:00,51.800308,estop_latched_red_on_green_off_k1_off,-0.142000,-0.43004,-0.144000,-0.87273,LOW,false,false,true,false,
519,2026-09-11T21:09:24.374060+00:00,51.900277,estop_latched_red_on_green_off_k1_off,-0.142000,-0.43004,-0.144000,-0.87273,LOW,false,false,true,false,
520,2026-09-11T21:09:24.474381+00:00,52.000318,estop_latched_red_on_green_off_k1_off,-0.146000,-0.44216,-0.142000,-0.86061,LOW,false,false,true,false,
521,2026-09-11T21:09:24.574063+00:00,52.100284,estop_latched_red_on_green_off_k1_off,-0.146000,-0.44216,-0.144000,-0.87273,LOW,false,false,true,false,
522,2026-09-11T21:09:24.674358+00:00,52.200304,estop_latched_red_on_green_off_k1_off,-0.144000,-0.43610,-0.144000,-0.87273,LOW,false,false,true,false,
523,2026-09-11T21:09:24.774250+00:00,52.300388,estop_latched_red_on_green_off_k1_off,-0.146000,-0.44216,-0.144000,-0.87273,LOW,false,false,true,false,
524,2026-09-11T21:09:24.874400+00:00,52.400330,estop_latched_red_on_green_off_k1_off,-0.142000,-0.43004,-0.142000,-0.86061,LOW,false,false,true,false,
525,2026-09-11T21:09:24.974075+00:00,52.500296,estop_latched_red_on_green_off_k1_off,-0.146000,-0.44216,-0.144000,-0.87273,LOW,false,false,true,false,
526,2026-09-11T21:09:25.074370+00:00,52.600315,estop_latched_red_on_green_off_k1_off,-0.144000,-0.43610,-0.142000,-0.86061,LOW,false,false,true,false,
527,2026-09-11T21:09:25.174048+00:00,52.700278,estop_latched_red_on_green_off_k1_off,-0.144000,-0.43610,-0.140000,-0.84848,LOW,false,false,true,false,
528,2026-09-11T21:09:25.274366+00:00,52.800307,estop_latched_red_on_green_off_k1_off,-0.142000,-0.43004,-0.146000,-0.88485,LOW,false,false,true,false,
529,2026-09-11T21:09:25.374076+00:00,52.900285,estop_latched_red_on_green_off_k1_off,-0.144000,-0.43610,-0.144000,-0.87273,LOW,false,false,true,false,
530,2026-09-11T21:09:25.474359+00:00,53.000308,estop_latched_red_on_green_off_k1_off,-0.142000,-0.43004,-0.144000,-0.87273,LOW,false,false,true,false,
531,2026-09-11T21:09:25.574061+00:00,53.100286,estop_latched_red_on_green_off_k1_off,-0.142000,-0.43004,-0.144000,-0.87273,LOW,false,false,true,false,
532,2026-09-11T21:09:25.674366+00:00,53.200307,estop_latched_red_on_green_off_k1_off,-0.144000,-0.43610,-0.144000,-0.87273,LOW,false,false,true,false,
533,2026-09-11T21:09:25.774055+00:00,53.300282,estop_latched_red_on_green_off_k1_off,-0.146000,-0.44216,-0.144000,-0.87273,LOW,false,false,true,false,
534,2026-09-11T21:09:25.874368+00:00,53.400308,estop_latched_red_on_green_off_k1_off,-0.142000,-0.43004,-0.144000,-0.87273,LOW,false,false,true,false,
535,2026-09-11T21:09:25.974069+00:00,53.500290,estop_latched_red_on_green_off_k1_off,-0.144000,-0.43610,-0.144000,-0.87273,LOW,false,false,true,false,
536,2026-09-11T21:09:26.074359+00:00,53.600308,estop_latched_red_on_green_off_k1_off,-0.144000,-0.43610,-0.142000,-0.86061,LOW,false,false,true,false,
537,2026-09-11T21:09:26.174055+00:00,53.700278,estop_latched_red_on_green_off_k1_off,-0.144000,-0.43610,-0.146000,-0.88485,LOW,false,false,true,false,
538,2026-09-11T21:09:26.274353+00:00,53.800305,estop_latched_red_on_green_off_k1_off,-0.144000,-0.43610,-0.142000,-0.86061,LOW,false,false,true,false,
539,2026-09-11T21:09:26.374050+00:00,53.900277,estop_latched_red_on_green_off_k1_off,-0.146000,-0.44216,-0.142000,-0.86061,LOW,false,false,true,false,
540,2026-09-11T21:09:26.474383+00:00,54.000318,estop_latched_red_on_green_off_k1_off,-0.144000,-0.43610,-0.146000,-0.88485,LOW,false,false,true,false,
541,2026-09-11T21:09:26.574602+00:00,54.100454,estop_latched_red_on_green_off_k1_off,-0.144000,-0.43610,-0.144000,-0.87273,LOW,false,false,true,false,
542,2026-09-11T21:09:26.674367+00:00,54.200324,estop_latched_red_on_green_off_k1_off,-0.144000,-0.43610,-0.142000,-0.86061,LOW,false,false,true,false,
543,2026-09-11T21:09:26.774075+00:00,54.300291,estop_latched_red_on_green_off_k1_off,-0.142000,-0.43004,-0.144000,-0.87273,LOW,false,false,true,false,
544,2026-09-11T21:09:26.874373+00:00,54.400319,estop_latched_red_on_green_off_k1_off,-0.144000,-0.43610,-0.144000,-0.87273,LOW,false,false,true,false,
545,2026-09-11T21:09:26.974080+00:00,54.500295,estop_latched_red_on_green_off_k1_off,-0.144000,-0.43610,-0.144000,-0.87273,LOW,false,false,true,false,
546,2026-09-11T21:09:27.074355+00:00,54.600309,estop_latched_red_on_green_off_k1_off,-0.146000,-0.44216,-0.146000,-0.88485,LOW,false,false,true,false,
547,2026-09-11T21:09:27.174070+00:00,54.700290,estop_latched_red_on_green_off_k1_off,-0.142000,-0.43004,-0.144000,-0.87273,LOW,false,false,true,false,
548,2026-09-11T21:09:27.274353+00:00,54.800304,estop_latched_red_on_green_off_k1_off,-0.144000,-0.43610,-0.144000,-0.87273,LOW,false,false,true,false,
549,2026-09-11T21:09:27.374060+00:00,54.900282,estop_latched_red_on_green_off_k1_off,-0.144000,-0.43610,-0.142000,-0.86061,LOW,false,false,true,false,
550,2026-09-11T21:09:27.474493+00:00,55.000378,estop_latched_red_on_green_off_k1_off,-0.144000,-0.43610,-0.144000,-0.87273,LOW,false,false,true,false,
551,2026-09-11T21:09:27.574144+00:00,55.100328,estop_latched_red_on_green_off_k1_off,-0.144000,-0.43610,-0.144000,-0.87273,LOW,false,false,true,false,
552,2026-09-11T21:09:27.674370+00:00,55.200318,estop_latched_red_on_green_off_k1_off,-0.144000,-0.43610,-0.144000,-0.87273,LOW,false,false,true,false,
553,2026-09-11T21:09:27.774061+00:00,55.300282,estop_latched_red_on_green_off_k1_off,-0.144000,-0.43610,-0.144000,-0.87273,LOW,false,false,true,false,
554,2026-09-11T21:09:27.874559+00:00,55.400426,estop_latched_red_on_green_off_k1_off,-0.144000,-0.43610,-0.144000,-0.87273,LOW,false,false,true,false,
555,2026-09-11T21:09:27.974088+00:00,55.500304,estop_latched_red_on_green_off_k1_off,-0.144000,-0.43610,-0.144000,-0.87273,LOW,false,false,true,false,
556,2026-09-11T21:09:28.074359+00:00,55.600313,estop_latched_red_on_green_off_k1_off,-0.146000,-0.44216,-0.146000,-0.88485,LOW,false,false,true,false,
557,2026-09-11T21:09:28.174054+00:00,55.700281,estop_latched_red_on_green_off_k1_off,-0.146000,-0.44216,-0.144000,-0.87273,LOW,false,false,true,false,
558,2026-09-11T21:09:28.274412+00:00,55.800332,estop_latched_red_on_green_off_k1_off,-0.146000,-0.44216,-0.146000,-0.88485,LOW,false,false,true,false,
559,2026-09-11T21:09:28.374067+00:00,55.900286,estop_latched_red_on_green_off_k1_off,-0.144000,-0.43610,-0.144000,-0.87273,LOW,false,false,true,false,
560,2026-09-11T21:09:28.474358+00:00,56.000310,estop_latched_red_on_green_off_k1_off,-0.142000,-0.43004,-0.140000,-0.84848,LOW,false,false,true,false,
561,2026-09-11T21:09:28.574204+00:00,56.100357,estop_latched_red_on_green_off_k1_off,-0.142000,-0.43004,-0.144000,-0.87273,LOW,false,false,true,false,
562,2026-09-11T21:09:28.674377+00:00,56.200325,estop_latched_red_on_green_off_k1_off,-0.144000,-0.43610,-0.144000,-0.87273,LOW,false,false,true,false,
563,2026-09-11T21:09:28.774052+00:00,56.300281,estop_latched_red_on_green_off_k1_off,-0.144000,-0.43610,-0.142000,-0.86061,LOW,false,false,true,false,
564,2026-09-11T21:09:28.874368+00:00,56.400309,estop_latched_red_on_green_off_k1_off,-0.144000,-0.43610,-0.144000,-0.87273,LOW,false,false,true,false,
565,2026-09-11T21:09:28.974070+00:00,56.500288,estop_latched_red_on_green_off_k1_off,-0.142000,-0.43004,-0.144000,-0.87273,LOW,false,false,true,false,
566,2026-09-11T21:09:29.074356+00:00,56.600310,estop_latched_red_on_green_off_k1_off,-0.146000,-0.44216,-0.140000,-0.84848,LOW,false,false,true,false,
567,2026-09-11T21:09:29.174050+00:00,56.700279,estop_latched_red_on_green_off_k1_off,-0.144000,-0.43610,-0.144000,-0.87273,LOW,false,false,true,false,
568,2026-09-11T21:09:29.274349+00:00,56.800305,estop_latched_red_on_green_off_k1_off,-0.144000,-0.43610,-0.144000,-0.87273,LOW,false,false,true,false,
569,2026-09-11T21:09:29.374087+00:00,56.900298,estop_latched_red_on_green_off_k1_off,-0.144000,-0.43610,-0.144000,-0.87273,LOW,false,false,true,false,
570,2026-09-11T21:09:29.474362+00:00,57.000310,estop_latched_red_on_green_off_k1_off,-0.142000,-0.43004,-0.144000,-0.87273,LOW,false,false,true,false,
571,2026-09-11T21:09:29.574068+00:00,57.100287,estop_latched_red_on_green_off_k1_off,-0.142000,-0.43004,-0.144000,-0.87273,LOW,false,false,true,false,
572,2026-09-11T21:09:29.674365+00:00,57.200309,estop_latched_red_on_green_off_k1_off,-0.142000,-0.43004,-0.142000,-0.86061,LOW,false,false,true,false,
573,2026-09-11T21:09:29.774065+00:00,57.300282,estop_latched_red_on_green_off_k1_off,-0.144000,-0.43610,-0.144000,-0.87273,LOW,false,false,true,false,
574,2026-09-11T21:09:29.874376+00:00,57.400316,estop_latched_red_on_green_off_k1_off,-0.144000,-0.43610,-0.144000,-0.87273,LOW,false,false,true,false,
575,2026-09-11T21:09:29.974059+00:00,57.500280,estop_latched_red_on_green_off_k1_off,-0.144000,-0.43610,-0.144000,-0.87273,LOW,false,false,true,false,
576,2026-09-11T21:09:30.074361+00:00,57.600312,estop_latched_red_on_green_off_k1_off,-0.142000,-0.43004,-0.142000,-0.86061,LOW,false,false,true,false,
577,2026-09-11T21:09:30.174055+00:00,57.700279,estop_latched_red_on_green_off_k1_off,-0.146000,-0.44216,-0.142000,-0.86061,LOW,false,false,true,false,
578,2026-09-11T21:09:30.274360+00:00,57.800307,estop_latched_red_on_green_off_k1_off,-0.144000,-0.43610,-0.144000,-0.87273,LOW,false,false,true,false,
579,2026-09-11T21:09:30.374111+00:00,57.900278,estop_latched_red_on_green_off_k1_off,-0.144000,-0.43610,-0.146000,-0.88485,LOW,false,false,true,false,
580,2026-09-11T21:09:30.474387+00:00,58.000322,estop_latched_red_on_green_off_k1_off,-0.140000,-0.42399,-0.144000,-0.87273,LOW,false,false,true,false,
581,2026-09-11T21:09:30.574066+00:00,58.100288,estop_latched_red_on_green_off_k1_off,-0.144000,-0.43610,-0.146000,-0.88485,LOW,false,false,true,false,
582,2026-09-11T21:09:30.674368+00:00,58.200310,estop_latched_red_on_green_off_k1_off,-0.140000,-0.42399,-0.144000,-0.87273,LOW,false,false,true,false,
583,2026-09-11T21:09:30.774064+00:00,58.300284,estop_latched_red_on_green_off_k1_off,-0.142000,-0.43004,-0.146000,-0.88485,LOW,false,false,true,false,
584,2026-09-11T21:09:30.874356+00:00,58.400304,estop_latched_red_on_green_off_k1_off,-0.146000,-0.44216,-0.142000,-0.86061,LOW,false,false,true,false,
585,2026-09-11T21:09:30.974058+00:00,58.500280,estop_latched_red_on_green_off_k1_off,-0.144000,-0.43610,-0.144000,-0.87273,LOW,false,false,true,false,
586,2026-09-11T21:09:31.074374+00:00,58.600315,estop_latched_red_on_green_off_k1_off,-0.144000,-0.43610,-0.144000,-0.87273,LOW,false,false,true,false,
587,2026-09-11T21:09:31.174057+00:00,58.700281,estop_latched_red_on_green_off_k1_off,-0.142000,-0.43004,-0.142000,-0.86061,LOW,false,false,true,false,
588,2026-09-11T21:09:31.274353+00:00,58.800303,estop_latched_red_on_green_off_k1_off,-0.142000,-0.43004,-0.140000,-0.84848,LOW,false,false,true,false,
589,2026-09-11T21:09:31.374062+00:00,58.900278,estop_latched_red_on_green_off_k1_off,-0.146000,-0.44216,-0.142000,-0.86061,LOW,false,false,true,false,
590,2026-09-11T21:09:31.474363+00:00,59.000311,estop_latched_red_on_green_off_k1_off,-0.144000,-0.43610,-0.138000,-0.83636,LOW,false,false,true,false,
591,2026-09-11T21:09:31.574117+00:00,59.100308,estop_latched_red_on_green_off_k1_off,-0.144000,-0.43610,-0.146000,-0.88485,LOW,false,false,true,false,
592,2026-09-11T21:09:31.674361+00:00,59.200313,estop_latched_red_on_green_off_k1_off,-0.140000,-0.42399,-0.144000,-0.87273,LOW,false,false,true,false,
593,2026-09-11T21:09:31.774061+00:00,59.300283,estop_latched_red_on_green_off_k1_off,-0.144000,-0.43610,-0.144000,-0.87273,LOW,false,false,true,false,
594,2026-09-11T21:09:31.874356+00:00,59.400310,estop_latched_red_on_green_off_k1_off,-0.142000,-0.43004,-0.140000,-0.84848,LOW,false,false,true,false,
595,2026-09-11T21:09:31.974054+00:00,59.500282,estop_latched_red_on_green_off_k1_off,-0.144000,-0.43610,-0.144000,-0.87273,LOW,false,false,true,false,
596,2026-09-11T21:09:32.074370+00:00,59.600317,estop_latched_red_on_green_off_k1_off,-0.144000,-0.43610,-0.144000,-0.87273,LOW,false,false,true,false,
597,2026-09-11T21:09:32.174056+00:00,59.700281,estop_latched_red_on_green_off_k1_off,-0.146000,-0.44216,-0.144000,-0.87273,LOW,false,false,true,false,
598,2026-09-11T21:09:32.274358+00:00,59.800310,estop_latched_red_on_green_off_k1_off,-0.142000,-0.43004,-0.144000,-0.87273,LOW,false,false,true,false,
599,2026-09-11T21:09:32.374054+00:00,59.900284,estop_latched_red_on_green_off_k1_off,-0.144000,-0.43610,-0.144000,-0.87273,LOW,false,false,true,false,
600,2026-09-11T21:09:32.474355+00:00,60.000308,estop_latched_red_on_green_off_k1_off,-0.146000,-0.44216,-0.142000,-0.86061,LOW,false,false,true,false,
601,2026-09-11T21:09:32.574294+00:00,60.100420,estop_latched_red_on_green_off_k1_off,-0.144000,-0.43610,-0.142000,-0.86061,LOW,false,false,true,false,
602,2026-09-11T21:09:32.674069+00:00,60.200294,estop_latched_red_on_green_off_k1_off,-0.142000,-0.43004,-0.140000,-0.84848,LOW,false,false,true,false,
603,2026-09-11T21:09:32.775041+00:00,60.300756,estop_released_red_on_green_off_board_power_on_k1_off,-0.144000,-0.43610,-0.142000,-0.86061,LOW,false,false,true,false,mark:estop_released_red_on_green_off_board_power_on_k1_off
604,2026-09-11T21:09:32.874649+00:00,60.400692,estop_released_red_on_green_off_board_power_on_k1_off,-0.144000,-0.43610,-0.144000,-0.87273,LOW,false,false,false,false,trip_reset_output_safe
605,2026-09-11T21:09:32.974300+00:00,60.500381,estop_released_red_on_green_off_board_power_on_k1_off,-0.144000,-0.43610,-0.144000,-0.87273,LOW,false,false,false,false,
606,2026-09-11T21:09:33.074681+00:00,60.600428,estop_released_red_on_green_off_board_power_on_k1_off,-0.144000,-0.43610,-0.146000,-0.88485,LOW,false,false,false,false,
607,2026-09-11T21:09:33.174339+00:00,60.700403,estop_released_red_on_green_off_board_power_on_k1_off,-0.144000,-0.43610,-0.144000,-0.87273,LOW,false,false,false,false,
608,2026-09-11T21:09:33.274663+00:00,60.800428,estop_released_red_on_green_off_board_power_on_k1_off,-0.144000,-0.43610,-0.138000,-0.83636,LOW,false,false,false,false,
609,2026-09-11T21:09:33.374371+00:00,60.900430,estop_released_red_on_green_off_board_power_on_k1_off,-0.142000,-0.43004,-0.144000,-0.87273,LOW,false,false,false,false,
610,2026-09-11T21:09:33.474317+00:00,61.000381,estop_released_red_on_green_off_board_power_on_k1_off,-0.144000,-0.43610,-0.142000,-0.86061,LOW,false,false,false,false,
611,2026-09-11T21:09:33.574295+00:00,61.100377,estop_released_red_on_green_off_board_power_on_k1_off,-0.144000,-0.43610,-0.144000,-0.87273,LOW,false,false,false,false,
612,2026-09-11T21:09:33.674597+00:00,61.200437,estop_released_red_on_green_off_board_power_on_k1_off,-0.144000,-0.43610,-0.144000,-0.87273,LOW,false,false,false,false,
613,2026-09-11T21:09:33.774132+00:00,61.300330,estop_released_red_on_green_off_board_power_on_k1_off,-0.144000,-0.43610,-0.144000,-0.87273,LOW,false,false,false,false,
614,2026-09-11T21:09:33.874387+00:00,61.400326,estop_released_red_on_green_off_board_power_on_k1_off,-0.140000,-0.42399,-0.140000,-0.84848,LOW,false,false,false,false,
615,2026-09-11T21:09:33.974230+00:00,61.500359,estop_released_red_on_green_off_board_power_on_k1_off,-0.144000,-0.43610,-0.144000,-0.87273,LOW,false,false,false,false,
616,2026-09-11T21:09:34.074413+00:00,61.600343,estop_released_red_on_green_off_board_power_on_k1_off,-0.144000,-0.43610,-0.144000,-0.87273,LOW,false,false,false,false,
617,2026-09-11T21:09:34.174073+00:00,61.700294,estop_released_red_on_green_off_board_power_on_k1_off,-0.144000,-0.43610,-0.144000,-0.87273,LOW,false,false,false,false,
618,2026-09-11T21:09:34.274369+00:00,61.800315,estop_released_red_on_green_off_board_power_on_k1_off,-0.144000,-0.43610,-0.144000,-0.87273,LOW,false,false,false,false,
619,2026-09-11T21:09:34.374060+00:00,61.900282,estop_released_red_on_green_off_board_power_on_k1_off,-0.144000,-0.43610,-0.144000,-0.87273,LOW,false,false,false,false,
620,2026-09-11T21:09:34.474370+00:00,62.000312,estop_released_red_on_green_off_board_power_on_k1_off,-0.144000,-0.43610,-0.144000,-0.87273,LOW,false,false,false,false,
621,2026-09-11T21:09:34.574055+00:00,62.100283,estop_released_red_on_green_off_board_power_on_k1_off,-0.144000,-0.43610,-0.144000,-0.87273,LOW,false,false,false,false,
622,2026-09-11T21:09:34.674362+00:00,62.200310,estop_released_red_on_green_off_board_power_on_k1_off,-0.144000,-0.43610,-0.144000,-0.87273,LOW,false,false,false,false,
623,2026-09-11T21:09:34.774062+00:00,62.300285,estop_released_red_on_green_off_board_power_on_k1_off,-0.144000,-0.43610,-0.142000,-0.86061,LOW,false,false,false,false,
624,2026-09-11T21:09:34.874372+00:00,62.400315,estop_released_red_on_green_off_board_power_on_k1_off,-0.144000,-0.43610,-0.144000,-0.87273,LOW,false,false,false,false,
625,2026-09-11T21:09:34.974066+00:00,62.500291,estop_released_red_on_green_off_board_power_on_k1_off,-0.144000,-0.43610,-0.144000,-0.87273,LOW,false,false,false,false,
626,2026-09-11T21:09:35.074344+00:00,62.600303,estop_released_red_on_green_off_board_power_on_k1_off,-0.144000,-0.43610,-0.144000,-0.87273,LOW,false,false,false,false,
627,2026-09-11T21:09:35.174066+00:00,62.700290,estop_released_red_on_green_off_board_power_on_k1_off,-0.144000,-0.43610,-0.144000,-0.87273,LOW,false,false,false,false,
628,2026-09-11T21:09:35.274359+00:00,62.800309,estop_released_red_on_green_off_board_power_on_k1_off,-0.142000,-0.43004,-0.144000,-0.87273,LOW,false,false,false,false,
629,2026-09-11T21:09:35.374059+00:00,62.900280,estop_released_red_on_green_off_board_power_on_k1_off,-0.144000,-0.43610,-0.142000,-0.86061,LOW,false,false,false,false,
630,2026-09-11T21:09:35.474360+00:00,63.000310,estop_released_red_on_green_off_board_power_on_k1_off,-0.144000,-0.43610,-0.144000,-0.87273,LOW,false,false,false,false,
631,2026-09-11T21:09:35.574134+00:00,63.100318,estop_released_red_on_green_off_board_power_on_k1_off,-0.144000,-0.43610,-0.142000,-0.86061,LOW,false,false,false,false,
632,2026-09-11T21:09:35.674378+00:00,63.200319,estop_released_red_on_green_off_board_power_on_k1_off,-0.138000,-0.41793,-0.144000,-0.87273,LOW,false,false,false,false,
633,2026-09-11T21:09:35.774062+00:00,63.300284,estop_released_red_on_green_off_board_power_on_k1_off,-0.144000,-0.43610,-0.140000,-0.84848,LOW,false,false,false,false,
634,2026-09-11T21:09:35.874367+00:00,63.400312,estop_released_red_on_green_off_board_power_on_k1_off,-0.146000,-0.44216,-0.144000,-0.87273,LOW,false,false,false,false,
635,2026-09-11T21:09:35.974062+00:00,63.500282,estop_released_red_on_green_off_board_power_on_k1_off,-0.142000,-0.43004,-0.144000,-0.87273,LOW,false,false,false,false,
636,2026-09-11T21:09:36.074361+00:00,63.600307,estop_released_red_on_green_off_board_power_on_k1_off,-0.146000,-0.44216,-0.144000,-0.87273,LOW,false,false,false,false,
637,2026-09-11T21:09:36.174083+00:00,63.700291,estop_released_red_on_green_off_board_power_on_k1_off,-0.142000,-0.43004,-0.144000,-0.87273,LOW,false,false,false,false,
638,2026-09-11T21:09:36.274360+00:00,63.800305,estop_released_red_on_green_off_board_power_on_k1_off,-0.144000,-0.43610,-0.144000,-0.87273,LOW,false,false,false,false,
639,2026-09-11T21:09:36.374061+00:00,63.900279,estop_released_red_on_green_off_board_power_on_k1_off,-0.146000,-0.44216,-0.144000,-0.87273,LOW,false,false,false,false,
640,2026-09-11T21:09:36.474369+00:00,64.000311,estop_released_red_on_green_off_board_power_on_k1_off,-0.144000,-0.43610,-0.146000,-0.88485,LOW,false,false,false,false,
641,2026-09-11T21:09:36.574064+00:00,64.100280,estop_released_red_on_green_off_board_power_on_k1_off,-0.146000,-0.44216,-0.142000,-0.86061,LOW,false,false,false,false,
642,2026-09-11T21:09:36.674378+00:00,64.200315,estop_released_red_on_green_off_board_power_on_k1_off,-0.144000,-0.43610,-0.144000,-0.87273,LOW,false,false,false,false,
643,2026-09-11T21:09:36.774053+00:00,64.300282,estop_released_red_on_green_off_board_power_on_k1_off,-0.140000,-0.42399,-0.146000,-0.88485,LOW,false,false,false,false,
644,2026-09-11T21:09:36.874367+00:00,64.400311,estop_released_red_on_green_off_board_power_on_k1_off,-0.144000,-0.43610,-0.144000,-0.87273,LOW,false,false,false,false,
645,2026-09-11T21:09:36.974072+00:00,64.500285,estop_released_red_on_green_off_board_power_on_k1_off,-0.146000,-0.44216,-0.142000,-0.86061,LOW,false,false,false,false,
646,2026-09-11T21:09:37.074359+00:00,64.600304,estop_released_red_on_green_off_board_power_on_k1_off,-0.146000,-0.44216,-0.144000,-0.87273,LOW,false,false,false,false,
647,2026-09-11T21:09:37.174074+00:00,64.700289,estop_released_red_on_green_off_board_power_on_k1_off,-0.142000,-0.43004,-0.146000,-0.88485,LOW,false,false,false,false,
648,2026-09-11T21:09:37.274375+00:00,64.800313,estop_released_red_on_green_off_board_power_on_k1_off,-0.140000,-0.42399,-0.144000,-0.87273,LOW,false,false,false,false,
649,2026-09-11T21:09:37.374075+00:00,64.900290,estop_released_red_on_green_off_board_power_on_k1_off,-0.144000,-0.43610,-0.144000,-0.87273,LOW,false,false,false,false,
650,2026-09-11T21:09:37.474369+00:00,65.000310,estop_released_red_on_green_off_board_power_on_k1_off,-0.144000,-0.43610,-0.142000,-0.86061,LOW,false,false,false,false,
651,2026-09-11T21:09:37.574070+00:00,65.100286,estop_released_red_on_green_off_board_power_on_k1_off,-0.140000,-0.42399,-0.144000,-0.87273,LOW,false,false,false,false,
652,2026-09-11T21:09:37.674372+00:00,65.200313,estop_released_red_on_green_off_board_power_on_k1_off,-0.144000,-0.43610,-0.146000,-0.88485,LOW,false,false,false,false,
653,2026-09-11T21:09:37.774086+00:00,65.300298,estop_released_red_on_green_off_board_power_on_k1_off,-0.142000,-0.43004,-0.140000,-0.84848,LOW,false,false,false,false,
654,2026-09-11T21:09:37.874381+00:00,65.400317,estop_released_red_on_green_off_board_power_on_k1_off,-0.142000,-0.43004,-0.144000,-0.87273,LOW,false,false,false,false,
655,2026-09-11T21:09:37.974070+00:00,65.500291,estop_released_red_on_green_off_board_power_on_k1_off,-0.144000,-0.43610,-0.144000,-0.87273,LOW,false,false,false,false,
656,2026-09-11T21:09:38.074361+00:00,65.600311,estop_released_red_on_green_off_board_power_on_k1_off,-0.144000,-0.43610,-0.144000,-0.87273,LOW,false,false,false,false,
657,2026-09-11T21:09:38.174070+00:00,65.700285,estop_released_red_on_green_off_board_power_on_k1_off,-0.142000,-0.43004,-0.144000,-0.87273,LOW,false,false,false,false,
658,2026-09-11T21:09:38.274380+00:00,65.800317,estop_released_red_on_green_off_board_power_on_k1_off,-0.142000,-0.43004,-0.144000,-0.87273,LOW,false,false,false,false,
659,2026-09-11T21:09:38.374066+00:00,65.900284,estop_released_red_on_green_off_board_power_on_k1_off,-0.146000,-0.44216,-0.144000,-0.87273,LOW,false,false,false,false,
660,2026-09-11T21:09:38.474357+00:00,66.000306,estop_released_red_on_green_off_board_power_on_k1_off,-0.144000,-0.43610,-0.144000,-0.87273,LOW,false,false,false,false,
661,2026-09-11T21:09:38.574290+00:00,66.100425,estop_released_red_on_green_off_board_power_on_k1_off,-0.140000,-0.42399,-0.142000,-0.86061,LOW,false,false,false,false,
662,2026-09-11T21:09:38.674393+00:00,66.200333,estop_released_red_on_green_off_board_power_on_k1_off,-0.140000,-0.42399,-0.146000,-0.88485,LOW,false,false,false,false,
663,2026-09-11T21:09:38.774188+00:00,66.300352,estop_released_red_on_green_off_board_power_on_k1_off,-0.144000,-0.43610,-0.142000,-0.86061,LOW,false,false,false,false,
664,2026-09-11T21:09:38.875048+00:00,66.400738,estop_released_red_on_green_off_board_power_on_k1_off,-0.144000,-0.43610,-0.144000,-0.87273,LOW,false,true,false,true,permit_accepted
665,2026-09-11T21:09:38.974267+00:00,66.500409,estop_released_red_on_green_off_board_power_on_k1_off,-0.144000,-0.43610,-0.142000,-0.86061,LOW,false,true,false,true,
666,2026-09-11T21:09:39.074626+00:00,66.600382,estop_released_red_on_green_off_board_power_on_k1_off,-0.144000,-0.43610,-0.144000,-0.87273,LOW,false,true,false,true,
667,2026-09-11T21:09:39.174356+00:00,66.700423,estop_released_red_on_green_off_board_power_on_k1_off,-0.144000,-0.43610,-0.144000,-0.87273,LOW,false,true,false,true,
668,2026-09-11T21:09:39.274649+00:00,66.800416,estop_released_red_on_green_off_board_power_on_k1_off,-0.144000,-0.43610,-0.144000,-0.87273,LOW,false,true,false,true,
669,2026-09-11T21:09:39.374437+00:00,66.900452,estop_released_red_on_green_off_board_power_on_k1_off,-0.144000,-0.43610,-0.144000,-0.87273,LOW,false,true,false,true,
670,2026-09-11T21:09:39.474308+00:00,67.000391,estop_released_red_on_green_off_board_power_on_k1_off,-0.144000,-0.43610,-0.144000,-0.87273,LOW,false,true,false,true,
671,2026-09-11T21:09:39.574336+00:00,67.100403,estop_released_red_on_green_off_board_power_on_k1_off,-0.144000,-0.43610,-0.142000,-0.86061,LOW,false,true,false,true,
672,2026-09-11T21:09:39.674375+00:00,67.200405,estop_released_red_on_green_off_board_power_on_k1_off,-0.144000,-0.43610,-0.144000,-0.87273,LOW,false,true,false,true,
673,2026-09-11T21:09:39.774673+00:00,67.300439,estop_released_red_on_green_off_board_power_on_k1_off,-0.144000,-0.43610,-0.144000,-0.87273,LOW,false,true,false,true,
674,2026-09-11T21:09:39.874495+00:00,67.400421,estop_released_red_on_green_off_board_power_on_k1_off,-0.144000,-0.43610,-0.144000,-0.87273,LOW,false,true,false,true,
675,2026-09-11T21:09:39.974544+00:00,67.500398,estop_released_red_on_green_off_board_power_on_k1_off,-0.144000,-0.43610,-0.144000,-0.87273,LOW,false,true,false,true,
676,2026-09-11T21:09:40.074595+00:00,67.600581,estop_released_red_on_green_off_board_power_on_k1_off,-0.144000,-0.43610,-0.144000,-0.87273,LOW,false,true,false,true,
677,2026-09-11T21:09:40.174328+00:00,67.700382,estop_released_red_on_green_off_board_power_on_k1_off,-0.144000,-0.43610,-0.144000,-0.87273,LOW,false,true,false,true,
678,2026-09-11T21:09:40.274296+00:00,67.800379,estop_released_red_on_green_off_board_power_on_k1_off,-0.144000,-0.43610,-0.144000,-0.87273,LOW,false,true,false,true,
679,2026-09-11T21:09:40.374278+00:00,67.900378,estop_released_red_on_green_off_board_power_on_k1_off,-0.144000,-0.43610,-0.144000,-0.87273,LOW,false,true,false,true,
680,2026-09-11T21:09:40.474296+00:00,68.000383,estop_released_red_on_green_off_board_power_on_k1_off,-0.144000,-0.43610,-0.144000,-0.87273,LOW,false,true,false,true,
681,2026-09-11T21:09:40.574347+00:00,68.100376,estop_released_red_on_green_off_board_power_on_k1_off,-0.144000,-0.43610,-0.144000,-0.87273,LOW,false,true,false,true,
682,2026-09-11T21:09:40.674481+00:00,68.200392,estop_released_red_on_green_off_board_power_on_k1_off,-0.144000,-0.43610,-0.144000,-0.87273,LOW,false,true,false,true,
683,2026-09-11T21:09:40.774189+00:00,68.300338,estop_released_red_on_green_off_board_power_on_k1_off,-0.144000,-0.43610,-0.144000,-0.87273,LOW,false,true,false,true,
684,2026-09-11T21:09:40.874280+00:00,68.400285,estop_released_red_on_green_off_board_power_on_k1_off,-0.144000,-0.43610,-0.144000,-0.87273,LOW,false,true,false,true,
685,2026-09-11T21:09:40.974139+00:00,68.500307,estop_released_red_on_green_off_board_power_on_k1_off,-0.144000,-0.43610,-0.144000,-0.87273,LOW,false,true,false,true,
686,2026-09-11T21:09:41.074270+00:00,68.600280,estop_released_red_on_green_off_board_power_on_k1_off,-0.142000,-0.43004,-0.144000,-0.87273,LOW,false,true,false,true,
687,2026-09-11T21:09:41.174146+00:00,68.700305,estop_released_red_on_green_off_board_power_on_k1_off,-0.140000,-0.42399,-0.144000,-0.87273,LOW,false,true,false,true,
688,2026-09-11T21:09:41.274285+00:00,68.800286,estop_released_red_on_green_off_board_power_on_k1_off,-0.144000,-0.43610,-0.144000,-0.87273,LOW,false,true,false,true,
689,2026-09-11T21:09:41.374152+00:00,68.900312,estop_released_red_on_green_off_board_power_on_k1_off,-0.144000,-0.43610,-0.144000,-0.87273,LOW,false,true,false,true,
690,2026-09-11T21:09:41.474270+00:00,69.000283,estop_released_red_on_green_off_board_power_on_k1_off,-0.144000,-0.43610,-0.144000,-0.87273,LOW,false,true,false,true,
691,2026-09-11T21:09:41.574134+00:00,69.100304,estop_released_red_on_green_off_board_power_on_k1_off,-0.146000,-0.44216,-0.144000,-0.87273,LOW,false,true,false,true,
692,2026-09-11T21:09:41.674262+00:00,69.200277,estop_released_red_on_green_off_board_power_on_k1_off,-0.144000,-0.43610,-0.144000,-0.87273,LOW,false,true,false,true,
693,2026-09-11T21:09:41.774235+00:00,69.300306,estop_released_red_on_green_off_board_power_on_k1_off,-0.144000,-0.43610,-0.144000,-0.87273,LOW,false,true,false,true,
694,2026-09-11T21:09:41.874202+00:00,69.400280,estop_released_red_on_green_off_board_power_on_k1_off,-0.144000,-0.43610,-0.144000,-0.87273,LOW,false,true,false,true,
695,2026-09-11T21:09:41.974271+00:00,69.500307,estop_released_red_on_green_off_board_power_on_k1_off,-0.144000,-0.43610,-0.144000,-0.87273,LOW,false,true,false,true,
696,2026-09-11T21:09:42.074151+00:00,69.600279,estop_released_red_on_green_off_board_power_on_k1_off,-0.144000,-0.43610,-0.144000,-0.87273,LOW,false,true,false,true,
697,2026-09-11T21:09:42.174376+00:00,69.700307,estop_released_red_on_green_off_board_power_on_k1_off,-0.144000,-0.43610,-0.144000,-0.87273,LOW,false,true,false,true,
698,2026-09-11T21:09:42.274161+00:00,69.800287,estop_released_red_on_green_off_board_power_on_k1_off,-0.146000,-0.44216,-0.144000,-0.87273,LOW,false,true,false,true,
699,2026-09-11T21:09:42.374379+00:00,69.900311,estop_released_red_on_green_off_board_power_on_k1_off,-0.144000,-0.43610,-0.144000,-0.87273,LOW,false,true,false,true,
700,2026-09-11T21:09:42.474127+00:00,70.000279,estop_released_red_on_green_off_board_power_on_k1_off,-0.144000,-0.43610,-0.144000,-0.87273,LOW,false,true,false,true,
701,2026-09-11T21:09:42.574273+00:00,70.100304,estop_released_red_on_green_off_board_power_on_k1_off,-0.144000,-0.43610,-0.144000,-0.87273,LOW,false,true,false,true,
702,2026-09-11T21:09:42.674211+00:00,70.200278,estop_released_red_on_green_off_board_power_on_k1_off,-0.144000,-0.43610,-0.144000,-0.87273,LOW,false,true,false,true,
703,2026-09-11T21:09:42.774366+00:00,70.300305,estop_released_red_on_green_off_board_power_on_k1_off,-0.144000,-0.43610,-0.144000,-0.87273,LOW,false,true,false,true,
704,2026-09-11T21:09:42.874115+00:00,70.400276,estop_released_red_on_green_off_board_power_on_k1_off,-0.146000,-0.44216,-0.142000,-0.86061,LOW,false,true,false,true,
705,2026-09-11T21:09:42.974283+00:00,70.500305,estop_released_red_on_green_off_board_power_on_k1_off,-0.144000,-0.43610,-0.144000,-0.87273,LOW,false,true,false,true,
706,2026-09-11T21:09:43.074246+00:00,70.600288,estop_released_red_on_green_off_board_power_on_k1_off,-0.144000,-0.43610,-0.144000,-0.87273,LOW,false,true,false,true,
707,2026-09-11T21:09:43.174282+00:00,70.700309,estop_released_red_on_green_off_board_power_on_k1_off,-0.144000,-0.43610,-0.144000,-0.87273,LOW,false,true,false,true,
708,2026-09-11T21:09:43.274120+00:00,70.800274,estop_released_red_on_green_off_board_power_on_k1_off,-0.144000,-0.43610,-0.144000,-0.87273,LOW,false,true,false,true,
709,2026-09-11T21:09:43.374299+00:00,70.900314,estop_released_red_on_green_off_board_power_on_k1_off,-0.144000,-0.43610,-0.144000,-0.87273,LOW,false,true,false,true,
710,2026-09-11T21:09:43.474115+00:00,71.000276,estop_released_red_on_green_off_board_power_on_k1_off,-0.144000,-0.43610,-0.142000,-0.86061,LOW,false,true,false,true,
711,2026-09-11T21:09:43.574330+00:00,71.100330,estop_released_red_on_green_off_board_power_on_k1_off,-0.144000,-0.43610,-0.144000,-0.87273,LOW,false,true,false,true,
712,2026-09-11T21:09:43.674132+00:00,71.200282,estop_released_red_on_green_off_board_power_on_k1_off,-0.144000,-0.43610,-0.144000,-0.87273,LOW,false,true,false,true,
713,2026-09-11T21:09:43.774293+00:00,71.300311,estop_released_red_on_green_off_board_power_on_k1_off,-0.144000,-0.43610,-0.144000,-0.87273,LOW,false,true,false,true,
714,2026-09-11T21:09:43.874264+00:00,71.400347,estop_released_red_on_green_off_board_power_on_k1_off,-0.144000,-0.43610,-0.144000,-0.87273,LOW,false,true,false,true,
715,2026-09-11T21:09:43.974303+00:00,71.500326,estop_released_red_on_green_off_board_power_on_k1_off,-0.142000,-0.43004,-0.144000,-0.87273,LOW,false,true,false,true,
716,2026-09-11T21:09:44.074133+00:00,71.600281,estop_released_red_on_green_off_board_power_on_k1_off,-0.144000,-0.43610,-0.144000,-0.87273,LOW,false,true,false,true,
717,2026-09-11T21:09:44.174290+00:00,71.700314,estop_released_red_on_green_off_board_power_on_k1_off,-0.142000,-0.43004,-0.144000,-0.87273,LOW,false,true,false,true,
718,2026-09-11T21:09:44.274148+00:00,71.800287,estop_released_red_on_green_off_board_power_on_k1_off,-0.146000,-0.44216,-0.144000,-0.87273,LOW,false,true,false,true,
719,2026-09-11T21:09:44.374302+00:00,71.900317,estop_released_red_on_green_off_board_power_on_k1_off,-0.144000,-0.43610,-0.144000,-0.87273,LOW,false,true,false,true,
720,2026-09-11T21:09:44.474127+00:00,72.000275,estop_released_red_on_green_off_board_power_on_k1_off,-0.144000,-0.43610,-0.144000,-0.87273,LOW,false,true,false,true,
721,2026-09-11T21:09:44.574546+00:00,72.100464,estop_released_red_on_green_off_board_power_on_k1_off,-0.144000,-0.43610,-0.144000,-0.87273,LOW,false,true,false,true,
722,2026-09-11T21:09:44.674158+00:00,72.200303,estop_released_red_on_green_off_board_power_on_k1_off,-0.144000,-0.43610,-0.144000,-0.87273,LOW,false,true,false,true,
723,2026-09-11T21:09:44.774525+00:00,72.300457,estop_released_red_on_green_off_board_power_on_k1_off,-0.144000,-0.43610,-0.144000,-0.87273,LOW,false,true,false,true,
724,2026-09-11T21:09:44.874162+00:00,72.400305,estop_released_red_on_green_off_board_power_on_k1_off,-0.144000,-0.43610,-0.142000,-0.86061,LOW,false,true,false,true,
725,2026-09-11T21:09:44.974365+00:00,72.500318,estop_released_red_on_green_off_board_power_on_k1_off,-0.144000,-0.43610,-0.144000,-0.87273,LOW,false,true,false,true,
726,2026-09-11T21:09:45.074136+00:00,72.600284,estop_released_red_on_green_off_board_power_on_k1_off,-0.144000,-0.43610,-0.144000,-0.87273,LOW,false,true,false,true,
727,2026-09-11T21:09:45.174471+00:00,72.700325,estop_released_red_on_green_off_board_power_on_k1_off,-0.146000,-0.44216,-0.144000,-0.87273,LOW,false,true,false,true,
728,2026-09-11T21:09:45.274144+00:00,72.800295,estop_released_red_on_green_off_board_power_on_k1_off,-0.144000,-0.43610,-0.144000,-0.87273,LOW,false,true,false,true,
729,2026-09-11T21:09:45.374686+00:00,72.900432,estop_released_red_on_green_off_board_power_on_k1_off,-0.144000,-0.43610,-0.144000,-0.87273,LOW,false,true,false,true,
730,2026-09-11T21:09:45.474105+00:00,73.000313,estop_released_red_on_green_off_board_power_on_k1_off,-0.144000,-0.43610,-0.144000,-0.87273,LOW,false,true,false,true,
731,2026-09-11T21:09:45.574437+00:00,73.100351,estop_released_red_on_green_off_board_power_on_k1_off,-0.144000,-0.43610,-0.144000,-0.87273,LOW,false,true,false,true,
732,2026-09-11T21:09:45.674076+00:00,73.200297,estop_released_red_on_green_off_board_power_on_k1_off,-0.144000,-0.43610,-0.146000,-0.88485,LOW,false,true,false,true,
733,2026-09-11T21:09:45.774421+00:00,73.300340,estop_released_red_on_green_off_board_power_on_k1_off,-0.144000,-0.43610,-0.144000,-0.87273,LOW,false,true,false,true,
734,2026-09-11T21:09:45.874081+00:00,73.400296,estop_released_red_on_green_off_board_power_on_k1_off,-0.144000,-0.43610,-0.142000,-0.86061,LOW,false,true,false,true,
735,2026-09-11T21:09:45.974380+00:00,73.500316,estop_released_red_on_green_off_board_power_on_k1_off,-0.144000,-0.43610,-0.146000,-0.88485,LOW,false,true,false,true,
736,2026-09-11T21:09:46.074070+00:00,73.600285,estop_released_red_on_green_off_board_power_on_k1_off,-0.144000,-0.43610,-0.142000,-0.86061,LOW,false,true,false,true,
737,2026-09-11T21:09:46.174379+00:00,73.700317,estop_released_red_on_green_off_board_power_on_k1_off,-0.144000,-0.43610,-0.144000,-0.87273,LOW,false,true,false,true,
738,2026-09-11T21:09:46.274067+00:00,73.800285,estop_released_red_on_green_off_board_power_on_k1_off,-0.146000,-0.44216,-0.144000,-0.87273,LOW,false,true,false,true,
739,2026-09-11T21:09:46.374386+00:00,73.900317,estop_released_red_on_green_off_board_power_on_k1_off,-0.144000,-0.43610,-0.144000,-0.87273,LOW,false,true,false,true,
740,2026-09-11T21:09:46.474062+00:00,74.000285,estop_released_red_on_green_off_board_power_on_k1_off,-0.144000,-0.43610,-0.142000,-0.86061,LOW,false,true,false,true,
741,2026-09-11T21:09:46.574364+00:00,74.100313,estop_released_red_on_green_off_board_power_on_k1_off,-0.144000,-0.43610,-0.144000,-0.87273,LOW,false,true,false,true,
742,2026-09-11T21:09:46.674064+00:00,74.200284,estop_released_red_on_green_off_board_power_on_k1_off,-0.144000,-0.43610,-0.144000,-0.87273,LOW,false,true,false,true,
743,2026-09-11T21:09:46.774371+00:00,74.300314,estop_released_red_on_green_off_board_power_on_k1_off,-0.146000,-0.44216,-0.144000,-0.87273,LOW,false,true,false,true,
744,2026-09-11T21:09:46.874064+00:00,74.400282,estop_released_red_on_green_off_board_power_on_k1_off,-0.144000,-0.43610,-0.144000,-0.87273,LOW,false,true,false,true,
745,2026-09-11T21:09:46.974377+00:00,74.500317,estop_released_red_on_green_off_board_power_on_k1_off,-0.144000,-0.43610,-0.146000,-0.88485,LOW,false,true,false,true,
746,2026-09-11T21:09:47.074075+00:00,74.600281,estop_released_red_on_green_off_board_power_on_k1_off,-0.144000,-0.43610,-0.144000,-0.87273,LOW,false,true,false,true,
747,2026-09-11T21:09:47.174386+00:00,74.700320,estop_released_red_on_green_off_board_power_on_k1_off,-0.144000,-0.43610,-0.144000,-0.87273,LOW,false,true,false,true,
748,2026-09-11T21:09:47.274073+00:00,74.800286,estop_released_red_on_green_off_board_power_on_k1_off,-0.144000,-0.43610,-0.144000,-0.87273,LOW,false,true,false,true,
749,2026-09-11T21:09:47.374357+00:00,74.900307,estop_released_red_on_green_off_board_power_on_k1_off,-0.144000,-0.43610,-0.144000,-0.87273,LOW,false,true,false,true,
750,2026-09-11T21:09:47.474078+00:00,75.000291,estop_released_red_on_green_off_board_power_on_k1_off,-0.144000,-0.43610,-0.144000,-0.87273,LOW,false,true,false,true,
751,2026-09-11T21:09:47.574427+00:00,75.100343,estop_released_red_on_green_off_board_power_on_k1_off,-0.144000,-0.43610,-0.144000,-0.87273,LOW,false,true,false,true,
752,2026-09-11T21:09:47.674056+00:00,75.200288,estop_released_red_on_green_off_board_power_on_k1_off,-0.144000,-0.43610,-0.144000,-0.87273,LOW,false,true,false,true,
753,2026-09-11T21:09:47.774365+00:00,75.300316,estop_released_red_on_green_off_board_power_on_k1_off,-0.144000,-0.43610,-0.144000,-0.87273,LOW,false,true,false,true,
754,2026-09-11T21:09:47.874067+00:00,75.400292,estop_released_red_on_green_off_board_power_on_k1_off,-0.144000,-0.43610,-0.142000,-0.86061,LOW,false,true,false,true,
755,2026-09-11T21:09:47.974362+00:00,75.500315,estop_released_red_on_green_off_board_power_on_k1_off,-0.142000,-0.43004,-0.144000,-0.87273,LOW,false,true,false,true,
756,2026-09-11T21:09:48.074062+00:00,75.600284,estop_released_red_on_green_off_board_power_on_k1_off,-0.144000,-0.43610,-0.144000,-0.87273,LOW,false,true,false,true,
757,2026-09-11T21:09:48.174355+00:00,75.700306,estop_released_red_on_green_off_board_power_on_k1_off,-0.140000,-0.42399,-0.142000,-0.86061,LOW,false,true,false,true,
758,2026-09-11T21:09:48.274055+00:00,75.800283,estop_released_red_on_green_off_board_power_on_k1_off,-0.144000,-0.43610,-0.140000,-0.84848,LOW,false,true,false,true,
759,2026-09-11T21:09:48.374363+00:00,75.900315,estop_released_red_on_green_off_board_power_on_k1_off,-0.144000,-0.43610,-0.144000,-0.87273,LOW,false,true,false,true,
760,2026-09-11T21:09:48.474108+00:00,76.000296,estop_released_red_on_green_off_board_power_on_k1_off,-0.144000,-0.43610,-0.144000,-0.87273,LOW,false,true,false,true,
761,2026-09-11T21:09:48.574424+00:00,76.100349,estop_released_red_on_green_off_board_power_on_k1_off,-0.144000,-0.43610,-0.144000,-0.87273,LOW,false,true,false,true,
762,2026-09-11T21:09:48.674057+00:00,76.200291,estop_released_red_on_green_off_board_power_on_k1_off,-0.144000,-0.43610,-0.142000,-0.86061,LOW,false,true,false,true,
763,2026-09-11T21:09:48.774363+00:00,76.300313,estop_released_red_on_green_off_board_power_on_k1_off,-0.144000,-0.43610,-0.144000,-0.87273,LOW,false,true,false,true,
764,2026-09-11T21:09:48.874062+00:00,76.400285,estop_released_red_on_green_off_board_power_on_k1_off,-0.144000,-0.43610,-0.144000,-0.87273,LOW,false,true,false,true,
765,2026-09-11T21:09:48.974511+00:00,76.500389,estop_released_red_on_green_off_board_power_on_k1_off,-0.144000,-0.43610,-0.142000,-0.86061,LOW,false,true,false,true,
766,2026-09-11T21:09:49.074097+00:00,76.600293,estop_released_red_on_green_off_board_power_on_k1_off,-0.144000,-0.43610,-0.146000,-0.88485,LOW,false,true,false,true,
767,2026-09-11T21:09:49.174394+00:00,76.700322,estop_released_red_on_green_off_board_power_on_k1_off,-0.138000,-0.41793,-0.144000,-0.87273,LOW,false,true,false,true,
768,2026-09-11T21:09:49.274357+00:00,76.800315,estop_released_red_on_green_off_board_power_on_k1_off,-0.144000,-0.43610,-0.142000,-0.86061,LOW,false,true,false,true,
769,2026-09-11T21:09:49.374086+00:00,76.900295,estop_released_red_on_green_off_board_power_on_k1_off,-0.144000,-0.43610,-0.144000,-0.87273,LOW,false,true,false,true,
770,2026-09-11T21:09:49.474384+00:00,77.000323,estop_released_red_on_green_off_board_power_on_k1_off,-0.144000,-0.43610,-0.144000,-0.87273,LOW,false,true,false,true,
771,2026-09-11T21:09:49.574063+00:00,77.100289,estop_released_red_on_green_off_board_power_on_k1_off,-0.144000,-0.43610,-0.144000,-0.87273,LOW,false,true,false,true,
772,2026-09-11T21:09:49.674381+00:00,77.200318,estop_released_red_on_green_off_board_power_on_k1_off,-0.144000,-0.43610,-0.144000,-0.87273,LOW,false,true,false,true,
773,2026-09-11T21:09:49.774063+00:00,77.300285,estop_released_red_on_green_off_board_power_on_k1_off,-0.144000,-0.43610,-0.144000,-0.87273,LOW,false,true,false,true,
774,2026-09-11T21:09:49.874382+00:00,77.400316,estop_released_red_on_green_off_board_power_on_k1_off,-0.146000,-0.44216,-0.140000,-0.84848,LOW,false,true,false,true,
775,2026-09-11T21:09:49.974071+00:00,77.500288,estop_released_red_on_green_off_board_power_on_k1_off,-0.142000,-0.43004,-0.144000,-0.87273,LOW,false,true,false,true,
776,2026-09-11T21:09:50.074371+00:00,77.600317,estop_released_red_on_green_off_board_power_on_k1_off,-0.144000,-0.43610,-0.146000,-0.88485,LOW,false,true,false,true,
777,2026-09-11T21:09:50.174058+00:00,77.700285,estop_released_red_on_green_off_board_power_on_k1_off,-0.144000,-0.43610,-0.144000,-0.87273,LOW,false,true,false,true,
778,2026-09-11T21:09:50.274366+00:00,77.800312,estop_released_red_on_green_off_board_power_on_k1_off,-0.144000,-0.43610,-0.144000,-0.87273,LOW,false,true,false,true,
779,2026-09-11T21:09:50.374067+00:00,77.900289,estop_released_red_on_green_off_board_power_on_k1_off,-0.144000,-0.43610,-0.144000,-0.87273,LOW,false,true,false,true,
780,2026-09-11T21:09:50.474394+00:00,78.000321,estop_released_red_on_green_off_board_power_on_k1_off,-0.142000,-0.43004,-0.142000,-0.86061,LOW,false,true,false,true,
781,2026-09-11T21:09:50.574266+00:00,78.100403,estop_released_red_on_green_off_board_power_on_k1_off,-0.144000,-0.43610,-0.144000,-0.87273,LOW,false,true,false,true,
782,2026-09-11T21:09:50.674072+00:00,78.200299,estop_released_red_on_green_off_board_power_on_k1_off,-0.144000,-0.43610,-0.140000,-0.84848,LOW,false,true,false,true,
783,2026-09-11T21:09:50.774384+00:00,78.300323,estop_released_red_on_green_off_board_power_on_k1_off,-0.144000,-0.43610,-0.142000,-0.86061,LOW,false,true,false,true,
784,2026-09-11T21:09:50.874125+00:00,78.400303,estop_released_red_on_green_off_board_power_on_k1_off,-0.142000,-0.43004,-0.144000,-0.87273,LOW,false,true,false,true,
785,2026-09-11T21:09:50.974601+00:00,78.500448,estop_released_red_on_green_off_board_power_on_k1_off,-0.144000,-0.43610,-0.144000,-0.87273,LOW,false,true,false,true,
786,2026-09-11T21:09:51.074099+00:00,78.600308,estop_released_red_on_green_off_board_power_on_k1_off,-0.144000,-0.43610,-0.144000,-0.87273,LOW,false,true,false,true,
787,2026-09-11T21:09:51.174366+00:00,78.700317,estop_released_red_on_green_off_board_power_on_k1_off,-0.144000,-0.43610,-0.144000,-0.87273,LOW,false,true,false,true,
788,2026-09-11T21:09:51.274074+00:00,78.800284,estop_released_red_on_green_off_board_power_on_k1_off,-0.142000,-0.43004,-0.146000,-0.88485,LOW,false,true,false,true,
789,2026-09-11T21:09:51.374586+00:00,78.900415,estop_released_red_on_green_off_board_power_on_k1_off,-0.144000,-0.43610,-0.144000,-0.87273,LOW,false,true,false,true,
790,2026-09-11T21:09:51.474130+00:00,79.000329,estop_released_red_on_green_off_board_power_on_k1_off,-0.144000,-0.43610,-0.144000,-0.87273,LOW,false,true,false,true,
791,2026-09-11T21:09:51.574445+00:00,79.100355,estop_released_red_on_green_off_board_power_on_k1_off,-0.144000,-0.43610,-0.144000,-0.87273,LOW,false,true,false,true,
792,2026-09-11T21:09:51.674071+00:00,79.200294,estop_released_red_on_green_off_board_power_on_k1_off,-0.144000,-0.43610,-0.144000,-0.87273,LOW,false,true,false,true,
793,2026-09-11T21:09:51.774416+00:00,79.300335,estop_released_red_on_green_off_board_power_on_k1_off,-0.144000,-0.43610,-0.144000,-0.87273,LOW,false,true,false,true,
794,2026-09-11T21:09:51.874061+00:00,79.400286,estop_released_red_on_green_off_board_power_on_k1_off,-0.144000,-0.43610,-0.142000,-0.86061,LOW,false,true,false,true,
795,2026-09-11T21:09:51.974368+00:00,79.500310,estop_released_red_on_green_off_board_power_on_k1_off,-0.144000,-0.43610,-0.144000,-0.87273,LOW,false,true,false,true,
796,2026-09-11T21:09:52.074077+00:00,79.600293,estop_released_red_on_green_off_board_power_on_k1_off,-0.144000,-0.43610,-0.144000,-0.87273,LOW,false,true,false,true,
797,2026-09-11T21:09:52.174371+00:00,79.700312,estop_released_red_on_green_off_board_power_on_k1_off,-0.144000,-0.43610,-0.144000,-0.87273,LOW,false,true,false,true,
798,2026-09-11T21:09:52.274063+00:00,79.800281,estop_released_red_on_green_off_board_power_on_k1_off,-0.144000,-0.43610,-0.144000,-0.87273,LOW,false,true,false,true,
799,2026-09-11T21:09:52.374369+00:00,79.900309,estop_released_red_on_green_off_board_power_on_k1_off,-0.144000,-0.43610,-0.144000,-0.87273,LOW,false,true,false,true,
800,2026-09-11T21:09:52.474073+00:00,80.000289,estop_released_red_on_green_off_board_power_on_k1_off,-0.144000,-0.43610,-0.144000,-0.87273,LOW,false,true,false,true,
801,2026-09-11T21:09:52.574382+00:00,80.100318,estop_released_red_on_green_off_board_power_on_k1_off,-0.146000,-0.44216,-0.144000,-0.87273,LOW,false,true,false,true,
802,2026-09-11T21:09:52.674063+00:00,80.200284,estop_released_red_on_green_off_board_power_on_k1_off,-0.144000,-0.43610,-0.144000,-0.87273,LOW,false,true,false,true,
803,2026-09-11T21:09:52.774379+00:00,80.300315,estop_released_red_on_green_off_board_power_on_k1_off,-0.144000,-0.43610,-0.142000,-0.86061,LOW,false,true,false,true,
804,2026-09-11T21:09:52.874061+00:00,80.400285,estop_released_red_on_green_off_board_power_on_k1_off,-0.144000,-0.43610,-0.146000,-0.88485,LOW,false,true,false,true,
805,2026-09-11T21:09:52.974361+00:00,80.500305,estop_released_red_on_green_off_board_power_on_k1_off,-0.142000,-0.43004,-0.144000,-0.87273,LOW,false,true,false,true,
806,2026-09-11T21:09:53.074099+00:00,80.600303,estop_released_red_on_green_off_board_power_on_k1_off,-0.144000,-0.43610,-0.144000,-0.87273,LOW,false,true,false,true,
807,2026-09-11T21:09:53.174378+00:00,80.700320,estop_released_red_on_green_off_board_power_on_k1_off,-0.144000,-0.43610,-0.144000,-0.87273,LOW,false,true,false,true,
808,2026-09-11T21:09:53.274069+00:00,80.800285,estop_released_red_on_green_off_board_power_on_k1_off,-0.146000,-0.44216,-0.140000,-0.84848,LOW,false,true,false,true,
809,2026-09-11T21:09:53.374372+00:00,80.900314,estop_released_red_on_green_off_board_power_on_k1_off,-0.144000,-0.43610,-0.144000,-0.87273,LOW,false,true,false,true,
810,2026-09-11T21:09:53.474156+00:00,81.000336,estop_released_red_on_green_off_board_power_on_k1_off,-0.142000,-0.43004,-0.144000,-0.87273,LOW,false,true,false,true,
811,2026-09-11T21:09:53.574386+00:00,81.100326,estop_released_red_on_green_off_board_power_on_k1_off,-0.144000,-0.43610,-0.144000,-0.87273,LOW,false,true,false,true,
812,2026-09-11T21:09:53.674135+00:00,81.200288,estop_released_red_on_green_off_board_power_on_k1_off,-0.144000,-0.43610,-0.144000,-0.87273,LOW,false,true,false,true,
813,2026-09-11T21:09:53.774124+00:00,81.300330,estop_released_red_on_green_off_board_power_on_k1_off,-0.146000,-0.44216,-0.142000,-0.86061,LOW,false,true,false,true,
814,2026-09-11T21:09:53.874370+00:00,81.400319,estop_released_red_on_green_off_board_power_on_k1_off,-0.144000,-0.43610,-0.144000,-0.87273,LOW,false,true,false,true,
815,2026-09-11T21:09:53.974085+00:00,81.500295,estop_released_red_on_green_off_board_power_on_k1_off,-0.144000,-0.43610,-0.144000,-0.87273,LOW,false,true,false,true,
816,2026-09-11T21:09:54.074512+00:00,81.600385,estop_released_red_on_green_off_board_power_on_k1_off,-0.144000,-0.43610,-0.142000,-0.86061,LOW,false,true,false,true,
817,2026-09-11T21:09:54.174076+00:00,81.700302,estop_released_red_on_green_off_board_power_on_k1_off,-0.144000,-0.43610,-0.146000,-0.88485,LOW,false,true,false,true,
818,2026-09-11T21:09:54.274366+00:00,81.800311,estop_released_red_on_green_off_board_power_on_k1_off,-0.140000,-0.42399,-0.140000,-0.84848,LOW,false,true,false,true,
819,2026-09-11T21:09:54.374062+00:00,81.900284,estop_released_red_on_green_off_board_power_on_k1_off,-0.144000,-0.43610,-0.144000,-0.87273,LOW,false,true,false,true,
820,2026-09-11T21:09:54.474388+00:00,82.000323,estop_released_red_on_green_off_board_power_on_k1_off,-0.144000,-0.43610,-0.144000,-0.87273,LOW,false,true,false,true,
821,2026-09-11T21:09:54.574098+00:00,82.100304,estop_released_red_on_green_off_board_power_on_k1_off,-0.144000,-0.43610,-0.144000,-0.87273,LOW,false,true,false,true,
822,2026-09-11T21:09:54.674369+00:00,82.200315,estop_released_red_on_green_off_board_power_on_k1_off,-0.144000,-0.43610,-0.144000,-0.87273,LOW,false,true,false,true,
823,2026-09-11T21:09:54.774066+00:00,82.300285,estop_released_red_on_green_off_board_power_on_k1_off,-0.144000,-0.43610,-0.142000,-0.86061,LOW,false,true,false,true,
824,2026-09-11T21:09:54.874371+00:00,82.400311,estop_released_red_on_green_off_board_power_on_k1_off,-0.144000,-0.43610,-0.144000,-0.87273,LOW,false,true,false,true,
825,2026-09-11T21:09:54.974062+00:00,82.500284,estop_released_red_on_green_off_board_power_on_k1_off,-0.144000,-0.43610,-0.144000,-0.87273,LOW,false,true,false,true,
826,2026-09-11T21:09:55.074363+00:00,82.600307,estop_released_red_on_green_off_board_power_on_k1_off,-0.144000,-0.43610,-0.142000,-0.86061,LOW,false,true,false,true,
827,2026-09-11T21:09:55.174057+00:00,82.700283,estop_released_red_on_green_off_board_power_on_k1_off,-0.146000,-0.44216,-0.138000,-0.83636,LOW,false,true,false,true,
828,2026-09-11T21:09:55.274362+00:00,82.800310,estop_released_red_on_green_off_board_power_on_k1_off,-0.144000,-0.43610,-0.142000,-0.86061,LOW,false,true,false,true,
829,2026-09-11T21:09:55.374067+00:00,82.900284,estop_released_red_on_green_off_board_power_on_k1_off,-0.146000,-0.44216,-0.144000,-0.87273,LOW,false,true,false,true,
830,2026-09-11T21:09:55.474379+00:00,83.000316,estop_released_red_on_green_off_board_power_on_k1_off,-0.144000,-0.43610,-0.144000,-0.87273,LOW,false,true,false,true,
831,2026-09-11T21:09:55.574124+00:00,83.100313,estop_released_red_on_green_off_board_power_on_k1_off,-0.140000,-0.42399,-0.142000,-0.86061,LOW,false,true,false,true,
832,2026-09-11T21:09:55.674383+00:00,83.200325,estop_released_red_on_green_off_board_power_on_k1_off,-0.148000,-0.44821,-0.146000,-0.88485,LOW,false,true,false,true,
833,2026-09-11T21:09:55.774067+00:00,83.300289,estop_released_red_on_green_off_board_power_on_k1_off,-0.146000,-0.44216,-0.140000,-0.84848,LOW,false,true,false,true,
834,2026-09-11T21:09:55.874360+00:00,83.400308,estop_released_red_on_green_off_board_power_on_k1_off,-0.144000,-0.43610,-0.144000,-0.87273,LOW,false,true,false,true,
835,2026-09-11T21:09:55.974051+00:00,83.500281,estop_released_red_on_green_off_board_power_on_k1_off,-0.144000,-0.43610,-0.142000,-0.86061,LOW,false,true,false,true,
836,2026-09-11T21:09:56.074363+00:00,83.600308,estop_released_red_on_green_off_board_power_on_k1_off,-0.144000,-0.43610,-0.144000,-0.87273,LOW,false,true,false,true,
837,2026-09-11T21:09:56.174056+00:00,83.700286,estop_released_red_on_green_off_board_power_on_k1_off,-0.144000,-0.43610,-0.146000,-0.88485,LOW,false,true,false,true,
838,2026-09-11T21:09:56.274359+00:00,83.800306,estop_released_red_on_green_off_board_power_on_k1_off,-0.144000,-0.43610,-0.144000,-0.87273,LOW,false,true,false,true,
839,2026-09-11T21:09:56.374065+00:00,83.900283,estop_released_red_on_green_off_board_power_on_k1_off,-0.144000,-0.43610,-0.144000,-0.87273,LOW,false,true,false,true,
840,2026-09-11T21:09:56.474367+00:00,84.000313,estop_released_red_on_green_off_board_power_on_k1_off,-0.144000,-0.43610,-0.144000,-0.87273,LOW,false,true,false,true,
841,2026-09-11T21:09:56.574296+00:00,84.100431,estop_released_red_on_green_off_board_power_on_k1_off,-0.144000,-0.43610,-0.144000,-0.87273,LOW,false,true,false,true,
842,2026-09-11T21:09:56.674401+00:00,84.200340,estop_released_red_on_green_off_board_power_on_k1_off,-0.144000,-0.43610,-0.146000,-0.88485,LOW,false,true,false,true,
843,2026-09-11T21:09:56.774070+00:00,84.300291,estop_released_red_on_green_off_board_power_on_k1_off,-0.144000,-0.43610,-0.142000,-0.86061,LOW,false,true,false,true,
844,2026-09-11T21:09:56.874373+00:00,84.400318,estop_released_red_on_green_off_board_power_on_k1_off,-0.140000,-0.42399,-0.142000,-0.86061,LOW,false,true,false,true,
845,2026-09-11T21:09:56.974072+00:00,84.500291,estop_released_red_on_green_off_board_power_on_k1_off,-0.144000,-0.43610,-0.144000,-0.87273,LOW,false,true,false,true,
846,2026-09-11T21:09:57.074367+00:00,84.600313,estop_released_red_on_green_off_board_power_on_k1_off,-0.144000,-0.43610,-0.144000,-0.87273,LOW,false,true,false,true,
847,2026-09-11T21:09:57.174058+00:00,84.700286,estop_released_red_on_green_off_board_power_on_k1_off,-0.142000,-0.43004,-0.144000,-0.87273,LOW,false,true,false,true,
848,2026-09-11T21:09:57.274359+00:00,84.800309,estop_released_red_on_green_off_board_power_on_k1_off,-0.144000,-0.43610,-0.144000,-0.87273,LOW,false,true,false,true,
849,2026-09-11T21:09:57.374070+00:00,84.900284,estop_released_red_on_green_off_board_power_on_k1_off,-0.140000,-0.42399,-0.144000,-0.87273,LOW,false,true,false,true,
850,2026-09-11T21:09:57.474375+00:00,85.000319,estop_released_red_on_green_off_board_power_on_k1_off,-0.144000,-0.43610,-0.142000,-0.86061,LOW,false,true,false,true,
851,2026-09-11T21:09:57.574585+00:00,85.100435,estop_released_red_on_green_off_board_power_on_k1_off,-0.144000,-0.43610,-0.144000,-0.87273,LOW,false,true,false,true,
852,2026-09-11T21:09:57.674109+00:00,85.200320,estop_released_red_on_green_off_board_power_on_k1_off,-0.144000,-0.43610,-0.144000,-0.87273,LOW,false,true,false,true,
853,2026-09-11T21:09:57.774384+00:00,85.300322,estop_released_red_on_green_off_board_power_on_k1_off,-0.144000,-0.43610,-0.144000,-0.87273,LOW,false,true,false,true,
854,2026-09-11T21:09:57.874077+00:00,85.400288,estop_released_red_on_green_off_board_power_on_k1_off,-0.144000,-0.43610,-0.144000,-0.87273,LOW,false,true,false,true,
855,2026-09-11T21:09:57.974416+00:00,85.500332,estop_released_red_on_green_off_board_power_on_k1_off,-0.144000,-0.43610,-0.144000,-0.87273,LOW,false,true,false,true,
856,2026-09-11T21:09:58.074077+00:00,85.600294,estop_released_red_on_green_off_board_power_on_k1_off,-0.146000,-0.44216,-0.146000,-0.88485,LOW,false,true,false,true,
857,2026-09-11T21:09:58.174372+00:00,85.700312,estop_released_red_on_green_off_board_power_on_k1_off,-0.140000,-0.42399,-0.144000,-0.87273,LOW,false,true,false,true,
858,2026-09-11T21:09:58.274074+00:00,85.800287,estop_released_red_on_green_off_board_power_on_k1_off,-0.144000,-0.43610,-0.144000,-0.87273,LOW,false,true,false,true,
859,2026-09-11T21:09:58.374372+00:00,85.900314,estop_released_red_on_green_off_board_power_on_k1_off,-0.146000,-0.44216,-0.142000,-0.86061,LOW,false,true,false,true,
860,2026-09-11T21:09:58.474195+00:00,86.000353,estop_released_red_on_green_off_board_power_on_k1_off,-0.144000,-0.43610,-0.144000,-0.87273,LOW,false,true,false,true,
861,2026-09-11T21:09:58.574394+00:00,86.100334,estop_released_red_on_green_off_board_power_on_k1_off,-0.140000,-0.42399,-0.144000,-0.87273,LOW,false,true,false,true,
862,2026-09-11T21:09:58.674071+00:00,86.200292,estop_released_red_on_green_off_board_power_on_k1_off,-0.144000,-0.43610,-0.144000,-0.87273,LOW,false,true,false,true,
863,2026-09-11T21:09:58.774372+00:00,86.300320,estop_released_red_on_green_off_board_power_on_k1_off,-0.144000,-0.43610,-0.144000,-0.87273,LOW,false,true,false,true,
864,2026-09-11T21:09:58.874057+00:00,86.400285,estop_released_red_on_green_off_board_power_on_k1_off,-0.144000,-0.43610,-0.146000,-0.88485,LOW,false,true,false,true,
865,2026-09-11T21:09:58.974354+00:00,86.500303,estop_released_red_on_green_off_board_power_on_k1_off,-0.144000,-0.43610,-0.144000,-0.87273,LOW,false,true,false,true,
866,2026-09-11T21:09:59.074065+00:00,86.600285,estop_released_red_on_green_off_board_power_on_k1_off,-0.144000,-0.43610,-0.144000,-0.87273,LOW,false,true,false,true,
867,2026-09-11T21:09:59.174503+00:00,86.700385,estop_released_red_on_green_off_board_power_on_k1_off,-0.144000,-0.43610,-0.144000,-0.87273,LOW,false,true,false,true,
868,2026-09-11T21:09:59.274073+00:00,86.800300,estop_released_red_on_green_off_board_power_on_k1_off,-0.144000,-0.43610,-0.144000,-0.87273,LOW,false,true,false,true,
869,2026-09-11T21:09:59.374363+00:00,86.900313,estop_released_red_on_green_off_board_power_on_k1_off,-0.144000,-0.43610,-0.144000,-0.87273,LOW,false,true,false,true,
870,2026-09-11T21:09:59.474090+00:00,87.000299,estop_released_red_on_green_off_board_power_on_k1_off,-0.144000,-0.43610,-0.142000,-0.86061,LOW,false,true,false,true,
871,2026-09-11T21:09:59.574510+00:00,87.100388,estop_released_red_on_green_off_board_power_on_k1_off,-0.144000,-0.43610,-0.144000,-0.87273,LOW,false,true,false,true,
872,2026-09-11T21:09:59.674090+00:00,87.200304,estop_released_red_on_green_off_board_power_on_k1_off,-0.144000,-0.43610,-0.144000,-0.87273,LOW,false,true,false,true,
873,2026-09-11T21:09:59.774387+00:00,87.300322,estop_released_red_on_green_off_board_power_on_k1_off,-0.144000,-0.43610,-0.140000,-0.84848,LOW,false,true,false,true,
874,2026-09-11T21:09:59.874067+00:00,87.400290,estop_released_red_on_green_off_board_power_on_k1_off,-0.142000,-0.43004,-0.144000,-0.87273,LOW,false,true,false,true,
875,2026-09-11T21:09:59.974371+00:00,87.500311,estop_released_red_on_green_off_board_power_on_k1_off,-0.144000,-0.43610,-0.144000,-0.87273,LOW,false,true,false,true,
876,2026-09-11T21:10:00.074061+00:00,87.600284,estop_released_red_on_green_off_board_power_on_k1_off,-0.144000,-0.43610,-0.144000,-0.87273,LOW,false,true,false,true,
877,2026-09-11T21:10:00.174368+00:00,87.700312,estop_released_red_on_green_off_board_power_on_k1_off,-0.144000,-0.43610,-0.144000,-0.87273,LOW,false,true,false,true,
878,2026-09-11T21:10:00.274065+00:00,87.800284,estop_released_red_on_green_off_board_power_on_k1_off,-0.144000,-0.43610,-0.144000,-0.87273,LOW,false,true,false,true,
879,2026-09-11T21:10:00.374390+00:00,87.900324,estop_released_red_on_green_off_board_power_on_k1_off,-0.144000,-0.43610,-0.144000,-0.87273,LOW,false,true,false,true,
880,2026-09-11T21:10:00.474127+00:00,88.000309,estop_released_red_on_green_off_board_power_on_k1_off,-0.144000,-0.43610,-0.144000,-0.87273,LOW,false,true,false,true,
881,2026-09-11T21:10:00.574347+00:00,88.100289,estop_released_red_on_green_off_board_power_on_k1_off,-0.144000,-0.43610,-0.144000,-0.87273,LOW,false,true,false,true,
882,2026-09-11T21:10:00.674156+00:00,88.200313,estop_released_red_on_green_off_board_power_on_k1_off,-0.146000,-0.44216,-0.144000,-0.87273,LOW,false,true,false,true,
883,2026-09-11T21:10:00.774388+00:00,88.300374,estop_released_red_on_green_off_board_power_on_k1_off,-0.144000,-0.43610,-0.144000,-0.87273,LOW,false,true,false,true,
884,2026-09-11T21:10:00.874234+00:00,88.400311,estop_released_red_on_green_off_board_power_on_k1_off,-0.144000,-0.43610,-0.140000,-0.84848,LOW,false,true,false,true,
885,2026-09-11T21:10:00.974274+00:00,88.500277,estop_released_red_on_green_off_board_power_on_k1_off,-0.144000,-0.43610,-0.144000,-0.87273,LOW,false,true,false,true,
886,2026-09-11T21:10:01.074154+00:00,88.600309,estop_released_red_on_green_off_board_power_on_k1_off,-0.144000,-0.43610,-0.144000,-0.87273,LOW,false,true,false,true,
887,2026-09-11T21:10:01.174316+00:00,88.700303,estop_released_red_on_green_off_board_power_on_k1_off,-0.144000,-0.43610,-0.144000,-0.87273,LOW,false,true,false,true,
888,2026-09-11T21:10:01.274171+00:00,88.800315,estop_released_red_on_green_off_board_power_on_k1_off,-0.144000,-0.43610,-0.144000,-0.87273,LOW,false,true,false,true,
889,2026-09-11T21:10:01.374302+00:00,88.900295,estop_released_red_on_green_off_board_power_on_k1_off,-0.144000,-0.43610,-0.144000,-0.87273,LOW,false,true,false,true,
890,2026-09-11T21:10:01.474167+00:00,89.000310,estop_released_red_on_green_off_board_power_on_k1_off,-0.146000,-0.44216,-0.144000,-0.87273,LOW,false,true,false,true,
891,2026-09-11T21:10:01.574279+00:00,89.100284,estop_released_red_on_green_off_board_power_on_k1_off,-0.144000,-0.43610,-0.144000,-0.87273,LOW,false,true,false,true,
892,2026-09-11T21:10:01.674145+00:00,89.200307,estop_released_red_on_green_off_board_power_on_k1_off,-0.144000,-0.43610,-0.142000,-0.86061,LOW,false,true,false,true,
893,2026-09-11T21:10:01.774285+00:00,89.300289,estop_released_red_on_green_off_board_power_on_k1_off,-0.144000,-0.43610,-0.144000,-0.87273,LOW,false,true,false,true,
894,2026-09-11T21:10:01.874266+00:00,89.400371,estop_released_red_on_green_off_board_power_on_k1_off,-0.142000,-0.43004,-0.144000,-0.87273,LOW,false,true,false,true,
895,2026-09-11T21:10:01.974278+00:00,89.500293,estop_released_red_on_green_off_board_power_on_k1_off,-0.138000,-0.41793,-0.144000,-0.87273,LOW,false,true,false,true,
896,2026-09-11T21:10:02.074140+00:00,89.600312,estop_released_red_on_green_off_board_power_on_k1_off,-0.148000,-0.44821,-0.144000,-0.87273,LOW,false,true,false,true,
897,2026-09-11T21:10:02.174245+00:00,89.700377,estop_released_red_on_green_off_board_power_on_k1_off,-0.144000,-0.43610,-0.144000,-0.87273,LOW,false,true,false,true,
898,2026-09-11T21:10:02.274339+00:00,89.800319,estop_released_red_on_green_off_board_power_on_k1_off,-0.144000,-0.43610,-0.144000,-0.87273,LOW,false,true,false,true,
899,2026-09-11T21:10:02.374247+00:00,89.900330,estop_released_red_on_green_off_board_power_on_k1_off,-0.144000,-0.43610,-0.146000,-0.88485,LOW,false,true,false,true,
900,2026-09-11T21:10:02.474228+00:00,90.000288,estop_released_red_on_green_off_board_power_on_k1_off,-0.144000,-0.43610,-0.142000,-0.86061,LOW,false,true,false,true,
901,2026-09-11T21:10:02.574627+00:00,90.100466,estop_released_red_on_green_off_board_power_on_k1_off,-0.144000,-0.43610,-0.144000,-0.87273,LOW,false,true,false,true,
902,2026-09-11T21:10:02.674495+00:00,90.200365,estop_released_red_on_green_off_board_power_on_k1_off,-0.144000,-0.43610,-0.144000,-0.87273,LOW,false,true,false,true,
903,2026-09-11T21:10:02.774329+00:00,90.300331,estop_released_red_on_green_off_board_power_on_k1_off,-0.144000,-0.43610,-0.144000,-0.87273,LOW,false,true,false,true,
904,2026-09-11T21:10:02.874412+00:00,90.400333,estop_released_red_on_green_off_board_power_on_k1_off,-0.144000,-0.43610,-0.144000,-0.87273,LOW,false,true,false,true,
905,2026-09-11T21:10:02.974424+00:00,90.500373,estop_released_red_on_green_off_board_power_on_k1_off,-0.144000,-0.43610,-0.144000,-0.87273,LOW,false,true,false,true,
906,2026-09-11T21:10:03.074359+00:00,90.600348,estop_released_red_on_green_off_board_power_on_k1_off,-0.144000,-0.43610,-0.142000,-0.86061,LOW,false,true,false,true,
907,2026-09-11T21:10:03.174366+00:00,90.700370,estop_released_red_on_green_off_board_power_on_k1_off,-0.144000,-0.43610,-0.144000,-0.87273,LOW,false,true,false,true,
908,2026-09-11T21:10:03.274545+00:00,90.800410,estop_released_red_on_green_off_board_power_on_k1_off,-0.144000,-0.43610,-0.144000,-0.87273,LOW,false,true,false,true,
909,2026-09-11T21:10:03.374999+00:00,90.900728,cycle1_permit_k1_on_red_off_green_on,-0.144000,-0.43610,-0.144000,-0.87273,LOW,false,true,false,true,mark:cycle1_permit_k1_on_red_off_green_on
910,2026-09-11T21:10:03.475092+00:00,91.000765,cycle1_permit_k1_on_red_off_green_on,-0.144000,-0.43610,-0.144000,-0.87273,LOW,false,false,false,false,operator_safe
911,2026-09-11T21:10:03.574527+00:00,91.100408,cycle1_permit_k1_on_red_off_green_on,-0.144000,-0.43610,-0.144000,-0.87273,LOW,false,false,false,false,
912,2026-09-11T21:10:03.674637+00:00,91.200466,cycle1_permit_k1_on_red_off_green_on,-0.144000,-0.43610,-0.140000,-0.84848,LOW,false,false,false,false,
913,2026-09-11T21:10:03.774318+00:00,91.300399,cycle1_permit_k1_on_red_off_green_on,-0.146000,-0.44216,-0.144000,-0.87273,LOW,false,false,false,false,
914,2026-09-11T21:10:03.874297+00:00,91.400384,cycle1_permit_k1_on_red_off_green_on,-0.138000,-0.41793,-0.140000,-0.84848,LOW,false,false,false,false,
915,2026-09-11T21:10:03.974443+00:00,91.500405,cycle1_permit_k1_on_red_off_green_on,-0.144000,-0.43610,-0.142000,-0.86061,LOW,false,false,false,false,
916,2026-09-11T21:10:04.074606+00:00,91.600463,cycle1_permit_k1_on_red_off_green_on,-0.144000,-0.43610,-0.144000,-0.87273,LOW,false,false,false,false,
917,2026-09-11T21:10:04.174405+00:00,91.700384,cycle1_permit_k1_on_red_off_green_on,-0.144000,-0.43610,-0.144000,-0.87273,LOW,false,false,false,false,
918,2026-09-11T21:10:04.274584+00:00,91.800438,cycle1_permit_k1_on_red_off_green_on,-0.144000,-0.43610,-0.144000,-0.87273,LOW,false,false,false,false,
919,2026-09-11T21:10:04.374292+00:00,91.900387,cycle1_permit_k1_on_red_off_green_on,-0.144000,-0.43610,-0.144000,-0.87273,LOW,false,false,false,false,
920,2026-09-11T21:10:04.474388+00:00,92.000377,cycle1_permit_k1_on_red_off_green_on,-0.144000,-0.43610,-0.144000,-0.87273,LOW,false,false,false,false,
921,2026-09-11T21:10:04.574631+00:00,92.100424,cycle1_permit_k1_on_red_off_green_on,-0.144000,-0.43610,-0.144000,-0.87273,LOW,false,false,false,false,
922,2026-09-11T21:10:04.674406+00:00,92.200386,cycle1_permit_k1_on_red_off_green_on,-0.140000,-0.42399,-0.144000,-0.87273,LOW,false,false,false,false,
923,2026-09-11T21:10:04.774375+00:00,92.300358,cycle1_permit_k1_on_red_off_green_on,-0.144000,-0.43610,-0.142000,-0.86061,LOW,false,false,false,false,
924,2026-09-11T21:10:04.874162+00:00,92.400299,cycle1_permit_k1_on_red_off_green_on,-0.138000,-0.41793,-0.140000,-0.84848,LOW,false,false,false,false,
925,2026-09-11T21:10:04.974292+00:00,92.500318,cycle1_permit_k1_on_red_off_green_on,-0.144000,-0.43610,-0.144000,-0.87273,LOW,false,false,false,false,
926,2026-09-11T21:10:05.074140+00:00,92.600283,cycle1_permit_k1_on_red_off_green_on,-0.144000,-0.43610,-0.142000,-0.86061,LOW,false,false,false,false,
927,2026-09-11T21:10:05.174418+00:00,92.700307,cycle1_permit_k1_on_red_off_green_on,-0.142000,-0.43004,-0.144000,-0.87273,LOW,false,false,false,false,
928,2026-09-11T21:10:05.274158+00:00,92.800324,cycle1_permit_k1_on_red_off_green_on,-0.140000,-0.42399,-0.144000,-0.87273,LOW,false,false,false,false,
929,2026-09-11T21:10:05.374407+00:00,92.900331,cycle1_permit_k1_on_red_off_green_on,-0.144000,-0.43610,-0.144000,-0.87273,LOW,false,false,false,false,
930,2026-09-11T21:10:05.474140+00:00,93.000289,cycle1_permit_k1_on_red_off_green_on,-0.142000,-0.43004,-0.144000,-0.87273,LOW,false,false,false,false,
931,2026-09-11T21:10:05.574372+00:00,93.100316,cycle1_permit_k1_on_red_off_green_on,-0.144000,-0.43610,-0.142000,-0.86061,LOW,false,false,false,false,
932,2026-09-11T21:10:05.674097+00:00,93.200288,cycle1_permit_k1_on_red_off_green_on,-0.146000,-0.44216,-0.142000,-0.86061,LOW,false,false,false,false,
933,2026-09-11T21:10:05.774081+00:00,93.300299,cycle1_permit_k1_on_red_off_green_on,-0.148000,-0.44821,-0.146000,-0.88485,LOW,false,false,false,false,
934,2026-09-11T21:10:05.874408+00:00,93.400330,cycle1_permit_k1_on_red_off_green_on,-0.142000,-0.43004,-0.142000,-0.86061,LOW,false,false,false,false,
935,2026-09-11T21:10:05.974074+00:00,93.500290,cycle1_permit_k1_on_red_off_green_on,-0.144000,-0.43610,-0.144000,-0.87273,LOW,false,false,false,false,
936,2026-09-11T21:10:06.074361+00:00,93.600311,cycle1_permit_k1_on_red_off_green_on,-0.148000,-0.44821,-0.146000,-0.88485,LOW,false,false,false,false,
937,2026-09-11T21:10:06.174128+00:00,93.700283,cycle1_permit_k1_on_red_off_green_on,-0.144000,-0.43610,-0.144000,-0.87273,LOW,false,false,false,false,
938,2026-09-11T21:10:06.274524+00:00,93.800347,cycle1_permit_k1_on_red_off_green_on,-0.144000,-0.43610,-0.144000,-0.87273,LOW,false,false,false,false,
939,2026-09-11T21:10:06.374134+00:00,93.900330,cycle1_permit_k1_on_red_off_green_on,-0.146000,-0.44216,-0.144000,-0.87273,LOW,false,false,false,false,
940,2026-09-11T21:10:06.474381+00:00,94.000320,cycle1_permit_k1_on_red_off_green_on,-0.136000,-0.41187,-0.146000,-0.88485,LOW,false,false,false,false,
941,2026-09-11T21:10:06.574068+00:00,94.100288,cycle1_permit_k1_on_red_off_green_on,-0.140000,-0.42399,-0.148000,-0.89697,LOW,false,false,false,false,
942,2026-09-11T21:10:06.674375+00:00,94.200311,cycle1_permit_k1_on_red_off_green_on,-0.144000,-0.43610,-0.144000,-0.87273,LOW,false,false,false,false,
943,2026-09-11T21:10:06.774064+00:00,94.300281,cycle1_permit_k1_on_red_off_green_on,-0.140000,-0.42399,-0.142000,-0.86061,LOW,false,false,false,false,
944,2026-09-11T21:10:06.874403+00:00,94.400326,cycle1_permit_k1_on_red_off_green_on,-0.144000,-0.43610,-0.146000,-0.88485,LOW,false,false,false,false,
945,2026-09-11T21:10:06.974385+00:00,94.500305,cycle1_permit_k1_on_red_off_green_on,-0.144000,-0.43610,-0.144000,-0.87273,LOW,false,false,false,false,
946,2026-09-11T21:10:07.074091+00:00,94.600300,cycle1_permit_k1_on_red_off_green_on,-0.146000,-0.44216,-0.144000,-0.87273,LOW,false,false,false,false,
947,2026-09-11T21:10:07.174365+00:00,94.700313,cycle1_permit_k1_on_red_off_green_on,-0.144000,-0.43610,-0.144000,-0.87273,LOW,false,false,false,false,
948,2026-09-11T21:10:07.274064+00:00,94.800282,cycle1_permit_k1_on_red_off_green_on,-0.140000,-0.42399,-0.144000,-0.87273,LOW,false,false,false,false,
949,2026-09-11T21:10:07.374375+00:00,94.900311,cycle1_permit_k1_on_red_off_green_on,-0.144000,-0.43610,-0.144000,-0.87273,LOW,false,false,false,false,
950,2026-09-11T21:10:07.474067+00:00,95.000287,cycle1_permit_k1_on_red_off_green_on,-0.144000,-0.43610,-0.144000,-0.87273,LOW,false,false,false,false,
951,2026-09-11T21:10:07.574420+00:00,95.100339,cycle1_permit_k1_on_red_off_green_on,-0.144000,-0.43610,-0.142000,-0.86061,LOW,false,false,false,false,
952,2026-09-11T21:10:07.674069+00:00,95.200288,cycle1_permit_k1_on_red_off_green_on,-0.144000,-0.43610,-0.142000,-0.86061,LOW,false,false,false,false,
953,2026-09-11T21:10:07.774376+00:00,95.300317,cycle1_permit_k1_on_red_off_green_on,-0.146000,-0.44216,-0.144000,-0.87273,LOW,false,false,false,false,
954,2026-09-11T21:10:07.874370+00:00,95.400313,cycle1_permit_k1_on_red_off_green_on,-0.144000,-0.43610,-0.146000,-0.88485,LOW,false,false,false,false,
955,2026-09-11T21:10:07.974064+00:00,95.500286,cycle1_permit_k1_on_red_off_green_on,-0.144000,-0.43610,-0.142000,-0.86061,LOW,false,false,false,false,
956,2026-09-11T21:10:08.074364+00:00,95.600307,cycle1_permit_k1_on_red_off_green_on,-0.144000,-0.43610,-0.144000,-0.87273,LOW,false,false,false,false,
957,2026-09-11T21:10:08.174060+00:00,95.700284,cycle1_permit_k1_on_red_off_green_on,-0.144000,-0.43610,-0.142000,-0.86061,LOW,false,false,false,false,
958,2026-09-11T21:10:08.274352+00:00,95.800308,cycle1_permit_k1_on_red_off_green_on,-0.146000,-0.44216,-0.144000,-0.87273,LOW,false,false,false,false,
959,2026-09-11T21:10:08.374067+00:00,95.900284,cycle1_permit_k1_on_red_off_green_on,-0.142000,-0.43004,-0.146000,-0.88485,LOW,false,false,false,false,
960,2026-09-11T21:10:08.474362+00:00,96.000313,cycle1_permit_k1_on_red_off_green_on,-0.144000,-0.43610,-0.144000,-0.87273,LOW,false,false,false,false,
961,2026-09-11T21:10:08.574302+00:00,96.100427,cycle1_permit_k1_on_red_off_green_on,-0.142000,-0.43004,-0.146000,-0.88485,LOW,false,false,false,false,
962,2026-09-11T21:10:08.674084+00:00,96.200302,cycle1_permit_k1_on_red_off_green_on,-0.144000,-0.43610,-0.144000,-0.87273,LOW,false,false,false,false,
963,2026-09-11T21:10:08.774482+00:00,96.300369,cycle1_permit_k1_on_red_off_green_on,-0.142000,-0.43004,-0.142000,-0.86061,LOW,false,false,false,false,
964,2026-09-11T21:10:08.874092+00:00,96.400304,cycle1_permit_k1_on_red_off_green_on,-0.144000,-0.43610,-0.144000,-0.87273,LOW,false,false,false,false,
965,2026-09-11T21:10:08.974393+00:00,96.500326,cycle1_permit_k1_on_red_off_green_on,-0.144000,-0.43610,-0.144000,-0.87273,LOW,false,false,false,false,
966,2026-09-11T21:10:09.074088+00:00,96.600286,cycle1_permit_k1_on_red_off_green_on,-0.144000,-0.43610,-0.144000,-0.87273,LOW,false,false,false,false,
967,2026-09-11T21:10:09.174454+00:00,96.700309,cycle1_permit_k1_on_red_off_green_on,-0.138000,-0.41793,-0.142000,-0.86061,LOW,false,false,false,false,
968,2026-09-11T21:10:09.274121+00:00,96.800326,cycle1_permit_k1_on_red_off_green_on,-0.140000,-0.42399,-0.138000,-0.83636,LOW,false,false,false,false,
969,2026-09-11T21:10:09.374687+00:00,96.900409,cycle1_permit_k1_on_red_off_green_on,-0.144000,-0.43610,-0.144000,-0.87273,LOW,false,false,false,false,
970,2026-09-11T21:10:09.474208+00:00,97.000364,cycle1_permit_k1_on_red_off_green_on,-0.144000,-0.43610,-0.144000,-0.87273,LOW,false,false,false,false,
971,2026-09-11T21:10:09.574444+00:00,97.100358,cycle1_permit_k1_on_red_off_green_on,-0.140000,-0.42399,-0.144000,-0.87273,LOW,false,false,false,false,
972,2026-09-11T21:10:09.674099+00:00,97.200297,cycle1_permit_k1_on_red_off_green_on,-0.148000,-0.44821,-0.148000,-0.89697,LOW,false,false,false,false,
973,2026-09-11T21:10:09.774442+00:00,97.300356,cycle1_permit_k1_on_red_off_green_on,-0.144000,-0.43610,-0.144000,-0.87273,LOW,false,false,false,false,
974,2026-09-11T21:10:09.874175+00:00,97.400298,cycle1_permit_k1_on_red_off_green_on,-0.146000,-0.44216,-0.144000,-0.87273,LOW,false,false,false,false,
975,2026-09-11T21:10:09.974467+00:00,97.500366,cycle1_permit_k1_on_red_off_green_on,-0.138000,-0.41793,-0.138000,-0.83636,LOW,false,false,false,false,
976,2026-09-11T21:10:10.074074+00:00,97.600295,cycle1_permit_k1_on_red_off_green_on,-0.144000,-0.43610,-0.144000,-0.87273,LOW,false,false,false,false,
977,2026-09-11T21:10:10.174362+00:00,97.700311,cycle1_permit_k1_on_red_off_green_on,-0.144000,-0.43610,-0.144000,-0.87273,LOW,false,false,false,false,
978,2026-09-11T21:10:10.274055+00:00,97.800283,cycle1_permit_k1_on_red_off_green_on,-0.146000,-0.44216,-0.144000,-0.87273,LOW,false,false,false,false,
979,2026-09-11T21:10:10.374383+00:00,97.900310,cycle1_permit_k1_on_red_off_green_on,-0.138000,-0.41793,-0.146000,-0.88485,LOW,false,false,false,false,
980,2026-09-11T21:10:10.474079+00:00,98.000300,cycle1_permit_k1_on_red_off_green_on,-0.138000,-0.41793,-0.144000,-0.87273,LOW,false,false,false,false,
981,2026-09-11T21:10:10.574364+00:00,98.100309,cycle1_permit_k1_on_red_off_green_on,-0.144000,-0.43610,-0.144000,-0.87273,LOW,false,false,false,false,
982,2026-09-11T21:10:10.674064+00:00,98.200275,cycle1_permit_k1_on_red_off_green_on,-0.144000,-0.43610,-0.144000,-0.87273,LOW,false,false,false,false,
983,2026-09-11T21:10:10.774371+00:00,98.300316,cycle1_permit_k1_on_red_off_green_on,-0.142000,-0.43004,-0.144000,-0.87273,LOW,false,false,false,false,
984,2026-09-11T21:10:10.874095+00:00,98.400291,cycle1_permit_k1_on_red_off_green_on,-0.148000,-0.44821,-0.136000,-0.82424,LOW,false,false,false,false,
985,2026-09-11T21:10:10.974415+00:00,98.500337,cycle1_permit_k1_on_red_off_green_on,-0.144000,-0.43610,-0.144000,-0.87273,LOW,false,false,false,false,
986,2026-09-11T21:10:11.074062+00:00,98.600289,cycle1_permit_k1_on_red_off_green_on,-0.148000,-0.44821,-0.146000,-0.88485,LOW,false,false,false,false,
987,2026-09-11T21:10:11.174363+00:00,98.700308,cycle1_permit_k1_on_red_off_green_on,-0.144000,-0.43610,-0.146000,-0.88485,LOW,false,false,false,false,
988,2026-09-11T21:10:11.274056+00:00,98.800284,cycle1_permit_k1_on_red_off_green_on,-0.146000,-0.44216,-0.138000,-0.83636,LOW,false,false,false,false,
989,2026-09-11T21:10:11.374423+00:00,98.900318,cycle1_permit_k1_on_red_off_green_on,-0.144000,-0.43610,-0.148000,-0.89697,LOW,false,false,false,false,
990,2026-09-11T21:10:11.474356+00:00,99.000312,cycle1_permit_k1_on_red_off_green_on,-0.140000,-0.42399,-0.144000,-0.87273,LOW,false,false,false,false,
991,2026-09-11T21:10:11.574124+00:00,99.100318,cycle1_permit_k1_on_red_off_green_on,-0.142000,-0.43004,-0.142000,-0.86061,LOW,false,false,false,false,
992,2026-09-11T21:10:11.674366+00:00,99.200314,cycle1_permit_k1_on_red_off_green_on,-0.144000,-0.43610,-0.146000,-0.88485,LOW,false,false,false,false,
993,2026-09-11T21:10:11.774062+00:00,99.300284,cycle1_permit_k1_on_red_off_green_on,-0.146000,-0.44216,-0.144000,-0.87273,LOW,false,false,false,false,
994,2026-09-11T21:10:11.874361+00:00,99.400305,cycle1_permit_k1_on_red_off_green_on,-0.142000,-0.43004,-0.144000,-0.87273,LOW,false,false,false,false,
995,2026-09-11T21:10:11.974079+00:00,99.500286,cycle1_permit_k1_on_red_off_green_on,-0.144000,-0.43610,-0.140000,-0.84848,LOW,false,false,false,false,
996,2026-09-11T21:10:12.074371+00:00,99.600315,cycle1_permit_k1_on_red_off_green_on,-0.140000,-0.42399,-0.138000,-0.83636,LOW,false,false,false,false,
997,2026-09-11T21:10:12.174070+00:00,99.700284,cycle1_permit_k1_on_red_off_green_on,-0.138000,-0.41793,-0.146000,-0.88485,LOW,false,false,false,false,
998,2026-09-11T21:10:12.274373+00:00,99.800315,cycle1_permit_k1_on_red_off_green_on,-0.144000,-0.43610,-0.142000,-0.86061,LOW,false,false,false,false,
999,2026-09-11T21:10:12.374095+00:00,99.900296,cycle1_permit_k1_on_red_off_green_on,-0.144000,-0.43610,-0.146000,-0.88485,LOW,false,false,false,false,
1000,2026-09-11T21:10:12.474384+00:00,100.000318,cycle1_permit_k1_on_red_off_green_on,-0.146000,-0.44216,-0.140000,-0.84848,LOW,false,false,false,false,
1001,2026-09-11T21:10:12.574076+00:00,100.100292,cycle1_permit_k1_on_red_off_green_on,-0.138000,-0.41793,-0.136000,-0.82424,LOW,false,false,false,false,
1002,2026-09-11T21:10:12.674363+00:00,100.200309,cycle1_permit_k1_on_red_off_green_on,-0.144000,-0.43610,-0.144000,-0.87273,LOW,false,false,false,false,
1003,2026-09-11T21:10:12.774072+00:00,100.300285,cycle1_permit_k1_on_red_off_green_on,-0.144000,-0.43610,-0.144000,-0.87273,LOW,false,false,false,false,
1004,2026-09-11T21:10:12.874359+00:00,100.400309,cycle1_permit_k1_on_red_off_green_on,-0.144000,-0.43610,-0.144000,-0.87273,LOW,false,false,false,false,
1005,2026-09-11T21:10:12.974063+00:00,100.500278,cycle1_permit_k1_on_red_off_green_on,-0.146000,-0.44216,-0.136000,-0.82424,LOW,false,false,false,false,
1006,2026-09-11T21:10:13.074406+00:00,100.600326,cycle1_permit_k1_on_red_off_green_on,-0.140000,-0.42399,-0.146000,-0.88485,LOW,false,false,false,false,
1007,2026-09-11T21:10:13.174064+00:00,100.700285,cycle1_permit_k1_on_red_off_green_on,-0.144000,-0.43610,-0.144000,-0.87273,LOW,false,false,false,false,
1008,2026-09-11T21:10:13.274369+00:00,100.800310,cycle1_permit_k1_on_red_off_green_on,-0.142000,-0.43004,-0.144000,-0.87273,LOW,false,false,false,false,
1009,2026-09-11T21:10:13.374062+00:00,100.900279,cycle1_permit_k1_on_red_off_green_on,-0.144000,-0.43610,-0.144000,-0.87273,LOW,false,false,false,false,
1010,2026-09-11T21:10:13.474366+00:00,101.000311,cycle1_permit_k1_on_red_off_green_on,-0.144000,-0.43610,-0.140000,-0.84848,LOW,false,false,false,false,
1011,2026-09-11T21:10:13.574061+00:00,101.100281,cycle1_permit_k1_on_red_off_green_on,-0.144000,-0.43610,-0.144000,-0.87273,LOW,false,false,false,false,
1012,2026-09-11T21:10:13.674364+00:00,101.200310,cycle1_permit_k1_on_red_off_green_on,-0.138000,-0.41793,-0.144000,-0.87273,LOW,false,false,false,false,
1013,2026-09-11T21:10:13.774068+00:00,101.300287,cycle1_permit_k1_on_red_off_green_on,-0.148000,-0.44821,-0.146000,-0.88485,LOW,false,false,false,false,
1014,2026-09-11T21:10:13.874358+00:00,101.400303,cycle1_permit_k1_on_red_off_green_on,-0.146000,-0.44216,-0.142000,-0.86061,LOW,false,false,false,false,
1015,2026-09-11T21:10:13.974385+00:00,101.500318,cycle1_permit_k1_on_red_off_green_on,-0.142000,-0.43004,-0.146000,-0.88485,LOW,false,false,false,false,
1016,2026-09-11T21:10:14.074096+00:00,101.600305,cycle1_permit_k1_on_red_off_green_on,-0.144000,-0.43610,-0.144000,-0.87273,LOW,false,false,false,false,
1017,2026-09-11T21:10:14.174364+00:00,101.700313,cycle1_permit_k1_on_red_off_green_on,-0.144000,-0.43610,-0.144000,-0.87273,LOW,false,false,false,false,
1018,2026-09-11T21:10:14.274069+00:00,101.800284,cycle1_permit_k1_on_red_off_green_on,-0.144000,-0.43610,-0.146000,-0.88485,LOW,false,false,false,false,
1019,2026-09-11T21:10:14.374360+00:00,101.900305,cycle1_permit_k1_on_red_off_green_on,-0.140000,-0.42399,-0.146000,-0.88485,LOW,false,false,false,false,
1020,2026-09-11T21:10:14.474497+00:00,102.000367,cycle1_permit_k1_on_red_off_green_on,-0.140000,-0.42399,-0.136000,-0.82424,LOW,false,false,false,false,
1021,2026-09-11T21:10:14.574614+00:00,102.100461,cycle1_permit_k1_on_red_off_green_on,-0.144000,-0.43610,-0.146000,-0.88485,LOW,false,false,false,false,
1022,2026-09-11T21:10:14.674094+00:00,102.200305,cycle1_permit_k1_on_red_off_green_on,-0.142000,-0.43004,-0.144000,-0.87273,LOW,false,false,false,false,
1023,2026-09-11T21:10:14.774420+00:00,102.300338,cycle1_permit_k1_on_red_off_green_on,-0.144000,-0.43610,-0.144000,-0.87273,LOW,false,false,false,false,
1024,2026-09-11T21:10:14.874069+00:00,102.400288,cycle1_permit_k1_on_red_off_green_on,-0.146000,-0.44216,-0.144000,-0.87273,LOW,false,false,false,false,
1025,2026-09-11T21:10:14.974385+00:00,102.500318,cycle1_permit_k1_on_red_off_green_on,-0.146000,-0.44216,-0.140000,-0.84848,LOW,false,false,false,false,
1026,2026-09-11T21:10:15.074088+00:00,102.600294,cycle1_permit_k1_on_red_off_green_on,-0.144000,-0.43610,-0.144000,-0.87273,LOW,false,false,false,false,
1027,2026-09-11T21:10:15.174397+00:00,102.700323,cycle1_permit_k1_on_red_off_green_on,-0.144000,-0.43610,-0.140000,-0.84848,LOW,false,false,false,false,
1028,2026-09-11T21:10:15.274067+00:00,102.800286,cycle1_permit_k1_on_red_off_green_on,-0.144000,-0.43610,-0.142000,-0.86061,LOW,false,false,false,false,
1029,2026-09-11T21:10:15.374365+00:00,102.900307,cycle1_permit_k1_on_red_off_green_on,-0.144000,-0.43610,-0.144000,-0.87273,LOW,false,false,false,false,
1030,2026-09-11T21:10:15.474063+00:00,103.000284,cycle1_permit_k1_on_red_off_green_on,-0.146000,-0.44216,-0.142000,-0.86061,LOW,false,false,false,false,
1031,2026-09-11T21:10:15.574500+00:00,103.100387,cycle1_permit_k1_on_red_off_green_on,-0.144000,-0.43610,-0.144000,-0.87273,LOW,false,false,false,false,
1032,2026-09-11T21:10:15.674068+00:00,103.200296,cycle1_permit_k1_on_red_off_green_on,-0.144000,-0.43610,-0.144000,-0.87273,LOW,false,false,false,false,
1033,2026-09-11T21:10:15.774416+00:00,103.300311,cycle1_permit_k1_on_red_off_green_on,-0.146000,-0.44216,-0.144000,-0.87273,LOW,false,false,false,false,
1034,2026-09-11T21:10:15.874191+00:00,103.400358,cycle1_permit_k1_on_red_off_green_on,-0.144000,-0.43610,-0.144000,-0.87273,LOW,false,false,false,false,
1035,2026-09-11T21:10:15.974379+00:00,103.500325,cycle1_permit_k1_on_red_off_green_on,-0.146000,-0.44216,-0.146000,-0.88485,LOW,false,false,false,false,
1036,2026-09-11T21:10:16.074070+00:00,103.600287,cycle1_permit_k1_on_red_off_green_on,-0.138000,-0.41793,-0.142000,-0.86061,LOW,false,false,false,false,
1037,2026-09-11T21:10:16.174370+00:00,103.700317,cycle1_permit_k1_on_red_off_green_on,-0.144000,-0.43610,-0.144000,-0.87273,LOW,false,false,false,false,
1038,2026-09-11T21:10:16.274096+00:00,103.800302,cycle1_permit_k1_on_red_off_green_on,-0.144000,-0.43610,-0.144000,-0.87273,LOW,false,false,false,false,
1039,2026-09-11T21:10:16.374386+00:00,103.900308,cycle1_permit_k1_on_red_off_green_on,-0.144000,-0.43610,-0.146000,-0.88485,LOW,false,false,false,false,
1040,2026-09-11T21:10:16.474344+00:00,104.000304,cycle1_permit_k1_on_red_off_green_on,-0.138000,-0.41793,-0.146000,-0.88485,LOW,false,false,false,false,
1041,2026-09-11T21:10:16.574063+00:00,104.100285,cycle1_permit_k1_on_red_off_green_on,-0.144000,-0.43610,-0.144000,-0.87273,LOW,false,false,false,false,
1042,2026-09-11T21:10:16.674361+00:00,104.200309,cycle1_permit_k1_on_red_off_green_on,-0.144000,-0.43610,-0.144000,-0.87273,LOW,false,false,false,false,
1043,2026-09-11T21:10:16.774049+00:00,104.300282,cycle1_permit_k1_on_red_off_green_on,-0.144000,-0.43610,-0.144000,-0.87273,LOW,false,false,false,false,
1044,2026-09-11T21:10:16.874364+00:00,104.400312,cycle1_permit_k1_on_red_off_green_on,-0.140000,-0.42399,-0.146000,-0.88485,LOW,false,false,false,false,
1045,2026-09-11T21:10:16.974048+00:00,104.500282,cycle1_permit_k1_on_red_off_green_on,-0.144000,-0.43610,-0.144000,-0.87273,LOW,false,false,false,false,
1046,2026-09-11T21:10:17.074361+00:00,104.600308,cycle1_permit_k1_on_red_off_green_on,-0.142000,-0.43004,-0.144000,-0.87273,LOW,false,false,false,false,
1047,2026-09-11T21:10:17.174079+00:00,104.700287,cycle1_permit_k1_on_red_off_green_on,-0.136000,-0.41187,-0.138000,-0.83636,LOW,false,false,false,false,
1048,2026-09-11T21:10:17.274358+00:00,104.800309,cycle1_permit_k1_on_red_off_green_on,-0.138000,-0.41793,-0.140000,-0.84848,LOW,false,false,false,false,
1049,2026-09-11T21:10:17.374050+00:00,104.900279,cycle1_permit_k1_on_red_off_green_on,-0.142000,-0.43004,-0.144000,-0.87273,LOW,false,false,false,false,
1050,2026-09-11T21:10:17.474358+00:00,105.000308,cycle1_permit_k1_on_red_off_green_on,-0.144000,-0.43610,-0.146000,-0.88485,LOW,false,false,false,false,
1051,2026-09-11T21:10:17.574050+00:00,105.100274,cycle1_permit_k1_on_red_off_green_on,-0.144000,-0.43610,-0.144000,-0.87273,LOW,false,false,false,false,
1052,2026-09-11T21:10:17.674363+00:00,105.200311,cycle1_permit_k1_on_red_off_green_on,-0.146000,-0.44216,-0.144000,-0.87273,LOW,false,false,false,false,
1053,2026-09-11T21:10:17.774270+00:00,105.300287,cycle1_permit_k1_on_red_off_green_on,-0.136000,-0.41187,-0.144000,-0.87273,LOW,false,false,false,false,
1054,2026-09-11T21:10:17.874124+00:00,105.400332,cycle1_permit_k1_on_red_off_green_on,-0.146000,-0.44216,-0.146000,-0.88485,LOW,false,false,false,false,
1055,2026-09-11T21:10:17.974378+00:00,105.500323,cycle1_permit_k1_on_red_off_green_on,-0.144000,-0.43610,-0.142000,-0.86061,LOW,false,false,false,false,
1056,2026-09-11T21:10:18.074052+00:00,105.600283,cycle1_permit_k1_on_red_off_green_on,-0.144000,-0.43610,-0.144000,-0.87273,LOW,false,false,false,false,
1057,2026-09-11T21:10:18.174374+00:00,105.700317,cycle1_permit_k1_on_red_off_green_on,-0.144000,-0.43610,-0.144000,-0.87273,LOW,false,false,false,false,
1058,2026-09-11T21:10:18.274067+00:00,105.800287,cycle1_permit_k1_on_red_off_green_on,-0.144000,-0.43610,-0.144000,-0.87273,LOW,false,false,false,false,
1059,2026-09-11T21:10:18.374354+00:00,105.900306,cycle1_permit_k1_on_red_off_green_on,-0.146000,-0.44216,-0.140000,-0.84848,LOW,false,false,false,false,
1060,2026-09-11T21:10:18.474062+00:00,106.000286,cycle1_permit_k1_on_red_off_green_on,-0.144000,-0.43610,-0.140000,-0.84848,LOW,false,false,false,false,
1061,2026-09-11T21:10:18.574349+00:00,106.100304,cycle1_permit_k1_on_red_off_green_on,-0.144000,-0.43610,-0.142000,-0.86061,LOW,false,false,false,false,
1062,2026-09-11T21:10:18.674068+00:00,106.200287,cycle1_permit_k1_on_red_off_green_on,-0.146000,-0.44216,-0.142000,-0.86061,LOW,false,false,false,false,
1063,2026-09-11T21:10:18.774353+00:00,106.300308,cycle1_permit_k1_on_red_off_green_on,-0.144000,-0.43610,-0.140000,-0.84848,LOW,false,false,false,false,
1064,2026-09-11T21:10:18.874052+00:00,106.400279,cycle1_permit_k1_on_red_off_green_on,-0.144000,-0.43610,-0.144000,-0.87273,LOW,false,false,false,false,
1065,2026-09-11T21:10:18.974351+00:00,106.500309,cycle1_permit_k1_on_red_off_green_on,-0.144000,-0.43610,-0.144000,-0.87273,LOW,false,false,false,false,
1066,2026-09-11T21:10:19.074068+00:00,106.600283,cycle1_permit_k1_on_red_off_green_on,-0.146000,-0.44216,-0.144000,-0.87273,LOW,false,false,false,false,
1067,2026-09-11T21:10:19.174375+00:00,106.700317,cycle1_permit_k1_on_red_off_green_on,-0.140000,-0.42399,-0.144000,-0.87273,LOW,false,false,false,false,
1068,2026-09-11T21:10:19.274062+00:00,106.800282,cycle1_permit_k1_on_red_off_green_on,-0.144000,-0.43610,-0.144000,-0.87273,LOW,false,false,false,false,
1069,2026-09-11T21:10:19.374358+00:00,106.900306,cycle1_permit_k1_on_red_off_green_on,-0.142000,-0.43004,-0.140000,-0.84848,LOW,false,false,false,false,
1070,2026-09-11T21:10:19.474058+00:00,107.000285,cycle1_permit_k1_on_red_off_green_on,-0.144000,-0.43610,-0.146000,-0.88485,LOW,false,false,false,false,
1071,2026-09-11T21:10:19.574543+00:00,107.100414,cycle1_permit_k1_on_red_off_green_on,-0.140000,-0.42399,-0.144000,-0.87273,LOW,false,false,false,false,
1072,2026-09-11T21:10:19.674080+00:00,107.200299,cycle1_permit_k1_on_red_off_green_on,-0.142000,-0.43004,-0.142000,-0.86061,LOW,false,false,false,false,
1073,2026-09-11T21:10:19.774352+00:00,107.300307,cycle1_permit_k1_on_red_off_green_on,-0.140000,-0.42399,-0.142000,-0.86061,LOW,false,false,false,false,
1074,2026-09-11T21:10:19.874056+00:00,107.400281,cycle1_permit_k1_on_red_off_green_on,-0.140000,-0.42399,-0.144000,-0.87273,LOW,false,false,false,false,
1075,2026-09-11T21:10:19.974369+00:00,107.500311,cycle1_permit_k1_on_red_off_green_on,-0.144000,-0.43610,-0.144000,-0.87273,LOW,false,false,false,false,
1076,2026-09-11T21:10:20.074072+00:00,107.600286,cycle1_permit_k1_on_red_off_green_on,-0.144000,-0.43610,-0.144000,-0.87273,LOW,false,false,false,false,
1077,2026-09-11T21:10:20.174392+00:00,107.700321,cycle1_permit_k1_on_red_off_green_on,-0.142000,-0.43004,-0.144000,-0.87273,LOW,false,false,false,false,
1078,2026-09-11T21:10:20.274061+00:00,107.800283,cycle1_permit_k1_on_red_off_green_on,-0.140000,-0.42399,-0.144000,-0.87273,LOW,false,false,false,false,
1079,2026-09-11T21:10:20.374370+00:00,107.900311,cycle1_permit_k1_on_red_off_green_on,-0.144000,-0.43610,-0.140000,-0.84848,LOW,false,false,false,false,
1080,2026-09-11T21:10:20.474136+00:00,108.000314,cycle1_permit_k1_on_red_off_green_on,-0.146000,-0.44216,-0.144000,-0.87273,LOW,false,false,false,false,
1081,2026-09-11T21:10:20.574608+00:00,108.100457,cycle1_permit_k1_on_red_off_green_on,-0.142000,-0.43004,-0.142000,-0.86061,LOW,false,false,false,false,
1082,2026-09-11T21:10:20.674179+00:00,108.200333,cycle1_permit_k1_on_red_off_green_on,-0.140000,-0.42399,-0.144000,-0.87273,LOW,false,false,false,false,
1083,2026-09-11T21:10:20.774280+00:00,108.300282,cycle1_permit_k1_on_red_off_green_on,-0.144000,-0.43610,-0.142000,-0.86061,LOW,false,false,false,false,
1084,2026-09-11T21:10:20.874148+00:00,108.400312,cycle1_permit_k1_on_red_off_green_on,-0.142000,-0.43004,-0.144000,-0.87273,LOW,false,false,false,false,
1085,2026-09-11T21:10:20.974359+00:00,108.500360,cycle1_permit_k1_on_red_off_green_on,-0.144000,-0.43610,-0.144000,-0.87273,LOW,false,false,false,false,
1086,2026-09-11T21:10:21.074137+00:00,108.600306,cycle1_permit_k1_on_red_off_green_on,-0.144000,-0.43610,-0.144000,-0.87273,LOW,false,false,false,false,
1087,2026-09-11T21:10:21.174341+00:00,108.700276,cycle1_permit_k1_on_red_off_green_on,-0.144000,-0.43610,-0.144000,-0.87273,LOW,false,false,false,false,
1088,2026-09-11T21:10:21.274241+00:00,108.800311,cycle1_permit_k1_on_red_off_green_on,-0.144000,-0.43610,-0.144000,-0.87273,LOW,false,false,false,false,
1089,2026-09-11T21:10:21.374278+00:00,108.900284,cycle1_permit_k1_on_red_off_green_on,-0.144000,-0.43610,-0.140000,-0.84848,LOW,false,false,false,false,
1090,2026-09-11T21:10:21.474353+00:00,109.000402,cycle1_permit_k1_on_red_off_green_on,-0.146000,-0.44216,-0.144000,-0.87273,LOW,false,false,false,false,
1091,2026-09-11T21:10:21.574355+00:00,109.100313,cycle1_permit_k1_on_red_off_green_on,-0.144000,-0.43610,-0.144000,-0.87273,LOW,false,false,false,false,
1092,2026-09-11T21:10:21.674227+00:00,109.200345,cycle1_permit_k1_on_red_off_green_on,-0.144000,-0.43610,-0.144000,-0.87273,LOW,false,false,false,false,
1093,2026-09-11T21:10:21.774303+00:00,109.300302,cycle1_permit_k1_on_red_off_green_on,-0.144000,-0.43610,-0.144000,-0.87273,LOW,false,false,false,false,
1094,2026-09-11T21:10:21.874145+00:00,109.400315,cycle1_permit_k1_on_red_off_green_on,-0.144000,-0.43610,-0.144000,-0.87273,LOW,false,false,false,false,
1095,2026-09-11T21:10:21.974329+00:00,109.500300,cycle1_permit_k1_on_red_off_green_on,-0.144000,-0.43610,-0.144000,-0.87273,LOW,false,false,false,false,
1096,2026-09-11T21:10:22.074157+00:00,109.600311,cycle1_permit_k1_on_red_off_green_on,-0.144000,-0.43610,-0.144000,-0.87273,LOW,false,false,false,false,
1097,2026-09-11T21:10:22.174278+00:00,109.700281,cycle1_permit_k1_on_red_off_green_on,-0.146000,-0.44216,-0.144000,-0.87273,LOW,false,false,false,false,
1098,2026-09-11T21:10:22.274165+00:00,109.800316,cycle1_permit_k1_on_red_off_green_on,-0.140000,-0.42399,-0.142000,-0.86061,LOW,false,false,false,false,
1099,2026-09-11T21:10:22.374283+00:00,109.900282,cycle1_permit_k1_on_red_off_green_on,-0.148000,-0.44821,-0.148000,-0.89697,LOW,false,false,false,false,
1100,2026-09-11T21:10:22.474161+00:00,110.000313,cycle1_permit_k1_on_red_off_green_on,-0.138000,-0.41793,-0.138000,-0.83636,LOW,false,false,false,false,
1101,2026-09-11T21:10:22.574264+00:00,110.100278,cycle1_permit_k1_on_red_off_green_on,-0.140000,-0.42399,-0.138000,-0.83636,LOW,false,false,false,false,
1102,2026-09-11T21:10:22.674146+00:00,110.200307,cycle1_permit_k1_on_red_off_green_on,-0.144000,-0.43610,-0.144000,-0.87273,LOW,false,false,false,false,
1103,2026-09-11T21:10:22.774273+00:00,110.300281,cycle1_permit_k1_on_red_off_green_on,-0.144000,-0.43610,-0.144000,-0.87273,LOW,false,false,false,false,
1104,2026-09-11T21:10:22.874184+00:00,110.400308,cycle1_permit_k1_on_red_off_green_on,-0.144000,-0.43610,-0.144000,-0.87273,LOW,false,false,false,false,
1105,2026-09-11T21:10:22.974243+00:00,110.500275,cycle1_permit_k1_on_red_off_green_on,-0.140000,-0.42399,-0.142000,-0.86061,LOW,false,false,false,false,
1106,2026-09-11T21:10:23.074301+00:00,110.600318,cycle1_permit_k1_on_red_off_green_on,-0.146000,-0.44216,-0.140000,-0.84848,LOW,false,false,false,false,
1107,2026-09-11T21:10:23.174254+00:00,110.700286,cycle1_permit_k1_on_red_off_green_on,-0.144000,-0.43610,-0.146000,-0.88485,LOW,false,false,false,false,
1108,2026-09-11T21:10:23.274396+00:00,110.800318,cycle1_permit_k1_on_red_off_green_on,-0.142000,-0.43004,-0.144000,-0.87273,LOW,false,false,false,false,
1109,2026-09-11T21:10:23.374134+00:00,110.900277,cycle1_permit_k1_on_red_off_green_on,-0.144000,-0.43610,-0.140000,-0.84848,LOW,false,false,false,false,
1110,2026-09-11T21:10:23.474383+00:00,111.000313,cycle1_permit_k1_on_red_off_green_on,-0.142000,-0.43004,-0.144000,-0.87273,LOW,false,false,false,false,
1111,2026-09-11T21:10:23.574192+00:00,111.100306,cycle1_permit_k1_on_red_off_green_on,-0.146000,-0.44216,-0.146000,-0.88485,LOW,false,false,false,false,
1112,2026-09-11T21:10:23.674292+00:00,111.200314,cycle1_permit_k1_on_red_off_green_on,-0.144000,-0.43610,-0.144000,-0.87273,LOW,false,false,false,false,
1113,2026-09-11T21:10:23.774214+00:00,111.300279,cycle1_permit_k1_on_red_off_green_on,-0.144000,-0.43610,-0.144000,-0.87273,LOW,false,false,false,false,
1114,2026-09-11T21:10:23.874286+00:00,111.400308,cycle1_permit_k1_on_red_off_green_on,-0.142000,-0.43004,-0.142000,-0.86061,LOW,false,false,false,false,
1115,2026-09-11T21:10:23.974126+00:00,111.500273,cycle1_permit_k1_on_red_off_green_on,-0.144000,-0.43610,-0.144000,-0.87273,LOW,false,false,false,false,
1116,2026-09-11T21:10:24.074284+00:00,111.600312,cycle1_permit_k1_on_red_off_green_on,-0.144000,-0.43610,-0.146000,-0.88485,LOW,false,false,false,false,
1117,2026-09-11T21:10:24.174119+00:00,111.700272,cycle1_permit_k1_on_red_off_green_on,-0.144000,-0.43610,-0.144000,-0.87273,LOW,false,false,false,false,
1118,2026-09-11T21:10:24.274287+00:00,111.800311,cycle1_permit_k1_on_red_off_green_on,-0.144000,-0.43610,-0.144000,-0.87273,LOW,false,false,false,false,
1119,2026-09-11T21:10:24.374126+00:00,111.900278,cycle1_permit_k1_on_red_off_green_on,-0.144000,-0.43610,-0.144000,-0.87273,LOW,false,false,false,false,
1120,2026-09-11T21:10:24.474279+00:00,112.000310,cycle1_permit_k1_on_red_off_green_on,-0.142000,-0.43004,-0.144000,-0.87273,LOW,false,false,false,false,
1121,2026-09-11T21:10:24.574126+00:00,112.100279,cycle1_permit_k1_on_red_off_green_on,-0.144000,-0.43610,-0.144000,-0.87273,LOW,false,false,false,false,
1122,2026-09-11T21:10:24.674413+00:00,112.200378,cycle1_permit_k1_on_red_off_green_on,-0.144000,-0.43610,-0.142000,-0.86061,LOW,false,false,false,false,
1123,2026-09-11T21:10:24.774320+00:00,112.300392,cycle1_permit_k1_on_red_off_green_on,-0.142000,-0.43004,-0.142000,-0.86061,LOW,false,false,false,false,
1124,2026-09-11T21:10:24.874296+00:00,112.400329,cycle1_permit_k1_on_red_off_green_on,-0.144000,-0.43610,-0.144000,-0.87273,LOW,false,false,false,false,
1125,2026-09-11T21:10:24.974129+00:00,112.500283,cycle1_permit_k1_on_red_off_green_on,-0.144000,-0.43610,-0.146000,-0.88485,LOW,false,false,false,false,
1126,2026-09-11T21:10:25.074382+00:00,112.600319,cycle1_permit_k1_on_red_off_green_on,-0.144000,-0.43610,-0.146000,-0.88485,LOW,false,false,false,false,
1127,2026-09-11T21:10:25.174275+00:00,112.700310,cycle1_permit_k1_on_red_off_green_on,-0.142000,-0.43004,-0.144000,-0.87273,LOW,false,false,false,false,
1128,2026-09-11T21:10:25.274143+00:00,112.800285,cycle1_permit_k1_on_red_off_green_on,-0.146000,-0.44216,-0.144000,-0.87273,LOW,false,false,false,false,
1129,2026-09-11T21:10:25.374312+00:00,112.900319,cycle1_permit_k1_on_red_off_green_on,-0.146000,-0.44216,-0.144000,-0.87273,LOW,false,false,false,false,
1130,2026-09-11T21:10:25.474130+00:00,113.000282,cycle1_permit_k1_on_red_off_green_on,-0.144000,-0.43610,-0.142000,-0.86061,LOW,false,false,false,false,
1131,2026-09-11T21:10:25.574360+00:00,113.100312,cycle1_permit_k1_on_red_off_green_on,-0.144000,-0.43610,-0.144000,-0.87273,LOW,false,false,false,false,
1132,2026-09-11T21:10:25.674055+00:00,113.200281,cycle1_permit_k1_on_red_off_green_on,-0.144000,-0.43610,-0.144000,-0.87273,LOW,false,false,false,false,
1133,2026-09-11T21:10:25.774469+00:00,113.300318,cycle1_permit_k1_on_red_off_green_on,-0.144000,-0.43610,-0.144000,-0.87273,LOW,false,false,false,false,
1134,2026-09-11T21:10:25.874129+00:00,113.400285,cycle1_permit_k1_on_red_off_green_on,-0.142000,-0.43004,-0.140000,-0.84848,LOW,false,false,false,false,
1135,2026-09-11T21:10:25.974357+00:00,113.500309,cycle1_permit_k1_on_red_off_green_on,-0.144000,-0.43610,-0.146000,-0.88485,LOW,false,false,false,false,
1136,2026-09-11T21:10:26.074075+00:00,113.600290,cycle1_permit_k1_on_red_off_green_on,-0.142000,-0.43004,-0.144000,-0.87273,LOW,false,false,false,false,
1137,2026-09-11T21:10:26.174374+00:00,113.700314,cycle1_permit_k1_on_red_off_green_on,-0.144000,-0.43610,-0.144000,-0.87273,LOW,false,false,false,false,
1138,2026-09-11T21:10:26.274061+00:00,113.800281,cycle1_permit_k1_on_red_off_green_on,-0.144000,-0.43610,-0.144000,-0.87273,LOW,false,false,false,false,
1139,2026-09-11T21:10:26.374384+00:00,113.900316,cycle1_permit_k1_on_red_off_green_on,-0.144000,-0.43610,-0.144000,-0.87273,LOW,false,false,false,false,
1140,2026-09-11T21:10:26.474069+00:00,114.000285,cycle1_permit_k1_on_red_off_green_on,-0.146000,-0.44216,-0.144000,-0.87273,LOW,false,false,false,false,
1141,2026-09-11T21:10:26.574615+00:00,114.100444,cycle1_permit_k1_on_red_off_green_on,-0.144000,-0.43610,-0.142000,-0.86061,LOW,false,false,false,false,
1142,2026-09-11T21:10:26.674379+00:00,114.200330,cycle1_permit_k1_on_red_off_green_on,-0.140000,-0.42399,-0.144000,-0.87273,LOW,false,false,false,false,
1143,2026-09-11T21:10:26.774071+00:00,114.300290,cycle1_permit_k1_on_red_off_green_on,-0.144000,-0.43610,-0.144000,-0.87273,LOW,false,false,false,false,
1144,2026-09-11T21:10:26.874365+00:00,114.400315,cycle1_permit_k1_on_red_off_green_on,-0.142000,-0.43004,-0.144000,-0.87273,LOW,false,false,false,false,
1145,2026-09-11T21:10:26.974062+00:00,114.500286,cycle1_permit_k1_on_red_off_green_on,-0.144000,-0.43610,-0.144000,-0.87273,LOW,false,false,false,false,
1146,2026-09-11T21:10:27.074368+00:00,114.600312,cycle1_permit_k1_on_red_off_green_on,-0.140000,-0.42399,-0.140000,-0.84848,LOW,false,false,false,false,
1147,2026-09-11T21:10:27.174060+00:00,114.700284,cycle1_permit_k1_on_red_off_green_on,-0.144000,-0.43610,-0.144000,-0.87273,LOW,false,false,false,false,
1148,2026-09-11T21:10:27.274367+00:00,114.800310,cycle1_permit_k1_on_red_off_green_on,-0.146000,-0.44216,-0.142000,-0.86061,LOW,false,false,false,false,
1149,2026-09-11T21:10:27.374078+00:00,114.900289,cycle1_permit_k1_on_red_off_green_on,-0.142000,-0.43004,-0.144000,-0.87273,LOW,false,false,false,false,
1150,2026-09-11T21:10:27.474465+00:00,115.000361,cycle1_permit_k1_on_red_off_green_on,-0.138000,-0.41793,-0.140000,-0.84848,LOW,false,false,false,false,
1151,2026-09-11T21:10:27.574128+00:00,115.100318,cycle1_permit_k1_on_red_off_green_on,-0.144000,-0.43610,-0.144000,-0.87273,LOW,false,false,false,false,
1152,2026-09-11T21:10:27.674371+00:00,115.200317,cycle1_permit_k1_on_red_off_green_on,-0.144000,-0.43610,-0.144000,-0.87273,LOW,false,false,false,false,
1153,2026-09-11T21:10:27.774134+00:00,115.300324,cycle1_permit_k1_on_red_off_green_on,-0.144000,-0.43610,-0.138000,-0.83636,LOW,false,false,false,false,
1154,2026-09-11T21:10:27.874380+00:00,115.400322,cycle1_permit_k1_on_red_off_green_on,-0.146000,-0.44216,-0.138000,-0.83636,LOW,false,false,false,false,
1155,2026-09-11T21:10:27.974059+00:00,115.500286,cycle1_permit_k1_on_red_off_green_on,-0.144000,-0.43610,-0.148000,-0.89697,LOW,false,false,false,false,
1156,2026-09-11T21:10:28.074401+00:00,115.600326,cycle1_permit_k1_on_red_off_green_on,-0.144000,-0.43610,-0.144000,-0.87273,LOW,false,false,false,false,
1157,2026-09-11T21:10:28.174361+00:00,115.700311,cycle1_permit_k1_on_red_off_green_on,-0.144000,-0.43610,-0.140000,-0.84848,LOW,false,false,false,false,
1158,2026-09-11T21:10:28.274063+00:00,115.800284,cycle1_permit_k1_on_red_off_green_on,-0.144000,-0.43610,-0.146000,-0.88485,LOW,false,false,false,false,
1159,2026-09-11T21:10:28.374389+00:00,115.900319,cycle1_permit_k1_on_red_off_green_on,-0.148000,-0.44821,-0.146000,-0.88485,LOW,false,false,false,false,
1160,2026-09-11T21:10:28.474075+00:00,116.000291,cycle1_permit_k1_on_red_off_green_on,-0.144000,-0.43610,-0.144000,-0.87273,LOW,false,false,false,false,
1161,2026-09-11T21:10:28.574369+00:00,116.100310,cycle1_permit_k1_on_red_off_green_on,-0.144000,-0.43610,-0.144000,-0.87273,LOW,false,false,false,false,
1162,2026-09-11T21:10:28.674246+00:00,116.200384,cycle1_permit_k1_on_red_off_green_on,-0.144000,-0.43610,-0.144000,-0.87273,LOW,false,false,false,false,
1163,2026-09-11T21:10:28.774404+00:00,116.300337,cycle1_permit_k1_on_red_off_green_on,-0.144000,-0.43610,-0.144000,-0.87273,LOW,false,false,false,false,
1164,2026-09-11T21:10:28.874073+00:00,116.400294,cycle1_permit_k1_on_red_off_green_on,-0.144000,-0.43610,-0.144000,-0.87273,LOW,false,false,false,false,
1165,2026-09-11T21:10:28.974399+00:00,116.500328,cycle1_permit_k1_on_red_off_green_on,-0.144000,-0.43610,-0.144000,-0.87273,LOW,false,false,false,false,
1166,2026-09-11T21:10:29.074057+00:00,116.600285,cycle1_permit_k1_on_red_off_green_on,-0.144000,-0.43610,-0.142000,-0.86061,LOW,false,false,false,false,
1167,2026-09-11T21:10:29.174370+00:00,116.700311,cycle1_permit_k1_on_red_off_green_on,-0.144000,-0.43610,-0.142000,-0.86061,LOW,false,false,false,false,
1168,2026-09-11T21:10:29.274059+00:00,116.800282,cycle1_permit_k1_on_red_off_green_on,-0.144000,-0.43610,-0.142000,-0.86061,LOW,false,false,false,false,
1169,2026-09-11T21:10:29.374362+00:00,116.900308,cycle1_permit_k1_on_red_off_green_on,-0.146000,-0.44216,-0.144000,-0.87273,LOW,false,false,false,false,
1170,2026-09-11T21:10:29.474057+00:00,117.000280,cycle1_permit_k1_on_red_off_green_on,-0.144000,-0.43610,-0.144000,-0.87273,LOW,false,false,false,false,
1171,2026-09-11T21:10:29.574356+00:00,117.100302,cycle1_permit_k1_on_red_off_green_on,-0.146000,-0.44216,-0.144000,-0.87273,LOW,false,false,false,false,
1172,2026-09-11T21:10:29.674058+00:00,117.200280,cycle1_permit_k1_on_red_off_green_on,-0.142000,-0.43004,-0.142000,-0.86061,LOW,false,false,false,false,
1173,2026-09-11T21:10:29.774499+00:00,117.300381,cycle1_permit_k1_on_red_off_green_on,-0.144000,-0.43610,-0.144000,-0.87273,LOW,false,false,false,false,
1174,2026-09-11T21:10:29.874076+00:00,117.400294,cycle1_permit_k1_on_red_off_green_on,-0.144000,-0.43610,-0.144000,-0.87273,LOW,false,false,false,false,
1175,2026-09-11T21:10:29.974364+00:00,117.500310,cycle1_permit_k1_on_red_off_green_on,-0.144000,-0.43610,-0.144000,-0.87273,LOW,false,false,false,false,
1176,2026-09-11T21:10:30.074076+00:00,117.600277,cycle1_permit_k1_on_red_off_green_on,-0.144000,-0.43610,-0.144000,-0.87273,LOW,false,false,false,false,
1177,2026-09-11T21:10:30.174377+00:00,117.700309,cycle1_permit_k1_on_red_off_green_on,-0.146000,-0.44216,-0.144000,-0.87273,LOW,false,false,false,false,
1178,2026-09-11T21:10:30.274057+00:00,117.800280,cycle1_permit_k1_on_red_off_green_on,-0.144000,-0.43610,-0.144000,-0.87273,LOW,false,false,false,false,
1179,2026-09-11T21:10:30.374376+00:00,117.900308,cycle1_permit_k1_on_red_off_green_on,-0.142000,-0.43004,-0.144000,-0.87273,LOW,false,false,false,false,
1180,2026-09-11T21:10:30.474062+00:00,118.000286,cycle1_permit_k1_on_red_off_green_on,-0.148000,-0.44821,-0.140000,-0.84848,LOW,false,false,false,false,
1181,2026-09-11T21:10:30.574362+00:00,118.100304,cycle1_permit_k1_on_red_off_green_on,-0.146000,-0.44216,-0.148000,-0.89697,LOW,false,false,false,false,
1182,2026-09-11T21:10:30.674071+00:00,118.200283,cycle1_permit_k1_on_red_off_green_on,-0.144000,-0.43610,-0.146000,-0.88485,LOW,false,false,false,false,
1183,2026-09-11T21:10:30.774381+00:00,118.300318,cycle1_permit_k1_on_red_off_green_on,-0.144000,-0.43610,-0.142000,-0.86061,LOW,false,false,false,false,
1184,2026-09-11T21:10:30.874064+00:00,118.400282,cycle1_permit_k1_on_red_off_green_on,-0.146000,-0.44216,-0.146000,-0.88485,LOW,false,false,false,false,
1185,2026-09-11T21:10:30.974369+00:00,118.500312,cycle1_permit_k1_on_red_off_green_on,-0.144000,-0.43610,-0.144000,-0.87273,LOW,false,false,false,false,
1186,2026-09-11T21:10:31.074071+00:00,118.600291,cycle1_permit_k1_on_red_off_green_on,-0.144000,-0.43610,-0.142000,-0.86061,LOW,false,false,false,false,
1187,2026-09-11T21:10:31.174356+00:00,118.700307,cycle1_permit_k1_on_red_off_green_on,-0.140000,-0.42399,-0.142000,-0.86061,LOW,false,false,false,false,
1188,2026-09-11T21:10:31.274063+00:00,118.800284,cycle1_permit_k1_on_red_off_green_on,-0.146000,-0.44216,-0.144000,-0.87273,LOW,false,false,false,false,
1189,2026-09-11T21:10:31.374381+00:00,118.900317,cycle1_permit_k1_on_red_off_green_on,-0.144000,-0.43610,-0.140000,-0.84848,LOW,false,false,false,false,
1190,2026-09-11T21:10:31.474075+00:00,119.000293,cycle1_permit_k1_on_red_off_green_on,-0.144000,-0.43610,-0.144000,-0.87273,LOW,false,false,false,false,
1191,2026-09-11T21:10:31.574409+00:00,119.100332,cycle1_permit_k1_on_red_off_green_on,-0.144000,-0.43610,-0.144000,-0.87273,LOW,false,false,false,false,
1192,2026-09-11T21:10:31.674058+00:00,119.200288,cycle1_permit_k1_on_red_off_green_on,-0.142000,-0.43004,-0.144000,-0.87273,LOW,false,false,false,false,
1193,2026-09-11T21:10:31.774362+00:00,119.300308,cycle1_permit_k1_on_red_off_green_on,-0.144000,-0.43610,-0.146000,-0.88485,LOW,false,false,false,false,
1194,2026-09-11T21:10:31.874096+00:00,119.400300,cycle1_permit_k1_on_red_off_green_on,-0.144000,-0.43610,-0.144000,-0.87273,LOW,false,false,false,false,
1195,2026-09-11T21:10:31.974355+00:00,119.500314,cycle1_permit_k1_on_red_off_green_on,-0.144000,-0.43610,-0.146000,-0.88485,LOW,false,false,false,false,
1196,2026-09-11T21:10:32.074072+00:00,119.600283,cycle1_permit_k1_on_red_off_green_on,-0.144000,-0.43610,-0.144000,-0.87273,LOW,false,false,false,false,
1197,2026-09-11T21:10:32.174359+00:00,119.700310,cycle1_permit_k1_on_red_off_green_on,-0.142000,-0.43004,-0.144000,-0.87273,LOW,false,false,false,false,
1198,2026-09-11T21:10:32.274057+00:00,119.800281,cycle1_permit_k1_on_red_off_green_on,-0.144000,-0.43610,-0.144000,-0.87273,LOW,false,false,false,false,
1199,2026-09-11T21:10:32.374354+00:00,119.900304,cycle1_permit_k1_on_red_off_green_on,-0.144000,-0.43610,-0.144000,-0.87273,LOW,false,false,false,false,
1200,2026-09-11T21:10:32.474074+00:00,120.000286,cycle1_permit_k1_on_red_off_green_on,-0.144000,-0.43610,-0.144000,-0.87273,LOW,false,false,false,false,
1201,2026-09-11T21:10:32.574633+00:00,120.100461,cycle1_permit_k1_on_red_off_green_on,-0.144000,-0.43610,-0.144000,-0.87273,LOW,false,false,false,false,
1202,2026-09-11T21:10:32.674383+00:00,120.200332,cycle1_permit_k1_on_red_off_green_on,-0.144000,-0.43610,-0.142000,-0.86061,LOW,false,false,false,false,
1203,2026-09-11T21:10:32.774065+00:00,120.300286,cycle1_permit_k1_on_red_off_green_on,-0.144000,-0.43610,-0.144000,-0.87273,LOW,false,false,false,false,
1204,2026-09-11T21:10:32.874375+00:00,120.400315,cycle1_permit_k1_on_red_off_green_on,-0.142000,-0.43004,-0.144000,-0.87273,LOW,false,false,false,false,
1205,2026-09-11T21:10:32.974061+00:00,120.500284,cycle1_permit_k1_on_red_off_green_on,-0.142000,-0.43004,-0.142000,-0.86061,LOW,false,false,false,false,
1206,2026-09-11T21:10:33.074389+00:00,120.600321,cycle1_permit_k1_on_red_off_green_on,-0.146000,-0.44216,-0.146000,-0.88485,LOW,false,false,false,false,
1207,2026-09-11T21:10:33.174052+00:00,120.700283,cycle1_permit_k1_on_red_off_green_on,-0.144000,-0.43610,-0.144000,-0.87273,LOW,false,false,false,false,
1208,2026-09-11T21:10:33.274365+00:00,120.800308,cycle1_permit_k1_on_red_off_green_on,-0.146000,-0.44216,-0.142000,-0.86061,LOW,false,false,false,false,
1209,2026-09-11T21:10:33.374063+00:00,120.900282,cycle1_permit_k1_on_red_off_green_on,-0.140000,-0.42399,-0.140000,-0.84848,LOW,false,false,false,false,
1210,2026-09-11T21:10:33.474364+00:00,121.000307,cycle1_permit_k1_on_red_off_green_on,-0.142000,-0.43004,-0.144000,-0.87273,LOW,false,false,false,false,
1211,2026-09-11T21:10:33.574273+00:00,121.100409,cycle1_permit_k1_on_red_off_green_on,-0.144000,-0.43610,-0.144000,-0.87273,LOW,false,false,false,false,
1212,2026-09-11T21:10:33.674399+00:00,121.200339,cycle1_permit_k1_on_red_off_green_on,-0.142000,-0.43004,-0.136000,-0.82424,LOW,false,false,false,false,
1213,2026-09-11T21:10:33.774144+00:00,121.300332,cycle1_permit_k1_on_red_off_green_on,-0.148000,-0.44821,-0.148000,-0.89697,LOW,false,false,false,false,
1214,2026-09-11T21:10:33.874370+00:00,121.400319,cycle1_permit_k1_on_red_off_green_on,-0.144000,-0.43610,-0.144000,-0.87273,LOW,false,false,false,false,
1215,2026-09-11T21:10:33.974105+00:00,121.500303,cycle1_permit_k1_on_red_off_green_on,-0.144000,-0.43610,-0.144000,-0.87273,LOW,false,false,false,false,
1216,2026-09-11T21:10:34.074375+00:00,121.600312,cycle1_permit_k1_on_red_off_green_on,-0.138000,-0.41793,-0.144000,-0.87273,LOW,false,false,false,false,
1217,2026-09-11T21:10:34.174061+00:00,121.700283,cycle1_permit_k1_on_red_off_green_on,-0.142000,-0.43004,-0.144000,-0.87273,LOW,false,false,false,false,
1218,2026-09-11T21:10:34.274363+00:00,121.800310,cycle1_permit_k1_on_red_off_green_on,-0.144000,-0.43610,-0.144000,-0.87273,LOW,false,false,false,false,
1219,2026-09-11T21:10:34.374053+00:00,121.900277,cycle1_permit_k1_on_red_off_green_on,-0.144000,-0.43610,-0.144000,-0.87273,LOW,false,false,false,false,
1220,2026-09-11T21:10:34.474361+00:00,122.000306,cycle1_permit_k1_on_red_off_green_on,-0.144000,-0.43610,-0.144000,-0.87273,LOW,false,false,false,false,
1221,2026-09-11T21:10:34.574077+00:00,122.100287,cycle1_permit_k1_on_red_off_green_on,-0.144000,-0.43610,-0.138000,-0.83636,LOW,false,false,false,false,
1222,2026-09-11T21:10:34.674362+00:00,122.200308,cycle1_permit_k1_on_red_off_green_on,-0.138000,-0.41793,-0.144000,-0.87273,LOW,false,false,false,false,
1223,2026-09-11T21:10:34.774063+00:00,122.300281,cycle1_permit_k1_on_red_off_green_on,-0.146000,-0.44216,-0.146000,-0.88485,LOW,false,false,false,false,
1224,2026-09-11T21:10:34.874508+00:00,122.400386,cycle1_permit_k1_on_red_off_green_on,-0.144000,-0.43610,-0.144000,-0.87273,LOW,false,false,false,false,
1225,2026-09-11T21:10:34.974084+00:00,122.500296,cycle1_permit_k1_on_red_off_green_on,-0.144000,-0.43610,-0.144000,-0.87273,LOW,false,false,false,false,
1226,2026-09-11T21:10:35.074362+00:00,122.600310,cycle1_permit_k1_on_red_off_green_on,-0.146000,-0.44216,-0.148000,-0.89697,LOW,false,false,false,false,
1227,2026-09-11T21:10:35.174061+00:00,122.700281,cycle1_permit_k1_on_red_off_green_on,-0.146000,-0.44216,-0.144000,-0.87273,LOW,false,false,false,false,
1228,2026-09-11T21:10:35.274361+00:00,122.800306,cycle1_permit_k1_on_red_off_green_on,-0.146000,-0.44216,-0.144000,-0.87273,LOW,false,false,false,false,
1229,2026-09-11T21:10:35.374061+00:00,122.900284,cycle1_permit_k1_on_red_off_green_on,-0.146000,-0.44216,-0.144000,-0.87273,LOW,false,false,false,false,
1230,2026-09-11T21:10:35.474555+00:00,123.000420,cycle1_permit_k1_on_red_off_green_on,-0.146000,-0.44216,-0.144000,-0.87273,LOW,false,false,false,false,
1231,2026-09-11T21:10:35.574439+00:00,123.100352,cycle1_permit_k1_on_red_off_green_on,-0.144000,-0.43610,-0.144000,-0.87273,LOW,false,false,false,false,
1232,2026-09-11T21:10:35.674080+00:00,123.200294,cycle1_permit_k1_on_red_off_green_on,-0.144000,-0.43610,-0.142000,-0.86061,LOW,false,false,false,false,
1233,2026-09-11T21:10:35.774376+00:00,123.300313,cycle1_permit_k1_on_red_off_green_on,-0.144000,-0.43610,-0.144000,-0.87273,LOW,false,false,false,false,
1234,2026-09-11T21:10:35.874072+00:00,123.400289,cycle1_permit_k1_on_red_off_green_on,-0.140000,-0.42399,-0.142000,-0.86061,LOW,false,false,false,false,
1235,2026-09-11T21:10:35.974362+00:00,123.500310,cycle1_permit_k1_on_red_off_green_on,-0.146000,-0.44216,-0.146000,-0.88485,LOW,false,false,false,false,
1236,2026-09-11T21:10:36.074075+00:00,123.600285,cycle1_permit_k1_on_red_off_green_on,-0.142000,-0.43004,-0.144000,-0.87273,LOW,false,false,false,false,
1237,2026-09-11T21:10:36.174362+00:00,123.700311,cycle1_permit_k1_on_red_off_green_on,-0.144000,-0.43610,-0.144000,-0.87273,LOW,false,false,false,false,
1238,2026-09-11T21:10:36.274062+00:00,123.800284,cycle1_permit_k1_on_red_off_green_on,-0.144000,-0.43610,-0.144000,-0.87273,LOW,false,false,false,false,
1239,2026-09-11T21:10:36.374381+00:00,123.900312,cycle1_permit_k1_on_red_off_green_on,-0.144000,-0.43610,-0.144000,-0.87273,LOW,false,false,false,false,
1240,2026-09-11T21:10:36.474078+00:00,124.000291,cycle1_permit_k1_on_red_off_green_on,-0.144000,-0.43610,-0.144000,-0.87273,LOW,false,false,false,false,
1241,2026-09-11T21:10:36.574387+00:00,124.100317,cycle1_permit_k1_on_red_off_green_on,-0.144000,-0.43610,-0.142000,-0.86061,LOW,false,false,false,false,
1242,2026-09-11T21:10:36.674061+00:00,124.200283,cycle1_permit_k1_on_red_off_green_on,-0.146000,-0.44216,-0.140000,-0.84848,LOW,false,false,false,false,
1243,2026-09-11T21:10:36.774363+00:00,124.300308,cycle1_permit_k1_on_red_off_green_on,-0.142000,-0.43004,-0.146000,-0.88485,LOW,false,false,false,false,
1244,2026-09-11T21:10:36.874056+00:00,124.400283,cycle1_permit_k1_on_red_off_green_on,-0.144000,-0.43610,-0.144000,-0.87273,LOW,false,false,false,false,
1245,2026-09-11T21:10:36.974362+00:00,124.500307,cycle1_permit_k1_on_red_off_green_on,-0.146000,-0.44216,-0.144000,-0.87273,LOW,false,false,false,false,
1246,2026-09-11T21:10:37.074059+00:00,124.600286,cycle1_permit_k1_on_red_off_green_on,-0.144000,-0.43610,-0.144000,-0.87273,LOW,false,false,false,false,
1247,2026-09-11T21:10:37.174354+00:00,124.700306,cycle1_permit_k1_on_red_off_green_on,-0.144000,-0.43610,-0.144000,-0.87273,LOW,false,false,false,false,
1248,2026-09-11T21:10:37.274043+00:00,124.800275,cycle1_permit_k1_on_red_off_green_on,-0.146000,-0.44216,-0.144000,-0.87273,LOW,false,false,false,false,
1249,2026-09-11T21:10:37.374370+00:00,124.900310,cycle1_permit_k1_on_red_off_green_on,-0.146000,-0.44216,-0.144000,-0.87273,LOW,false,false,false,false,
1250,2026-09-11T21:10:37.474062+00:00,125.000281,cycle1_permit_k1_on_red_off_green_on,-0.142000,-0.43004,-0.144000,-0.87273,LOW,false,false,false,false,
1251,2026-09-11T21:10:37.574354+00:00,125.100304,cycle1_permit_k1_on_red_off_green_on,-0.144000,-0.43610,-0.144000,-0.87273,LOW,false,false,false,false,
1252,2026-09-11T21:10:37.674058+00:00,125.200284,cycle1_permit_k1_on_red_off_green_on,-0.144000,-0.43610,-0.146000,-0.88485,LOW,false,false,false,false,
1253,2026-09-11T21:10:37.774357+00:00,125.300305,cycle1_permit_k1_on_red_off_green_on,-0.142000,-0.43004,-0.142000,-0.86061,LOW,false,false,false,false,
1254,2026-09-11T21:10:37.874060+00:00,125.400280,cycle1_permit_k1_on_red_off_green_on,-0.144000,-0.43610,-0.144000,-0.87273,LOW,false,false,false,false,
1255,2026-09-11T21:10:37.974366+00:00,125.500308,cycle1_permit_k1_on_red_off_green_on,-0.144000,-0.43610,-0.144000,-0.87273,LOW,false,false,false,false,
1256,2026-09-11T21:10:38.074056+00:00,125.600282,cycle1_permit_k1_on_red_off_green_on,-0.144000,-0.43610,-0.144000,-0.87273,LOW,false,false,false,false,
1257,2026-09-11T21:10:38.174365+00:00,125.700308,cycle1_permit_k1_on_red_off_green_on,-0.144000,-0.43610,-0.146000,-0.88485,LOW,false,false,false,false,
1258,2026-09-11T21:10:38.274061+00:00,125.800278,cycle1_permit_k1_on_red_off_green_on,-0.144000,-0.43610,-0.142000,-0.86061,LOW,false,false,false,false,
1259,2026-09-11T21:10:38.374379+00:00,125.900314,cycle1_permit_k1_on_red_off_green_on,-0.144000,-0.43610,-0.142000,-0.86061,LOW,false,false,false,false,
1260,2026-09-11T21:10:38.474054+00:00,126.000278,cycle1_permit_k1_on_red_off_green_on,-0.144000,-0.43610,-0.144000,-0.87273,LOW,false,false,false,false,
1261,2026-09-11T21:10:38.574601+00:00,126.100451,cycle1_permit_k1_on_red_off_green_on,-0.144000,-0.43610,-0.144000,-0.87273,LOW,false,false,false,false,
1262,2026-09-11T21:10:38.674110+00:00,126.200319,cycle1_permit_k1_on_red_off_green_on,-0.146000,-0.44216,-0.144000,-0.87273,LOW,false,false,false,false,
1263,2026-09-11T21:10:38.774379+00:00,126.300319,cycle1_permit_k1_on_red_off_green_on,-0.146000,-0.44216,-0.144000,-0.87273,LOW,false,false,false,false,
1264,2026-09-11T21:10:38.874074+00:00,126.400289,cycle1_permit_k1_on_red_off_green_on,-0.146000,-0.44216,-0.144000,-0.87273,LOW,false,false,false,false,
1265,2026-09-11T21:10:38.974358+00:00,126.500310,cycle1_permit_k1_on_red_off_green_on,-0.144000,-0.43610,-0.144000,-0.87273,LOW,false,false,false,false,
1266,2026-09-11T21:10:39.074079+00:00,126.600291,cycle1_permit_k1_on_red_off_green_on,-0.144000,-0.43610,-0.144000,-0.87273,LOW,false,false,false,false,
1267,2026-09-11T21:10:39.174355+00:00,126.700308,cycle1_permit_k1_on_red_off_green_on,-0.144000,-0.43610,-0.144000,-0.87273,LOW,false,false,false,false,
1268,2026-09-11T21:10:39.274058+00:00,126.800284,cycle1_permit_k1_on_red_off_green_on,-0.144000,-0.43610,-0.146000,-0.88485,LOW,false,false,false,false,
1269,2026-09-11T21:10:39.374360+00:00,126.900307,cycle1_permit_k1_on_red_off_green_on,-0.144000,-0.43610,-0.144000,-0.87273,LOW,false,false,false,false,
1270,2026-09-11T21:10:39.474234+00:00,127.000283,cycle1_permit_k1_on_red_off_green_on,-0.142000,-0.43004,-0.144000,-0.87273,LOW,false,false,false,false,
1271,2026-09-11T21:10:39.574533+00:00,127.100407,cycle1_permit_k1_on_red_off_green_on,-0.138000,-0.41793,-0.144000,-0.87273,LOW,false,false,false,false,
1272,2026-09-11T21:10:39.674096+00:00,127.200306,cycle1_permit_k1_on_red_off_green_on,-0.144000,-0.43610,-0.146000,-0.88485,LOW,false,false,false,false,
1273,2026-09-11T21:10:39.774391+00:00,127.300316,cycle1_permit_k1_on_red_off_green_on,-0.144000,-0.43610,-0.140000,-0.84848,LOW,false,false,false,false,
1274,2026-09-11T21:10:39.874113+00:00,127.400311,cycle1_permit_k1_on_red_off_green_on,-0.138000,-0.41793,-0.140000,-0.84848,LOW,false,false,false,false,
1275,2026-09-11T21:10:39.974519+00:00,127.500401,cycle1_permit_k1_on_red_off_green_on,-0.144000,-0.43610,-0.144000,-0.87273,LOW,false,false,false,false,
1276,2026-09-11T21:10:40.074079+00:00,127.600302,cycle1_permit_k1_on_red_off_green_on,-0.144000,-0.43610,-0.144000,-0.87273,LOW,false,false,false,false,
1277,2026-09-11T21:10:40.174393+00:00,127.700329,cycle1_permit_k1_on_red_off_green_on,-0.146000,-0.44216,-0.146000,-0.88485,LOW,false,false,false,false,
1278,2026-09-11T21:10:40.274117+00:00,127.800309,cycle1_permit_k1_on_red_off_green_on,-0.148000,-0.44821,-0.148000,-0.89697,LOW,false,false,false,false,
1279,2026-09-11T21:10:40.374337+00:00,127.900282,cycle1_permit_k1_on_red_off_green_on,-0.144000,-0.43610,-0.148000,-0.89697,LOW,false,false,false,false,
1280,2026-09-11T21:10:40.474155+00:00,128.000309,cycle1_permit_k1_on_red_off_green_on,-0.148000,-0.44821,-0.136000,-0.82424,LOW,false,false,false,false,
1281,2026-09-11T21:10:40.574280+00:00,128.100286,cycle1_permit_k1_on_red_off_green_on,-0.136000,-0.41187,-0.144000,-0.87273,LOW,false,false,false,false,
1282,2026-09-11T21:10:40.674162+00:00,128.200315,cycle1_permit_k1_on_red_off_green_on,-0.144000,-0.43610,-0.144000,-0.87273,LOW,false,false,false,false,
1283,2026-09-11T21:10:40.774350+00:00,128.300357,cycle1_permit_k1_on_red_off_green_on,-0.144000,-0.43610,-0.144000,-0.87273,LOW,false,false,false,false,
1284,2026-09-11T21:10:40.874229+00:00,128.400303,cycle1_permit_k1_on_red_off_green_on,-0.146000,-0.44216,-0.140000,-0.84848,LOW,false,false,false,false,
1285,2026-09-11T21:10:40.974274+00:00,128.500281,cycle1_permit_k1_on_red_off_green_on,-0.142000,-0.43004,-0.142000,-0.86061,LOW,false,false,false,false,
1286,2026-09-11T21:10:41.074138+00:00,128.600308,cycle1_permit_k1_on_red_off_green_on,-0.140000,-0.42399,-0.136000,-0.82424,LOW,false,false,false,false,
1287,2026-09-11T21:10:41.174277+00:00,128.700281,cycle1_permit_k1_on_red_off_green_on,-0.138000,-0.41793,-0.144000,-0.87273,LOW,false,false,false,false,
1288,2026-09-11T21:10:41.274141+00:00,128.800308,cycle1_permit_k1_on_red_off_green_on,-0.140000,-0.42399,-0.142000,-0.86061,LOW,false,false,false,false,
1289,2026-09-11T21:10:41.374262+00:00,128.900273,cycle1_permit_k1_on_red_off_green_on,-0.144000,-0.43610,-0.144000,-0.87273,LOW,false,false,false,false,
1290,2026-09-11T21:10:41.474139+00:00,129.000305,cycle1_permit_k1_on_red_off_green_on,-0.144000,-0.43610,-0.144000,-0.87273,LOW,false,false,false,false,
1291,2026-09-11T21:10:41.574269+00:00,129.100273,cycle1_permit_k1_on_red_off_green_on,-0.138000,-0.41793,-0.136000,-0.82424,LOW,false,false,false,false,
1292,2026-09-11T21:10:41.674144+00:00,129.200312,cycle1_permit_k1_on_red_off_green_on,-0.140000,-0.42399,-0.146000,-0.88485,LOW,false,false,false,false,
1293,2026-09-11T21:10:41.774292+00:00,129.300290,cycle1_permit_k1_on_red_off_green_on,-0.146000,-0.44216,-0.144000,-0.87273,LOW,false,false,false,false,
1294,2026-09-11T21:10:41.874136+00:00,129.400304,cycle1_permit_k1_on_red_off_green_on,-0.144000,-0.43610,-0.144000,-0.87273,LOW,false,false,false,false,
1295,2026-09-11T21:10:41.974273+00:00,129.500276,cycle1_permit_k1_on_red_off_green_on,-0.144000,-0.43610,-0.144000,-0.87273,LOW,false,false,false,false,
1296,2026-09-11T21:10:42.074412+00:00,129.600333,cycle1_permit_k1_on_red_off_green_on,-0.144000,-0.43610,-0.140000,-0.84848,LOW,false,false,false,false,
1297,2026-09-11T21:10:42.174161+00:00,129.700315,cycle1_permit_k1_on_red_off_green_on,-0.144000,-0.43610,-0.144000,-0.87273,LOW,false,false,false,false,
1298,2026-09-11T21:10:42.274268+00:00,129.800284,cycle1_permit_k1_on_red_off_green_on,-0.146000,-0.44216,-0.146000,-0.88485,LOW,false,false,false,false,
1299,2026-09-11T21:10:42.374151+00:00,129.900306,cycle1_permit_k1_on_red_off_green_on,-0.140000,-0.42399,-0.144000,-0.87273,LOW,false,false,false,false,
1300,2026-09-11T21:10:42.474281+00:00,130.000286,cycle1_permit_k1_on_red_off_green_on,-0.144000,-0.43610,-0.146000,-0.88485,LOW,false,false,false,false,
1301,2026-09-11T21:10:42.574147+00:00,130.100310,cycle1_permit_k1_on_red_off_green_on,-0.140000,-0.42399,-0.144000,-0.87273,LOW,false,false,false,false,
1302,2026-09-11T21:10:42.674266+00:00,130.200281,cycle1_permit_k1_on_red_off_green_on,-0.144000,-0.43610,-0.142000,-0.86061,LOW,false,false,false,false,
1303,2026-09-11T21:10:42.774237+00:00,130.300312,cycle1_permit_k1_on_red_off_green_on,-0.140000,-0.42399,-0.144000,-0.87273,LOW,false,false,false,false,
1304,2026-09-11T21:10:42.874209+00:00,130.400280,cycle1_permit_k1_on_red_off_green_on,-0.144000,-0.43610,-0.144000,-0.87273,LOW,false,false,false,false,
1305,2026-09-11T21:10:42.974303+00:00,130.500313,cycle1_permit_k1_on_red_off_green_on,-0.140000,-0.42399,-0.146000,-0.88485,LOW,false,false,false,false,
1306,2026-09-11T21:10:43.074270+00:00,130.600293,cycle1_permit_k1_on_red_off_green_on,-0.142000,-0.43004,-0.144000,-0.87273,LOW,false,false,false,false,
1307,2026-09-11T21:10:43.174387+00:00,130.700316,cycle1_permit_k1_on_red_off_green_on,-0.144000,-0.43610,-0.146000,-0.88485,LOW,false,false,false,false,
1308,2026-09-11T21:10:43.274205+00:00,130.800279,cycle1_permit_k1_on_red_off_green_on,-0.144000,-0.43610,-0.140000,-0.84848,LOW,false,false,false,false,
1309,2026-09-11T21:10:43.374293+00:00,130.900312,cycle1_permit_k1_on_red_off_green_on,-0.144000,-0.43610,-0.144000,-0.87273,LOW,false,false,false,false,
1310,2026-09-11T21:10:43.474139+00:00,131.000285,cycle1_permit_k1_on_red_off_green_on,-0.140000,-0.42399,-0.144000,-0.87273,LOW,false,false,false,false,
1311,2026-09-11T21:10:43.574350+00:00,131.100346,cycle1_permit_k1_on_red_off_green_on,-0.140000,-0.42399,-0.146000,-0.88485,LOW,false,false,false,false,
1312,2026-09-11T21:10:43.674131+00:00,131.200288,cycle1_permit_k1_on_red_off_green_on,-0.146000,-0.44216,-0.142000,-0.86061,LOW,false,false,false,false,
1313,2026-09-11T21:10:43.774477+00:00,131.300316,cycle1_permit_k1_on_red_off_green_on,-0.146000,-0.44216,-0.144000,-0.87273,LOW,false,false,false,false,
1314,2026-09-11T21:10:43.874153+00:00,131.400335,cycle1_permit_k1_on_red_off_green_on,-0.140000,-0.42399,-0.146000,-0.88485,LOW,false,false,false,false,
1315,2026-09-11T21:10:43.974131+00:00,131.500284,cycle1_permit_k1_on_red_off_green_on,-0.140000,-0.42399,-0.142000,-0.86061,LOW,false,false,false,false,
1316,2026-09-11T21:10:44.074295+00:00,131.600316,cycle1_permit_k1_on_red_off_green_on,-0.144000,-0.43610,-0.144000,-0.87273,LOW,false,false,false,false,
1317,2026-09-11T21:10:44.174144+00:00,131.700286,cycle1_permit_k1_on_red_off_green_on,-0.144000,-0.43610,-0.144000,-0.87273,LOW,false,false,false,false,
1318,2026-09-11T21:10:44.274288+00:00,131.800312,cycle1_permit_k1_on_red_off_green_on,-0.144000,-0.43610,-0.144000,-0.87273,LOW,false,false,false,false,
1319,2026-09-11T21:10:44.374156+00:00,131.900292,cycle1_permit_k1_on_red_off_green_on,-0.142000,-0.43004,-0.144000,-0.87273,LOW,false,false,false,false,
1320,2026-09-11T21:10:44.474275+00:00,132.000310,cycle1_permit_k1_on_red_off_green_on,-0.140000,-0.42399,-0.142000,-0.86061,LOW,false,false,false,false,
1321,2026-09-11T21:10:44.574259+00:00,132.100393,cycle1_permit_k1_on_red_off_green_on,-0.144000,-0.43610,-0.142000,-0.86061,LOW,false,false,false,false,
1322,2026-09-11T21:10:44.674153+00:00,132.200298,cycle1_permit_k1_on_red_off_green_on,-0.144000,-0.43610,-0.140000,-0.84848,LOW,false,false,false,false,
1323,2026-09-11T21:10:44.774389+00:00,132.300313,cycle1_permit_k1_on_red_off_green_on,-0.144000,-0.43610,-0.146000,-0.88485,LOW,false,false,false,false,
1324,2026-09-11T21:10:44.874302+00:00,132.400305,cycle1_permit_k1_on_red_off_green_on,-0.144000,-0.43610,-0.146000,-0.88485,LOW,false,false,false,false,
1325,2026-09-11T21:10:44.974124+00:00,132.500279,cycle1_permit_k1_on_red_off_green_on,-0.146000,-0.44216,-0.144000,-0.87273,LOW,false,false,false,false,
1326,2026-09-11T21:10:45.074499+00:00,132.600377,cycle1_permit_k1_on_red_off_green_on,-0.146000,-0.44216,-0.144000,-0.87273,LOW,false,false,false,false,
1327,2026-09-11T21:10:45.174073+00:00,132.700297,cycle1_permit_k1_on_red_off_green_on,-0.144000,-0.43610,-0.140000,-0.84848,LOW,false,false,false,false,
1328,2026-09-11T21:10:45.274375+00:00,132.800318,cycle1_permit_k1_on_red_off_green_on,-0.146000,-0.44216,-0.140000,-0.84848,LOW,false,false,false,false,
1329,2026-09-11T21:10:45.374143+00:00,132.900283,cycle1_permit_k1_on_red_off_green_on,-0.144000,-0.43610,-0.140000,-0.84848,LOW,false,false,false,false,
1330,2026-09-11T21:10:45.474680+00:00,133.000435,cycle1_permit_k1_on_red_off_green_on,-0.144000,-0.43610,-0.146000,-0.88485,LOW,false,false,false,false,
1331,2026-09-11T21:10:45.574091+00:00,133.100309,cycle1_permit_k1_on_red_off_green_on,-0.140000,-0.42399,-0.148000,-0.89697,LOW,false,false,false,false,
1332,2026-09-11T21:10:45.674460+00:00,133.200361,cycle1_permit_k1_on_red_off_green_on,-0.140000,-0.42399,-0.142000,-0.86061,LOW,false,false,false,false,
1333,2026-09-11T21:10:45.774118+00:00,133.300315,cycle1_permit_k1_on_red_off_green_on,-0.144000,-0.43610,-0.146000,-0.88485,LOW,false,false,false,false,
1334,2026-09-11T21:10:45.874379+00:00,133.400322,cycle1_permit_k1_on_red_off_green_on,-0.144000,-0.43610,-0.142000,-0.86061,LOW,false,false,false,false,
1335,2026-09-11T21:10:45.974059+00:00,133.500284,cycle1_permit_k1_on_red_off_green_on,-0.144000,-0.43610,-0.144000,-0.87273,LOW,false,false,false,false,
1336,2026-09-11T21:10:46.074362+00:00,133.600307,cycle1_permit_k1_on_red_off_green_on,-0.146000,-0.44216,-0.142000,-0.86061,LOW,false,false,false,false,
1337,2026-09-11T21:10:46.174065+00:00,133.700281,cycle1_permit_k1_on_red_off_green_on,-0.146000,-0.44216,-0.146000,-0.88485,LOW,false,false,false,false,
1338,2026-09-11T21:10:46.274368+00:00,133.800310,cycle1_permit_k1_on_red_off_green_on,-0.138000,-0.41793,-0.138000,-0.83636,LOW,false,false,false,false,
1339,2026-09-11T21:10:46.374062+00:00,133.900283,cycle1_permit_k1_on_red_off_green_on,-0.140000,-0.42399,-0.144000,-0.87273,LOW,false,false,false,false,
1340,2026-09-11T21:10:46.474365+00:00,134.000310,cycle1_permit_k1_on_red_off_green_on,-0.146000,-0.44216,-0.144000,-0.87273,LOW,false,false,false,false,
1341,2026-09-11T21:10:46.574061+00:00,134.100285,cycle1_permit_k1_on_red_off_green_on,-0.144000,-0.43610,-0.146000,-0.88485,LOW,false,false,false,false,
1342,2026-09-11T21:10:46.674363+00:00,134.200311,cycle1_permit_k1_on_red_off_green_on,-0.146000,-0.44216,-0.144000,-0.87273,LOW,false,false,false,false,
1343,2026-09-11T21:10:46.774064+00:00,134.300285,cycle1_permit_k1_on_red_off_green_on,-0.148000,-0.44821,-0.146000,-0.88485,LOW,false,false,false,false,
1344,2026-09-11T21:10:46.874377+00:00,134.400315,cycle1_permit_k1_on_red_off_green_on,-0.142000,-0.43004,-0.140000,-0.84848,LOW,false,false,false,false,
1345,2026-09-11T21:10:46.974049+00:00,134.500280,cycle1_permit_k1_on_red_off_green_on,-0.144000,-0.43610,-0.144000,-0.87273,LOW,false,false,false,false,
1346,2026-09-11T21:10:47.074377+00:00,134.600315,cycle1_permit_k1_on_red_off_green_on,-0.144000,-0.43610,-0.144000,-0.87273,LOW,false,false,false,false,
1347,2026-09-11T21:10:47.174053+00:00,134.700280,cycle1_permit_k1_on_red_off_green_on,-0.146000,-0.44216,-0.144000,-0.87273,LOW,false,false,false,false,
1348,2026-09-11T21:10:47.274361+00:00,134.800307,cycle1_permit_k1_on_red_off_green_on,-0.144000,-0.43610,-0.144000,-0.87273,LOW,false,false,false,false,
1349,2026-09-11T21:10:47.374075+00:00,134.900283,cycle1_permit_k1_on_red_off_green_on,-0.146000,-0.44216,-0.142000,-0.86061,LOW,false,false,false,false,
1350,2026-09-11T21:10:47.474373+00:00,135.000312,cycle1_permit_k1_on_red_off_green_on,-0.142000,-0.43004,-0.146000,-0.88485,LOW,false,false,false,false,
1351,2026-09-11T21:10:47.574128+00:00,135.100318,cycle1_permit_k1_on_red_off_green_on,-0.144000,-0.43610,-0.146000,-0.88485,LOW,false,false,false,false,
1352,2026-09-11T21:10:47.674369+00:00,135.200316,cycle1_permit_k1_on_red_off_green_on,-0.140000,-0.42399,-0.142000,-0.86061,LOW,false,false,false,false,
1353,2026-09-11T21:10:47.774058+00:00,135.300284,cycle1_permit_k1_on_red_off_green_on,-0.144000,-0.43610,-0.144000,-0.87273,LOW,false,false,false,false,
1354,2026-09-11T21:10:47.874393+00:00,135.400326,cycle1_permit_k1_on_red_off_green_on,-0.146000,-0.44216,-0.146000,-0.88485,LOW,false,false,false,false,
1355,2026-09-11T21:10:47.974387+00:00,135.500326,cycle1_permit_k1_on_red_off_green_on,-0.144000,-0.43610,-0.142000,-0.86061,LOW,false,false,false,false,
1356,2026-09-11T21:10:48.074345+00:00,135.600301,cycle1_permit_k1_on_red_off_green_on,-0.146000,-0.44216,-0.144000,-0.87273,LOW,false,false,false,false,
1357,2026-09-11T21:10:48.174071+00:00,135.700283,cycle1_permit_k1_on_red_off_green_on,-0.144000,-0.43610,-0.144000,-0.87273,LOW,false,false,false,false,
1358,2026-09-11T21:10:48.274374+00:00,135.800312,cycle1_permit_k1_on_red_off_green_on,-0.144000,-0.43610,-0.142000,-0.86061,LOW,false,false,false,false,
1359,2026-09-11T21:10:48.374068+00:00,135.900280,cycle1_permit_k1_on_red_off_green_on,-0.144000,-0.43610,-0.142000,-0.86061,LOW,false,false,false,false,
1360,2026-09-11T21:10:48.474367+00:00,136.000309,cycle1_permit_k1_on_red_off_green_on,-0.140000,-0.42399,-0.142000,-0.86061,LOW,false,false,false,false,
1361,2026-09-11T21:10:48.574130+00:00,136.100319,cycle1_permit_k1_on_red_off_green_on,-0.146000,-0.44216,-0.144000,-0.87273,LOW,false,false,false,false,
1362,2026-09-11T21:10:48.674362+00:00,136.200316,cycle1_permit_k1_on_red_off_green_on,-0.142000,-0.43004,-0.144000,-0.87273,LOW,false,false,false,false,
1363,2026-09-11T21:10:48.774054+00:00,136.300282,cycle1_permit_k1_on_red_off_green_on,-0.142000,-0.43004,-0.140000,-0.84848,LOW,false,false,false,false,
1364,2026-09-11T21:10:48.874370+00:00,136.400310,cycle1_permit_k1_on_red_off_green_on,-0.138000,-0.41793,-0.148000,-0.89697,LOW,false,false,false,false,
1365,2026-09-11T21:10:48.974055+00:00,136.500277,cycle1_permit_k1_on_red_off_green_on,-0.144000,-0.43610,-0.144000,-0.87273,LOW,false,false,false,false,
1366,2026-09-11T21:10:49.074354+00:00,136.600302,cycle1_permit_k1_on_red_off_green_on,-0.144000,-0.43610,-0.144000,-0.87273,LOW,false,false,false,false,
1367,2026-09-11T21:10:49.174058+00:00,136.700285,cycle1_permit_k1_on_red_off_green_on,-0.144000,-0.43610,-0.144000,-0.87273,LOW,false,false,false,false,
1368,2026-09-11T21:10:49.274359+00:00,136.800308,cycle1_permit_k1_on_red_off_green_on,-0.144000,-0.43610,-0.144000,-0.87273,LOW,false,false,false,false,
1369,2026-09-11T21:10:49.374072+00:00,136.900288,cycle1_permit_k1_on_red_off_green_on,-0.144000,-0.43610,-0.144000,-0.87273,LOW,false,false,false,false,
1370,2026-09-11T21:10:49.474350+00:00,137.000308,cycle1_permit_k1_on_red_off_green_on,-0.146000,-0.44216,-0.144000,-0.87273,LOW,false,false,false,false,
1371,2026-09-11T21:10:49.574050+00:00,137.100276,cycle1_permit_k1_on_red_off_green_on,-0.146000,-0.44216,-0.138000,-0.83636,LOW,false,false,false,false,
1372,2026-09-11T21:10:49.674353+00:00,137.200304,cycle1_permit_k1_on_red_off_green_on,-0.144000,-0.43610,-0.144000,-0.87273,LOW,false,false,false,false,
1373,2026-09-11T21:10:49.774078+00:00,137.300286,cycle1_permit_k1_on_red_off_green_on,-0.138000,-0.41793,-0.138000,-0.83636,LOW,false,false,false,false,
1374,2026-09-11T21:10:49.874366+00:00,137.400313,cycle1_permit_k1_on_red_off_green_on,-0.146000,-0.44216,-0.146000,-0.88485,LOW,false,false,false,false,
1375,2026-09-11T21:10:49.974062+00:00,137.500286,cycle1_permit_k1_on_red_off_green_on,-0.148000,-0.44821,-0.148000,-0.89697,LOW,false,false,false,false,
1376,2026-09-11T21:10:50.074349+00:00,137.600302,cycle1_permit_k1_on_red_off_green_on,-0.146000,-0.44216,-0.138000,-0.83636,LOW,false,false,false,false,
1377,2026-09-11T21:10:50.174205+00:00,137.700348,cycle1_permit_k1_on_red_off_green_on,-0.144000,-0.43610,-0.144000,-0.87273,LOW,false,false,false,false,
1378,2026-09-11T21:10:50.274390+00:00,137.800326,cycle1_permit_k1_on_red_off_green_on,-0.144000,-0.43610,-0.144000,-0.87273,LOW,false,false,false,false,
1379,2026-09-11T21:10:50.374066+00:00,137.900281,cycle1_permit_k1_on_red_off_green_on,-0.144000,-0.43610,-0.144000,-0.87273,LOW,false,false,false,false,
1380,2026-09-11T21:10:50.474368+00:00,138.000312,cycle1_permit_k1_on_red_off_green_on,-0.144000,-0.43610,-0.144000,-0.87273,LOW,false,false,false,false,
1381,2026-09-11T21:10:50.574251+00:00,138.100396,cycle1_permit_k1_on_red_off_green_on,-0.142000,-0.43004,-0.144000,-0.87273,LOW,false,false,false,false,
1382,2026-09-11T21:10:50.674381+00:00,138.200329,cycle1_permit_k1_on_red_off_green_on,-0.144000,-0.43610,-0.144000,-0.87273,LOW,false,false,false,false,
1383,2026-09-11T21:10:50.774063+00:00,138.300286,cycle1_permit_k1_on_red_off_green_on,-0.146000,-0.44216,-0.144000,-0.87273,LOW,false,false,false,false,
1384,2026-09-11T21:10:50.874369+00:00,138.400311,cycle1_permit_k1_on_red_off_green_on,-0.144000,-0.43610,-0.146000,-0.88485,LOW,false,false,false,false,
1385,2026-09-11T21:10:50.974058+00:00,138.500284,cycle1_permit_k1_on_red_off_green_on,-0.144000,-0.43610,-0.144000,-0.87273,LOW,false,false,false,false,
1386,2026-09-11T21:10:51.074364+00:00,138.600310,cycle1_permit_k1_on_red_off_green_on,-0.142000,-0.43004,-0.144000,-0.87273,LOW,false,false,false,false,
1387,2026-09-11T21:10:51.174056+00:00,138.700281,cycle1_permit_k1_on_red_off_green_on,-0.142000,-0.43004,-0.144000,-0.87273,LOW,false,false,false,false,
1388,2026-09-11T21:10:51.274368+00:00,138.800311,cycle1_permit_k1_on_red_off_green_on,-0.144000,-0.43610,-0.142000,-0.86061,LOW,false,false,false,false,
1389,2026-09-11T21:10:51.374069+00:00,138.900284,cycle1_permit_k1_on_red_off_green_on,-0.144000,-0.43610,-0.144000,-0.87273,LOW,false,false,false,false,
1390,2026-09-11T21:10:51.474367+00:00,139.000313,cycle1_permit_k1_on_red_off_green_on,-0.144000,-0.43610,-0.144000,-0.87273,LOW,false,false,false,false,
1391,2026-09-11T21:10:51.574311+00:00,139.100400,cycle1_permit_k1_on_red_off_green_on,-0.144000,-0.43610,-0.144000,-0.87273,LOW,false,false,false,false,
1392,2026-09-11T21:10:51.674455+00:00,139.200364,cycle1_permit_k1_on_red_off_green_on,-0.144000,-0.43610,-0.144000,-0.87273,LOW,false,false,false,false,
1393,2026-09-11T21:10:51.774075+00:00,139.300296,cycle1_permit_k1_on_red_off_green_on,-0.144000,-0.43610,-0.144000,-0.87273,LOW,false,false,false,false,
1394,2026-09-11T21:10:51.874442+00:00,139.400357,cycle1_permit_k1_on_red_off_green_on,-0.142000,-0.43004,-0.144000,-0.87273,LOW,false,false,false,false,
1395,2026-09-11T21:10:51.974121+00:00,139.500316,cycle1_permit_k1_on_red_off_green_on,-0.146000,-0.44216,-0.146000,-0.88485,LOW,false,false,false,false,
1396,2026-09-11T21:10:52.074360+00:00,139.600317,cycle1_permit_k1_on_red_off_green_on,-0.138000,-0.41793,-0.144000,-0.87273,LOW,false,false,false,false,
1397,2026-09-11T21:10:52.174059+00:00,139.700286,cycle1_permit_k1_on_red_off_green_on,-0.144000,-0.43610,-0.144000,-0.87273,LOW,false,false,false,false,
1398,2026-09-11T21:10:52.274377+00:00,139.800316,cycle1_permit_k1_on_red_off_green_on,-0.144000,-0.43610,-0.144000,-0.87273,LOW,false,false,false,false,
1399,2026-09-11T21:10:52.374127+00:00,139.900314,cycle1_permit_k1_on_red_off_green_on,-0.148000,-0.44821,-0.138000,-0.83636,LOW,false,false,false,false,
1400,2026-09-11T21:10:52.474383+00:00,140.000317,cycle1_permit_k1_on_red_off_green_on,-0.146000,-0.44216,-0.140000,-0.84848,LOW,false,false,false,false,
1401,2026-09-11T21:10:52.574062+00:00,140.100286,cycle1_permit_k1_on_red_off_green_on,-0.148000,-0.44821,-0.146000,-0.88485,LOW,false,false,false,false,
1402,2026-09-11T21:10:52.674369+00:00,140.200309,cycle1_permit_k1_on_red_off_green_on,-0.146000,-0.44216,-0.148000,-0.89697,LOW,false,false,false,false,
1403,2026-09-11T21:10:52.774065+00:00,140.300285,cycle1_permit_k1_on_red_off_green_on,-0.146000,-0.44216,-0.144000,-0.87273,LOW,false,false,false,false,
1404,2026-09-11T21:10:52.874359+00:00,140.400303,cycle1_permit_k1_on_red_off_green_on,-0.144000,-0.43610,-0.144000,-0.87273,LOW,false,false,false,false,
1405,2026-09-11T21:10:52.974077+00:00,140.500287,cycle1_permit_k1_on_red_off_green_on,-0.144000,-0.43610,-0.144000,-0.87273,LOW,false,false,false,false,
1406,2026-09-11T21:10:53.074390+00:00,140.600318,cycle1_permit_k1_on_red_off_green_on,-0.144000,-0.43610,-0.144000,-0.87273,LOW,false,false,false,false,
1407,2026-09-11T21:10:53.174066+00:00,140.700284,cycle1_permit_k1_on_red_off_green_on,-0.144000,-0.43610,-0.144000,-0.87273,LOW,false,false,false,false,
1408,2026-09-11T21:10:53.274363+00:00,140.800305,cycle1_permit_k1_on_red_off_green_on,-0.144000,-0.43610,-0.142000,-0.86061,LOW,false,false,false,false,
1409,2026-09-11T21:10:53.374168+00:00,140.900344,cycle1_permit_k1_on_red_off_green_on,-0.144000,-0.43610,-0.144000,-0.87273,LOW,false,false,false,false,
1410,2026-09-11T21:10:53.474375+00:00,141.000325,cycle1_permit_k1_on_red_off_green_on,-0.146000,-0.44216,-0.142000,-0.86061,LOW,false,false,false,false,
1411,2026-09-11T21:10:53.574051+00:00,141.100283,cycle1_permit_k1_on_red_off_green_on,-0.144000,-0.43610,-0.144000,-0.87273,LOW,false,false,false,false,
1412,2026-09-11T21:10:53.674353+00:00,141.200304,cycle1_permit_k1_on_red_off_green_on,-0.146000,-0.44216,-0.144000,-0.87273,LOW,false,false,false,false,
1413,2026-09-11T21:10:53.774058+00:00,141.300285,cycle1_permit_k1_on_red_off_green_on,-0.138000,-0.41793,-0.144000,-0.87273,LOW,false,false,false,false,
1414,2026-09-11T21:10:53.874352+00:00,141.400309,cycle1_permit_k1_on_red_off_green_on,-0.144000,-0.43610,-0.144000,-0.87273,LOW,false,false,false,false,
1415,2026-09-11T21:10:53.974063+00:00,141.500285,cycle1_permit_k1_on_red_off_green_on,-0.142000,-0.43004,-0.146000,-0.88485,LOW,false,false,false,false,
1416,2026-09-11T21:10:54.074356+00:00,141.600307,cycle1_permit_k1_on_red_off_green_on,-0.140000,-0.42399,-0.144000,-0.87273,LOW,false,false,false,false,
1417,2026-09-11T21:10:54.174049+00:00,141.700282,cycle1_permit_k1_on_red_off_green_on,-0.146000,-0.44216,-0.142000,-0.86061,LOW,false,false,false,false,
1418,2026-09-11T21:10:54.274362+00:00,141.800306,cycle1_permit_k1_on_red_off_green_on,-0.144000,-0.43610,-0.144000,-0.87273,LOW,false,false,false,false,
1419,2026-09-11T21:10:54.374063+00:00,141.900284,cycle1_permit_k1_on_red_off_green_on,-0.146000,-0.44216,-0.136000,-0.82424,LOW,false,false,false,false,
1420,2026-09-11T21:10:54.474374+00:00,142.000312,cycle1_permit_k1_on_red_off_green_on,-0.144000,-0.43610,-0.146000,-0.88485,LOW,false,false,false,false,
1421,2026-09-11T21:10:54.574067+00:00,142.100283,cycle1_permit_k1_on_red_off_green_on,-0.136000,-0.41187,-0.136000,-0.82424,LOW,false,false,false,false,
1422,2026-09-11T21:10:54.674362+00:00,142.200304,cycle1_permit_k1_on_red_off_green_on,-0.148000,-0.44821,-0.146000,-0.88485,LOW,false,false,false,false,
1423,2026-09-11T21:10:54.774055+00:00,142.300276,cycle1_permit_k1_on_red_off_green_on,-0.142000,-0.43004,-0.138000,-0.83636,LOW,false,false,false,false,
1424,2026-09-11T21:10:54.874384+00:00,142.400302,cycle1_permit_k1_on_red_off_green_on,-0.142000,-0.43004,-0.138000,-0.83636,LOW,false,false,false,false,
1425,2026-09-11T21:10:54.974356+00:00,142.500306,cycle1_permit_k1_on_red_off_green_on,-0.140000,-0.42399,-0.142000,-0.86061,LOW,false,false,false,false,
1426,2026-09-11T21:10:55.074085+00:00,142.600293,cycle1_permit_k1_on_red_off_green_on,-0.142000,-0.43004,-0.146000,-0.88485,LOW,false,false,false,false,
1427,2026-09-11T21:10:55.174357+00:00,142.700306,cycle1_permit_k1_on_red_off_green_on,-0.146000,-0.44216,-0.144000,-0.87273,LOW,false,false,false,false,
1428,2026-09-11T21:10:55.274197+00:00,142.800352,cycle1_permit_k1_on_red_off_green_on,-0.146000,-0.44216,-0.146000,-0.88485,LOW,false,false,false,false,
1429,2026-09-11T21:10:55.374408+00:00,142.900332,cycle1_permit_k1_on_red_off_green_on,-0.146000,-0.44216,-0.144000,-0.87273,LOW,false,false,false,false,
1430,2026-09-11T21:10:55.474074+00:00,143.000286,cycle1_permit_k1_on_red_off_green_on,-0.142000,-0.43004,-0.144000,-0.87273,LOW,false,false,false,false,
1431,2026-09-11T21:10:55.574438+00:00,143.100347,cycle1_permit_k1_on_red_off_green_on,-0.146000,-0.44216,-0.140000,-0.84848,LOW,false,false,false,false,
1432,2026-09-11T21:10:55.674069+00:00,143.200289,cycle1_permit_k1_on_red_off_green_on,-0.144000,-0.43610,-0.140000,-0.84848,LOW,false,false,false,false,
1433,2026-09-11T21:10:55.774383+00:00,143.300315,cycle1_permit_k1_on_red_off_green_on,-0.144000,-0.43610,-0.144000,-0.87273,LOW,false,false,false,false,
1434,2026-09-11T21:10:55.874060+00:00,143.400281,cycle1_permit_k1_on_red_off_green_on,-0.146000,-0.44216,-0.146000,-0.88485,LOW,false,false,false,false,
1435,2026-09-11T21:10:55.974370+00:00,143.500309,cycle1_permit_k1_on_red_off_green_on,-0.144000,-0.43610,-0.144000,-0.87273,LOW,false,false,false,false,
1436,2026-09-11T21:10:56.074076+00:00,143.600287,cycle1_permit_k1_on_red_off_green_on,-0.144000,-0.43610,-0.146000,-0.88485,LOW,false,false,false,false,
1437,2026-09-11T21:10:56.174363+00:00,143.700307,cycle1_permit_k1_on_red_off_green_on,-0.144000,-0.43610,-0.144000,-0.87273,LOW,false,false,false,false,
1438,2026-09-11T21:10:56.274057+00:00,143.800282,cycle1_permit_k1_on_red_off_green_on,-0.144000,-0.43610,-0.148000,-0.89697,LOW,false,false,false,false,
1439,2026-09-11T21:10:56.374357+00:00,143.900307,cycle1_permit_k1_on_red_off_green_on,-0.146000,-0.44216,-0.146000,-0.88485,LOW,false,false,false,false,
1440,2026-09-11T21:10:56.474062+00:00,144.000284,cycle1_permit_k1_on_red_off_green_on,-0.146000,-0.44216,-0.146000,-0.88485,LOW,false,false,false,false,
1441,2026-09-11T21:10:56.574587+00:00,144.100431,cycle1_permit_k1_on_red_off_green_on,-0.144000,-0.43610,-0.140000,-0.84848,LOW,false,false,false,false,
1442,2026-09-11T21:10:56.674088+00:00,144.200303,cycle1_permit_k1_on_red_off_green_on,-0.140000,-0.42399,-0.144000,-0.87273,LOW,false,false,false,false,
1443,2026-09-11T21:10:56.774651+00:00,144.300635,cycle1_safe_k1_off_red_on_green_off,-0.144000,-0.43610,-0.144000,-0.87273,LOW,false,false,false,false,mark:cycle1_safe_k1_off_red_on_green_off
1444,2026-09-11T21:10:56.874633+00:00,144.400662,cycle1_safe_k1_off_red_on_green_off,-0.144000,-0.43610,-0.144000,-0.87273,LOW,false,true,false,true,permit_accepted
1445,2026-09-11T21:10:56.974691+00:00,144.500423,cycle1_safe_k1_off_red_on_green_off,-0.144000,-0.43610,-0.144000,-0.87273,LOW,false,true,false,true,
1446,2026-09-11T21:10:57.074644+00:00,144.600417,cycle1_safe_k1_off_red_on_green_off,-0.144000,-0.43610,-0.144000,-0.87273,LOW,false,true,false,true,
1447,2026-09-11T21:10:57.174320+00:00,144.700387,cycle1_safe_k1_off_red_on_green_off,-0.144000,-0.43610,-0.144000,-0.87273,LOW,false,true,false,true,
1448,2026-09-11T21:10:57.274622+00:00,144.800422,cycle1_safe_k1_off_red_on_green_off,-0.144000,-0.43610,-0.144000,-0.87273,LOW,false,true,false,true,
1449,2026-09-11T21:10:57.374411+00:00,144.900398,cycle1_safe_k1_off_red_on_green_off,-0.144000,-0.43610,-0.144000,-0.87273,LOW,false,true,false,true,
1450,2026-09-11T21:10:57.474668+00:00,145.000435,cycle1_safe_k1_off_red_on_green_off,-0.144000,-0.43610,-0.144000,-0.87273,LOW,false,true,false,true,
1451,2026-09-11T21:10:57.574315+00:00,145.100396,cycle1_safe_k1_off_red_on_green_off,-0.144000,-0.43610,-0.144000,-0.87273,LOW,false,true,false,true,
1452,2026-09-11T21:10:57.674650+00:00,145.200427,cycle1_safe_k1_off_red_on_green_off,-0.144000,-0.43610,-0.144000,-0.87273,LOW,false,true,false,true,
1453,2026-09-11T21:10:57.774265+00:00,145.300402,cycle1_safe_k1_off_red_on_green_off,-0.144000,-0.43610,-0.144000,-0.87273,LOW,false,true,false,true,
1454,2026-09-11T21:10:57.874434+00:00,145.400347,cycle1_safe_k1_off_red_on_green_off,-0.142000,-0.43004,-0.144000,-0.87273,LOW,false,true,false,true,
1455,2026-09-11T21:10:57.974079+00:00,145.500293,cycle1_safe_k1_off_red_on_green_off,-0.138000,-0.41793,-0.140000,-0.84848,LOW,false,true,false,true,
1456,2026-09-11T21:10:58.074400+00:00,145.600335,cycle1_safe_k1_off_red_on_green_off,-0.138000,-0.41793,-0.138000,-0.83636,LOW,false,true,false,true,
1457,2026-09-11T21:10:58.174355+00:00,145.700310,cycle1_safe_k1_off_red_on_green_off,-0.144000,-0.43610,-0.142000,-0.86061,LOW,false,true,false,true,
1458,2026-09-11T21:10:58.274067+00:00,145.800284,cycle1_safe_k1_off_red_on_green_off,-0.144000,-0.43610,-0.144000,-0.87273,LOW,false,true,false,true,
1459,2026-09-11T21:10:58.374368+00:00,145.900310,cycle1_safe_k1_off_red_on_green_off,-0.146000,-0.44216,-0.144000,-0.87273,LOW,false,true,false,true,
1460,2026-09-11T21:10:58.474193+00:00,146.000354,cycle1_safe_k1_off_red_on_green_off,-0.144000,-0.43610,-0.144000,-0.87273,LOW,false,true,false,true,
1461,2026-09-11T21:10:58.574394+00:00,146.100332,cycle1_safe_k1_off_red_on_green_off,-0.146000,-0.44216,-0.146000,-0.88485,LOW,false,true,false,true,
1462,2026-09-11T21:10:58.674066+00:00,146.200290,cycle1_safe_k1_off_red_on_green_off,-0.144000,-0.43610,-0.142000,-0.86061,LOW,false,true,false,true,
1463,2026-09-11T21:10:58.774373+00:00,146.300314,cycle1_safe_k1_off_red_on_green_off,-0.144000,-0.43610,-0.144000,-0.87273,LOW,false,true,false,true,
1464,2026-09-11T21:10:58.874062+00:00,146.400288,cycle1_safe_k1_off_red_on_green_off,-0.144000,-0.43610,-0.144000,-0.87273,LOW,false,true,false,true,
1465,2026-09-11T21:10:58.974362+00:00,146.500311,cycle1_safe_k1_off_red_on_green_off,-0.144000,-0.43610,-0.144000,-0.87273,LOW,false,true,false,true,
1466,2026-09-11T21:10:59.074074+00:00,146.600286,cycle1_safe_k1_off_red_on_green_off,-0.144000,-0.43610,-0.144000,-0.87273,LOW,false,true,false,true,
1467,2026-09-11T21:10:59.174369+00:00,146.700317,cycle1_safe_k1_off_red_on_green_off,-0.148000,-0.44821,-0.140000,-0.84848,LOW,false,true,false,true,
1468,2026-09-11T21:10:59.274060+00:00,146.800285,cycle1_safe_k1_off_red_on_green_off,-0.144000,-0.43610,-0.144000,-0.87273,LOW,false,true,false,true,
1469,2026-09-11T21:10:59.374361+00:00,146.900310,cycle1_safe_k1_off_red_on_green_off,-0.144000,-0.43610,-0.138000,-0.83636,LOW,false,true,false,true,
1470,2026-09-11T21:10:59.474068+00:00,147.000288,cycle1_safe_k1_off_red_on_green_off,-0.146000,-0.44216,-0.144000,-0.87273,LOW,false,true,false,true,
1471,2026-09-11T21:10:59.574434+00:00,147.100348,cycle1_safe_k1_off_red_on_green_off,-0.144000,-0.43610,-0.142000,-0.86061,LOW,false,true,false,true,
1472,2026-09-11T21:10:59.674069+00:00,147.200291,cycle1_safe_k1_off_red_on_green_off,-0.144000,-0.43610,-0.144000,-0.87273,LOW,false,true,false,true,
1473,2026-09-11T21:10:59.774365+00:00,147.300309,cycle1_safe_k1_off_red_on_green_off,-0.142000,-0.43004,-0.144000,-0.87273,LOW,false,true,false,true,
1474,2026-09-11T21:10:59.874071+00:00,147.400286,cycle1_safe_k1_off_red_on_green_off,-0.144000,-0.43610,-0.142000,-0.86061,LOW,false,true,false,true,
1475,2026-09-11T21:10:59.974357+00:00,147.500310,cycle1_safe_k1_off_red_on_green_off,-0.144000,-0.43610,-0.146000,-0.88485,LOW,false,true,false,true,
1476,2026-09-11T21:11:00.074066+00:00,147.600287,cycle1_safe_k1_off_red_on_green_off,-0.144000,-0.43610,-0.144000,-0.87273,LOW,false,true,false,true,
1477,2026-09-11T21:11:00.174374+00:00,147.700316,cycle1_safe_k1_off_red_on_green_off,-0.144000,-0.43610,-0.144000,-0.87273,LOW,false,true,false,true,
1478,2026-09-11T21:11:00.274061+00:00,147.800283,cycle1_safe_k1_off_red_on_green_off,-0.144000,-0.43610,-0.144000,-0.87273,LOW,false,true,false,true,
1479,2026-09-11T21:11:00.374515+00:00,147.900392,cycle1_safe_k1_off_red_on_green_off,-0.144000,-0.43610,-0.144000,-0.87273,LOW,false,true,false,true,
1480,2026-09-11T21:11:00.474082+00:00,148.000296,cycle1_safe_k1_off_red_on_green_off,-0.144000,-0.43610,-0.144000,-0.87273,LOW,false,true,false,true,
1481,2026-09-11T21:11:00.574377+00:00,148.100318,cycle1_safe_k1_off_red_on_green_off,-0.146000,-0.44216,-0.144000,-0.87273,LOW,false,true,false,true,
1482,2026-09-11T21:11:00.674069+00:00,148.200284,cycle1_safe_k1_off_red_on_green_off,-0.144000,-0.43610,-0.144000,-0.87273,LOW,false,true,false,true,
1483,2026-09-11T21:11:00.774364+00:00,148.300310,cycle1_safe_k1_off_red_on_green_off,-0.146000,-0.44216,-0.144000,-0.87273,LOW,false,true,false,true,
1484,2026-09-11T21:11:00.874127+00:00,148.400312,cycle1_safe_k1_off_red_on_green_off,-0.144000,-0.43610,-0.144000,-0.87273,LOW,false,true,false,true,
1485,2026-09-11T21:11:00.974352+00:00,148.500293,cycle1_safe_k1_off_red_on_green_off,-0.144000,-0.43610,-0.144000,-0.87273,LOW,false,true,false,true,
1486,2026-09-11T21:11:01.074153+00:00,148.600310,cycle1_safe_k1_off_red_on_green_off,-0.144000,-0.43610,-0.144000,-0.87273,LOW,false,true,false,true,
1487,2026-09-11T21:11:01.174288+00:00,148.700284,cycle1_safe_k1_off_red_on_green_off,-0.142000,-0.43004,-0.144000,-0.87273,LOW,false,true,false,true,
1488,2026-09-11T21:11:01.274274+00:00,148.800406,cycle1_safe_k1_off_red_on_green_off,-0.144000,-0.43610,-0.144000,-0.87273,LOW,false,true,false,true,
1489,2026-09-11T21:11:01.374292+00:00,148.900290,cycle1_safe_k1_off_red_on_green_off,-0.144000,-0.43610,-0.144000,-0.87273,LOW,false,true,false,true,
1490,2026-09-11T21:11:01.474144+00:00,149.000308,cycle1_safe_k1_off_red_on_green_off,-0.144000,-0.43610,-0.144000,-0.87273,LOW,false,true,false,true,
1491,2026-09-11T21:11:01.574282+00:00,149.100282,cycle1_safe_k1_off_red_on_green_off,-0.144000,-0.43610,-0.146000,-0.88485,LOW,false,true,false,true,
1492,2026-09-11T21:11:01.674155+00:00,149.200311,cycle1_safe_k1_off_red_on_green_off,-0.144000,-0.43610,-0.144000,-0.87273,LOW,false,true,false,true,
1493,2026-09-11T21:11:01.774276+00:00,149.300283,cycle1_safe_k1_off_red_on_green_off,-0.144000,-0.43610,-0.142000,-0.86061,LOW,false,true,false,true,
1494,2026-09-11T21:11:01.874139+00:00,149.400306,cycle1_safe_k1_off_red_on_green_off,-0.144000,-0.43610,-0.142000,-0.86061,LOW,false,true,false,true,
1495,2026-09-11T21:11:01.974269+00:00,149.500278,cycle1_safe_k1_off_red_on_green_off,-0.144000,-0.43610,-0.144000,-0.87273,LOW,false,true,false,true,
1496,2026-09-11T21:11:02.074144+00:00,149.600307,cycle1_safe_k1_off_red_on_green_off,-0.144000,-0.43610,-0.144000,-0.87273,LOW,false,true,false,true,
1497,2026-09-11T21:11:02.174286+00:00,149.700281,cycle1_safe_k1_off_red_on_green_off,-0.144000,-0.43610,-0.142000,-0.86061,LOW,false,true,false,true,
1498,2026-09-11T21:11:02.274153+00:00,149.800309,cycle1_safe_k1_off_red_on_green_off,-0.146000,-0.44216,-0.144000,-0.87273,LOW,false,true,false,true,
1499,2026-09-11T21:11:02.374266+00:00,149.900280,cycle1_safe_k1_off_red_on_green_off,-0.142000,-0.43004,-0.144000,-0.87273,LOW,false,true,false,true,
1500,2026-09-11T21:11:02.474150+00:00,150.000308,cycle1_safe_k1_off_red_on_green_off,-0.144000,-0.43610,-0.142000,-0.86061,LOW,false,true,false,true,
1501,2026-09-11T21:11:02.574548+00:00,150.100416,cycle1_safe_k1_off_red_on_green_off,-0.144000,-0.43610,-0.144000,-0.87273,LOW,false,true,false,true,
1502,2026-09-11T21:11:02.674177+00:00,150.200336,cycle1_safe_k1_off_red_on_green_off,-0.144000,-0.43610,-0.144000,-0.87273,LOW,false,true,false,true,
1503,2026-09-11T21:11:02.774295+00:00,150.300290,cycle1_safe_k1_off_red_on_green_off,-0.144000,-0.43610,-0.144000,-0.87273,LOW,false,true,false,true,
1504,2026-09-11T21:11:02.874183+00:00,150.400312,cycle1_safe_k1_off_red_on_green_off,-0.144000,-0.43610,-0.144000,-0.87273,LOW,false,true,false,true,
1505,2026-09-11T21:11:02.974259+00:00,150.500283,cycle1_safe_k1_off_red_on_green_off,-0.144000,-0.43610,-0.144000,-0.87273,LOW,false,true,false,true,
1506,2026-09-11T21:11:03.074268+00:00,150.600330,cycle1_safe_k1_off_red_on_green_off,-0.144000,-0.43610,-0.140000,-0.84848,LOW,false,true,false,true,
1507,2026-09-11T21:11:03.174223+00:00,150.700288,cycle1_safe_k1_off_red_on_green_off,-0.142000,-0.43004,-0.144000,-0.87273,LOW,false,true,false,true,
1508,2026-09-11T21:11:03.274290+00:00,150.800317,cycle1_safe_k1_off_red_on_green_off,-0.144000,-0.43610,-0.144000,-0.87273,LOW,false,true,false,true,
1509,2026-09-11T21:11:03.374245+00:00,150.900284,cycle1_safe_k1_off_red_on_green_off,-0.144000,-0.43610,-0.144000,-0.87273,LOW,false,true,false,true,
1510,2026-09-11T21:11:03.474615+00:00,151.000434,cycle1_safe_k1_off_red_on_green_off,-0.144000,-0.43610,-0.144000,-0.87273,LOW,false,true,false,true,
1511,2026-09-11T21:11:03.574322+00:00,151.100335,cycle1_safe_k1_off_red_on_green_off,-0.144000,-0.43610,-0.144000,-0.87273,LOW,false,true,false,true,
1512,2026-09-11T21:11:03.674461+00:00,151.200347,cycle1_safe_k1_off_red_on_green_off,-0.144000,-0.43610,-0.144000,-0.87273,LOW,false,true,false,true,
1513,2026-09-11T21:11:03.774168+00:00,151.300302,cycle1_safe_k1_off_red_on_green_off,-0.144000,-0.43610,-0.144000,-0.87273,LOW,false,true,false,true,
1514,2026-09-11T21:11:03.874289+00:00,151.400317,cycle1_safe_k1_off_red_on_green_off,-0.144000,-0.43610,-0.144000,-0.87273,LOW,false,true,false,true,
1515,2026-09-11T21:11:03.974268+00:00,151.500296,cycle1_safe_k1_off_red_on_green_off,-0.144000,-0.43610,-0.144000,-0.87273,LOW,false,true,false,true,
1516,2026-09-11T21:11:04.074285+00:00,151.600318,cycle1_safe_k1_off_red_on_green_off,-0.144000,-0.43610,-0.144000,-0.87273,LOW,false,true,false,true,
1517,2026-09-11T21:11:04.174129+00:00,151.700277,cycle1_safe_k1_off_red_on_green_off,-0.140000,-0.42399,-0.146000,-0.88485,LOW,false,true,false,true,
1518,2026-09-11T21:11:04.274292+00:00,151.800314,cycle1_safe_k1_off_red_on_green_off,-0.144000,-0.43610,-0.144000,-0.87273,LOW,false,true,false,true,
1519,2026-09-11T21:11:04.374150+00:00,151.900284,cycle1_safe_k1_off_red_on_green_off,-0.146000,-0.44216,-0.142000,-0.86061,LOW,false,true,false,true,
1520,2026-09-11T21:11:04.474281+00:00,152.000309,cycle1_safe_k1_off_red_on_green_off,-0.144000,-0.43610,-0.144000,-0.87273,LOW,false,true,false,true,
1521,2026-09-11T21:11:04.574129+00:00,152.100279,cycle1_safe_k1_off_red_on_green_off,-0.142000,-0.43004,-0.144000,-0.87273,LOW,false,true,false,true,
1522,2026-09-11T21:11:04.674278+00:00,152.200307,cycle1_safe_k1_off_red_on_green_off,-0.142000,-0.43004,-0.144000,-0.87273,LOW,false,true,false,true,
1523,2026-09-11T21:11:04.774134+00:00,152.300281,cycle1_safe_k1_off_red_on_green_off,-0.146000,-0.44216,-0.144000,-0.87273,LOW,false,true,false,true,
1524,2026-09-11T21:11:04.874281+00:00,152.400308,cycle1_safe_k1_off_red_on_green_off,-0.144000,-0.43610,-0.142000,-0.86061,LOW,false,true,false,true,
1525,2026-09-11T21:11:04.974135+00:00,152.500278,cycle1_safe_k1_off_red_on_green_off,-0.144000,-0.43610,-0.144000,-0.87273,LOW,false,true,false,true,
1526,2026-09-11T21:11:05.074276+00:00,152.600309,cycle1_safe_k1_off_red_on_green_off,-0.144000,-0.43610,-0.144000,-0.87273,LOW,false,true,false,true,
1527,2026-09-11T21:11:05.174133+00:00,152.700278,cycle1_safe_k1_off_red_on_green_off,-0.144000,-0.43610,-0.144000,-0.87273,LOW,false,true,false,true,
1528,2026-09-11T21:11:05.274296+00:00,152.800314,cycle1_safe_k1_off_red_on_green_off,-0.144000,-0.43610,-0.144000,-0.87273,LOW,false,true,false,true,
1529,2026-09-11T21:11:05.374144+00:00,152.900282,cycle1_safe_k1_off_red_on_green_off,-0.144000,-0.43610,-0.144000,-0.87273,LOW,false,true,false,true,
1530,2026-09-11T21:11:05.474412+00:00,153.000375,cycle1_safe_k1_off_red_on_green_off,-0.144000,-0.43610,-0.144000,-0.87273,LOW,false,true,false,true,
1531,2026-09-11T21:11:05.574144+00:00,153.100296,cycle1_safe_k1_off_red_on_green_off,-0.144000,-0.43610,-0.138000,-0.83636,LOW,false,true,false,true,
1532,2026-09-11T21:11:05.674369+00:00,153.200315,cycle1_safe_k1_off_red_on_green_off,-0.140000,-0.42399,-0.142000,-0.86061,LOW,false,true,false,true,
1533,2026-09-11T21:11:05.774063+00:00,153.300286,cycle1_safe_k1_off_red_on_green_off,-0.144000,-0.43610,-0.144000,-0.87273,LOW,false,true,false,true,
1534,2026-09-11T21:11:05.874472+00:00,153.400321,cycle1_safe_k1_off_red_on_green_off,-0.144000,-0.43610,-0.144000,-0.87273,LOW,false,true,false,true,
1535,2026-09-11T21:11:05.974062+00:00,153.500285,cycle1_safe_k1_off_red_on_green_off,-0.144000,-0.43610,-0.142000,-0.86061,LOW,false,true,false,true,
1536,2026-09-11T21:11:06.074367+00:00,153.600308,cycle1_safe_k1_off_red_on_green_off,-0.144000,-0.43610,-0.144000,-0.87273,LOW,false,true,false,true,
1537,2026-09-11T21:11:06.174303+00:00,153.700348,cycle1_safe_k1_off_red_on_green_off,-0.144000,-0.43610,-0.146000,-0.88485,LOW,false,true,false,true,
1538,2026-09-11T21:11:06.274490+00:00,153.800335,cycle1_safe_k1_off_red_on_green_off,-0.144000,-0.43610,-0.142000,-0.86061,LOW,false,true,false,true,
1539,2026-09-11T21:11:06.374076+00:00,153.900293,cycle1_safe_k1_off_red_on_green_off,-0.144000,-0.43610,-0.144000,-0.87273,LOW,false,true,false,true,
1540,2026-09-11T21:11:06.474385+00:00,154.000322,cycle1_safe_k1_off_red_on_green_off,-0.144000,-0.43610,-0.144000,-0.87273,LOW,false,true,false,true,
1541,2026-09-11T21:11:06.574059+00:00,154.100284,cycle1_safe_k1_off_red_on_green_off,-0.146000,-0.44216,-0.144000,-0.87273,LOW,false,true,false,true,
1542,2026-09-11T21:11:06.674368+00:00,154.200310,cycle1_safe_k1_off_red_on_green_off,-0.144000,-0.43610,-0.144000,-0.87273,LOW,false,true,false,true,
1543,2026-09-11T21:11:06.774073+00:00,154.300289,cycle1_safe_k1_off_red_on_green_off,-0.144000,-0.43610,-0.144000,-0.87273,LOW,false,true,false,true,
1544,2026-09-11T21:11:06.874364+00:00,154.400313,cycle1_safe_k1_off_red_on_green_off,-0.144000,-0.43610,-0.144000,-0.87273,LOW,false,true,false,true,
1545,2026-09-11T21:11:06.974089+00:00,154.500285,cycle1_safe_k1_off_red_on_green_off,-0.146000,-0.44216,-0.142000,-0.86061,LOW,false,true,false,true,
1546,2026-09-11T21:11:07.074369+00:00,154.600314,cycle1_safe_k1_off_red_on_green_off,-0.144000,-0.43610,-0.144000,-0.87273,LOW,false,true,false,true,
1547,2026-09-11T21:11:07.174059+00:00,154.700285,cycle1_safe_k1_off_red_on_green_off,-0.144000,-0.43610,-0.142000,-0.86061,LOW,false,true,false,true,
1548,2026-09-11T21:11:07.274362+00:00,154.800308,cycle1_safe_k1_off_red_on_green_off,-0.144000,-0.43610,-0.144000,-0.87273,LOW,false,true,false,true,
1549,2026-09-11T21:11:07.374068+00:00,154.900290,cycle1_safe_k1_off_red_on_green_off,-0.144000,-0.43610,-0.144000,-0.87273,LOW,false,true,false,true,
1550,2026-09-11T21:11:07.474358+00:00,155.000311,cycle1_safe_k1_off_red_on_green_off,-0.144000,-0.43610,-0.144000,-0.87273,LOW,false,true,false,true,
1551,2026-09-11T21:11:07.574121+00:00,155.100316,cycle1_safe_k1_off_red_on_green_off,-0.144000,-0.43610,-0.144000,-0.87273,LOW,false,true,false,true,
1552,2026-09-11T21:11:07.674368+00:00,155.200316,cycle1_safe_k1_off_red_on_green_off,-0.144000,-0.43610,-0.142000,-0.86061,LOW,false,true,false,true,
1553,2026-09-11T21:11:07.774068+00:00,155.300286,cycle1_safe_k1_off_red_on_green_off,-0.142000,-0.43004,-0.144000,-0.87273,LOW,false,true,false,true,
1554,2026-09-11T21:11:07.874369+00:00,155.400314,cycle1_safe_k1_off_red_on_green_off,-0.146000,-0.44216,-0.142000,-0.86061,LOW,false,true,false,true,
1555,2026-09-11T21:11:07.974057+00:00,155.500284,cycle1_safe_k1_off_red_on_green_off,-0.144000,-0.43610,-0.144000,-0.87273,LOW,false,true,false,true,
1556,2026-09-11T21:11:08.074368+00:00,155.600313,cycle1_safe_k1_off_red_on_green_off,-0.144000,-0.43610,-0.142000,-0.86061,LOW,false,true,false,true,
1557,2026-09-11T21:11:08.174055+00:00,155.700281,cycle1_safe_k1_off_red_on_green_off,-0.144000,-0.43610,-0.144000,-0.87273,LOW,false,true,false,true,
1558,2026-09-11T21:11:08.274361+00:00,155.800310,cycle1_safe_k1_off_red_on_green_off,-0.142000,-0.43004,-0.144000,-0.87273,LOW,false,true,false,true,
1559,2026-09-11T21:11:08.374086+00:00,155.900288,cycle1_safe_k1_off_red_on_green_off,-0.144000,-0.43610,-0.144000,-0.87273,LOW,false,true,false,true,
1560,2026-09-11T21:11:08.474370+00:00,156.000309,cycle1_safe_k1_off_red_on_green_off,-0.144000,-0.43610,-0.144000,-0.87273,LOW,false,true,false,true,
1561,2026-09-11T21:11:08.574302+00:00,156.100425,cycle1_safe_k1_off_red_on_green_off,-0.144000,-0.43610,-0.144000,-0.87273,LOW,false,true,false,true,
1562,2026-09-11T21:11:08.674396+00:00,156.200337,cycle1_safe_k1_off_red_on_green_off,-0.142000,-0.43004,-0.144000,-0.87273,LOW,false,true,false,true,
1563,2026-09-11T21:11:08.774068+00:00,156.300291,cycle1_safe_k1_off_red_on_green_off,-0.144000,-0.43610,-0.144000,-0.87273,LOW,false,true,false,true,
1564,2026-09-11T21:11:08.874371+00:00,156.400312,cycle1_safe_k1_off_red_on_green_off,-0.144000,-0.43610,-0.144000,-0.87273,LOW,false,true,false,true,
1565,2026-09-11T21:11:08.974053+00:00,156.500284,cycle1_safe_k1_off_red_on_green_off,-0.144000,-0.43610,-0.142000,-0.86061,LOW,false,true,false,true,
1566,2026-09-11T21:11:09.074360+00:00,156.600308,cycle1_safe_k1_off_red_on_green_off,-0.144000,-0.43610,-0.144000,-0.87273,LOW,false,true,false,true,
1567,2026-09-11T21:11:09.174226+00:00,156.700282,cycle1_safe_k1_off_red_on_green_off,-0.142000,-0.43004,-0.144000,-0.87273,LOW,false,true,false,true,
1568,2026-09-11T21:11:09.274597+00:00,156.800613,cycle2_permit,-0.146000,-0.44216,-0.144000,-0.87273,LOW,false,true,false,true,mark:cycle2_permit
1569,2026-09-11T21:11:09.375008+00:00,156.900723,cycle2_permit,-0.144000,-0.43610,-0.144000,-0.87273,LOW,false,false,false,false,operator_safe
1570,2026-09-11T21:11:09.474372+00:00,157.000416,cycle2_permit,-0.144000,-0.43610,-0.144000,-0.87273,LOW,false,false,false,false,
1571,2026-09-11T21:11:09.574348+00:00,157.100402,cycle2_permit,-0.144000,-0.43610,-0.144000,-0.87273,LOW,false,false,false,false,
1572,2026-09-11T21:11:09.674699+00:00,157.200456,cycle2_permit,-0.144000,-0.43610,-0.144000,-0.87273,LOW,false,false,false,false,
1573,2026-09-11T21:11:09.774341+00:00,157.300401,cycle2_permit,-0.144000,-0.43610,-0.144000,-0.87273,LOW,false,false,false,false,
1574,2026-09-11T21:11:09.874614+00:00,157.400418,cycle2_permit,-0.144000,-0.43610,-0.142000,-0.86061,LOW,false,false,false,false,
1575,2026-09-11T21:11:09.974327+00:00,157.500388,cycle2_permit,-0.144000,-0.43610,-0.142000,-0.86061,LOW,false,false,false,false,
1576,2026-09-11T21:11:10.074626+00:00,157.600421,cycle2_permit,-0.142000,-0.43004,-0.144000,-0.87273,LOW,false,false,false,false,
1577,2026-09-11T21:11:10.174305+00:00,157.700390,cycle2_permit,-0.146000,-0.44216,-0.144000,-0.87273,LOW,false,false,false,false,
1578,2026-09-11T21:11:10.274632+00:00,157.800416,cycle2_permit,-0.144000,-0.43610,-0.144000,-0.87273,LOW,false,false,false,false,
1579,2026-09-11T21:11:10.374258+00:00,157.900394,cycle2_permit,-0.144000,-0.43610,-0.144000,-0.87273,LOW,false,false,false,false,
1580,2026-09-11T21:11:10.474074+00:00,158.000301,cycle2_permit,-0.144000,-0.43610,-0.138000,-0.83636,LOW,false,false,false,false,
1581,2026-09-11T21:11:10.574503+00:00,158.100385,cycle2_permit,-0.140000,-0.42399,-0.142000,-0.86061,LOW,false,false,false,false,
1582,2026-09-11T21:11:10.674076+00:00,158.200300,cycle2_permit,-0.148000,-0.44821,-0.146000,-0.88485,LOW,false,false,false,false,
1583,2026-09-11T21:11:10.774395+00:00,158.300321,cycle2_permit,-0.138000,-0.41793,-0.138000,-0.83636,LOW,false,false,false,false,
1584,2026-09-11T21:11:10.874364+00:00,158.400311,cycle2_permit,-0.144000,-0.43610,-0.144000,-0.87273,LOW,false,false,false,false,
1585,2026-09-11T21:11:10.974065+00:00,158.500282,cycle2_permit,-0.144000,-0.43610,-0.144000,-0.87273,LOW,false,false,false,false,
1586,2026-09-11T21:11:11.074358+00:00,158.600304,cycle2_permit,-0.144000,-0.43610,-0.144000,-0.87273,LOW,false,false,false,false,
1587,2026-09-11T21:11:11.174066+00:00,158.700283,cycle2_permit,-0.144000,-0.43610,-0.144000,-0.87273,LOW,false,false,false,false,
1588,2026-09-11T21:11:11.274470+00:00,158.800356,cycle2_permit,-0.144000,-0.43610,-0.144000,-0.87273,LOW,false,false,false,false,
1589,2026-09-11T21:11:11.374094+00:00,158.900300,cycle2_permit,-0.146000,-0.44216,-0.146000,-0.88485,LOW,false,false,false,false,
1590,2026-09-11T21:11:11.474378+00:00,159.000313,cycle2_permit,-0.146000,-0.44216,-0.148000,-0.89697,LOW,false,false,false,false,
1591,2026-09-11T21:11:11.574142+00:00,159.100326,cycle2_permit,-0.138000,-0.41793,-0.138000,-0.83636,LOW,false,false,false,false,
1592,2026-09-11T21:11:11.674371+00:00,159.200314,cycle2_permit,-0.146000,-0.44216,-0.140000,-0.84848,LOW,false,false,false,false,
1593,2026-09-11T21:11:11.774062+00:00,159.300282,cycle2_permit,-0.146000,-0.44216,-0.142000,-0.86061,LOW,false,false,false,false,
1594,2026-09-11T21:11:11.874607+00:00,159.400458,cycle2_permit,-0.144000,-0.43610,-0.142000,-0.86061,LOW,false,false,false,false,
1595,2026-09-11T21:11:11.974084+00:00,159.500303,cycle2_permit,-0.144000,-0.43610,-0.144000,-0.87273,LOW,false,false,false,false,
1596,2026-09-11T21:11:12.074365+00:00,159.600312,cycle2_permit,-0.144000,-0.43610,-0.144000,-0.87273,LOW,false,false,false,false,
1597,2026-09-11T21:11:12.174066+00:00,159.700284,cycle2_permit,-0.144000,-0.43610,-0.144000,-0.87273,LOW,false,false,false,false,
1598,2026-09-11T21:11:12.274355+00:00,159.800309,cycle2_permit,-0.144000,-0.43610,-0.144000,-0.87273,LOW,false,false,false,false,
1599,2026-09-11T21:11:12.374088+00:00,159.900290,cycle2_permit,-0.144000,-0.43610,-0.144000,-0.87273,LOW,false,false,false,false,
1600,2026-09-11T21:11:12.474375+00:00,160.000313,cycle2_permit,-0.144000,-0.43610,-0.144000,-0.87273,LOW,false,false,false,false,
1601,2026-09-11T21:11:12.574065+00:00,160.100283,cycle2_permit,-0.146000,-0.44216,-0.144000,-0.87273,LOW,false,false,false,false,
1602,2026-09-11T21:11:12.674367+00:00,160.200307,cycle2_permit,-0.144000,-0.43610,-0.144000,-0.87273,LOW,false,false,false,false,
1603,2026-09-11T21:11:12.774072+00:00,160.300282,cycle2_permit,-0.142000,-0.43004,-0.144000,-0.87273,LOW,false,false,false,false,
1604,2026-09-11T21:11:12.874393+00:00,160.400322,cycle2_permit,-0.144000,-0.43610,-0.144000,-0.87273,LOW,false,false,false,false,
1605,2026-09-11T21:11:12.974062+00:00,160.500282,cycle2_permit,-0.146000,-0.44216,-0.142000,-0.86061,LOW,false,false,false,false,
1606,2026-09-11T21:11:13.074398+00:00,160.600321,cycle2_permit,-0.144000,-0.43610,-0.142000,-0.86061,LOW,false,false,false,false,
1607,2026-09-11T21:11:13.174079+00:00,160.700292,cycle2_permit,-0.146000,-0.44216,-0.144000,-0.87273,LOW,false,false,false,false,
1608,2026-09-11T21:11:13.274371+00:00,160.800312,cycle2_permit,-0.144000,-0.43610,-0.140000,-0.84848,LOW,false,false,false,false,
1609,2026-09-11T21:11:13.374071+00:00,160.900287,cycle2_permit,-0.142000,-0.43004,-0.144000,-0.87273,LOW,false,false,false,false,
1610,2026-09-11T21:11:13.474375+00:00,161.000315,cycle2_permit,-0.142000,-0.43004,-0.142000,-0.86061,LOW,false,false,false,false,
1611,2026-09-11T21:11:13.574068+00:00,161.100283,cycle2_permit,-0.142000,-0.43004,-0.146000,-0.88485,LOW,false,false,false,false,
1612,2026-09-11T21:11:13.674364+00:00,161.200308,cycle2_permit,-0.144000,-0.43610,-0.146000,-0.88485,LOW,false,false,false,false,
1613,2026-09-11T21:11:13.774063+00:00,161.300282,cycle2_permit,-0.146000,-0.44216,-0.140000,-0.84848,LOW,false,false,false,false,
1614,2026-09-11T21:11:13.874379+00:00,161.400300,cycle2_permit,-0.146000,-0.44216,-0.144000,-0.87273,LOW,false,false,false,false,
1615,2026-09-11T21:11:13.974375+00:00,161.500301,cycle2_permit,-0.140000,-0.42399,-0.142000,-0.86061,LOW,false,false,false,false,
1616,2026-09-11T21:11:14.074073+00:00,161.600293,cycle2_permit,-0.142000,-0.43004,-0.144000,-0.87273,LOW,false,false,false,false,
1617,2026-09-11T21:11:14.174361+00:00,161.700307,cycle2_permit,-0.146000,-0.44216,-0.144000,-0.87273,LOW,false,false,false,false,
1618,2026-09-11T21:11:14.274059+00:00,161.800286,cycle2_permit,-0.142000,-0.43004,-0.142000,-0.86061,LOW,false,false,false,false,
1619,2026-09-11T21:11:14.374371+00:00,161.900308,cycle2_permit,-0.144000,-0.43610,-0.144000,-0.87273,LOW,false,false,false,false,
1620,2026-09-11T21:11:14.474095+00:00,162.000295,cycle2_permit,-0.144000,-0.43610,-0.146000,-0.88485,LOW,false,false,false,false,
1621,2026-09-11T21:11:14.574604+00:00,162.100458,cycle2_permit,-0.144000,-0.43610,-0.144000,-0.87273,LOW,false,false,false,false,
1622,2026-09-11T21:11:14.674100+00:00,162.200309,cycle2_permit,-0.142000,-0.43004,-0.140000,-0.84848,LOW,false,false,false,false,
1623,2026-09-11T21:11:14.774371+00:00,162.300314,cycle2_permit,-0.140000,-0.42399,-0.144000,-0.87273,LOW,false,false,false,false,
1624,2026-09-11T21:11:14.874064+00:00,162.400287,cycle2_permit,-0.140000,-0.42399,-0.144000,-0.87273,LOW,false,false,false,false,
1625,2026-09-11T21:11:14.974373+00:00,162.500313,cycle2_permit,-0.144000,-0.43610,-0.144000,-0.87273,LOW,false,false,false,false,
1626,2026-09-11T21:11:15.074067+00:00,162.600287,cycle2_permit,-0.144000,-0.43610,-0.140000,-0.84848,LOW,false,false,false,false,
1627,2026-09-11T21:11:15.174356+00:00,162.700310,cycle2_permit,-0.142000,-0.43004,-0.142000,-0.86061,LOW,false,false,false,false,
1628,2026-09-11T21:11:15.274067+00:00,162.800286,cycle2_permit,-0.142000,-0.43004,-0.146000,-0.88485,LOW,false,false,false,false,
1629,2026-09-11T21:11:15.374388+00:00,162.900318,cycle2_permit,-0.144000,-0.43610,-0.144000,-0.87273,LOW,false,false,false,false,
1630,2026-09-11T21:11:15.474082+00:00,163.000292,cycle2_permit,-0.144000,-0.43610,-0.140000,-0.84848,LOW,false,false,false,false,
1631,2026-09-11T21:11:15.574516+00:00,163.100378,cycle2_permit,-0.144000,-0.43610,-0.144000,-0.87273,LOW,false,false,false,false,
1632,2026-09-11T21:11:15.674509+00:00,163.200385,cycle2_permit,-0.138000,-0.41793,-0.144000,-0.87273,LOW,false,false,false,false,
1633,2026-09-11T21:11:15.774423+00:00,163.300348,cycle2_permit,-0.146000,-0.44216,-0.144000,-0.87273,LOW,false,false,false,false,
1634,2026-09-11T21:11:15.874219+00:00,163.400329,cycle2_permit,-0.144000,-0.43610,-0.144000,-0.87273,LOW,false,false,false,false,
1635,2026-09-11T21:11:15.974437+00:00,163.500360,cycle2_permit,-0.144000,-0.43610,-0.142000,-0.86061,LOW,false,false,false,false,
1636,2026-09-11T21:11:16.074074+00:00,163.600296,cycle2_permit,-0.142000,-0.43004,-0.136000,-0.82424,LOW,false,false,false,false,
1637,2026-09-11T21:11:16.174362+00:00,163.700315,cycle2_permit,-0.142000,-0.43004,-0.144000,-0.87273,LOW,false,false,false,false,
1638,2026-09-11T21:11:16.274120+00:00,163.800315,cycle2_permit,-0.142000,-0.43004,-0.146000,-0.88485,LOW,false,false,false,false,
1639,2026-09-11T21:11:16.374412+00:00,163.900328,cycle2_permit,-0.146000,-0.44216,-0.146000,-0.88485,LOW,false,false,false,false,
1640,2026-09-11T21:11:16.474385+00:00,164.000322,cycle2_permit,-0.148000,-0.44821,-0.142000,-0.86061,LOW,false,false,false,false,
1641,2026-09-11T21:11:16.574072+00:00,164.100292,cycle2_permit,-0.144000,-0.43610,-0.144000,-0.87273,LOW,false,false,false,false,
1642,2026-09-11T21:11:16.674368+00:00,164.200312,cycle2_permit,-0.140000,-0.42399,-0.138000,-0.83636,LOW,false,false,false,false,
1643,2026-09-11T21:11:16.774057+00:00,164.300282,cycle2_permit,-0.146000,-0.44216,-0.144000,-0.87273,LOW,false,false,false,false,
1644,2026-09-11T21:11:16.874367+00:00,164.400306,cycle2_permit,-0.144000,-0.43610,-0.144000,-0.87273,LOW,false,false,false,false,
1645,2026-09-11T21:11:16.974064+00:00,164.500285,cycle2_permit,-0.144000,-0.43610,-0.144000,-0.87273,LOW,false,false,false,false,
1646,2026-09-11T21:11:17.074364+00:00,164.600311,cycle2_permit,-0.146000,-0.44216,-0.146000,-0.88485,LOW,false,false,false,false,
1647,2026-09-11T21:11:17.174069+00:00,164.700283,cycle2_permit,-0.144000,-0.43610,-0.136000,-0.82424,LOW,false,false,false,false,
1648,2026-09-11T21:11:17.274362+00:00,164.800309,cycle2_permit,-0.140000,-0.42399,-0.138000,-0.83636,LOW,false,false,false,false,
1649,2026-09-11T21:11:17.374066+00:00,164.900281,cycle2_permit,-0.144000,-0.43610,-0.144000,-0.87273,LOW,false,false,false,false,
1650,2026-09-11T21:11:17.474363+00:00,165.000311,cycle2_permit,-0.144000,-0.43610,-0.140000,-0.84848,LOW,false,false,false,false,
1651,2026-09-11T21:11:17.574073+00:00,165.100292,cycle2_permit,-0.144000,-0.43610,-0.144000,-0.87273,LOW,false,false,false,false,
1652,2026-09-11T21:11:17.674368+00:00,165.200311,cycle2_permit,-0.144000,-0.43610,-0.138000,-0.83636,LOW,false,false,false,false,
1653,2026-09-11T21:11:17.774075+00:00,165.300286,cycle2_permit,-0.146000,-0.44216,-0.140000,-0.84848,LOW,false,false,false,false,
1654,2026-09-11T21:11:17.874365+00:00,165.400308,cycle2_permit,-0.138000,-0.41793,-0.140000,-0.84848,LOW,false,false,false,false,
1655,2026-09-11T21:11:17.974575+00:00,165.500422,cycle2_permit,-0.144000,-0.43610,-0.144000,-0.87273,LOW,false,false,false,false,
1656,2026-09-11T21:11:18.074109+00:00,165.600313,cycle2_permit,-0.142000,-0.43004,-0.144000,-0.87273,LOW,false,false,false,false,
1657,2026-09-11T21:11:18.174370+00:00,165.700316,cycle2_permit,-0.144000,-0.43610,-0.144000,-0.87273,LOW,false,false,false,false,
1658,2026-09-11T21:11:18.274054+00:00,165.800281,cycle2_permit,-0.140000,-0.42399,-0.146000,-0.88485,LOW,false,false,false,false,
1659,2026-09-11T21:11:18.374356+00:00,165.900307,cycle2_permit,-0.144000,-0.43610,-0.144000,-0.87273,LOW,false,false,false,false,
1660,2026-09-11T21:11:18.474536+00:00,166.000407,cycle2_permit,-0.142000,-0.43004,-0.144000,-0.87273,LOW,false,false,false,false,
1661,2026-09-11T21:11:18.574094+00:00,166.100306,cycle2_permit,-0.142000,-0.43004,-0.144000,-0.87273,LOW,false,false,false,false,
1662,2026-09-11T21:11:18.674537+00:00,166.200411,cycle2_permit,-0.146000,-0.44216,-0.144000,-0.87273,LOW,false,false,false,false,
1663,2026-09-11T21:11:18.774107+00:00,166.300308,cycle2_permit,-0.144000,-0.43610,-0.144000,-0.87273,LOW,false,false,false,false,
1664,2026-09-11T21:11:18.874549+00:00,166.400414,cycle2_permit,-0.140000,-0.42399,-0.144000,-0.87273,LOW,false,false,false,false,
1665,2026-09-11T21:11:18.974119+00:00,166.500314,cycle2_permit,-0.144000,-0.43610,-0.146000,-0.88485,LOW,false,false,false,false,
1666,2026-09-11T21:11:19.074567+00:00,166.600432,cycle2_permit,-0.144000,-0.43610,-0.146000,-0.88485,LOW,false,false,false,false,
1667,2026-09-11T21:11:19.174078+00:00,166.700296,cycle2_permit,-0.146000,-0.44216,-0.144000,-0.87273,LOW,false,false,false,false,
1668,2026-09-11T21:11:19.274552+00:00,166.800413,cycle2_permit,-0.140000,-0.42399,-0.146000,-0.88485,LOW,false,false,false,false,
1669,2026-09-11T21:11:19.374093+00:00,166.900300,cycle2_permit,-0.144000,-0.43610,-0.142000,-0.86061,LOW,false,false,false,false,
1670,2026-09-11T21:11:19.474380+00:00,167.000321,cycle2_permit,-0.144000,-0.43610,-0.144000,-0.87273,LOW,false,false,false,false,
1671,2026-09-11T21:11:19.574174+00:00,167.100340,cycle2_permit,-0.146000,-0.44216,-0.144000,-0.87273,LOW,false,false,false,false,
1672,2026-09-11T21:11:19.674376+00:00,167.200318,cycle2_permit,-0.146000,-0.44216,-0.146000,-0.88485,LOW,false,false,false,false,
1673,2026-09-11T21:11:19.774099+00:00,167.300296,cycle2_permit,-0.140000,-0.42399,-0.140000,-0.84848,LOW,false,false,false,false,
1674,2026-09-11T21:11:19.874548+00:00,167.400412,cycle2_permit,-0.144000,-0.43610,-0.144000,-0.87273,LOW,false,false,false,false,
1675,2026-09-11T21:11:19.974071+00:00,167.500301,cycle2_permit,-0.146000,-0.44216,-0.146000,-0.88485,LOW,false,false,false,false,
1676,2026-09-11T21:11:20.074374+00:00,167.600315,cycle2_permit,-0.142000,-0.43004,-0.144000,-0.87273,LOW,false,false,false,false,
1677,2026-09-11T21:11:20.174061+00:00,167.700283,cycle2_permit,-0.144000,-0.43610,-0.142000,-0.86061,LOW,false,false,false,false,
1678,2026-09-11T21:11:20.274359+00:00,167.800311,cycle2_permit,-0.146000,-0.44216,-0.144000,-0.87273,LOW,false,false,false,false,
1679,2026-09-11T21:11:20.374102+00:00,167.900300,cycle2_permit,-0.146000,-0.44216,-0.144000,-0.87273,LOW,false,false,false,false,
1680,2026-09-11T21:11:20.474381+00:00,168.000321,cycle2_permit,-0.144000,-0.43610,-0.140000,-0.84848,LOW,false,false,false,false,
1681,2026-09-11T21:11:20.574301+00:00,168.100425,cycle2_permit,-0.144000,-0.43610,-0.140000,-0.84848,LOW,false,false,false,false,
1682,2026-09-11T21:11:20.674395+00:00,168.200332,cycle2_permit,-0.144000,-0.43610,-0.146000,-0.88485,LOW,false,false,false,false,
1683,2026-09-11T21:11:20.774203+00:00,168.300358,cycle2_permit,-0.146000,-0.44216,-0.144000,-0.87273,LOW,false,false,false,false,
1684,2026-09-11T21:11:20.874409+00:00,168.400335,cycle2_permit,-0.144000,-0.43610,-0.144000,-0.87273,LOW,false,false,false,false,
1685,2026-09-11T21:11:20.974072+00:00,168.500291,cycle2_permit,-0.146000,-0.44216,-0.144000,-0.87273,LOW,false,false,false,false,
1686,2026-09-11T21:11:21.074511+00:00,168.600323,cycle2_permit,-0.144000,-0.43610,-0.142000,-0.86061,LOW,false,false,false,false,
1687,2026-09-11T21:11:21.174114+00:00,168.700327,cycle2_permit,-0.140000,-0.42399,-0.144000,-0.87273,LOW,false,false,false,false,
1688,2026-09-11T21:11:21.274917+00:00,168.800651,cycle2_safe,-0.146000,-0.44216,-0.148000,-0.89697,LOW,false,false,false,false,mark:cycle2_safe
1689,2026-09-11T21:11:21.374657+00:00,168.900677,cycle2_safe,-0.144000,-0.43610,-0.144000,-0.87273,LOW,false,true,false,true,permit_accepted
1690,2026-09-11T21:11:21.474691+00:00,169.000472,cycle2_safe,-0.144000,-0.43610,-0.144000,-0.87273,LOW,false,true,false,true,
1691,2026-09-11T21:11:21.574424+00:00,169.100399,cycle2_safe,-0.144000,-0.43610,-0.144000,-0.87273,LOW,false,true,false,true,
1692,2026-09-11T21:11:21.674363+00:00,169.200384,cycle2_safe,-0.144000,-0.43610,-0.144000,-0.87273,LOW,false,true,false,true,
1693,2026-09-11T21:11:21.774678+00:00,169.300458,cycle2_safe,-0.144000,-0.43610,-0.144000,-0.87273,LOW,false,true,false,true,
1694,2026-09-11T21:11:21.874308+00:00,169.400402,cycle2_safe,-0.144000,-0.43610,-0.144000,-0.87273,LOW,false,true,false,true,
1695,2026-09-11T21:11:21.974654+00:00,169.500438,cycle2_safe,-0.144000,-0.43610,-0.144000,-0.87273,LOW,false,true,false,true,
1696,2026-09-11T21:11:22.074389+00:00,169.600419,cycle2_safe,-0.144000,-0.43610,-0.144000,-0.87273,LOW,false,true,false,true,
1697,2026-09-11T21:11:22.174307+00:00,169.700388,cycle2_safe,-0.144000,-0.43610,-0.144000,-0.87273,LOW,false,true,false,true,
1698,2026-09-11T21:11:22.274553+00:00,169.800385,cycle2_safe,-0.144000,-0.43610,-0.144000,-0.87273,LOW,false,true,false,true,
1699,2026-09-11T21:11:22.374671+00:00,169.900453,cycle2_safe,-0.144000,-0.43610,-0.144000,-0.87273,LOW,false,true,false,true,
1700,2026-09-11T21:11:22.474427+00:00,170.000430,cycle2_safe,-0.144000,-0.43610,-0.144000,-0.87273,LOW,false,true,false,true,
1701,2026-09-11T21:11:22.574537+00:00,170.100383,cycle2_safe,-0.144000,-0.43610,-0.144000,-0.87273,LOW,false,true,false,true,
1702,2026-09-11T21:11:22.674664+00:00,170.200435,cycle2_safe,-0.144000,-0.43610,-0.144000,-0.87273,LOW,false,true,false,true,
1703,2026-09-11T21:11:22.774582+00:00,170.300417,cycle2_safe,-0.144000,-0.43610,-0.144000,-0.87273,LOW,false,true,false,true,
1704,2026-09-11T21:11:22.874547+00:00,170.400424,cycle2_safe,-0.144000,-0.43610,-0.144000,-0.87273,LOW,false,true,false,true,
1705,2026-09-11T21:11:22.974163+00:00,170.500343,cycle2_safe,-0.144000,-0.43610,-0.144000,-0.87273,LOW,false,true,false,true,
1706,2026-09-11T21:11:23.074353+00:00,170.600326,cycle2_safe,-0.144000,-0.43610,-0.144000,-0.87273,LOW,false,true,false,true,
1707,2026-09-11T21:11:23.174168+00:00,170.700322,cycle2_safe,-0.146000,-0.44216,-0.144000,-0.87273,LOW,false,true,false,true,
1708,2026-09-11T21:11:23.274274+00:00,170.800278,cycle2_safe,-0.140000,-0.42399,-0.144000,-0.87273,LOW,false,true,false,true,
1709,2026-09-11T21:11:23.374149+00:00,170.900312,cycle2_safe,-0.138000,-0.41793,-0.144000,-0.87273,LOW,false,true,false,true,
1710,2026-09-11T21:11:23.474277+00:00,171.000281,cycle2_safe,-0.144000,-0.43610,-0.142000,-0.86061,LOW,false,true,false,true,
1711,2026-09-11T21:11:23.574312+00:00,171.100393,cycle2_safe,-0.144000,-0.43610,-0.144000,-0.87273,LOW,false,true,false,true,
1712,2026-09-11T21:11:23.674299+00:00,171.200296,cycle2_safe,-0.144000,-0.43610,-0.144000,-0.87273,LOW,false,true,false,true,
1713,2026-09-11T21:11:23.774155+00:00,171.300315,cycle2_safe,-0.146000,-0.44216,-0.144000,-0.87273,LOW,false,true,false,true,
1714,2026-09-11T21:11:23.874264+00:00,171.400279,cycle2_safe,-0.144000,-0.43610,-0.144000,-0.87273,LOW,false,true,false,true,
1715,2026-09-11T21:11:23.974141+00:00,171.500307,cycle2_safe,-0.144000,-0.43610,-0.142000,-0.86061,LOW,false,true,false,true,
1716,2026-09-11T21:11:24.074282+00:00,171.600284,cycle2_safe,-0.142000,-0.43004,-0.144000,-0.87273,LOW,false,true,false,true,
1717,2026-09-11T21:11:24.174150+00:00,171.700309,cycle2_safe,-0.144000,-0.43610,-0.142000,-0.86061,LOW,false,true,false,true,
1718,2026-09-11T21:11:24.274265+00:00,171.800277,cycle2_safe,-0.144000,-0.43610,-0.144000,-0.87273,LOW,false,true,false,true,
1719,2026-09-11T21:11:24.374146+00:00,171.900308,cycle2_safe,-0.142000,-0.43004,-0.144000,-0.87273,LOW,false,true,false,true,
1720,2026-09-11T21:11:24.474270+00:00,172.000284,cycle2_safe,-0.144000,-0.43610,-0.144000,-0.87273,LOW,false,true,false,true,
1721,2026-09-11T21:11:24.574176+00:00,172.100309,cycle2_safe,-0.144000,-0.43610,-0.144000,-0.87273,LOW,false,true,false,true,
1722,2026-09-11T21:11:24.674263+00:00,172.200278,cycle2_safe,-0.144000,-0.43610,-0.144000,-0.87273,LOW,false,true,false,true,
1723,2026-09-11T21:11:24.774603+00:00,172.300450,cycle2_safe,-0.144000,-0.43610,-0.144000,-0.87273,LOW,false,true,false,true,
1724,2026-09-11T21:11:24.874297+00:00,172.400327,cycle2_safe,-0.144000,-0.43610,-0.142000,-0.86061,LOW,false,true,false,true,
1725,2026-09-11T21:11:24.974377+00:00,172.500387,cycle2_safe,-0.144000,-0.43610,-0.144000,-0.87273,LOW,false,true,false,true,
1726,2026-09-11T21:11:25.074398+00:00,172.600333,cycle2_safe,-0.144000,-0.43610,-0.144000,-0.87273,LOW,false,true,false,true,
1727,2026-09-11T21:11:25.174658+00:00,172.700453,cycle2_safe,-0.144000,-0.43610,-0.144000,-0.87273,LOW,false,true,false,true,
1728,2026-09-11T21:11:25.274297+00:00,172.800325,cycle2_safe,-0.144000,-0.43610,-0.144000,-0.87273,LOW,false,true,false,true,
1729,2026-09-11T21:11:25.374227+00:00,172.900290,cycle2_safe,-0.144000,-0.43610,-0.144000,-0.87273,LOW,false,true,false,true,
1730,2026-09-11T21:11:25.474440+00:00,173.000335,cycle2_safe,-0.144000,-0.43610,-0.144000,-0.87273,LOW,false,true,false,true,
1731,2026-09-11T21:11:25.574133+00:00,173.100291,cycle2_safe,-0.144000,-0.43610,-0.144000,-0.87273,LOW,false,true,false,true,
1732,2026-09-11T21:11:25.674374+00:00,173.200310,cycle2_safe,-0.146000,-0.44216,-0.144000,-0.87273,LOW,false,true,false,true,
1733,2026-09-11T21:11:25.774141+00:00,173.300289,cycle2_safe,-0.142000,-0.43004,-0.144000,-0.87273,LOW,false,true,false,true,
1734,2026-09-11T21:11:25.874419+00:00,173.400377,cycle2_safe,-0.144000,-0.43610,-0.144000,-0.87273,LOW,false,true,false,true,
1735,2026-09-11T21:11:25.974146+00:00,173.500295,cycle2_safe,-0.144000,-0.43610,-0.144000,-0.87273,LOW,false,true,false,true,
1736,2026-09-11T21:11:26.074283+00:00,173.600309,cycle2_safe,-0.144000,-0.43610,-0.144000,-0.87273,LOW,false,true,false,true,
1737,2026-09-11T21:11:26.174133+00:00,173.700282,cycle2_safe,-0.144000,-0.43610,-0.144000,-0.87273,LOW,false,true,false,true,
1738,2026-09-11T21:11:26.274280+00:00,173.800309,cycle2_safe,-0.144000,-0.43610,-0.144000,-0.87273,LOW,false,true,false,true,
1739,2026-09-11T21:11:26.374124+00:00,173.900280,cycle2_safe,-0.144000,-0.43610,-0.144000,-0.87273,LOW,false,true,false,true,
1740,2026-09-11T21:11:26.474297+00:00,174.000313,cycle2_safe,-0.144000,-0.43610,-0.144000,-0.87273,LOW,false,true,false,true,
1741,2026-09-11T21:11:26.574381+00:00,174.100433,cycle2_safe,-0.144000,-0.43610,-0.146000,-0.88485,LOW,false,true,false,true,
1742,2026-09-11T21:11:26.674322+00:00,174.200339,cycle2_safe,-0.144000,-0.43610,-0.144000,-0.87273,LOW,false,true,false,true,
1743,2026-09-11T21:11:26.774156+00:00,174.300294,cycle2_safe,-0.144000,-0.43610,-0.144000,-0.87273,LOW,false,true,false,true,
1744,2026-09-11T21:11:26.874282+00:00,174.400314,cycle2_safe,-0.140000,-0.42399,-0.144000,-0.87273,LOW,false,true,false,true,
1745,2026-09-11T21:11:26.974128+00:00,174.500282,cycle2_safe,-0.146000,-0.44216,-0.140000,-0.84848,LOW,false,true,false,true,
1746,2026-09-11T21:11:27.074337+00:00,174.600313,cycle2_safe,-0.146000,-0.44216,-0.144000,-0.87273,LOW,false,true,false,true,
1747,2026-09-11T21:11:27.174085+00:00,174.700283,cycle2_safe,-0.144000,-0.43610,-0.144000,-0.87273,LOW,false,true,false,true,
1748,2026-09-11T21:11:27.274364+00:00,174.800313,cycle2_safe,-0.144000,-0.43610,-0.142000,-0.86061,LOW,false,true,false,true,
1749,2026-09-11T21:11:27.374165+00:00,174.900298,cycle2_safe,-0.140000,-0.42399,-0.144000,-0.87273,LOW,false,true,false,true,
1750,2026-09-11T21:11:27.474382+00:00,175.000322,cycle2_safe,-0.144000,-0.43610,-0.144000,-0.87273,LOW,false,true,false,true,
1751,2026-09-11T21:11:27.574123+00:00,175.100314,cycle2_safe,-0.144000,-0.43610,-0.146000,-0.88485,LOW,false,true,false,true,
1752,2026-09-11T21:11:27.674586+00:00,175.200434,cycle2_safe,-0.144000,-0.43610,-0.144000,-0.87273,LOW,false,true,false,true,
1753,2026-09-11T21:11:27.774096+00:00,175.300309,cycle2_safe,-0.144000,-0.43610,-0.144000,-0.87273,LOW,false,true,false,true,
1754,2026-09-11T21:11:27.874456+00:00,175.400360,cycle2_safe,-0.144000,-0.43610,-0.144000,-0.87273,LOW,false,true,false,true,
1755,2026-09-11T21:11:27.974117+00:00,175.500319,cycle2_safe,-0.142000,-0.43004,-0.146000,-0.88485,LOW,false,true,false,true,
1756,2026-09-11T21:11:28.074379+00:00,175.600319,cycle2_safe,-0.144000,-0.43610,-0.144000,-0.87273,LOW,false,true,false,true,
1757,2026-09-11T21:11:28.174063+00:00,175.700284,cycle2_safe,-0.144000,-0.43610,-0.144000,-0.87273,LOW,false,true,false,true,
1758,2026-09-11T21:11:28.274368+00:00,175.800312,cycle2_safe,-0.140000,-0.42399,-0.144000,-0.87273,LOW,false,true,false,true,
1759,2026-09-11T21:11:28.374066+00:00,175.900281,cycle2_safe,-0.144000,-0.43610,-0.146000,-0.88485,LOW,false,true,false,true,
1760,2026-09-11T21:11:28.474359+00:00,176.000306,cycle2_safe,-0.144000,-0.43610,-0.144000,-0.87273,LOW,false,true,false,true,
1761,2026-09-11T21:11:28.574072+00:00,176.100290,cycle2_safe,-0.144000,-0.43610,-0.144000,-0.87273,LOW,false,true,false,true,
1762,2026-09-11T21:11:28.674520+00:00,176.200389,cycle2_safe,-0.144000,-0.43610,-0.144000,-0.87273,LOW,false,true,false,true,
1763,2026-09-11T21:11:28.774090+00:00,176.300306,cycle2_safe,-0.144000,-0.43610,-0.144000,-0.87273,LOW,false,true,false,true,
1764,2026-09-11T21:11:28.874378+00:00,176.400322,cycle2_safe,-0.144000,-0.43610,-0.144000,-0.87273,LOW,false,true,false,true,
1765,2026-09-11T21:11:28.974065+00:00,176.500286,cycle2_safe,-0.144000,-0.43610,-0.144000,-0.87273,LOW,false,true,false,true,
1766,2026-09-11T21:11:29.074365+00:00,176.600309,cycle2_safe,-0.144000,-0.43610,-0.144000,-0.87273,LOW,false,true,false,true,
1767,2026-09-11T21:11:29.174060+00:00,176.700282,cycle2_safe,-0.144000,-0.43610,-0.144000,-0.87273,LOW,false,true,false,true,
1768,2026-09-11T21:11:29.274368+00:00,176.800311,cycle2_safe,-0.144000,-0.43610,-0.144000,-0.87273,LOW,false,true,false,true,
1769,2026-09-11T21:11:29.374078+00:00,176.900291,cycle2_safe,-0.144000,-0.43610,-0.144000,-0.87273,LOW,false,true,false,true,
1770,2026-09-11T21:11:29.474364+00:00,177.000312,cycle2_safe,-0.144000,-0.43610,-0.144000,-0.87273,LOW,false,true,false,true,
1771,2026-09-11T21:11:29.574068+00:00,177.100286,cycle2_safe,-0.144000,-0.43610,-0.144000,-0.87273,LOW,false,true,false,true,
1772,2026-09-11T21:11:29.674359+00:00,177.200311,cycle2_safe,-0.144000,-0.43610,-0.144000,-0.87273,LOW,false,true,false,true,
1773,2026-09-11T21:11:29.774072+00:00,177.300283,cycle2_safe,-0.144000,-0.43610,-0.144000,-0.87273,LOW,false,true,false,true,
1774,2026-09-11T21:11:29.874371+00:00,177.400309,cycle2_safe,-0.146000,-0.44216,-0.142000,-0.86061,LOW,false,true,false,true,
1775,2026-09-11T21:11:29.974056+00:00,177.500282,cycle2_safe,-0.144000,-0.43610,-0.144000,-0.87273,LOW,false,true,false,true,
1776,2026-09-11T21:11:30.074360+00:00,177.600307,cycle2_safe,-0.146000,-0.44216,-0.142000,-0.86061,LOW,false,true,false,true,
1777,2026-09-11T21:11:30.174060+00:00,177.700282,cycle2_safe,-0.144000,-0.43610,-0.144000,-0.87273,LOW,false,true,false,true,
1778,2026-09-11T21:11:30.274363+00:00,177.800311,cycle2_safe,-0.144000,-0.43610,-0.144000,-0.87273,LOW,false,true,false,true,
1779,2026-09-11T21:11:30.374059+00:00,177.900284,cycle2_safe,-0.144000,-0.43610,-0.144000,-0.87273,LOW,false,true,false,true,
1780,2026-09-11T21:11:30.474364+00:00,178.000310,cycle2_safe,-0.144000,-0.43610,-0.142000,-0.86061,LOW,false,true,false,true,
1781,2026-09-11T21:11:30.574082+00:00,178.100292,cycle2_safe,-0.140000,-0.42399,-0.148000,-0.89697,LOW,false,true,false,true,
1782,2026-09-11T21:11:30.674358+00:00,178.200310,cycle2_safe,-0.138000,-0.41793,-0.146000,-0.88485,LOW,false,true,false,true,
1783,2026-09-11T21:11:30.774048+00:00,178.300281,cycle2_safe,-0.144000,-0.43610,-0.142000,-0.86061,LOW,false,true,false,true,
1784,2026-09-11T21:11:30.874373+00:00,178.400316,cycle2_safe,-0.144000,-0.43610,-0.144000,-0.87273,LOW,false,true,false,true,
1785,2026-09-11T21:11:30.974184+00:00,178.500349,cycle2_safe,-0.144000,-0.43610,-0.144000,-0.87273,LOW,false,true,false,true,
1786,2026-09-11T21:11:31.074371+00:00,178.600323,cycle2_safe,-0.142000,-0.43004,-0.142000,-0.86061,LOW,false,true,false,true,
1787,2026-09-11T21:11:31.174224+00:00,178.700372,cycle2_safe,-0.144000,-0.43610,-0.144000,-0.87273,LOW,false,true,false,true,
1788,2026-09-11T21:11:31.274383+00:00,178.800329,cycle2_safe,-0.144000,-0.43610,-0.144000,-0.87273,LOW,false,true,false,true,
1789,2026-09-11T21:11:31.374077+00:00,178.900287,cycle2_safe,-0.144000,-0.43610,-0.144000,-0.87273,LOW,false,true,false,true,
1790,2026-09-11T21:11:31.474381+00:00,179.000321,cycle2_safe,-0.142000,-0.43004,-0.144000,-0.87273,LOW,false,true,false,true,
1791,2026-09-11T21:11:31.574130+00:00,179.100312,cycle2_safe,-0.146000,-0.44216,-0.144000,-0.87273,LOW,false,true,false,true,
1792,2026-09-11T21:11:31.674372+00:00,179.200319,cycle2_safe,-0.144000,-0.43610,-0.144000,-0.87273,LOW,false,true,false,true,
1793,2026-09-11T21:11:31.774083+00:00,179.300290,cycle2_safe,-0.144000,-0.43610,-0.144000,-0.87273,LOW,false,true,false,true,
1794,2026-09-11T21:11:31.874438+00:00,179.400340,cycle2_safe,-0.144000,-0.43610,-0.144000,-0.87273,LOW,false,true,false,true,
1795,2026-09-11T21:11:31.974083+00:00,179.500289,cycle2_safe,-0.144000,-0.43610,-0.144000,-0.87273,LOW,false,true,false,true,
1796,2026-09-11T21:11:32.074365+00:00,179.600312,cycle2_safe,-0.144000,-0.43610,-0.144000,-0.87273,LOW,false,true,false,true,
1797,2026-09-11T21:11:32.174066+00:00,179.700286,cycle2_safe,-0.144000,-0.43610,-0.144000,-0.87273,LOW,false,true,false,true,
1798,2026-09-11T21:11:32.274373+00:00,179.800315,cycle2_safe,-0.144000,-0.43610,-0.144000,-0.87273,LOW,false,true,false,true,
1799,2026-09-11T21:11:32.374079+00:00,179.900285,cycle2_safe,-0.146000,-0.44216,-0.142000,-0.86061,LOW,false,true,false,true,
1800,2026-09-11T21:11:32.474371+00:00,180.000314,cycle2_safe,-0.142000,-0.43004,-0.142000,-0.86061,LOW,false,true,false,true,
1801,2026-09-11T21:11:32.574291+00:00,180.100421,cycle2_safe,-0.146000,-0.44216,-0.144000,-0.87273,LOW,false,true,false,true,
1802,2026-09-11T21:11:32.674073+00:00,180.200300,cycle2_safe,-0.144000,-0.43610,-0.144000,-0.87273,LOW,false,true,false,true,
1803,2026-09-11T21:11:32.774383+00:00,180.300321,cycle2_safe,-0.144000,-0.43610,-0.142000,-0.86061,LOW,false,true,false,true,
1804,2026-09-11T21:11:32.874082+00:00,180.400295,cycle2_safe,-0.144000,-0.43610,-0.144000,-0.87273,LOW,false,true,false,true,
1805,2026-09-11T21:11:32.974375+00:00,180.500320,cycle2_safe,-0.144000,-0.43610,-0.144000,-0.87273,LOW,false,true,false,true,
1806,2026-09-11T21:11:33.074103+00:00,180.600308,cycle2_safe,-0.144000,-0.43610,-0.144000,-0.87273,LOW,false,true,false,true,
1807,2026-09-11T21:11:33.174965+00:00,180.700679,cycle3_permit,-0.144000,-0.43610,-0.144000,-0.87273,LOW,false,true,false,true,mark:cycle3_permit
1808,2026-09-11T21:11:33.274979+00:00,180.800717,cycle3_permit,-0.144000,-0.43610,-0.144000,-0.87273,LOW,false,false,false,false,operator_safe
1809,2026-09-11T21:11:33.374343+00:00,180.900393,cycle3_permit,-0.144000,-0.43610,-0.144000,-0.87273,LOW,false,false,false,false,
1810,2026-09-11T21:11:33.474378+00:00,181.000406,cycle3_permit,-0.144000,-0.43610,-0.144000,-0.87273,LOW,false,false,false,false,
1811,2026-09-11T21:11:33.574265+00:00,181.100383,cycle3_permit,-0.144000,-0.43610,-0.144000,-0.87273,LOW,false,false,false,false,
1812,2026-09-11T21:11:33.674676+00:00,181.200440,cycle3_permit,-0.144000,-0.43610,-0.144000,-0.87273,LOW,false,false,false,false,
1813,2026-09-11T21:11:33.774646+00:00,181.300418,cycle3_permit,-0.144000,-0.43610,-0.144000,-0.87273,LOW,false,false,false,false,
1814,2026-09-11T21:11:33.874349+00:00,181.400404,cycle3_permit,-0.144000,-0.43610,-0.144000,-0.87273,LOW,false,false,false,false,
1815,2026-09-11T21:11:33.974672+00:00,181.500433,cycle3_permit,-0.144000,-0.43610,-0.144000,-0.87273,LOW,false,false,false,false,
1816,2026-09-11T21:11:34.074355+00:00,181.600401,cycle3_permit,-0.144000,-0.43610,-0.144000,-0.87273,LOW,false,false,false,false,
1817,2026-09-11T21:11:34.174686+00:00,181.700438,cycle3_permit,-0.144000,-0.43610,-0.144000,-0.87273,LOW,false,false,false,false,
1818,2026-09-11T21:11:34.274383+00:00,181.800396,cycle3_permit,-0.144000,-0.43610,-0.144000,-0.87273,LOW,false,false,false,false,
1819,2026-09-11T21:11:34.374646+00:00,181.900428,cycle3_permit,-0.142000,-0.43004,-0.144000,-0.87273,LOW,false,false,false,false,
1820,2026-09-11T21:11:34.474628+00:00,182.000417,cycle3_permit,-0.144000,-0.43610,-0.144000,-0.87273,LOW,false,false,false,false,
1821,2026-09-11T21:11:34.574634+00:00,182.100418,cycle3_permit,-0.142000,-0.43004,-0.144000,-0.87273,LOW,false,false,false,false,
1822,2026-09-11T21:11:34.674299+00:00,182.200394,cycle3_permit,-0.144000,-0.43610,-0.146000,-0.88485,LOW,false,false,false,false,
1823,2026-09-11T21:11:34.774275+00:00,182.300374,cycle3_permit,-0.144000,-0.43610,-0.144000,-0.87273,LOW,false,false,false,false,
1824,2026-09-11T21:11:34.874601+00:00,182.400418,cycle3_permit,-0.142000,-0.43004,-0.144000,-0.87273,LOW,false,false,false,false,
1825,2026-09-11T21:11:34.974302+00:00,182.500394,cycle3_permit,-0.144000,-0.43610,-0.142000,-0.86061,LOW,false,false,false,false,
1826,2026-09-11T21:11:35.074341+00:00,182.600393,cycle3_permit,-0.144000,-0.43610,-0.144000,-0.87273,LOW,false,false,false,false,
1827,2026-09-11T21:11:35.174639+00:00,182.700423,cycle3_permit,-0.142000,-0.43004,-0.146000,-0.88485,LOW,false,false,false,false,
1828,2026-09-11T21:11:35.274303+00:00,182.800395,cycle3_permit,-0.144000,-0.43610,-0.144000,-0.87273,LOW,false,false,false,false,
1829,2026-09-11T21:11:35.374638+00:00,182.900420,cycle3_permit,-0.144000,-0.43610,-0.144000,-0.87273,LOW,false,false,false,false,
1830,2026-09-11T21:11:35.474354+00:00,183.000382,cycle3_permit,-0.146000,-0.44216,-0.142000,-0.86061,LOW,false,false,false,false,
1831,2026-09-11T21:11:35.574307+00:00,183.100396,cycle3_permit,-0.144000,-0.43610,-0.142000,-0.86061,LOW,false,false,false,false,
1832,2026-09-11T21:11:35.674519+00:00,183.200398,cycle3_permit,-0.144000,-0.43610,-0.144000,-0.87273,LOW,false,false,false,false,
1833,2026-09-11T21:11:35.774086+00:00,183.300306,cycle3_permit,-0.144000,-0.43610,-0.146000,-0.88485,LOW,false,false,false,false,
1834,2026-09-11T21:11:35.874374+00:00,183.400316,cycle3_permit,-0.140000,-0.42399,-0.138000,-0.83636,LOW,false,false,false,false,
1835,2026-09-11T21:11:35.974075+00:00,183.500290,cycle3_permit,-0.138000,-0.41793,-0.146000,-0.88485,LOW,false,false,false,false,
1836,2026-09-11T21:11:36.074514+00:00,183.600386,cycle3_permit,-0.142000,-0.43004,-0.146000,-0.88485,LOW,false,false,false,false,
1837,2026-09-11T21:11:36.174073+00:00,183.700298,cycle3_permit,-0.146000,-0.44216,-0.148000,-0.89697,LOW,false,false,false,false,
1838,2026-09-11T21:11:36.274362+00:00,183.800310,cycle3_permit,-0.138000,-0.41793,-0.140000,-0.84848,LOW,false,false,false,false,
1839,2026-09-11T21:11:36.374076+00:00,183.900290,cycle3_permit,-0.144000,-0.43610,-0.144000,-0.87273,LOW,false,false,false,false,
1840,2026-09-11T21:11:36.474377+00:00,184.000315,cycle3_permit,-0.144000,-0.43610,-0.140000,-0.84848,LOW,false,false,false,false,
1841,2026-09-11T21:11:36.574068+00:00,184.100286,cycle3_permit,-0.140000,-0.42399,-0.138000,-0.83636,LOW,false,false,false,false,
1842,2026-09-11T21:11:36.674366+00:00,184.200310,cycle3_permit,-0.144000,-0.43610,-0.142000,-0.86061,LOW,false,false,false,false,
1843,2026-09-11T21:11:36.774068+00:00,184.300287,cycle3_permit,-0.140000,-0.42399,-0.146000,-0.88485,LOW,false,false,false,false,
1844,2026-09-11T21:11:36.874558+00:00,184.400418,cycle3_permit,-0.144000,-0.43610,-0.144000,-0.87273,LOW,false,false,false,false,
1845,2026-09-11T21:11:36.974097+00:00,184.500311,cycle3_permit,-0.146000,-0.44216,-0.144000,-0.87273,LOW,false,false,false,false,
1846,2026-09-11T21:11:37.074366+00:00,184.600316,cycle3_permit,-0.142000,-0.43004,-0.144000,-0.87273,LOW,false,false,false,false,
1847,2026-09-11T21:11:37.174060+00:00,184.700283,cycle3_permit,-0.140000,-0.42399,-0.148000,-0.89697,LOW,false,false,false,false,
1848,2026-09-11T21:11:37.274355+00:00,184.800304,cycle3_permit,-0.146000,-0.44216,-0.138000,-0.83636,LOW,false,false,false,false,
1849,2026-09-11T21:11:37.374071+00:00,184.900286,cycle3_permit,-0.144000,-0.43610,-0.144000,-0.87273,LOW,false,false,false,false,
1850,2026-09-11T21:11:37.474359+00:00,185.000311,cycle3_permit,-0.144000,-0.43610,-0.144000,-0.87273,LOW,false,false,false,false,
1851,2026-09-11T21:11:37.574061+00:00,185.100281,cycle3_permit,-0.144000,-0.43610,-0.142000,-0.86061,LOW,false,false,false,false,
1852,2026-09-11T21:11:37.674371+00:00,185.200310,cycle3_permit,-0.144000,-0.43610,-0.144000,-0.87273,LOW,false,false,false,false,
1853,2026-09-11T21:11:37.774063+00:00,185.300285,cycle3_permit,-0.140000,-0.42399,-0.140000,-0.84848,LOW,false,false,false,false,
1854,2026-09-11T21:11:37.874358+00:00,185.400309,cycle3_permit,-0.144000,-0.43610,-0.144000,-0.87273,LOW,false,false,false,false,
1855,2026-09-11T21:11:37.974064+00:00,185.500281,cycle3_permit,-0.144000,-0.43610,-0.144000,-0.87273,LOW,false,false,false,false,
1856,2026-09-11T21:11:38.074364+00:00,185.600310,cycle3_permit,-0.140000,-0.42399,-0.144000,-0.87273,LOW,false,false,false,false,
1857,2026-09-11T21:11:38.174065+00:00,185.700283,cycle3_permit,-0.144000,-0.43610,-0.142000,-0.86061,LOW,false,false,false,false,
1858,2026-09-11T21:11:38.274355+00:00,185.800306,cycle3_permit,-0.140000,-0.42399,-0.146000,-0.88485,LOW,false,false,false,false,
1859,2026-09-11T21:11:38.374068+00:00,185.900285,cycle3_permit,-0.146000,-0.44216,-0.146000,-0.88485,LOW,false,false,false,false,
1860,2026-09-11T21:11:38.474375+00:00,186.000313,cycle3_permit,-0.144000,-0.43610,-0.140000,-0.84848,LOW,false,false,false,false,
1861,2026-09-11T21:11:38.574290+00:00,186.100422,cycle3_permit,-0.146000,-0.44216,-0.144000,-0.87273,LOW,false,false,false,false,
1862,2026-09-11T21:11:38.674398+00:00,186.200339,cycle3_permit,-0.144000,-0.43610,-0.144000,-0.87273,LOW,false,false,false,false,
1863,2026-09-11T21:11:38.774070+00:00,186.300289,cycle3_permit,-0.146000,-0.44216,-0.144000,-0.87273,LOW,false,false,false,false,
1864,2026-09-11T21:11:38.874358+00:00,186.400311,cycle3_permit,-0.144000,-0.43610,-0.140000,-0.84848,LOW,false,false,false,false,
1865,2026-09-11T21:11:38.974057+00:00,186.500280,cycle3_permit,-0.146000,-0.44216,-0.144000,-0.87273,LOW,false,false,false,false,
1866,2026-09-11T21:11:39.074378+00:00,186.600318,cycle3_permit,-0.142000,-0.43004,-0.144000,-0.87273,LOW,false,false,false,false,
1867,2026-09-11T21:11:39.174060+00:00,186.700282,cycle3_permit,-0.144000,-0.43610,-0.144000,-0.87273,LOW,false,false,false,false,
1868,2026-09-11T21:11:39.274362+00:00,186.800311,cycle3_permit,-0.144000,-0.43610,-0.148000,-0.89697,LOW,false,false,false,false,
1869,2026-09-11T21:11:39.374061+00:00,186.900283,cycle3_permit,-0.142000,-0.43004,-0.140000,-0.84848,LOW,false,false,false,false,
1870,2026-09-11T21:11:39.474374+00:00,187.000310,cycle3_permit,-0.146000,-0.44216,-0.146000,-0.88485,LOW,false,false,false,false,
1871,2026-09-11T21:11:39.574260+00:00,187.100402,cycle3_permit,-0.144000,-0.43610,-0.144000,-0.87273,LOW,false,false,false,false,
1872,2026-09-11T21:11:39.674384+00:00,187.200326,cycle3_permit,-0.144000,-0.43610,-0.146000,-0.88485,LOW,false,false,false,false,
1873,2026-09-11T21:11:39.774129+00:00,187.300315,cycle3_permit,-0.142000,-0.43004,-0.144000,-0.87273,LOW,false,false,false,false,
1874,2026-09-11T21:11:39.874385+00:00,187.400330,cycle3_permit,-0.144000,-0.43610,-0.146000,-0.88485,LOW,false,false,false,false,
1875,2026-09-11T21:11:39.974122+00:00,187.500316,cycle3_permit,-0.140000,-0.42399,-0.136000,-0.82424,LOW,false,false,false,false,
1876,2026-09-11T21:11:40.074372+00:00,187.600320,cycle3_permit,-0.142000,-0.43004,-0.140000,-0.84848,LOW,false,false,false,false,
1877,2026-09-11T21:11:40.174065+00:00,187.700287,cycle3_permit,-0.144000,-0.43610,-0.140000,-0.84848,LOW,false,false,false,false,
1878,2026-09-11T21:11:40.274348+00:00,187.800303,cycle3_permit,-0.144000,-0.43610,-0.144000,-0.87273,LOW,false,false,false,false,
1879,2026-09-11T21:11:40.374062+00:00,187.900284,cycle3_permit,-0.144000,-0.43610,-0.144000,-0.87273,LOW,false,false,false,false,
1880,2026-09-11T21:11:40.474354+00:00,188.000308,cycle3_permit,-0.144000,-0.43610,-0.144000,-0.87273,LOW,false,false,false,false,
1881,2026-09-11T21:11:40.574061+00:00,188.100283,cycle3_permit,-0.144000,-0.43610,-0.144000,-0.87273,LOW,false,false,false,false,
1882,2026-09-11T21:11:40.674370+00:00,188.200311,cycle3_permit,-0.144000,-0.43610,-0.144000,-0.87273,LOW,false,false,false,false,
1883,2026-09-11T21:11:40.774064+00:00,188.300288,cycle3_permit,-0.144000,-0.43610,-0.144000,-0.87273,LOW,false,false,false,false,
1884,2026-09-11T21:11:40.874362+00:00,188.400311,cycle3_permit,-0.144000,-0.43610,-0.144000,-0.87273,LOW,false,false,false,false,
1885,2026-09-11T21:11:40.974064+00:00,188.500282,cycle3_permit,-0.144000,-0.43610,-0.144000,-0.87273,LOW,false,false,false,false,
1886,2026-09-11T21:11:41.074380+00:00,188.600315,cycle3_permit,-0.146000,-0.44216,-0.138000,-0.83636,LOW,false,false,false,false,
1887,2026-09-11T21:11:41.174522+00:00,188.700390,cycle3_permit,-0.138000,-0.41793,-0.144000,-0.87273,LOW,false,false,false,false,
1888,2026-09-11T21:11:41.274083+00:00,188.800297,cycle3_permit,-0.144000,-0.43610,-0.144000,-0.87273,LOW,false,false,false,false,
1889,2026-09-11T21:11:41.374368+00:00,188.900309,cycle3_permit,-0.140000,-0.42399,-0.136000,-0.82424,LOW,false,false,false,false,
1890,2026-09-11T21:11:41.474064+00:00,189.000283,cycle3_permit,-0.140000,-0.42399,-0.146000,-0.88485,LOW,false,false,false,false,
1891,2026-09-11T21:11:41.574365+00:00,189.100307,cycle3_permit,-0.146000,-0.44216,-0.144000,-0.87273,LOW,false,false,false,false,
1892,2026-09-11T21:11:41.674054+00:00,189.200278,cycle3_permit,-0.144000,-0.43610,-0.138000,-0.83636,LOW,false,false,false,false,
1893,2026-09-11T21:11:41.774366+00:00,189.300306,cycle3_permit,-0.144000,-0.43610,-0.142000,-0.86061,LOW,false,false,false,false,
1894,2026-09-11T21:11:41.874074+00:00,189.400286,cycle3_permit,-0.146000,-0.44216,-0.144000,-0.87273,LOW,false,false,false,false,
1895,2026-09-11T21:11:41.974376+00:00,189.500313,cycle3_permit,-0.144000,-0.43610,-0.144000,-0.87273,LOW,false,false,false,false,
1896,2026-09-11T21:11:42.074129+00:00,189.600308,cycle3_permit,-0.144000,-0.43610,-0.146000,-0.88485,LOW,false,false,false,false,
1897,2026-09-11T21:11:42.174346+00:00,189.700287,cycle3_permit,-0.144000,-0.43610,-0.140000,-0.84848,LOW,false,false,false,false,
1898,2026-09-11T21:11:42.274151+00:00,189.800309,cycle3_permit,-0.140000,-0.42399,-0.144000,-0.87273,LOW,false,false,false,false,
1899,2026-09-11T21:11:42.374267+00:00,189.900277,cycle3_permit,-0.144000,-0.43610,-0.142000,-0.86061,LOW,false,false,false,false,
1900,2026-09-11T21:11:42.474248+00:00,190.000402,cycle3_permit,-0.144000,-0.43610,-0.146000,-0.88485,LOW,false,false,false,false,
1901,2026-09-11T21:11:42.574262+00:00,190.100274,cycle3_permit,-0.140000,-0.42399,-0.146000,-0.88485,LOW,false,false,false,false,
1902,2026-09-11T21:11:42.674234+00:00,190.200312,cycle3_permit,-0.144000,-0.43610,-0.140000,-0.84848,LOW,false,false,false,false,
1903,2026-09-11T21:11:42.774253+00:00,190.300275,cycle3_permit,-0.140000,-0.42399,-0.146000,-0.88485,LOW,false,false,false,false,
1904,2026-09-11T21:11:42.874153+00:00,190.400311,cycle3_permit,-0.144000,-0.43610,-0.142000,-0.86061,LOW,false,false,false,false,
1905,2026-09-11T21:11:42.974266+00:00,190.500277,cycle3_permit,-0.148000,-0.44821,-0.144000,-0.87273,LOW,false,false,false,false,
1906,2026-09-11T21:11:43.074173+00:00,190.600312,cycle3_permit,-0.144000,-0.43610,-0.144000,-0.87273,LOW,false,false,false,false,
1907,2026-09-11T21:11:43.174275+00:00,190.700290,cycle3_permit,-0.142000,-0.43004,-0.144000,-0.87273,LOW,false,false,false,false,
1908,2026-09-11T21:11:43.274146+00:00,190.800311,cycle3_permit,-0.144000,-0.43610,-0.144000,-0.87273,LOW,false,false,false,false,
1909,2026-09-11T21:11:43.374260+00:00,190.900278,cycle3_permit,-0.144000,-0.43610,-0.142000,-0.86061,LOW,false,false,false,false,
1910,2026-09-11T21:11:43.474140+00:00,191.000306,cycle3_permit,-0.146000,-0.44216,-0.144000,-0.87273,LOW,false,false,false,false,
1911,2026-09-11T21:11:43.574376+00:00,191.100329,cycle3_permit,-0.146000,-0.44216,-0.138000,-0.83636,LOW,false,false,false,false,
1912,2026-09-11T21:11:43.674161+00:00,191.200320,cycle3_permit,-0.144000,-0.43610,-0.144000,-0.87273,LOW,false,false,false,false,
1913,2026-09-11T21:11:43.774281+00:00,191.300280,cycle3_permit,-0.144000,-0.43610,-0.146000,-0.88485,LOW,false,false,false,false,
1914,2026-09-11T21:11:43.874138+00:00,191.400311,cycle3_permit,-0.146000,-0.44216,-0.144000,-0.87273,LOW,false,false,false,false,
1915,2026-09-11T21:11:43.974273+00:00,191.500281,cycle3_permit,-0.138000,-0.41793,-0.136000,-0.82424,LOW,false,false,false,false,
1916,2026-09-11T21:11:44.074137+00:00,191.600308,cycle3_permit,-0.148000,-0.44821,-0.138000,-0.83636,LOW,false,false,false,false,
1917,2026-09-11T21:11:44.174281+00:00,191.700285,cycle3_permit,-0.138000,-0.41793,-0.140000,-0.84848,LOW,false,false,false,false,
1918,2026-09-11T21:11:44.274170+00:00,191.800309,cycle3_permit,-0.144000,-0.43610,-0.146000,-0.88485,LOW,false,false,false,false,
1919,2026-09-11T21:11:44.374254+00:00,191.900277,cycle3_permit,-0.142000,-0.43004,-0.144000,-0.87273,LOW,false,false,false,false,
1920,2026-09-11T21:11:44.474224+00:00,192.000306,cycle3_permit,-0.144000,-0.43610,-0.142000,-0.86061,LOW,false,false,false,false,
1921,2026-09-11T21:11:44.574293+00:00,192.100420,cycle3_permit,-0.144000,-0.43610,-0.142000,-0.86061,LOW,false,false,false,false,
1922,2026-09-11T21:11:44.674190+00:00,192.200306,cycle3_permit,-0.136000,-0.41187,-0.144000,-0.87273,LOW,false,false,false,false,
1923,2026-09-11T21:11:44.774374+00:00,192.300311,cycle3_permit,-0.138000,-0.41793,-0.146000,-0.88485,LOW,false,false,false,false,
1924,2026-09-11T21:11:44.874123+00:00,192.400279,cycle3_permit,-0.144000,-0.43610,-0.144000,-0.87273,LOW,false,false,false,false,
1925,2026-09-11T21:11:44.974285+00:00,192.500311,cycle3_permit,-0.142000,-0.43004,-0.144000,-0.87273,LOW,false,false,false,false,
1926,2026-09-11T21:11:45.074207+00:00,192.600278,cycle3_permit,-0.146000,-0.44216,-0.144000,-0.87273,LOW,false,false,false,false,
1927,2026-09-11T21:11:45.174300+00:00,192.700315,cycle3_permit,-0.148000,-0.44821,-0.142000,-0.86061,LOW,false,false,false,false,
1928,2026-09-11T21:11:45.274118+00:00,192.800279,cycle3_permit,-0.142000,-0.43004,-0.146000,-0.88485,LOW,false,false,false,false,
1929,2026-09-11T21:11:45.374291+00:00,192.900311,cycle3_permit,-0.148000,-0.44821,-0.144000,-0.87273,LOW,false,false,false,false,
1930,2026-09-11T21:11:45.474206+00:00,193.000313,cycle3_permit,-0.142000,-0.43004,-0.142000,-0.86061,LOW,false,false,false,false,
1931,2026-09-11T21:11:45.574290+00:00,193.100316,cycle3_permit,-0.146000,-0.44216,-0.148000,-0.89697,LOW,false,false,false,false,
1932,2026-09-11T21:11:45.674126+00:00,193.200281,cycle3_permit,-0.144000,-0.43610,-0.140000,-0.84848,LOW,false,false,false,false,
1933,2026-09-11T21:11:45.774347+00:00,193.300337,cycle3_permit,-0.144000,-0.43610,-0.142000,-0.86061,LOW,false,false,false,false,
1934,2026-09-11T21:11:45.874144+00:00,193.400288,cycle3_permit,-0.146000,-0.44216,-0.144000,-0.87273,LOW,false,false,false,false,
1935,2026-09-11T21:11:45.974470+00:00,193.500410,cycle3_permit,-0.144000,-0.43610,-0.146000,-0.88485,LOW,false,false,false,false,
1936,2026-09-11T21:11:46.074159+00:00,193.600301,cycle3_permit,-0.144000,-0.43610,-0.144000,-0.87273,LOW,false,false,false,false,
1937,2026-09-11T21:11:46.174292+00:00,193.700316,cycle3_permit,-0.144000,-0.43610,-0.144000,-0.87273,LOW,false,false,false,false,
1938,2026-09-11T21:11:46.274302+00:00,193.800367,cycle3_permit,-0.144000,-0.43610,-0.142000,-0.86061,LOW,false,false,false,false,
1939,2026-09-11T21:11:46.374313+00:00,193.900328,cycle3_permit,-0.140000,-0.42399,-0.142000,-0.86061,LOW,false,false,false,false,
1940,2026-09-11T21:11:46.474133+00:00,194.000282,cycle3_permit,-0.144000,-0.43610,-0.142000,-0.86061,LOW,false,false,false,false,
1941,2026-09-11T21:11:46.574289+00:00,194.100308,cycle3_permit,-0.146000,-0.44216,-0.144000,-0.87273,LOW,false,false,false,false,
1942,2026-09-11T21:11:46.674137+00:00,194.200283,cycle3_permit,-0.142000,-0.43004,-0.144000,-0.87273,LOW,false,false,false,false,
1943,2026-09-11T21:11:46.774333+00:00,194.300309,cycle3_permit,-0.144000,-0.43610,-0.142000,-0.86061,LOW,false,false,false,false,
1944,2026-09-11T21:11:46.874073+00:00,194.400278,cycle3_permit,-0.148000,-0.44821,-0.148000,-0.89697,LOW,false,false,false,false,
1945,2026-09-11T21:11:46.974373+00:00,194.500316,cycle3_permit,-0.142000,-0.43004,-0.144000,-0.87273,LOW,false,false,false,false,
1946,2026-09-11T21:11:47.074202+00:00,194.600288,cycle3_permit,-0.142000,-0.43004,-0.144000,-0.87273,LOW,false,false,false,false,
1947,2026-09-11T21:11:47.174408+00:00,194.700341,cycle3_permit,-0.148000,-0.44821,-0.142000,-0.86061,LOW,false,false,false,false,
1948,2026-09-11T21:11:47.274074+00:00,194.800295,cycle3_permit,-0.148000,-0.44821,-0.148000,-0.89697,LOW,false,false,false,false,
1949,2026-09-11T21:11:47.374452+00:00,194.900317,cycle3_permit,-0.144000,-0.43610,-0.144000,-0.87273,LOW,false,false,false,false,
1950,2026-09-11T21:11:47.474053+00:00,195.000283,cycle3_permit,-0.142000,-0.43004,-0.144000,-0.87273,LOW,false,false,false,false,
1951,2026-09-11T21:11:47.574405+00:00,195.100333,cycle3_permit,-0.140000,-0.42399,-0.144000,-0.87273,LOW,false,false,false,false,
1952,2026-09-11T21:11:47.674062+00:00,195.200288,cycle3_permit,-0.136000,-0.41187,-0.146000,-0.88485,LOW,false,false,false,false,
1953,2026-09-11T21:11:47.774361+00:00,195.300308,cycle3_permit,-0.138000,-0.41793,-0.138000,-0.83636,LOW,false,false,false,false,
1954,2026-09-11T21:11:47.874061+00:00,195.400284,cycle3_permit,-0.144000,-0.43610,-0.142000,-0.86061,LOW,false,false,false,false,
1955,2026-09-11T21:11:47.974378+00:00,195.500314,cycle3_permit,-0.138000,-0.41793,-0.146000,-0.88485,LOW,false,false,false,false,
1956,2026-09-11T21:11:48.074072+00:00,195.600291,cycle3_permit,-0.144000,-0.43610,-0.144000,-0.87273,LOW,false,false,false,false,
1957,2026-09-11T21:11:48.174356+00:00,195.700308,cycle3_permit,-0.144000,-0.43610,-0.146000,-0.88485,LOW,false,false,false,false,
1958,2026-09-11T21:11:48.274069+00:00,195.800290,cycle3_permit,-0.144000,-0.43610,-0.144000,-0.87273,LOW,false,false,false,false,
1959,2026-09-11T21:11:48.374361+00:00,195.900308,cycle3_permit,-0.144000,-0.43610,-0.144000,-0.87273,LOW,false,false,false,false,
1960,2026-09-11T21:11:48.474055+00:00,196.000283,cycle3_permit,-0.144000,-0.43610,-0.142000,-0.86061,LOW,false,false,false,false,
1961,2026-09-11T21:11:48.574350+00:00,196.100307,cycle3_permit,-0.140000,-0.42399,-0.144000,-0.87273,LOW,false,false,false,false,
1962,2026-09-11T21:11:48.674068+00:00,196.200283,cycle3_permit,-0.146000,-0.44216,-0.144000,-0.87273,LOW,false,false,false,false,
1963,2026-09-11T21:11:48.774388+00:00,196.300324,cycle3_permit,-0.144000,-0.43610,-0.144000,-0.87273,LOW,false,false,false,false,
1964,2026-09-11T21:11:48.874075+00:00,196.400286,cycle3_permit,-0.144000,-0.43610,-0.144000,-0.87273,LOW,false,false,false,false,
1965,2026-09-11T21:11:48.974364+00:00,196.500307,cycle3_permit,-0.142000,-0.43004,-0.144000,-0.87273,LOW,false,false,false,false,
1966,2026-09-11T21:11:49.074072+00:00,196.600288,cycle3_permit,-0.144000,-0.43610,-0.144000,-0.87273,LOW,false,false,false,false,
1967,2026-09-11T21:11:49.174363+00:00,196.700305,cycle3_permit,-0.144000,-0.43610,-0.146000,-0.88485,LOW,false,false,false,false,
1968,2026-09-11T21:11:49.274068+00:00,196.800286,cycle3_permit,-0.144000,-0.43610,-0.142000,-0.86061,LOW,false,false,false,false,
1969,2026-09-11T21:11:49.374378+00:00,196.900315,cycle3_permit,-0.140000,-0.42399,-0.144000,-0.87273,LOW,false,false,false,false,
1970,2026-09-11T21:11:49.474056+00:00,197.000279,cycle3_permit,-0.146000,-0.44216,-0.144000,-0.87273,LOW,false,false,false,false,
1971,2026-09-11T21:11:49.574362+00:00,197.100305,cycle3_permit,-0.144000,-0.43610,-0.146000,-0.88485,LOW,false,false,false,false,
1972,2026-09-11T21:11:49.674058+00:00,197.200280,cycle3_permit,-0.144000,-0.43610,-0.144000,-0.87273,LOW,false,false,false,false,
1973,2026-09-11T21:11:49.774361+00:00,197.300308,cycle3_permit,-0.142000,-0.43004,-0.144000,-0.87273,LOW,false,false,false,false,
1974,2026-09-11T21:11:49.874055+00:00,197.400280,cycle3_permit,-0.144000,-0.43610,-0.144000,-0.87273,LOW,false,false,false,false,
1975,2026-09-11T21:11:49.974366+00:00,197.500309,cycle3_permit,-0.144000,-0.43610,-0.144000,-0.87273,LOW,false,false,false,false,
1976,2026-09-11T21:11:50.074079+00:00,197.600289,cycle3_permit,-0.144000,-0.43610,-0.142000,-0.86061,LOW,false,false,false,false,
1977,2026-09-11T21:11:50.174365+00:00,197.700307,cycle3_permit,-0.146000,-0.44216,-0.144000,-0.87273,LOW,false,false,false,false,
1978,2026-09-11T21:11:50.274065+00:00,197.800281,cycle3_permit,-0.146000,-0.44216,-0.144000,-0.87273,LOW,false,false,false,false,
1979,2026-09-11T21:11:50.374369+00:00,197.900311,cycle3_permit,-0.144000,-0.43610,-0.144000,-0.87273,LOW,false,false,false,false,
1980,2026-09-11T21:11:50.474060+00:00,198.000278,cycle3_permit,-0.144000,-0.43610,-0.144000,-0.87273,LOW,false,false,false,false,
1981,2026-09-11T21:11:50.574607+00:00,198.100461,cycle3_permit,-0.144000,-0.43610,-0.142000,-0.86061,LOW,false,false,false,false,
1982,2026-09-11T21:11:50.674092+00:00,198.200307,cycle3_permit,-0.144000,-0.43610,-0.144000,-0.87273,LOW,false,false,false,false,
1983,2026-09-11T21:11:50.774379+00:00,198.300318,cycle3_permit,-0.146000,-0.44216,-0.144000,-0.87273,LOW,false,false,false,false,
1984,2026-09-11T21:11:50.874050+00:00,198.400282,cycle3_permit,-0.144000,-0.43610,-0.146000,-0.88485,LOW,false,false,false,false,
1985,2026-09-11T21:11:50.974358+00:00,198.500308,cycle3_permit,-0.144000,-0.43610,-0.144000,-0.87273,LOW,false,false,false,false,
1986,2026-09-11T21:11:51.074067+00:00,198.600283,cycle3_permit,-0.144000,-0.43610,-0.142000,-0.86061,LOW,false,false,false,false,
1987,2026-09-11T21:11:51.174371+00:00,198.700313,cycle3_permit,-0.140000,-0.42399,-0.142000,-0.86061,LOW,false,false,false,false,
1988,2026-09-11T21:11:51.274048+00:00,198.800283,cycle3_permit,-0.142000,-0.43004,-0.142000,-0.86061,LOW,false,false,false,false,
1989,2026-09-11T21:11:51.374500+00:00,198.900379,cycle3_permit,-0.144000,-0.43610,-0.140000,-0.84848,LOW,false,false,false,false,
1990,2026-09-11T21:11:51.474068+00:00,199.000296,cycle3_permit,-0.144000,-0.43610,-0.144000,-0.87273,LOW,false,false,false,false,
1991,2026-09-11T21:11:51.574540+00:00,199.100337,cycle3_permit,-0.144000,-0.43610,-0.142000,-0.86061,LOW,false,false,false,false,
1992,2026-09-11T21:11:51.674439+00:00,199.200361,cycle3_permit,-0.144000,-0.43610,-0.140000,-0.84848,LOW,false,false,false,false,
1993,2026-09-11T21:11:51.774071+00:00,199.300295,cycle3_permit,-0.138000,-0.41793,-0.138000,-0.83636,LOW,false,false,false,false,
1994,2026-09-11T21:11:51.874370+00:00,199.400310,cycle3_permit,-0.146000,-0.44216,-0.144000,-0.87273,LOW,false,false,false,false,
1995,2026-09-11T21:11:51.974136+00:00,199.500324,cycle3_permit,-0.138000,-0.41793,-0.148000,-0.89697,LOW,false,false,false,false,
1996,2026-09-11T21:11:52.074370+00:00,199.600317,cycle3_permit,-0.146000,-0.44216,-0.140000,-0.84848,LOW,false,false,false,false,
1997,2026-09-11T21:11:52.174070+00:00,199.700289,cycle3_permit,-0.144000,-0.43610,-0.144000,-0.87273,LOW,false,false,false,false,
1998,2026-09-11T21:11:52.274386+00:00,199.800323,cycle3_permit,-0.144000,-0.43610,-0.144000,-0.87273,LOW,false,false,false,false,
1999,2026-09-11T21:11:52.374071+00:00,199.900289,cycle3_permit,-0.144000,-0.43610,-0.142000,-0.86061,LOW,false,false,false,false,
2000,2026-09-11T21:11:52.474381+00:00,200.000317,cycle3_permit,-0.140000,-0.42399,-0.148000,-0.89697,LOW,false,false,false,false,
2001,2026-09-11T21:11:52.574057+00:00,200.100280,cycle3_permit,-0.140000,-0.42399,-0.146000,-0.88485,LOW,false,false,false,false,
2002,2026-09-11T21:11:52.674369+00:00,200.200309,cycle3_permit,-0.144000,-0.43610,-0.144000,-0.87273,LOW,false,false,false,false,
2003,2026-09-11T21:11:52.774060+00:00,200.300282,cycle3_permit,-0.144000,-0.43610,-0.142000,-0.86061,LOW,false,false,false,false,
2004,2026-09-11T21:11:52.874370+00:00,200.400311,cycle3_permit,-0.144000,-0.43610,-0.144000,-0.87273,LOW,false,false,false,false,
2005,2026-09-11T21:11:52.974283+00:00,200.500407,cycle3_permit,-0.144000,-0.43610,-0.144000,-0.87273,LOW,false,false,false,false,
2006,2026-09-11T21:11:53.074401+00:00,200.600340,cycle3_permit,-0.146000,-0.44216,-0.144000,-0.87273,LOW,false,false,false,false,
2007,2026-09-11T21:11:53.174083+00:00,200.700299,cycle3_permit,-0.144000,-0.43610,-0.144000,-0.87273,LOW,false,false,false,false,
2008,2026-09-11T21:11:53.274367+00:00,200.800314,cycle3_permit,-0.144000,-0.43610,-0.144000,-0.87273,LOW,false,false,false,false,
2009,2026-09-11T21:11:53.374074+00:00,200.900292,cycle3_permit,-0.144000,-0.43610,-0.140000,-0.84848,LOW,false,false,false,false,
2010,2026-09-11T21:11:53.474358+00:00,201.000308,cycle3_permit,-0.144000,-0.43610,-0.144000,-0.87273,LOW,false,false,false,false,
2011,2026-09-11T21:11:53.574056+00:00,201.100282,cycle3_permit,-0.144000,-0.43610,-0.142000,-0.86061,LOW,false,false,false,false,
2012,2026-09-11T21:11:53.674344+00:00,201.200302,cycle3_permit,-0.144000,-0.43610,-0.146000,-0.88485,LOW,false,false,false,false,
2013,2026-09-11T21:11:53.774094+00:00,201.300296,cycle3_permit,-0.148000,-0.44821,-0.146000,-0.88485,LOW,false,false,false,false,
2014,2026-09-11T21:11:53.874050+00:00,201.400282,cycle3_permit,-0.144000,-0.43610,-0.142000,-0.86061,LOW,false,false,false,false,
2015,2026-09-11T21:11:53.974346+00:00,201.500305,cycle3_permit,-0.144000,-0.43610,-0.144000,-0.87273,LOW,false,false,false,false,
2016,2026-09-11T21:11:54.074054+00:00,201.600279,cycle3_permit,-0.144000,-0.43610,-0.144000,-0.87273,LOW,false,false,false,false,
2017,2026-09-11T21:11:54.174367+00:00,201.700308,cycle3_permit,-0.144000,-0.43610,-0.142000,-0.86061,LOW,false,false,false,false,
2018,2026-09-11T21:11:54.274049+00:00,201.800281,cycle3_permit,-0.146000,-0.44216,-0.144000,-0.87273,LOW,false,false,false,false,
2019,2026-09-11T21:11:54.374374+00:00,201.900310,cycle3_permit,-0.144000,-0.43610,-0.144000,-0.87273,LOW,false,false,false,false,
2020,2026-09-11T21:11:54.474058+00:00,202.000283,cycle3_permit,-0.144000,-0.43610,-0.146000,-0.88485,LOW,false,false,false,false,
2021,2026-09-11T21:11:54.574368+00:00,202.100308,cycle3_permit,-0.136000,-0.41187,-0.144000,-0.87273,LOW,false,false,false,false,
2022,2026-09-11T21:11:54.674051+00:00,202.200280,cycle3_permit,-0.144000,-0.43610,-0.144000,-0.87273,LOW,false,false,false,false,
2023,2026-09-11T21:11:54.774426+00:00,202.300330,cycle3_permit,-0.144000,-0.43610,-0.144000,-0.87273,LOW,false,false,false,false,
2024,2026-09-11T21:11:54.874072+00:00,202.400287,cycle3_permit,-0.144000,-0.43610,-0.144000,-0.87273,LOW,false,false,false,false,
2025,2026-09-11T21:11:54.974364+00:00,202.500311,cycle3_permit,-0.144000,-0.43610,-0.144000,-0.87273,LOW,false,false,false,false,
2026,2026-09-11T21:11:55.074062+00:00,202.600280,cycle3_permit,-0.146000,-0.44216,-0.144000,-0.87273,LOW,false,false,false,false,
2027,2026-09-11T21:11:55.174366+00:00,202.700309,cycle3_permit,-0.144000,-0.43610,-0.144000,-0.87273,LOW,false,false,false,false,
2028,2026-09-11T21:11:55.274059+00:00,202.800280,cycle3_permit,-0.146000,-0.44216,-0.142000,-0.86061,LOW,false,false,false,false,
2029,2026-09-11T21:11:55.374373+00:00,202.900314,cycle3_permit,-0.142000,-0.43004,-0.144000,-0.87273,LOW,false,false,false,false,
2030,2026-09-11T21:11:55.474068+00:00,203.000287,cycle3_permit,-0.144000,-0.43610,-0.142000,-0.86061,LOW,false,false,false,false,
2031,2026-09-11T21:11:55.574432+00:00,203.100335,cycle3_permit,-0.144000,-0.43610,-0.142000,-0.86061,LOW,false,false,false,false,
2032,2026-09-11T21:11:55.674386+00:00,203.200322,cycle3_permit,-0.144000,-0.43610,-0.144000,-0.87273,LOW,false,false,false,false,
2033,2026-09-11T21:11:55.774058+00:00,203.300281,cycle3_permit,-0.140000,-0.42399,-0.140000,-0.84848,LOW,false,false,false,false,
2034,2026-09-11T21:11:55.874363+00:00,203.400307,cycle3_permit,-0.144000,-0.43610,-0.144000,-0.87273,LOW,false,false,false,false,
2035,2026-09-11T21:11:55.974062+00:00,203.500284,cycle3_permit,-0.140000,-0.42399,-0.144000,-0.87273,LOW,false,false,false,false,
2036,2026-09-11T21:11:56.074379+00:00,203.600316,cycle3_permit,-0.144000,-0.43610,-0.144000,-0.87273,LOW,false,false,false,false,
2037,2026-09-11T21:11:56.174063+00:00,203.700283,cycle3_permit,-0.144000,-0.43610,-0.146000,-0.88485,LOW,false,false,false,false,
2038,2026-09-11T21:11:56.274377+00:00,203.800313,cycle3_permit,-0.146000,-0.44216,-0.138000,-0.83636,LOW,false,false,false,false,
2039,2026-09-11T21:11:56.374060+00:00,203.900281,cycle3_permit,-0.146000,-0.44216,-0.146000,-0.88485,LOW,false,false,false,false,
2040,2026-09-11T21:11:56.474523+00:00,204.000388,cycle3_permit,-0.142000,-0.43004,-0.144000,-0.87273,LOW,false,false,false,false,
2041,2026-09-11T21:11:56.574328+00:00,204.100435,cycle3_permit,-0.144000,-0.43610,-0.146000,-0.88485,LOW,false,false,false,false,
2042,2026-09-11T21:11:56.674075+00:00,204.200298,cycle3_permit,-0.144000,-0.43610,-0.144000,-0.87273,LOW,false,false,false,false,
2043,2026-09-11T21:11:56.774375+00:00,204.300316,cycle3_permit,-0.144000,-0.43610,-0.144000,-0.87273,LOW,false,false,false,false,
2044,2026-09-11T21:11:56.874089+00:00,204.400297,cycle3_permit,-0.144000,-0.43610,-0.144000,-0.87273,LOW,false,false,false,false,
2045,2026-09-11T21:11:56.974367+00:00,204.500314,cycle3_permit,-0.144000,-0.43610,-0.144000,-0.87273,LOW,false,false,false,false,
2046,2026-09-11T21:11:57.074058+00:00,204.600276,cycle3_permit,-0.144000,-0.43610,-0.144000,-0.87273,LOW,false,false,false,false,
2047,2026-09-11T21:11:57.174363+00:00,204.700310,cycle3_permit,-0.142000,-0.43004,-0.144000,-0.87273,LOW,false,false,false,false,
2048,2026-09-11T21:11:57.274063+00:00,204.800289,cycle3_permit,-0.144000,-0.43610,-0.146000,-0.88485,LOW,false,false,false,false,
2049,2026-09-11T21:11:57.374370+00:00,204.900312,cycle3_permit,-0.140000,-0.42399,-0.144000,-0.87273,LOW,false,false,false,false,
2050,2026-09-11T21:11:57.474076+00:00,205.000288,cycle3_permit,-0.144000,-0.43610,-0.144000,-0.87273,LOW,false,false,false,false,
2051,2026-09-11T21:11:57.574250+00:00,205.100392,cycle3_permit,-0.144000,-0.43610,-0.144000,-0.87273,LOW,false,false,false,false,
2052,2026-09-11T21:11:57.674389+00:00,205.200328,cycle3_permit,-0.144000,-0.43610,-0.142000,-0.86061,LOW,false,false,false,false,
2053,2026-09-11T21:11:57.774122+00:00,205.300312,cycle3_permit,-0.144000,-0.43610,-0.144000,-0.87273,LOW,false,false,false,false,
2054,2026-09-11T21:11:57.874382+00:00,205.400325,cycle3_permit,-0.148000,-0.44821,-0.138000,-0.83636,LOW,false,false,false,false,
2055,2026-09-11T21:11:57.974111+00:00,205.500310,cycle3_permit,-0.138000,-0.41793,-0.146000,-0.88485,LOW,false,false,false,false,
2056,2026-09-11T21:11:58.074384+00:00,205.600317,cycle3_permit,-0.144000,-0.43610,-0.138000,-0.83636,LOW,false,false,false,false,
2057,2026-09-11T21:11:58.174223+00:00,205.700380,cycle3_permit,-0.138000,-0.41793,-0.144000,-0.87273,LOW,false,false,false,false,
2058,2026-09-11T21:11:58.274385+00:00,205.800328,cycle3_permit,-0.144000,-0.43610,-0.144000,-0.87273,LOW,false,false,false,false,
2059,2026-09-11T21:11:58.374069+00:00,205.900288,cycle3_permit,-0.144000,-0.43610,-0.146000,-0.88485,LOW,false,false,false,false,
2060,2026-09-11T21:11:58.474375+00:00,206.000315,cycle3_permit,-0.144000,-0.43610,-0.144000,-0.87273,LOW,false,false,false,false,
2061,2026-09-11T21:11:58.574061+00:00,206.100289,cycle3_permit,-0.144000,-0.43610,-0.144000,-0.87273,LOW,false,false,false,false,
2062,2026-09-11T21:11:58.674356+00:00,206.200306,cycle3_permit,-0.144000,-0.43610,-0.138000,-0.83636,LOW,false,false,false,false,
2063,2026-09-11T21:11:58.774079+00:00,206.300290,cycle3_permit,-0.148000,-0.44821,-0.140000,-0.84848,LOW,false,false,false,false,
2064,2026-09-11T21:11:58.874406+00:00,206.400325,cycle3_permit,-0.142000,-0.43004,-0.148000,-0.89697,LOW,false,false,false,false,
2065,2026-09-11T21:11:58.974079+00:00,206.500289,cycle3_permit,-0.146000,-0.44216,-0.144000,-0.87273,LOW,false,false,false,false,
2066,2026-09-11T21:11:59.074370+00:00,206.600314,cycle3_permit,-0.144000,-0.43610,-0.144000,-0.87273,LOW,false,false,false,false,
2067,2026-09-11T21:11:59.174057+00:00,206.700280,cycle3_permit,-0.144000,-0.43610,-0.144000,-0.87273,LOW,false,false,false,false,
2068,2026-09-11T21:11:59.274364+00:00,206.800310,cycle3_permit,-0.144000,-0.43610,-0.144000,-0.87273,LOW,false,false,false,false,
2069,2026-09-11T21:11:59.374065+00:00,206.900282,cycle3_permit,-0.144000,-0.43610,-0.144000,-0.87273,LOW,false,false,false,false,
2070,2026-09-11T21:11:59.474382+00:00,207.000314,cycle3_permit,-0.146000,-0.44216,-0.144000,-0.87273,LOW,false,false,false,false,
2071,2026-09-11T21:11:59.574128+00:00,207.100314,cycle3_permit,-0.140000,-0.42399,-0.140000,-0.84848,LOW,false,false,false,false,
2072,2026-09-11T21:11:59.674378+00:00,207.200316,cycle3_permit,-0.148000,-0.44821,-0.144000,-0.87273,LOW,false,false,false,false,
2073,2026-09-11T21:11:59.774165+00:00,207.300299,cycle3_permit,-0.144000,-0.43610,-0.136000,-0.82424,LOW,false,false,false,false,
2074,2026-09-11T21:11:59.874423+00:00,207.400354,cycle3_permit,-0.144000,-0.43610,-0.144000,-0.87273,LOW,false,false,false,false,
2075,2026-09-11T21:11:59.974070+00:00,207.500293,cycle3_permit,-0.144000,-0.43610,-0.144000,-0.87273,LOW,false,false,false,false,
2076,2026-09-11T21:12:00.074361+00:00,207.600314,cycle3_permit,-0.144000,-0.43610,-0.144000,-0.87273,LOW,false,false,false,false,
2077,2026-09-11T21:12:00.174050+00:00,207.700281,cycle3_permit,-0.146000,-0.44216,-0.144000,-0.87273,LOW,false,false,false,false,
2078,2026-09-11T21:12:00.274370+00:00,207.800307,cycle3_permit,-0.144000,-0.43610,-0.142000,-0.86061,LOW,false,false,false,false,
2079,2026-09-11T21:12:00.374075+00:00,207.900291,cycle3_permit,-0.144000,-0.43610,-0.144000,-0.87273,LOW,false,false,false,false,
2080,2026-09-11T21:12:00.474367+00:00,208.000311,cycle3_permit,-0.144000,-0.43610,-0.142000,-0.86061,LOW,false,false,false,false,
2081,2026-09-11T21:12:00.574066+00:00,208.100288,cycle3_permit,-0.140000,-0.42399,-0.144000,-0.87273,LOW,false,false,false,false,
2082,2026-09-11T21:12:00.674355+00:00,208.200312,cycle3_permit,-0.144000,-0.43610,-0.146000,-0.88485,LOW,false,false,false,false,
2083,2026-09-11T21:12:00.774071+00:00,208.300282,cycle3_permit,-0.146000,-0.44216,-0.144000,-0.87273,LOW,false,false,false,false,
2084,2026-09-11T21:12:00.874373+00:00,208.400317,cycle3_permit,-0.146000,-0.44216,-0.146000,-0.88485,LOW,false,false,false,false,
2085,2026-09-11T21:12:00.974056+00:00,208.500281,cycle3_permit,-0.140000,-0.42399,-0.142000,-0.86061,LOW,false,false,false,false,
2086,2026-09-11T21:12:01.074371+00:00,208.600313,cycle3_permit,-0.142000,-0.43004,-0.140000,-0.84848,LOW,false,false,false,false,
2087,2026-09-11T21:12:01.174072+00:00,208.700280,cycle3_permit,-0.144000,-0.43610,-0.144000,-0.87273,LOW,false,false,false,false,
2088,2026-09-11T21:12:01.274363+00:00,208.800306,cycle3_permit,-0.142000,-0.43004,-0.144000,-0.87273,LOW,false,false,false,false,
2089,2026-09-11T21:12:01.374082+00:00,208.900295,cycle3_permit,-0.140000,-0.42399,-0.144000,-0.87273,LOW,false,false,false,false,
2090,2026-09-11T21:12:01.474373+00:00,209.000315,cycle3_permit,-0.144000,-0.43610,-0.144000,-0.87273,LOW,false,false,false,false,
2091,2026-09-11T21:12:01.574199+00:00,209.100353,cycle3_permit,-0.142000,-0.43004,-0.140000,-0.84848,LOW,false,false,false,false,
2092,2026-09-11T21:12:01.674379+00:00,209.200323,cycle3_permit,-0.144000,-0.43610,-0.144000,-0.87273,LOW,false,false,false,false,
2093,2026-09-11T21:12:01.774065+00:00,209.300287,cycle3_permit,-0.144000,-0.43610,-0.146000,-0.88485,LOW,false,false,false,false,
2094,2026-09-11T21:12:01.874377+00:00,209.400316,cycle3_permit,-0.144000,-0.43610,-0.142000,-0.86061,LOW,false,false,false,false,
2095,2026-09-11T21:12:01.974071+00:00,209.500287,cycle3_permit,-0.144000,-0.43610,-0.146000,-0.88485,LOW,false,false,false,false,
2096,2026-09-11T21:12:02.074363+00:00,209.600311,cycle3_permit,-0.144000,-0.43610,-0.142000,-0.86061,LOW,false,false,false,false,
2097,2026-09-11T21:12:02.174069+00:00,209.700281,cycle3_permit,-0.146000,-0.44216,-0.140000,-0.84848,LOW,false,false,false,false,
2098,2026-09-11T21:12:02.274355+00:00,209.800301,cycle3_permit,-0.146000,-0.44216,-0.144000,-0.87273,LOW,false,false,false,false,
2099,2026-09-11T21:12:02.374152+00:00,209.900307,cycle3_permit,-0.142000,-0.43004,-0.146000,-0.88485,LOW,false,false,false,false,
2100,2026-09-11T21:12:02.474309+00:00,210.000286,cycle3_permit,-0.144000,-0.43610,-0.140000,-0.84848,LOW,false,false,false,false,
2101,2026-09-11T21:12:02.574648+00:00,210.100486,cycle3_permit,-0.142000,-0.43004,-0.142000,-0.86061,LOW,false,false,false,false,
2102,2026-09-11T21:12:02.674295+00:00,210.200441,cycle3_permit,-0.140000,-0.42399,-0.142000,-0.86061,LOW,false,false,false,false,
2103,2026-09-11T21:12:02.774279+00:00,210.300286,cycle3_permit,-0.142000,-0.43004,-0.146000,-0.88485,LOW,false,false,false,false,
2104,2026-09-11T21:12:02.874227+00:00,210.400306,cycle3_permit,-0.144000,-0.43610,-0.142000,-0.86061,LOW,false,false,false,false,
2105,2026-09-11T21:12:02.974259+00:00,210.500278,cycle3_permit,-0.142000,-0.43004,-0.140000,-0.84848,LOW,false,false,false,false,
2106,2026-09-11T21:12:03.074157+00:00,210.600310,cycle3_permit,-0.142000,-0.43004,-0.144000,-0.87273,LOW,false,false,false,false,
2107,2026-09-11T21:12:03.174274+00:00,210.700284,cycle3_permit,-0.144000,-0.43610,-0.144000,-0.87273,LOW,false,false,false,false,
2108,2026-09-11T21:12:03.274142+00:00,210.800308,cycle3_permit,-0.144000,-0.43610,-0.144000,-0.87273,LOW,false,false,false,false,
2109,2026-09-11T21:12:03.374269+00:00,210.900280,cycle3_permit,-0.144000,-0.43610,-0.140000,-0.84848,LOW,false,false,false,false,
2110,2026-09-11T21:12:03.474629+00:00,211.000429,cycle3_permit,-0.144000,-0.43610,-0.144000,-0.87273,LOW,false,false,false,false,
2111,2026-09-11T21:12:03.574243+00:00,211.100360,cycle3_permit,-0.148000,-0.44821,-0.138000,-0.83636,LOW,false,false,false,false,
2112,2026-09-11T21:12:03.674128+00:00,211.200326,cycle3_permit,-0.144000,-0.43610,-0.144000,-0.87273,LOW,false,false,false,false,
2113,2026-09-11T21:12:03.774275+00:00,211.300287,cycle3_permit,-0.144000,-0.43610,-0.144000,-0.87273,LOW,false,false,false,false,
2114,2026-09-11T21:12:03.874159+00:00,211.400318,cycle3_permit,-0.140000,-0.42399,-0.144000,-0.87273,LOW,false,false,false,false,
2115,2026-09-11T21:12:03.974334+00:00,211.500296,cycle3_permit,-0.148000,-0.44821,-0.144000,-0.87273,LOW,false,false,false,false,
2116,2026-09-11T21:12:04.074160+00:00,211.600326,cycle3_permit,-0.148000,-0.44821,-0.144000,-0.87273,LOW,false,false,false,false,
2117,2026-09-11T21:12:04.174265+00:00,211.700284,cycle3_permit,-0.142000,-0.43004,-0.144000,-0.87273,LOW,false,false,false,false,
2118,2026-09-11T21:12:04.274209+00:00,211.800307,cycle3_permit,-0.144000,-0.43610,-0.144000,-0.87273,LOW,false,false,false,false,
2119,2026-09-11T21:12:04.374220+00:00,211.900280,cycle3_permit,-0.148000,-0.44821,-0.144000,-0.87273,LOW,false,false,false,false,
2120,2026-09-11T21:12:04.474269+00:00,212.000312,cycle3_permit,-0.144000,-0.43610,-0.142000,-0.86061,LOW,false,false,false,false,
2121,2026-09-11T21:12:04.574158+00:00,212.100278,cycle3_permit,-0.148000,-0.44821,-0.144000,-0.87273,LOW,false,false,false,false,
2122,2026-09-11T21:12:04.674383+00:00,212.200311,cycle3_permit,-0.140000,-0.42399,-0.142000,-0.86061,LOW,false,false,false,false,
2123,2026-09-11T21:12:04.774133+00:00,212.300280,cycle3_permit,-0.144000,-0.43610,-0.144000,-0.87273,LOW,false,false,false,false,
2124,2026-09-11T21:12:04.874377+00:00,212.400310,cycle3_permit,-0.144000,-0.43610,-0.144000,-0.87273,LOW,false,false,false,false,
2125,2026-09-11T21:12:04.974153+00:00,212.500283,cycle3_permit,-0.144000,-0.43610,-0.144000,-0.87273,LOW,false,false,false,false,
2126,2026-09-11T21:12:05.074279+00:00,212.600310,cycle3_permit,-0.144000,-0.43610,-0.144000,-0.87273,LOW,false,false,false,false,
2127,2026-09-11T21:12:05.174127+00:00,212.700277,cycle3_permit,-0.144000,-0.43610,-0.144000,-0.87273,LOW,false,false,false,false,
2128,2026-09-11T21:12:05.274277+00:00,212.800305,cycle3_permit,-0.144000,-0.43610,-0.144000,-0.87273,LOW,false,false,false,false,
2129,2026-09-11T21:12:05.374130+00:00,212.900277,cycle3_permit,-0.146000,-0.44216,-0.140000,-0.84848,LOW,false,false,false,false,
2130,2026-09-11T21:12:05.474286+00:00,213.000309,cycle3_permit,-0.146000,-0.44216,-0.144000,-0.87273,LOW,false,false,false,false,
2131,2026-09-11T21:12:05.574118+00:00,213.100274,cycle3_permit,-0.146000,-0.44216,-0.142000,-0.86061,LOW,false,false,false,false,
2132,2026-09-11T21:12:05.674296+00:00,213.200317,cycle3_permit,-0.140000,-0.42399,-0.144000,-0.87273,LOW,false,false,false,false,
2133,2026-09-11T21:12:05.774133+00:00,213.300281,cycle3_permit,-0.144000,-0.43610,-0.146000,-0.88485,LOW,false,false,false,false,
2134,2026-09-11T21:12:05.874283+00:00,213.400308,cycle3_permit,-0.144000,-0.43610,-0.144000,-0.87273,LOW,false,false,false,false,
2135,2026-09-11T21:12:05.974126+00:00,213.500278,cycle3_permit,-0.144000,-0.43610,-0.144000,-0.87273,LOW,false,false,false,false,
2136,2026-09-11T21:12:06.074281+00:00,213.600305,cycle3_permit,-0.144000,-0.43610,-0.144000,-0.87273,LOW,false,false,false,false,
2137,2026-09-11T21:12:06.174124+00:00,213.700278,cycle3_permit,-0.140000,-0.42399,-0.144000,-0.87273,LOW,false,false,false,false,
2138,2026-09-11T21:12:06.274283+00:00,213.800307,cycle3_permit,-0.140000,-0.42399,-0.144000,-0.87273,LOW,false,false,false,false,
2139,2026-09-11T21:12:06.374124+00:00,213.900274,cycle3_permit,-0.144000,-0.43610,-0.140000,-0.84848,LOW,false,false,false,false,
2140,2026-09-11T21:12:06.474284+00:00,214.000310,cycle3_permit,-0.140000,-0.42399,-0.144000,-0.87273,LOW,false,false,false,false,
2141,2026-09-11T21:12:06.574128+00:00,214.100278,cycle3_permit,-0.142000,-0.43004,-0.144000,-0.87273,LOW,false,false,false,false,
2142,2026-09-11T21:12:06.674466+00:00,214.200382,cycle3_permit,-0.144000,-0.43610,-0.140000,-0.84848,LOW,false,false,false,false,
2143,2026-09-11T21:12:06.774102+00:00,214.300294,cycle3_permit,-0.144000,-0.43610,-0.144000,-0.87273,LOW,false,false,false,false,
2144,2026-09-11T21:12:06.874367+00:00,214.400311,cycle3_permit,-0.144000,-0.43610,-0.142000,-0.86061,LOW,false,false,false,false,
2145,2026-09-11T21:12:06.974048+00:00,214.500282,cycle3_permit,-0.144000,-0.43610,-0.144000,-0.87273,LOW,false,false,false,false,
2146,2026-09-11T21:12:07.074442+00:00,214.600308,cycle3_permit,-0.142000,-0.43004,-0.144000,-0.87273,LOW,false,false,false,false,
2147,2026-09-11T21:12:07.174059+00:00,214.700279,cycle3_permit,-0.142000,-0.43004,-0.144000,-0.87273,LOW,false,false,false,false,
2148,2026-09-11T21:12:07.274364+00:00,214.800311,cycle3_permit,-0.140000,-0.42399,-0.144000,-0.87273,LOW,false,false,false,false,
2149,2026-09-11T21:12:07.374052+00:00,214.900279,cycle3_permit,-0.144000,-0.43610,-0.140000,-0.84848,LOW,false,false,false,false,
2150,2026-09-11T21:12:07.474454+00:00,215.000316,cycle3_permit,-0.144000,-0.43610,-0.144000,-0.87273,LOW,false,false,false,false,
2151,2026-09-11T21:12:07.574256+00:00,215.100366,cycle3_permit,-0.144000,-0.43610,-0.144000,-0.87273,LOW,false,false,false,false,
2152,2026-09-11T21:12:07.674404+00:00,215.200339,cycle3_permit,-0.144000,-0.43610,-0.142000,-0.86061,LOW,false,false,false,false,
2153,2026-09-11T21:12:07.774070+00:00,215.300292,cycle3_permit,-0.144000,-0.43610,-0.144000,-0.87273,LOW,false,false,false,false,
2154,2026-09-11T21:12:07.874382+00:00,215.400323,cycle3_permit,-0.146000,-0.44216,-0.142000,-0.86061,LOW,false,false,false,false,
2155,2026-09-11T21:12:07.974064+00:00,215.500286,cycle3_permit,-0.144000,-0.43610,-0.144000,-0.87273,LOW,false,false,false,false,
2156,2026-09-11T21:12:08.074364+00:00,215.600312,cycle3_permit,-0.144000,-0.43610,-0.144000,-0.87273,LOW,false,false,false,false,
2157,2026-09-11T21:12:08.174136+00:00,215.700319,cycle3_permit,-0.144000,-0.43610,-0.144000,-0.87273,LOW,false,false,false,false,
2158,2026-09-11T21:12:08.274396+00:00,215.800330,cycle3_permit,-0.144000,-0.43610,-0.144000,-0.87273,LOW,false,false,false,false,
2159,2026-09-11T21:12:08.374078+00:00,215.900290,cycle3_permit,-0.136000,-0.41187,-0.142000,-0.86061,LOW,false,false,false,false,
2160,2026-09-11T21:12:08.474379+00:00,216.000315,cycle3_permit,-0.144000,-0.43610,-0.140000,-0.84848,LOW,false,false,false,false,
2161,2026-09-11T21:12:08.574241+00:00,216.100383,cycle3_permit,-0.144000,-0.43610,-0.140000,-0.84848,LOW,false,false,false,false,
2162,2026-09-11T21:12:08.674384+00:00,216.200331,cycle3_permit,-0.146000,-0.44216,-0.146000,-0.88485,LOW,false,false,false,false,
2163,2026-09-11T21:12:08.774323+00:00,216.300295,cycle3_permit,-0.142000,-0.43004,-0.144000,-0.87273,LOW,false,false,false,false,
2164,2026-09-11T21:12:08.874150+00:00,216.400336,cycle3_permit,-0.146000,-0.44216,-0.138000,-0.83636,LOW,false,false,false,false,
2165,2026-09-11T21:12:08.974384+00:00,216.500324,cycle3_permit,-0.144000,-0.43610,-0.144000,-0.87273,LOW,false,false,false,false,
2166,2026-09-11T21:12:09.074064+00:00,216.600286,cycle3_permit,-0.144000,-0.43610,-0.142000,-0.86061,LOW,false,false,false,false,
2167,2026-09-11T21:12:09.174368+00:00,216.700315,cycle3_permit,-0.144000,-0.43610,-0.144000,-0.87273,LOW,false,false,false,false,
2168,2026-09-11T21:12:09.274064+00:00,216.800288,cycle3_permit,-0.144000,-0.43610,-0.144000,-0.87273,LOW,false,false,false,false,
2169,2026-09-11T21:12:09.374363+00:00,216.900310,cycle3_permit,-0.144000,-0.43610,-0.144000,-0.87273,LOW,false,false,false,false,
2170,2026-09-11T21:12:09.474152+00:00,217.000326,cycle3_permit,-0.146000,-0.44216,-0.144000,-0.87273,LOW,false,false,false,false,
2171,2026-09-11T21:12:09.574432+00:00,217.100347,cycle3_permit,-0.144000,-0.43610,-0.142000,-0.86061,LOW,false,false,false,false,
2172,2026-09-11T21:12:09.674259+00:00,217.200406,cycle3_permit,-0.144000,-0.43610,-0.144000,-0.87273,LOW,false,false,false,false,
2173,2026-09-11T21:12:09.774399+00:00,217.300334,cycle3_permit,-0.144000,-0.43610,-0.144000,-0.87273,LOW,false,false,false,false,
2174,2026-09-11T21:12:09.874060+00:00,217.400286,cycle3_permit,-0.144000,-0.43610,-0.144000,-0.87273,LOW,false,false,false,false,
2175,2026-09-11T21:12:09.974408+00:00,217.500328,cycle3_permit,-0.142000,-0.43004,-0.136000,-0.82424,LOW,false,false,false,false,
2176,2026-09-11T21:12:10.074062+00:00,217.600285,cycle3_permit,-0.138000,-0.41793,-0.148000,-0.89697,LOW,false,false,false,false,
2177,2026-09-11T21:12:10.174387+00:00,217.700318,cycle3_permit,-0.140000,-0.42399,-0.138000,-0.83636,LOW,false,false,false,false,
2178,2026-09-11T21:12:10.274072+00:00,217.800287,cycle3_permit,-0.146000,-0.44216,-0.146000,-0.88485,LOW,false,false,false,false,
2179,2026-09-11T21:12:10.374376+00:00,217.900313,cycle3_permit,-0.138000,-0.41793,-0.146000,-0.88485,LOW,false,false,false,false,
2180,2026-09-11T21:12:10.474067+00:00,218.000282,cycle3_permit,-0.140000,-0.42399,-0.146000,-0.88485,LOW,false,false,false,false,
2181,2026-09-11T21:12:10.574374+00:00,218.100311,cycle3_permit,-0.142000,-0.43004,-0.148000,-0.89697,LOW,false,false,false,false,
2182,2026-09-11T21:12:10.674070+00:00,218.200284,cycle3_permit,-0.142000,-0.43004,-0.146000,-0.88485,LOW,false,false,false,false,
2183,2026-09-11T21:12:10.774398+00:00,218.300320,cycle3_permit,-0.142000,-0.43004,-0.140000,-0.84848,LOW,false,false,false,false,
2184,2026-09-11T21:12:10.874061+00:00,218.400284,cycle3_permit,-0.138000,-0.41793,-0.138000,-0.83636,LOW,false,false,false,false,
2185,2026-09-11T21:12:10.974355+00:00,218.500308,cycle3_permit,-0.144000,-0.43610,-0.146000,-0.88485,LOW,false,false,false,false,
2186,2026-09-11T21:12:11.074059+00:00,218.600285,cycle3_permit,-0.142000,-0.43004,-0.142000,-0.86061,LOW,false,false,false,false,
2187,2026-09-11T21:12:11.174353+00:00,218.700308,cycle3_permit,-0.144000,-0.43610,-0.142000,-0.86061,LOW,false,false,false,false,
2188,2026-09-11T21:12:11.274085+00:00,218.800293,cycle3_permit,-0.144000,-0.43610,-0.142000,-0.86061,LOW,false,false,false,false,
2189,2026-09-11T21:12:11.374365+00:00,218.900309,cycle3_permit,-0.144000,-0.43610,-0.146000,-0.88485,LOW,false,false,false,false,
2190,2026-09-11T21:12:11.474064+00:00,219.000286,cycle3_permit,-0.144000,-0.43610,-0.144000,-0.87273,LOW,false,false,false,false,
2191,2026-09-11T21:12:11.574419+00:00,219.100339,cycle3_permit,-0.144000,-0.43610,-0.144000,-0.87273,LOW,false,false,false,false,
2192,2026-09-11T21:12:11.674063+00:00,219.200287,cycle3_permit,-0.146000,-0.44216,-0.146000,-0.88485,LOW,false,false,false,false,
2193,2026-09-11T21:12:11.774516+00:00,219.300397,cycle3_permit,-0.144000,-0.43610,-0.144000,-0.87273,LOW,false,false,false,false,
2194,2026-09-11T21:12:11.874376+00:00,219.400327,cycle3_permit,-0.146000,-0.44216,-0.140000,-0.84848,LOW,false,false,false,false,
2195,2026-09-11T21:12:11.974061+00:00,219.500290,cycle3_permit,-0.142000,-0.43004,-0.144000,-0.87273,LOW,false,false,false,false,
2196,2026-09-11T21:12:12.074361+00:00,219.600310,cycle3_permit,-0.144000,-0.43610,-0.144000,-0.87273,LOW,false,false,false,false,
2197,2026-09-11T21:12:12.174057+00:00,219.700284,cycle3_permit,-0.146000,-0.44216,-0.144000,-0.87273,LOW,false,false,false,false,
2198,2026-09-11T21:12:12.274364+00:00,219.800313,cycle3_permit,-0.144000,-0.43610,-0.144000,-0.87273,LOW,false,false,false,false,
2199,2026-09-11T21:12:12.374070+00:00,219.900288,cycle3_permit,-0.144000,-0.43610,-0.144000,-0.87273,LOW,false,false,false,false,
2200,2026-09-11T21:12:12.474365+00:00,220.000313,cycle3_permit,-0.140000,-0.42399,-0.146000,-0.88485,LOW,false,false,false,false,
2201,2026-09-11T21:12:12.574067+00:00,220.100282,cycle3_permit,-0.142000,-0.43004,-0.144000,-0.87273,LOW,false,false,false,false,
2202,2026-09-11T21:12:12.674365+00:00,220.200306,cycle3_permit,-0.146000,-0.44216,-0.144000,-0.87273,LOW,false,false,false,false,
2203,2026-09-11T21:12:12.774073+00:00,220.300293,cycle3_permit,-0.140000,-0.42399,-0.146000,-0.88485,LOW,false,false,false,false,
2204,2026-09-11T21:12:12.874383+00:00,220.400320,cycle3_permit,-0.144000,-0.43610,-0.144000,-0.87273,LOW,false,false,false,false,
2205,2026-09-11T21:12:12.974355+00:00,220.500309,cycle3_permit,-0.144000,-0.43610,-0.146000,-0.88485,LOW,false,false,false,false,
2206,2026-09-11T21:12:13.074050+00:00,220.600280,cycle3_permit,-0.146000,-0.44216,-0.144000,-0.87273,LOW,false,false,false,false,
2207,2026-09-11T21:12:13.174298+00:00,220.700429,cycle3_permit,-0.144000,-0.43610,-0.142000,-0.86061,LOW,false,false,false,false,
2208,2026-09-11T21:12:13.274415+00:00,220.800325,cycle3_permit,-0.142000,-0.43004,-0.144000,-0.87273,LOW,false,false,false,false,
2209,2026-09-11T21:12:13.374146+00:00,220.900327,cycle3_permit,-0.144000,-0.43610,-0.144000,-0.87273,LOW,false,false,false,false,
2210,2026-09-11T21:12:13.474384+00:00,221.000321,cycle3_permit,-0.144000,-0.43610,-0.144000,-0.87273,LOW,false,false,false,false,
2211,2026-09-11T21:12:13.574069+00:00,221.100285,cycle3_permit,-0.144000,-0.43610,-0.144000,-0.87273,LOW,false,false,false,false,
2212,2026-09-11T21:12:13.674372+00:00,221.200315,cycle3_permit,-0.144000,-0.43610,-0.144000,-0.87273,LOW,false,false,false,false,
2213,2026-09-11T21:12:13.774055+00:00,221.300278,cycle3_permit,-0.144000,-0.43610,-0.144000,-0.87273,LOW,false,false,false,false,
2214,2026-09-11T21:12:13.874386+00:00,221.400318,cycle3_permit,-0.146000,-0.44216,-0.144000,-0.87273,LOW,false,false,false,false,
2215,2026-09-11T21:12:13.974072+00:00,221.500289,cycle3_permit,-0.144000,-0.43610,-0.142000,-0.86061,LOW,false,false,false,false,
2216,2026-09-11T21:12:14.074369+00:00,221.600314,cycle3_permit,-0.144000,-0.43610,-0.142000,-0.86061,LOW,false,false,false,false,
2217,2026-09-11T21:12:14.174064+00:00,221.700284,cycle3_permit,-0.144000,-0.43610,-0.144000,-0.87273,LOW,false,false,false,false,
2218,2026-09-11T21:12:14.274403+00:00,221.800326,cycle3_permit,-0.144000,-0.43610,-0.142000,-0.86061,LOW,false,false,false,false,
2219,2026-09-11T21:12:14.374089+00:00,221.900296,cycle3_permit,-0.144000,-0.43610,-0.142000,-0.86061,LOW,false,false,false,false,
2220,2026-09-11T21:12:14.474364+00:00,222.000312,cycle3_permit,-0.144000,-0.43610,-0.144000,-0.87273,LOW,false,false,false,false,
2221,2026-09-11T21:12:14.574291+00:00,222.100423,cycle3_permit,-0.146000,-0.44216,-0.146000,-0.88485,LOW,false,false,false,false,
2222,2026-09-11T21:12:14.674070+00:00,222.200295,cycle3_permit,-0.146000,-0.44216,-0.146000,-0.88485,LOW,false,false,false,false,
2223,2026-09-11T21:12:14.774371+00:00,222.300315,cycle3_permit,-0.140000,-0.42399,-0.144000,-0.87273,LOW,false,false,false,false,
2224,2026-09-11T21:12:14.874090+00:00,222.400296,cycle3_permit,-0.144000,-0.43610,-0.144000,-0.87273,LOW,false,false,false,false,
2225,2026-09-11T21:12:14.974368+00:00,222.500313,cycle3_permit,-0.144000,-0.43610,-0.144000,-0.87273,LOW,false,false,false,false,
2226,2026-09-11T21:12:15.074060+00:00,222.600281,cycle3_permit,-0.144000,-0.43610,-0.144000,-0.87273,LOW,false,false,false,false,
2227,2026-09-11T21:12:15.174363+00:00,222.700306,cycle3_permit,-0.142000,-0.43004,-0.144000,-0.87273,LOW,false,false,false,false,
2228,2026-09-11T21:12:15.274057+00:00,222.800282,cycle3_permit,-0.144000,-0.43610,-0.144000,-0.87273,LOW,false,false,false,false,
2229,2026-09-11T21:12:15.374367+00:00,222.900309,cycle3_permit,-0.144000,-0.43610,-0.142000,-0.86061,LOW,false,false,false,false,
2230,2026-09-11T21:12:15.474061+00:00,223.000283,cycle3_permit,-0.144000,-0.43610,-0.142000,-0.86061,LOW,false,false,false,false,
2231,2026-09-11T21:12:15.574596+00:00,223.100446,cycle3_permit,-0.144000,-0.43610,-0.144000,-0.87273,LOW,false,false,false,false,
2232,2026-09-11T21:12:15.674098+00:00,223.200310,cycle3_permit,-0.144000,-0.43610,-0.144000,-0.87273,LOW,false,false,false,false,
2233,2026-09-11T21:12:15.774368+00:00,223.300313,cycle3_permit,-0.144000,-0.43610,-0.144000,-0.87273,LOW,false,false,false,false,
2234,2026-09-11T21:12:15.874128+00:00,223.400317,cycle3_permit,-0.144000,-0.43610,-0.144000,-0.87273,LOW,false,false,false,false,
2235,2026-09-11T21:12:15.974416+00:00,223.500337,cycle3_permit,-0.144000,-0.43610,-0.146000,-0.88485,LOW,false,false,false,false,
2236,2026-09-11T21:12:16.074078+00:00,223.600291,cycle3_permit,-0.142000,-0.43004,-0.146000,-0.88485,LOW,false,false,false,false,
2237,2026-09-11T21:12:16.174367+00:00,223.700314,cycle3_permit,-0.148000,-0.44821,-0.146000,-0.88485,LOW,false,false,false,false,
2238,2026-09-11T21:12:16.274067+00:00,223.800285,cycle3_permit,-0.138000,-0.41793,-0.146000,-0.88485,LOW,false,false,false,false,
2239,2026-09-11T21:12:16.374371+00:00,223.900314,cycle3_permit,-0.146000,-0.44216,-0.144000,-0.87273,LOW,false,false,false,false,
2240,2026-09-11T21:12:16.474054+00:00,224.000278,cycle3_permit,-0.144000,-0.43610,-0.144000,-0.87273,LOW,false,false,false,false,
2241,2026-09-11T21:12:16.574369+00:00,224.100311,cycle3_permit,-0.144000,-0.43610,-0.142000,-0.86061,LOW,false,false,false,false,
2242,2026-09-11T21:12:16.674066+00:00,224.200285,cycle3_permit,-0.138000,-0.41793,-0.146000,-0.88485,LOW,false,false,false,false,
2243,2026-09-11T21:12:16.774611+00:00,224.300613,cycle3_safe_repeatability_pass,-0.144000,-0.43610,-0.144000,-0.87273,LOW,false,false,false,false,mark:cycle3_safe_repeatability_pass
2244,2026-09-11T21:12:16.875010+00:00,224.400764,cycle3_safe_repeatability_pass,-0.144000,-0.43610,-0.144000,-0.87273,LOW,false,true,false,true,permit_accepted
2245,2026-09-11T21:12:16.974297+00:00,224.500392,cycle3_safe_repeatability_pass,-0.144000,-0.43610,-0.144000,-0.87273,LOW,false,true,false,true,
2246,2026-09-11T21:12:17.074629+00:00,224.600412,cycle3_safe_repeatability_pass,-0.144000,-0.43610,-0.144000,-0.87273,LOW,false,true,false,true,
2247,2026-09-11T21:12:17.174349+00:00,224.700408,cycle3_safe_repeatability_pass,-0.144000,-0.43610,-0.144000,-0.87273,LOW,false,true,false,true,
2248,2026-09-11T21:12:17.274650+00:00,224.800414,cycle3_safe_repeatability_pass,-0.144000,-0.43610,-0.144000,-0.87273,LOW,false,true,false,true,
2249,2026-09-11T21:12:17.374282+00:00,224.900390,cycle3_safe_repeatability_pass,-0.144000,-0.43610,-0.144000,-0.87273,LOW,false,true,false,true,
2250,2026-09-11T21:12:17.474617+00:00,225.000424,cycle3_safe_repeatability_pass,-0.144000,-0.43610,-0.144000,-0.87273,LOW,false,true,false,true,
2251,2026-09-11T21:12:17.574299+00:00,225.100387,cycle3_safe_repeatability_pass,-0.144000,-0.43610,-0.144000,-0.87273,LOW,false,true,false,true,
2252,2026-09-11T21:12:17.674646+00:00,225.200433,cycle3_safe_repeatability_pass,-0.144000,-0.43610,-0.144000,-0.87273,LOW,false,true,false,true,
2253,2026-09-11T21:12:17.774332+00:00,225.300402,cycle3_safe_repeatability_pass,-0.144000,-0.43610,-0.144000,-0.87273,LOW,false,true,false,true,
2254,2026-09-11T21:12:17.874648+00:00,225.400422,cycle3_safe_repeatability_pass,-0.144000,-0.43610,-0.144000,-0.87273,LOW,false,true,false,true,
2255,2026-09-11T21:12:17.974312+00:00,225.500381,cycle3_safe_repeatability_pass,-0.144000,-0.43610,-0.144000,-0.87273,LOW,false,true,false,true,
2256,2026-09-11T21:12:18.074637+00:00,225.600426,cycle3_safe_repeatability_pass,-0.144000,-0.43610,-0.144000,-0.87273,LOW,false,true,false,true,
2257,2026-09-11T21:12:18.174623+00:00,225.700412,cycle3_safe_repeatability_pass,-0.144000,-0.43610,-0.144000,-0.87273,LOW,false,true,false,true,
2258,2026-09-11T21:12:18.274319+00:00,225.800383,cycle3_safe_repeatability_pass,-0.144000,-0.43610,-0.144000,-0.87273,LOW,false,true,false,true,
2259,2026-09-11T21:12:18.374315+00:00,225.900387,cycle3_safe_repeatability_pass,-0.144000,-0.43610,-0.144000,-0.87273,LOW,false,true,false,true,
2260,2026-09-11T21:12:18.474673+00:00,226.000435,cycle3_safe_repeatability_pass,-0.144000,-0.43610,-0.144000,-0.87273,LOW,false,true,false,true,
2261,2026-09-11T21:12:18.574644+00:00,226.100429,cycle3_safe_repeatability_pass,-0.144000,-0.43610,-0.144000,-0.87273,LOW,false,true,false,true,
2262,2026-09-11T21:12:18.674327+00:00,226.200379,cycle3_safe_repeatability_pass,-0.144000,-0.43610,-0.144000,-0.87273,LOW,false,true,false,true,
2263,2026-09-11T21:12:18.774633+00:00,226.300419,cycle3_safe_repeatability_pass,-0.144000,-0.43610,-0.144000,-0.87273,LOW,false,true,false,true,
2264,2026-09-11T21:12:18.874310+00:00,226.400382,cycle3_safe_repeatability_pass,-0.144000,-0.43610,-0.144000,-0.87273,LOW,false,true,false,true,
2265,2026-09-11T21:12:18.974214+00:00,226.500366,cycle3_safe_repeatability_pass,-0.144000,-0.43610,-0.144000,-0.87273,LOW,false,true,false,true,
2266,2026-09-11T21:12:19.074379+00:00,226.600325,cycle3_safe_repeatability_pass,-0.142000,-0.43004,-0.142000,-0.86061,LOW,false,true,false,true,
2267,2026-09-11T21:12:19.174063+00:00,226.700284,cycle3_safe_repeatability_pass,-0.144000,-0.43610,-0.144000,-0.87273,LOW,false,true,false,true,
2268,2026-09-11T21:12:19.274359+00:00,226.800305,cycle3_safe_repeatability_pass,-0.144000,-0.43610,-0.142000,-0.86061,LOW,false,true,false,true,
2269,2026-09-11T21:12:19.374057+00:00,226.900281,cycle3_safe_repeatability_pass,-0.144000,-0.43610,-0.144000,-0.87273,LOW,false,true,false,true,
2270,2026-09-11T21:12:19.474383+00:00,227.000317,cycle3_safe_repeatability_pass,-0.144000,-0.43610,-0.144000,-0.87273,LOW,false,true,false,true,
2271,2026-09-11T21:12:19.574120+00:00,227.100313,cycle3_safe_repeatability_pass,-0.146000,-0.44216,-0.144000,-0.87273,LOW,false,true,false,true,
2272,2026-09-11T21:12:19.674379+00:00,227.200319,cycle3_safe_repeatability_pass,-0.144000,-0.43610,-0.144000,-0.87273,LOW,false,true,false,true,
2273,2026-09-11T21:12:19.774060+00:00,227.300283,cycle3_safe_repeatability_pass,-0.144000,-0.43610,-0.144000,-0.87273,LOW,false,true,false,true,
2274,2026-09-11T21:12:19.874362+00:00,227.400311,cycle3_safe_repeatability_pass,-0.144000,-0.43610,-0.144000,-0.87273,LOW,false,true,false,true,
2275,2026-09-11T21:12:19.974071+00:00,227.500287,cycle3_safe_repeatability_pass,-0.144000,-0.43610,-0.144000,-0.87273,LOW,false,true,false,true,
2276,2026-09-11T21:12:20.074363+00:00,227.600310,cycle3_safe_repeatability_pass,-0.144000,-0.43610,-0.140000,-0.84848,LOW,false,true,false,true,
2277,2026-09-11T21:12:20.174068+00:00,227.700289,cycle3_safe_repeatability_pass,-0.144000,-0.43610,-0.144000,-0.87273,LOW,false,true,false,true,
2278,2026-09-11T21:12:20.274359+00:00,227.800306,cycle3_safe_repeatability_pass,-0.144000,-0.43610,-0.144000,-0.87273,LOW,false,true,false,true,
2279,2026-09-11T21:12:20.374064+00:00,227.900281,cycle3_safe_repeatability_pass,-0.144000,-0.43610,-0.140000,-0.84848,LOW,false,true,false,true,
2280,2026-09-11T21:12:20.474367+00:00,228.000310,cycle3_safe_repeatability_pass,-0.140000,-0.42399,-0.140000,-0.84848,LOW,false,true,false,true,
2281,2026-09-11T21:12:20.574297+00:00,228.100432,cycle3_safe_repeatability_pass,-0.144000,-0.43610,-0.144000,-0.87273,LOW,false,true,false,true,
2282,2026-09-11T21:12:20.674385+00:00,228.200331,cycle3_safe_repeatability_pass,-0.144000,-0.43610,-0.142000,-0.86061,LOW,false,true,false,true,
2283,2026-09-11T21:12:20.774081+00:00,228.300293,cycle3_safe_repeatability_pass,-0.142000,-0.43004,-0.144000,-0.87273,LOW,false,true,false,true,
2284,2026-09-11T21:12:20.874362+00:00,228.400311,cycle3_safe_repeatability_pass,-0.146000,-0.44216,-0.144000,-0.87273,LOW,false,true,false,true,
2285,2026-09-11T21:12:20.974077+00:00,228.500286,cycle3_safe_repeatability_pass,-0.144000,-0.43610,-0.142000,-0.86061,LOW,false,true,false,true,
2286,2026-09-11T21:12:21.074392+00:00,228.600321,cycle3_safe_repeatability_pass,-0.144000,-0.43610,-0.144000,-0.87273,LOW,false,true,false,true,
2287,2026-09-11T21:12:21.174065+00:00,228.700286,cycle3_safe_repeatability_pass,-0.144000,-0.43610,-0.142000,-0.86061,LOW,false,true,false,true,
2288,2026-09-11T21:12:21.274376+00:00,228.800308,cycle3_safe_repeatability_pass,-0.144000,-0.43610,-0.144000,-0.87273,LOW,false,true,false,true,
2289,2026-09-11T21:12:21.374068+00:00,228.900280,cycle3_safe_repeatability_pass,-0.144000,-0.43610,-0.142000,-0.86061,LOW,false,true,false,true,
2290,2026-09-11T21:12:21.474495+00:00,229.000310,cycle3_safe_repeatability_pass,-0.144000,-0.43610,-0.144000,-0.87273,LOW,false,true,false,true,
2291,2026-09-11T21:12:21.574472+00:00,229.100376,cycle3_safe_repeatability_pass,-0.144000,-0.43610,-0.144000,-0.87273,LOW,false,true,false,true,
2292,2026-09-11T21:12:21.674086+00:00,229.200302,cycle3_safe_repeatability_pass,-0.146000,-0.44216,-0.144000,-0.87273,LOW,false,true,false,true,
2293,2026-09-11T21:12:21.774368+00:00,229.300313,cycle3_safe_repeatability_pass,-0.142000,-0.43004,-0.142000,-0.86061,LOW,false,true,false,true,
2294,2026-09-11T21:12:21.874054+00:00,229.400281,cycle3_safe_repeatability_pass,-0.144000,-0.43610,-0.144000,-0.87273,LOW,false,true,false,true,
2295,2026-09-11T21:12:21.974541+00:00,229.500406,cycle3_safe_repeatability_pass,-0.144000,-0.43610,-0.144000,-0.87273,LOW,false,true,false,true,
2296,2026-09-11T21:12:22.074393+00:00,229.600331,cycle3_safe_repeatability_pass,-0.144000,-0.43610,-0.144000,-0.87273,LOW,false,true,false,true,
2297,2026-09-11T21:12:22.174078+00:00,229.700290,cycle3_safe_repeatability_pass,-0.144000,-0.43610,-0.140000,-0.84848,LOW,false,true,false,true,
2298,2026-09-11T21:12:22.274364+00:00,229.800308,cycle3_safe_repeatability_pass,-0.144000,-0.43610,-0.146000,-0.88485,LOW,false,true,false,true,
2299,2026-09-11T21:12:22.374076+00:00,229.900287,cycle3_safe_repeatability_pass,-0.142000,-0.43004,-0.144000,-0.87273,LOW,false,true,false,true,
2300,2026-09-11T21:12:22.474370+00:00,230.000314,cycle3_safe_repeatability_pass,-0.144000,-0.43610,-0.144000,-0.87273,LOW,false,true,false,true,
2301,2026-09-11T21:12:22.574069+00:00,230.100287,cycle3_safe_repeatability_pass,-0.144000,-0.43610,-0.144000,-0.87273,LOW,false,true,false,true,
2302,2026-09-11T21:12:22.674364+00:00,230.200308,cycle3_safe_repeatability_pass,-0.144000,-0.43610,-0.142000,-0.86061,LOW,false,true,false,true,
2303,2026-09-11T21:12:22.774155+00:00,230.300307,cycle3_safe_repeatability_pass,-0.144000,-0.43610,-0.144000,-0.87273,LOW,false,true,false,true,
2304,2026-09-11T21:12:22.874279+00:00,230.400280,cycle3_safe_repeatability_pass,-0.144000,-0.43610,-0.144000,-0.87273,LOW,false,true,false,true,
2305,2026-09-11T21:12:22.974291+00:00,230.500387,cycle3_safe_repeatability_pass,-0.144000,-0.43610,-0.144000,-0.87273,LOW,false,true,false,true,
2306,2026-09-11T21:12:23.074304+00:00,230.600305,cycle3_safe_repeatability_pass,-0.144000,-0.43610,-0.144000,-0.87273,LOW,false,true,false,true,
2307,2026-09-11T21:12:23.174295+00:00,230.700430,cycle3_safe_repeatability_pass,-0.144000,-0.43610,-0.144000,-0.87273,LOW,false,true,false,true,
2308,2026-09-11T21:12:23.274273+00:00,230.800287,cycle3_safe_repeatability_pass,-0.144000,-0.43610,-0.142000,-0.86061,LOW,false,true,false,true,
2309,2026-09-11T21:12:23.374254+00:00,230.900315,cycle3_safe_repeatability_pass,-0.144000,-0.43610,-0.144000,-0.87273,LOW,false,true,false,true,
2310,2026-09-11T21:12:23.474262+00:00,231.000281,cycle3_safe_repeatability_pass,-0.142000,-0.43004,-0.142000,-0.86061,LOW,false,true,false,true,
2311,2026-09-11T21:12:23.574215+00:00,231.100338,cycle3_safe_repeatability_pass,-0.142000,-0.43004,-0.142000,-0.86061,LOW,false,true,false,true,
2312,2026-09-11T21:12:23.674267+00:00,231.200285,cycle3_safe_repeatability_pass,-0.144000,-0.43610,-0.142000,-0.86061,LOW,false,true,false,true,
2313,2026-09-11T21:12:23.774144+00:00,231.300308,cycle3_safe_repeatability_pass,-0.144000,-0.43610,-0.144000,-0.87273,LOW,false,true,false,true,
2314,2026-09-11T21:12:23.874272+00:00,231.400284,cycle3_safe_repeatability_pass,-0.144000,-0.43610,-0.144000,-0.87273,LOW,false,true,false,true,
2315,2026-09-11T21:12:23.974140+00:00,231.500305,cycle3_safe_repeatability_pass,-0.144000,-0.43610,-0.144000,-0.87273,LOW,false,true,false,true,
2316,2026-09-11T21:12:24.074271+00:00,231.600276,cycle3_safe_repeatability_pass,-0.144000,-0.43610,-0.144000,-0.87273,LOW,false,true,false,true,
2317,2026-09-11T21:12:24.174151+00:00,231.700320,cycle3_safe_repeatability_pass,-0.146000,-0.44216,-0.144000,-0.87273,LOW,false,true,false,true,
2318,2026-09-11T21:12:24.274257+00:00,231.800280,cycle3_safe_repeatability_pass,-0.144000,-0.43610,-0.144000,-0.87273,LOW,false,true,false,true,
2319,2026-09-11T21:12:24.374144+00:00,231.900308,cycle3_safe_repeatability_pass,-0.144000,-0.43610,-0.144000,-0.87273,LOW,false,true,false,true,
2320,2026-09-11T21:12:24.474314+00:00,232.000298,cycle3_safe_repeatability_pass,-0.144000,-0.43610,-0.144000,-0.87273,LOW,false,true,false,true,
2321,2026-09-11T21:12:24.574158+00:00,232.100318,cycle3_safe_repeatability_pass,-0.144000,-0.43610,-0.144000,-0.87273,LOW,false,true,false,true,
2322,2026-09-11T21:12:24.674252+00:00,232.200277,cycle3_safe_repeatability_pass,-0.144000,-0.43610,-0.144000,-0.87273,LOW,false,true,false,true,
2323,2026-09-11T21:12:24.774546+00:00,232.300416,cycle3_safe_repeatability_pass,-0.144000,-0.43610,-0.144000,-0.87273,LOW,false,true,false,true,
2324,2026-09-11T21:12:24.874160+00:00,232.400325,cycle3_safe_repeatability_pass,-0.144000,-0.43610,-0.144000,-0.87273,LOW,false,true,false,true,
2325,2026-09-11T21:12:24.974267+00:00,232.500287,cycle3_safe_repeatability_pass,-0.144000,-0.43610,-0.144000,-0.87273,LOW,false,true,false,true,
2326,2026-09-11T21:12:25.074279+00:00,232.600312,cycle3_safe_repeatability_pass,-0.144000,-0.43610,-0.146000,-0.88485,LOW,false,true,false,true,
2327,2026-09-11T21:12:25.174185+00:00,232.700288,cycle3_safe_repeatability_pass,-0.144000,-0.43610,-0.142000,-0.86061,LOW,false,true,false,true,
2328,2026-09-11T21:12:25.274385+00:00,232.800313,cycle3_safe_repeatability_pass,-0.144000,-0.43610,-0.144000,-0.87273,LOW,false,true,false,true,
2329,2026-09-11T21:12:25.374149+00:00,232.900284,cycle3_safe_repeatability_pass,-0.144000,-0.43610,-0.144000,-0.87273,LOW,false,true,false,true,
2330,2026-09-11T21:12:25.474285+00:00,233.000313,cycle3_safe_repeatability_pass,-0.144000,-0.43610,-0.144000,-0.87273,LOW,false,true,false,true,
2331,2026-09-11T21:12:25.574135+00:00,233.100277,cycle3_safe_repeatability_pass,-0.144000,-0.43610,-0.144000,-0.87273,LOW,false,true,false,true,
2332,2026-09-11T21:12:25.674385+00:00,233.200314,cycle3_safe_repeatability_pass,-0.144000,-0.43610,-0.142000,-0.86061,LOW,false,true,false,true,
2333,2026-09-11T21:12:25.774145+00:00,233.300287,cycle3_safe_repeatability_pass,-0.144000,-0.43610,-0.144000,-0.87273,LOW,false,true,false,true,
2334,2026-09-11T21:12:25.874281+00:00,233.400310,cycle3_safe_repeatability_pass,-0.144000,-0.43610,-0.144000,-0.87273,LOW,false,true,false,true,
2335,2026-09-11T21:12:25.974132+00:00,233.500279,cycle3_safe_repeatability_pass,-0.144000,-0.43610,-0.144000,-0.87273,LOW,false,true,false,true,
2336,2026-09-11T21:12:26.074281+00:00,233.600306,cycle3_safe_repeatability_pass,-0.144000,-0.43610,-0.144000,-0.87273,LOW,false,true,false,true,
2337,2026-09-11T21:12:26.174142+00:00,233.700283,cycle3_safe_repeatability_pass,-0.144000,-0.43610,-0.144000,-0.87273,LOW,false,true,false,true,
2338,2026-09-11T21:12:26.274285+00:00,233.800313,cycle3_safe_repeatability_pass,-0.144000,-0.43610,-0.144000,-0.87273,LOW,false,true,false,true,
2339,2026-09-11T21:12:26.374138+00:00,233.900281,cycle3_safe_repeatability_pass,-0.144000,-0.43610,-0.144000,-0.87273,LOW,false,true,false,true,
2340,2026-09-11T21:12:26.474291+00:00,234.000310,cycle3_safe_repeatability_pass,-0.144000,-0.43610,-0.144000,-0.87273,LOW,false,true,false,true,
2341,2026-09-11T21:12:26.574303+00:00,234.100431,cycle3_safe_repeatability_pass,-0.144000,-0.43610,-0.144000,-0.87273,LOW,false,true,false,true,
2342,2026-09-11T21:12:26.674151+00:00,234.200299,cycle3_safe_repeatability_pass,-0.144000,-0.43610,-0.144000,-0.87273,LOW,false,true,false,true,
2343,2026-09-11T21:12:26.774288+00:00,234.300313,cycle3_safe_repeatability_pass,-0.144000,-0.43610,-0.144000,-0.87273,LOW,false,true,false,true,
2344,2026-09-11T21:12:26.874126+00:00,234.400283,cycle3_safe_repeatability_pass,-0.144000,-0.43610,-0.142000,-0.86061,LOW,false,true,false,true,
2345,2026-09-11T21:12:26.974296+00:00,234.500315,cycle3_safe_repeatability_pass,-0.144000,-0.43610,-0.144000,-0.87273,LOW,false,true,false,true,
2346,2026-09-11T21:12:27.074280+00:00,234.600357,cycle3_safe_repeatability_pass,-0.144000,-0.43610,-0.144000,-0.87273,LOW,false,true,false,true,
2347,2026-09-11T21:12:27.174322+00:00,234.700331,cycle3_safe_repeatability_pass,-0.144000,-0.43610,-0.144000,-0.87273,LOW,false,true,false,true,
2348,2026-09-11T21:12:27.274144+00:00,234.800289,cycle3_safe_repeatability_pass,-0.142000,-0.43004,-0.144000,-0.87273,LOW,false,true,false,true,
2349,2026-09-11T21:12:27.374363+00:00,234.900312,cycle3_safe_repeatability_pass,-0.144000,-0.43610,-0.142000,-0.86061,LOW,false,true,false,true,
2350,2026-09-11T21:12:27.474092+00:00,235.000285,cycle3_safe_repeatability_pass,-0.144000,-0.43610,-0.144000,-0.87273,LOW,false,true,false,true,
2351,2026-09-11T21:12:27.574423+00:00,235.100338,cycle3_safe_repeatability_pass,-0.144000,-0.43610,-0.142000,-0.86061,LOW,false,true,false,true,
2352,2026-09-11T21:12:27.674230+00:00,235.200327,cycle3_safe_repeatability_pass,-0.144000,-0.43610,-0.144000,-0.87273,LOW,false,true,false,true,
2353,2026-09-11T21:12:27.774380+00:00,235.300328,cycle3_safe_repeatability_pass,-0.142000,-0.43004,-0.144000,-0.87273,LOW,false,true,false,true,
2354,2026-09-11T21:12:27.874064+00:00,235.400286,cycle3_safe_repeatability_pass,-0.144000,-0.43610,-0.144000,-0.87273,LOW,false,true,false,true,
2355,2026-09-11T21:12:27.974825+00:00,235.500562,cycle3_safe_repeatability_pass,-0.144000,-0.43610,-0.144000,-0.87273,HIGH,true,false,true,false,estop_open_forced_safe
2356,2026-09-11T21:12:28.074206+00:00,235.600329,cycle3_safe_repeatability_pass,-0.144000,-0.43610,-0.144000,-0.87273,HIGH,true,false,true,false,
2357,2026-09-11T21:12:28.174394+00:00,235.700330,cycle3_safe_repeatability_pass,-0.144000,-0.43610,-0.144000,-0.87273,HIGH,true,false,true,false,
2358,2026-09-11T21:12:28.274111+00:00,235.800310,cycle3_safe_repeatability_pass,-0.144000,-0.43610,-0.144000,-0.87273,HIGH,true,false,true,false,
2359,2026-09-11T21:12:28.374387+00:00,235.900320,cycle3_safe_repeatability_pass,-0.144000,-0.43610,-0.144000,-0.87273,HIGH,true,false,true,false,
2360,2026-09-11T21:12:28.474065+00:00,236.000287,cycle3_safe_repeatability_pass,-0.144000,-0.43610,-0.144000,-0.87273,HIGH,true,false,true,false,
2361,2026-09-11T21:12:28.574395+00:00,236.100326,cycle3_safe_repeatability_pass,-0.142000,-0.43004,-0.146000,-0.88485,HIGH,true,false,true,false,
2362,2026-09-11T21:12:28.674072+00:00,236.200286,cycle3_safe_repeatability_pass,-0.144000,-0.43610,-0.144000,-0.87273,HIGH,true,false,true,false,
2363,2026-09-11T21:12:28.774370+00:00,236.300313,cycle3_safe_repeatability_pass,-0.144000,-0.43610,-0.144000,-0.87273,HIGH,true,false,true,false,
2364,2026-09-11T21:12:28.874060+00:00,236.400281,cycle3_safe_repeatability_pass,-0.144000,-0.43610,-0.144000,-0.87273,HIGH,true,false,true,false,
2365,2026-09-11T21:12:28.974370+00:00,236.500314,cycle3_safe_repeatability_pass,-0.144000,-0.43610,-0.144000,-0.87273,HIGH,true,false,true,false,
2366,2026-09-11T21:12:29.074072+00:00,236.600290,cycle3_safe_repeatability_pass,-0.142000,-0.43004,-0.144000,-0.87273,HIGH,true,false,true,false,
2367,2026-09-11T21:12:29.174370+00:00,236.700311,cycle3_safe_repeatability_pass,-0.144000,-0.43610,-0.146000,-0.88485,HIGH,true,false,true,false,
2368,2026-09-11T21:12:29.274083+00:00,236.800293,cycle3_safe_repeatability_pass,-0.142000,-0.43004,-0.148000,-0.89697,HIGH,true,false,true,false,
2369,2026-09-11T21:12:29.374377+00:00,236.900313,cycle3_safe_repeatability_pass,-0.146000,-0.44216,-0.144000,-0.87273,HIGH,true,false,true,false,
2370,2026-09-11T21:12:29.474061+00:00,237.000288,cycle3_safe_repeatability_pass,-0.140000,-0.42399,-0.144000,-0.87273,HIGH,true,false,true,false,
2371,2026-09-11T21:12:29.574358+00:00,237.100309,cycle3_safe_repeatability_pass,-0.142000,-0.43004,-0.142000,-0.86061,HIGH,true,false,true,false,
2372,2026-09-11T21:12:29.674060+00:00,237.200283,cycle3_safe_repeatability_pass,-0.146000,-0.44216,-0.140000,-0.84848,HIGH,true,false,true,false,
2373,2026-09-11T21:12:29.774362+00:00,237.300307,cycle3_safe_repeatability_pass,-0.148000,-0.44821,-0.148000,-0.89697,HIGH,true,false,true,false,
2374,2026-09-11T21:12:29.874052+00:00,237.400283,cycle3_safe_repeatability_pass,-0.144000,-0.43610,-0.144000,-0.87273,HIGH,true,false,true,false,
2375,2026-09-11T21:12:29.974369+00:00,237.500312,cycle3_safe_repeatability_pass,-0.144000,-0.43610,-0.144000,-0.87273,HIGH,true,false,true,false,
2376,2026-09-11T21:12:30.074058+00:00,237.600278,cycle3_safe_repeatability_pass,-0.144000,-0.43610,-0.144000,-0.87273,HIGH,true,false,true,false,
2377,2026-09-11T21:12:30.174370+00:00,237.700313,cycle3_safe_repeatability_pass,-0.146000,-0.44216,-0.142000,-0.86061,HIGH,true,false,true,false,
2378,2026-09-11T21:12:30.274366+00:00,237.800311,cycle3_safe_repeatability_pass,-0.146000,-0.44216,-0.144000,-0.87273,HIGH,true,false,true,false,
2379,2026-09-11T21:12:30.374346+00:00,237.900300,cycle3_safe_repeatability_pass,-0.142000,-0.43004,-0.144000,-0.87273,HIGH,true,false,true,false,
2380,2026-09-11T21:12:30.474057+00:00,238.000285,cycle3_safe_repeatability_pass,-0.146000,-0.44216,-0.144000,-0.87273,HIGH,true,false,true,false,
2381,2026-09-11T21:12:30.574358+00:00,238.100304,cycle3_safe_repeatability_pass,-0.146000,-0.44216,-0.144000,-0.87273,HIGH,true,false,true,false,
2382,2026-09-11T21:12:30.674053+00:00,238.200281,cycle3_safe_repeatability_pass,-0.144000,-0.43610,-0.142000,-0.86061,HIGH,true,false,true,false,
2383,2026-09-11T21:12:30.774357+00:00,238.300310,cycle3_safe_repeatability_pass,-0.144000,-0.43610,-0.144000,-0.87273,HIGH,true,false,true,false,
2384,2026-09-11T21:12:30.874069+00:00,238.400288,cycle3_safe_repeatability_pass,-0.140000,-0.42399,-0.142000,-0.86061,HIGH,true,false,true,false,
2385,2026-09-11T21:12:30.974362+00:00,238.500310,cycle3_safe_repeatability_pass,-0.144000,-0.43610,-0.140000,-0.84848,HIGH,true,false,true,false,
2386,2026-09-11T21:12:31.074065+00:00,238.600289,cycle3_safe_repeatability_pass,-0.140000,-0.42399,-0.144000,-0.87273,HIGH,true,false,true,false,
2387,2026-09-11T21:12:31.174366+00:00,238.700311,cycle3_safe_repeatability_pass,-0.142000,-0.43004,-0.142000,-0.86061,HIGH,true,false,true,false,
2388,2026-09-11T21:12:31.274087+00:00,238.800293,cycle3_safe_repeatability_pass,-0.140000,-0.42399,-0.144000,-0.87273,HIGH,true,false,true,false,
2389,2026-09-11T21:12:31.374394+00:00,238.900320,cycle3_safe_repeatability_pass,-0.142000,-0.43004,-0.142000,-0.86061,HIGH,true,false,true,false,
2390,2026-09-11T21:12:31.474072+00:00,239.000287,cycle3_safe_repeatability_pass,-0.144000,-0.43610,-0.144000,-0.87273,HIGH,true,false,true,false,
2391,2026-09-11T21:12:31.574425+00:00,239.100338,cycle3_safe_repeatability_pass,-0.142000,-0.43004,-0.144000,-0.87273,HIGH,true,false,true,false,
2392,2026-09-11T21:12:31.674069+00:00,239.200290,cycle3_safe_repeatability_pass,-0.142000,-0.43004,-0.142000,-0.86061,HIGH,true,false,true,false,
2393,2026-09-11T21:12:31.774387+00:00,239.300320,cycle3_safe_repeatability_pass,-0.144000,-0.43610,-0.144000,-0.87273,HIGH,true,false,true,false,
2394,2026-09-11T21:12:31.874078+00:00,239.400288,cycle3_safe_repeatability_pass,-0.144000,-0.43610,-0.146000,-0.88485,HIGH,true,false,true,false,
2395,2026-09-11T21:12:31.974352+00:00,239.500306,cycle3_safe_repeatability_pass,-0.144000,-0.43610,-0.144000,-0.87273,HIGH,true,false,true,false,
2396,2026-09-11T21:12:32.074070+00:00,239.600287,cycle3_safe_repeatability_pass,-0.140000,-0.42399,-0.144000,-0.87273,HIGH,true,false,true,false,
2397,2026-09-11T21:12:32.174506+00:00,239.700386,cycle3_safe_repeatability_pass,-0.146000,-0.44216,-0.144000,-0.87273,HIGH,true,false,true,false,
2398,2026-09-11T21:12:32.274100+00:00,239.800305,cycle3_safe_repeatability_pass,-0.144000,-0.43610,-0.140000,-0.84848,HIGH,true,false,true,false,
2399,2026-09-11T21:12:32.374373+00:00,239.900314,cycle3_safe_repeatability_pass,-0.142000,-0.43004,-0.144000,-0.87273,HIGH,true,false,true,false,
2400,2026-09-11T21:12:32.474065+00:00,240.000285,cycle3_safe_repeatability_pass,-0.142000,-0.43004,-0.142000,-0.86061,HIGH,true,false,true,false,
2401,2026-09-11T21:12:32.574597+00:00,240.100451,cycle3_safe_repeatability_pass,-0.144000,-0.43610,-0.144000,-0.87273,HIGH,true,false,true,false,
2402,2026-09-11T21:12:32.674093+00:00,240.200312,cycle3_safe_repeatability_pass,-0.144000,-0.43610,-0.142000,-0.86061,HIGH,true,false,true,false,
2403,2026-09-11T21:12:32.774407+00:00,240.300330,cycle3_safe_repeatability_pass,-0.146000,-0.44216,-0.144000,-0.87273,HIGH,true,false,true,false,
2404,2026-09-11T21:12:32.874061+00:00,240.400286,cycle3_safe_repeatability_pass,-0.144000,-0.43610,-0.144000,-0.87273,HIGH,true,false,true,false,
2405,2026-09-11T21:12:32.974362+00:00,240.500310,cycle3_safe_repeatability_pass,-0.146000,-0.44216,-0.144000,-0.87273,HIGH,true,false,true,false,
2406,2026-09-11T21:12:33.074082+00:00,240.600292,cycle3_safe_repeatability_pass,-0.144000,-0.43610,-0.142000,-0.86061,HIGH,true,false,true,false,
2407,2026-09-11T21:12:33.174417+00:00,240.700333,cycle3_safe_repeatability_pass,-0.144000,-0.43610,-0.144000,-0.87273,HIGH,true,false,true,false,
2408,2026-09-11T21:12:33.274067+00:00,240.800291,cycle3_safe_repeatability_pass,-0.144000,-0.43610,-0.144000,-0.87273,HIGH,true,false,true,false,
2409,2026-09-11T21:12:33.374382+00:00,240.900313,cycle3_safe_repeatability_pass,-0.146000,-0.44216,-0.144000,-0.87273,HIGH,true,false,true,false,
2410,2026-09-11T21:12:33.474059+00:00,241.000284,cycle3_safe_repeatability_pass,-0.144000,-0.43610,-0.142000,-0.86061,HIGH,true,false,true,false,
2411,2026-09-11T21:12:33.574572+00:00,241.100410,cycle3_safe_repeatability_pass,-0.144000,-0.43610,-0.144000,-0.87273,HIGH,true,false,true,false,
2412,2026-09-11T21:12:33.674118+00:00,241.200319,cycle3_safe_repeatability_pass,-0.146000,-0.44216,-0.144000,-0.87273,HIGH,true,false,true,false,
2413,2026-09-11T21:12:33.774423+00:00,241.300344,cycle3_safe_repeatability_pass,-0.144000,-0.43610,-0.144000,-0.87273,HIGH,true,false,true,false,
2414,2026-09-11T21:12:33.874071+00:00,241.400292,cycle3_safe_repeatability_pass,-0.144000,-0.43610,-0.144000,-0.87273,HIGH,true,false,true,false,
2415,2026-09-11T21:12:33.974419+00:00,241.500333,cycle3_safe_repeatability_pass,-0.144000,-0.43610,-0.142000,-0.86061,HIGH,true,false,true,false,
2416,2026-09-11T21:12:34.074062+00:00,241.600287,cycle3_safe_repeatability_pass,-0.138000,-0.41793,-0.144000,-0.87273,HIGH,true,false,true,false,
2417,2026-09-11T21:12:34.174377+00:00,241.700315,cycle3_safe_repeatability_pass,-0.138000,-0.41793,-0.136000,-0.82424,HIGH,true,false,true,false,
2418,2026-09-11T21:12:34.274054+00:00,241.800281,cycle3_safe_repeatability_pass,-0.140000,-0.42399,-0.148000,-0.89697,HIGH,true,false,true,false,
2419,2026-09-11T21:12:34.374379+00:00,241.900312,cycle3_safe_repeatability_pass,-0.144000,-0.43610,-0.142000,-0.86061,HIGH,true,false,true,false,
2420,2026-09-11T21:12:34.474069+00:00,242.000285,cycle3_safe_repeatability_pass,-0.140000,-0.42399,-0.142000,-0.86061,HIGH,true,false,true,false,
2421,2026-09-11T21:12:34.574367+00:00,242.100308,cycle3_safe_repeatability_pass,-0.148000,-0.44821,-0.144000,-0.87273,HIGH,true,false,true,false,
2422,2026-09-11T21:12:34.674059+00:00,242.200282,cycle3_safe_repeatability_pass,-0.140000,-0.42399,-0.144000,-0.87273,HIGH,true,false,true,false,
2423,2026-09-11T21:12:34.774087+00:00,242.300294,cycle3_safe_repeatability_pass,-0.138000,-0.41793,-0.144000,-0.87273,HIGH,true,false,true,false,
2424,2026-09-11T21:12:34.874364+00:00,242.400313,cycle3_safe_repeatability_pass,-0.144000,-0.43610,-0.144000,-0.87273,HIGH,true,false,true,false,
2425,2026-09-11T21:12:34.974061+00:00,242.500282,cycle3_safe_repeatability_pass,-0.144000,-0.43610,-0.144000,-0.87273,HIGH,true,false,true,false,
2426,2026-09-11T21:12:35.074367+00:00,242.600313,cycle3_safe_repeatability_pass,-0.140000,-0.42399,-0.144000,-0.87273,HIGH,true,false,true,false,
2427,2026-09-11T21:12:35.174057+00:00,242.700284,cycle3_safe_repeatability_pass,-0.146000,-0.44216,-0.144000,-0.87273,HIGH,true,false,true,false,
2428,2026-09-11T21:12:35.274355+00:00,242.800305,cycle3_safe_repeatability_pass,-0.148000,-0.44821,-0.142000,-0.86061,HIGH,true,false,true,false,
2429,2026-09-11T21:12:35.374078+00:00,242.900289,cycle3_safe_repeatability_pass,-0.146000,-0.44216,-0.146000,-0.88485,HIGH,true,false,true,false,
2430,2026-09-11T21:12:35.474389+00:00,243.000321,cycle3_safe_repeatability_pass,-0.144000,-0.43610,-0.144000,-0.87273,HIGH,true,false,true,false,
2431,2026-09-11T21:12:35.574104+00:00,243.100307,cycle3_safe_repeatability_pass,-0.142000,-0.43004,-0.142000,-0.86061,HIGH,true,false,true,false,
2432,2026-09-11T21:12:35.674359+00:00,243.200312,cycle3_safe_repeatability_pass,-0.136000,-0.41187,-0.142000,-0.86061,HIGH,true,false,true,false,
2433,2026-09-11T21:12:35.774057+00:00,243.300283,cycle3_safe_repeatability_pass,-0.144000,-0.43610,-0.142000,-0.86061,HIGH,true,false,true,false,
2434,2026-09-11T21:12:35.874355+00:00,243.400310,cycle3_safe_repeatability_pass,-0.144000,-0.43610,-0.146000,-0.88485,HIGH,true,false,true,false,
2435,2026-09-11T21:12:35.974053+00:00,243.500281,cycle3_safe_repeatability_pass,-0.140000,-0.42399,-0.142000,-0.86061,HIGH,true,false,true,false,
2436,2026-09-11T21:12:36.074295+00:00,243.600428,cycle3_safe_repeatability_pass,-0.140000,-0.42399,-0.142000,-0.86061,HIGH,true,false,true,false,
2437,2026-09-11T21:12:36.174384+00:00,243.700328,cycle3_safe_repeatability_pass,-0.140000,-0.42399,-0.142000,-0.86061,HIGH,true,false,true,false,
2438,2026-09-11T21:12:36.274068+00:00,243.800289,cycle3_safe_repeatability_pass,-0.144000,-0.43610,-0.140000,-0.84848,HIGH,true,false,true,false,
2439,2026-09-11T21:12:36.374384+00:00,243.900316,cycle3_safe_repeatability_pass,-0.144000,-0.43610,-0.144000,-0.87273,HIGH,true,false,true,false,
2440,2026-09-11T21:12:36.474079+00:00,244.000295,cycle3_safe_repeatability_pass,-0.146000,-0.44216,-0.142000,-0.86061,HIGH,true,false,true,false,
2441,2026-09-11T21:12:36.574359+00:00,244.100309,cycle3_safe_repeatability_pass,-0.140000,-0.42399,-0.142000,-0.86061,HIGH,true,false,true,false,
2442,2026-09-11T21:12:36.674062+00:00,244.200283,cycle3_safe_repeatability_pass,-0.142000,-0.43004,-0.142000,-0.86061,HIGH,true,false,true,false,
2443,2026-09-11T21:12:36.774367+00:00,244.300312,cycle3_safe_repeatability_pass,-0.144000,-0.43610,-0.146000,-0.88485,HIGH,true,false,true,false,
2444,2026-09-11T21:12:36.874071+00:00,244.400285,cycle3_safe_repeatability_pass,-0.146000,-0.44216,-0.144000,-0.87273,HIGH,true,false,true,false,
2445,2026-09-11T21:12:36.974391+00:00,244.500313,cycle3_safe_repeatability_pass,-0.142000,-0.43004,-0.146000,-0.88485,HIGH,true,false,true,false,
2446,2026-09-11T21:12:37.074061+00:00,244.600283,cycle3_safe_repeatability_pass,-0.140000,-0.42399,-0.144000,-0.87273,HIGH,true,false,true,false,
2447,2026-09-11T21:12:37.174367+00:00,244.700310,cycle3_safe_repeatability_pass,-0.144000,-0.43610,-0.144000,-0.87273,HIGH,true,false,true,false,
2448,2026-09-11T21:12:37.274189+00:00,244.800354,cycle3_safe_repeatability_pass,-0.144000,-0.43610,-0.144000,-0.87273,HIGH,true,false,true,false,
2449,2026-09-11T21:12:37.374400+00:00,244.900330,cycle3_safe_repeatability_pass,-0.144000,-0.43610,-0.144000,-0.87273,HIGH,true,false,true,false,
2450,2026-09-11T21:12:37.474078+00:00,245.000294,cycle3_safe_repeatability_pass,-0.140000,-0.42399,-0.140000,-0.84848,HIGH,true,false,true,false,
2451,2026-09-11T21:12:37.574364+00:00,245.100313,cycle3_safe_repeatability_pass,-0.144000,-0.43610,-0.144000,-0.87273,HIGH,true,false,true,false,
2452,2026-09-11T21:12:37.674069+00:00,245.200287,cycle3_safe_repeatability_pass,-0.144000,-0.43610,-0.144000,-0.87273,HIGH,true,false,true,false,
2453,2026-09-11T21:12:37.774372+00:00,245.300315,cycle3_safe_repeatability_pass,-0.146000,-0.44216,-0.144000,-0.87273,HIGH,true,false,true,false,
2454,2026-09-11T21:12:37.874060+00:00,245.400283,cycle3_safe_repeatability_pass,-0.146000,-0.44216,-0.144000,-0.87273,HIGH,true,false,true,false,
2455,2026-09-11T21:12:37.974372+00:00,245.500315,cycle3_safe_repeatability_pass,-0.144000,-0.43610,-0.142000,-0.86061,HIGH,true,false,true,false,
2456,2026-09-11T21:12:38.074061+00:00,245.600285,cycle3_safe_repeatability_pass,-0.146000,-0.44216,-0.144000,-0.87273,HIGH,true,false,true,false,
2457,2026-09-11T21:12:38.174357+00:00,245.700308,cycle3_safe_repeatability_pass,-0.144000,-0.43610,-0.144000,-0.87273,HIGH,true,false,true,false,
2458,2026-09-11T21:12:38.274139+00:00,245.800282,cycle3_safe_repeatability_pass,-0.142000,-0.43004,-0.144000,-0.87273,HIGH,true,false,true,false,
2459,2026-09-11T21:12:38.374434+00:00,245.900353,cycle3_safe_repeatability_pass,-0.146000,-0.44216,-0.144000,-0.87273,HIGH,true,false,true,false,
2460,2026-09-11T21:12:38.474087+00:00,246.000300,cycle3_safe_repeatability_pass,-0.144000,-0.43610,-0.144000,-0.87273,HIGH,true,false,true,false,
2461,2026-09-11T21:12:38.574294+00:00,246.100427,cycle3_safe_repeatability_pass,-0.144000,-0.43610,-0.146000,-0.88485,HIGH,true,false,true,false,
2462,2026-09-11T21:12:38.674385+00:00,246.200332,cycle3_safe_repeatability_pass,-0.144000,-0.43610,-0.142000,-0.86061,HIGH,true,false,true,false,
2463,2026-09-11T21:12:38.774075+00:00,246.300292,cycle3_safe_repeatability_pass,-0.144000,-0.43610,-0.144000,-0.87273,HIGH,true,false,true,false,
2464,2026-09-11T21:12:38.874367+00:00,246.400312,cycle3_safe_repeatability_pass,-0.146000,-0.44216,-0.144000,-0.87273,HIGH,true,false,true,false,
2465,2026-09-11T21:12:38.974070+00:00,246.500288,cycle3_safe_repeatability_pass,-0.146000,-0.44216,-0.142000,-0.86061,HIGH,true,false,true,false,
2466,2026-09-11T21:12:39.074386+00:00,246.600319,cycle3_safe_repeatability_pass,-0.142000,-0.43004,-0.144000,-0.87273,HIGH,true,false,true,false,
2467,2026-09-11T21:12:39.174068+00:00,246.700288,cycle3_safe_repeatability_pass,-0.144000,-0.43610,-0.144000,-0.87273,HIGH,true,false,true,false,
2468,2026-09-11T21:12:39.274365+00:00,246.800315,cycle3_safe_repeatability_pass,-0.140000,-0.42399,-0.144000,-0.87273,HIGH,true,false,true,false,
2469,2026-09-11T21:12:39.374065+00:00,246.900283,cycle3_safe_repeatability_pass,-0.144000,-0.43610,-0.146000,-0.88485,HIGH,true,false,true,false,
2470,2026-09-11T21:12:39.474381+00:00,247.000323,cycle3_safe_repeatability_pass,-0.142000,-0.43004,-0.142000,-0.86061,HIGH,true,false,true,false,
2471,2026-09-11T21:12:39.574271+00:00,247.100406,cycle3_safe_repeatability_pass,-0.146000,-0.44216,-0.138000,-0.83636,HIGH,true,false,true,false,
2472,2026-09-11T21:12:39.674382+00:00,247.200329,cycle3_safe_repeatability_pass,-0.146000,-0.44216,-0.144000,-0.87273,HIGH,true,false,true,false,
2473,2026-09-11T21:12:39.774087+00:00,247.300297,cycle3_safe_repeatability_pass,-0.144000,-0.43610,-0.144000,-0.87273,HIGH,true,false,true,false,
2474,2026-09-11T21:12:39.874455+00:00,247.400358,cycle3_safe_repeatability_pass,-0.144000,-0.43610,-0.144000,-0.87273,HIGH,true,false,true,false,
2475,2026-09-11T21:12:39.974113+00:00,247.500319,cycle3_safe_repeatability_pass,-0.144000,-0.43610,-0.144000,-0.87273,HIGH,true,false,true,false,
2476,2026-09-11T21:12:40.074360+00:00,247.600314,cycle3_safe_repeatability_pass,-0.144000,-0.43610,-0.144000,-0.87273,HIGH,true,false,true,false,
2477,2026-09-11T21:12:40.174062+00:00,247.700283,cycle3_safe_repeatability_pass,-0.144000,-0.43610,-0.142000,-0.86061,HIGH,true,false,true,false,
2478,2026-09-11T21:12:40.274351+00:00,247.800307,cycle3_safe_repeatability_pass,-0.146000,-0.44216,-0.144000,-0.87273,HIGH,true,false,true,false,
2479,2026-09-11T21:12:40.374056+00:00,247.900282,cycle3_safe_repeatability_pass,-0.138000,-0.41793,-0.146000,-0.88485,HIGH,true,false,true,false,
2480,2026-09-11T21:12:40.474372+00:00,248.000315,cycle3_safe_repeatability_pass,-0.148000,-0.44821,-0.142000,-0.86061,HIGH,true,false,true,false,
2481,2026-09-11T21:12:40.574054+00:00,248.100284,cycle3_safe_repeatability_pass,-0.144000,-0.43610,-0.144000,-0.87273,HIGH,true,false,true,false,
2482,2026-09-11T21:12:40.674357+00:00,248.200308,cycle3_safe_repeatability_pass,-0.144000,-0.43610,-0.144000,-0.87273,HIGH,true,false,true,false,
2483,2026-09-11T21:12:40.774069+00:00,248.300286,cycle3_safe_repeatability_pass,-0.144000,-0.43610,-0.144000,-0.87273,HIGH,true,false,true,false,
2484,2026-09-11T21:12:40.874352+00:00,248.400309,cycle3_safe_repeatability_pass,-0.144000,-0.43610,-0.144000,-0.87273,HIGH,true,false,true,false,
2485,2026-09-11T21:12:40.974072+00:00,248.500288,cycle3_safe_repeatability_pass,-0.144000,-0.43610,-0.144000,-0.87273,HIGH,true,false,true,false,
2486,2026-09-11T21:12:41.074368+00:00,248.600312,cycle3_safe_repeatability_pass,-0.144000,-0.43610,-0.144000,-0.87273,HIGH,true,false,true,false,
2487,2026-09-11T21:12:41.174060+00:00,248.700285,cycle3_safe_repeatability_pass,-0.144000,-0.43610,-0.146000,-0.88485,HIGH,true,false,true,false,
2488,2026-09-11T21:12:41.274360+00:00,248.800307,cycle3_safe_repeatability_pass,-0.144000,-0.43610,-0.144000,-0.87273,HIGH,true,false,true,false,
2489,2026-09-11T21:12:41.374062+00:00,248.900278,cycle3_safe_repeatability_pass,-0.144000,-0.43610,-0.146000,-0.88485,HIGH,true,false,true,false,
2490,2026-09-11T21:12:41.474375+00:00,249.000314,cycle3_safe_repeatability_pass,-0.138000,-0.41793,-0.144000,-0.87273,HIGH,true,false,true,false,
2491,2026-09-11T21:12:41.574072+00:00,249.100289,cycle3_safe_repeatability_pass,-0.144000,-0.43610,-0.144000,-0.87273,HIGH,true,false,true,false,
2492,2026-09-11T21:12:41.674359+00:00,249.200308,cycle3_safe_repeatability_pass,-0.144000,-0.43610,-0.144000,-0.87273,HIGH,true,false,true,false,
2493,2026-09-11T21:12:41.774057+00:00,249.300280,cycle3_safe_repeatability_pass,-0.144000,-0.43610,-0.138000,-0.83636,HIGH,true,false,true,false,
2494,2026-09-11T21:12:41.874369+00:00,249.400307,cycle3_safe_repeatability_pass,-0.144000,-0.43610,-0.142000,-0.86061,HIGH,true,false,true,false,
2495,2026-09-11T21:12:41.974059+00:00,249.500280,cycle3_safe_repeatability_pass,-0.146000,-0.44216,-0.144000,-0.87273,HIGH,true,false,true,false,
2496,2026-09-11T21:12:42.074350+00:00,249.600304,cycle3_safe_repeatability_pass,-0.144000,-0.43610,-0.146000,-0.88485,HIGH,true,false,true,false,
2497,2026-09-11T21:12:42.174052+00:00,249.700278,cycle3_safe_repeatability_pass,-0.144000,-0.43610,-0.142000,-0.86061,HIGH,true,false,true,false,
2498,2026-09-11T21:12:42.274360+00:00,249.800310,cycle3_safe_repeatability_pass,-0.140000,-0.42399,-0.146000,-0.88485,HIGH,true,false,true,false,
2499,2026-09-11T21:12:42.374224+00:00,249.900374,cycle3_safe_repeatability_pass,-0.140000,-0.42399,-0.146000,-0.88485,HIGH,true,false,true,false,
2500,2026-09-11T21:12:42.474391+00:00,250.000329,cycle3_safe_repeatability_pass,-0.142000,-0.43004,-0.144000,-0.87273,HIGH,true,false,true,false,
2501,2026-09-11T21:12:42.574096+00:00,250.100301,cycle3_safe_repeatability_pass,-0.146000,-0.44216,-0.144000,-0.87273,HIGH,true,false,true,false,
2502,2026-09-11T21:12:42.674358+00:00,250.200310,cycle3_safe_repeatability_pass,-0.140000,-0.42399,-0.140000,-0.84848,HIGH,true,false,true,false,
2503,2026-09-11T21:12:42.774127+00:00,250.300315,cycle3_safe_repeatability_pass,-0.144000,-0.43610,-0.142000,-0.86061,HIGH,true,false,true,false,
2504,2026-09-11T21:12:42.874370+00:00,250.400313,cycle3_safe_repeatability_pass,-0.142000,-0.43004,-0.144000,-0.87273,HIGH,true,false,true,false,
2505,2026-09-11T21:12:42.974114+00:00,250.500310,cycle3_safe_repeatability_pass,-0.144000,-0.43610,-0.146000,-0.88485,HIGH,true,false,true,false,
2506,2026-09-11T21:12:43.074335+00:00,250.600286,cycle3_safe_repeatability_pass,-0.140000,-0.42399,-0.140000,-0.84848,HIGH,true,false,true,false,
2507,2026-09-11T21:12:43.174188+00:00,250.700326,cycle3_safe_repeatability_pass,-0.146000,-0.44216,-0.140000,-0.84848,HIGH,true,false,true,false,
2508,2026-09-11T21:12:43.274286+00:00,250.800283,cycle3_safe_repeatability_pass,-0.144000,-0.43610,-0.144000,-0.87273,HIGH,true,false,true,false,
2509,2026-09-11T21:12:43.374160+00:00,250.900314,cycle3_safe_repeatability_pass,-0.144000,-0.43610,-0.144000,-0.87273,HIGH,true,false,true,false,
2510,2026-09-11T21:12:43.474364+00:00,251.000363,cycle3_safe_repeatability_pass,-0.144000,-0.43610,-0.144000,-0.87273,HIGH,true,false,true,false,
2511,2026-09-11T21:12:43.574319+00:00,251.100434,cycle3_safe_repeatability_pass,-0.146000,-0.44216,-0.142000,-0.86061,HIGH,true,false,true,false,
2512,2026-09-11T21:12:43.674287+00:00,251.200291,cycle3_safe_repeatability_pass,-0.144000,-0.43610,-0.144000,-0.87273,HIGH,true,false,true,false,
2513,2026-09-11T21:12:43.774242+00:00,251.300312,cycle3_safe_repeatability_pass,-0.140000,-0.42399,-0.144000,-0.87273,HIGH,true,false,true,false,
2514,2026-09-11T21:12:43.874256+00:00,251.400279,cycle3_safe_repeatability_pass,-0.140000,-0.42399,-0.142000,-0.86061,HIGH,true,false,true,false,
2515,2026-09-11T21:12:43.974474+00:00,251.500433,cycle3_safe_repeatability_pass,-0.144000,-0.43610,-0.144000,-0.87273,HIGH,true,false,true,false,
2516,2026-09-11T21:12:44.074293+00:00,251.600303,cycle3_safe_repeatability_pass,-0.146000,-0.44216,-0.144000,-0.87273,HIGH,true,false,true,false,
2517,2026-09-11T21:12:44.174156+00:00,251.700316,cycle3_safe_repeatability_pass,-0.144000,-0.43610,-0.144000,-0.87273,HIGH,true,false,true,false,
2518,2026-09-11T21:12:44.274265+00:00,251.800284,cycle3_safe_repeatability_pass,-0.144000,-0.43610,-0.142000,-0.86061,HIGH,true,false,true,false,
2519,2026-09-11T21:12:44.374167+00:00,251.900314,cycle3_safe_repeatability_pass,-0.144000,-0.43610,-0.140000,-0.84848,HIGH,true,false,true,false,
2520,2026-09-11T21:12:44.474275+00:00,252.000285,cycle3_safe_repeatability_pass,-0.144000,-0.43610,-0.140000,-0.84848,HIGH,true,false,true,false,
2521,2026-09-11T21:12:44.574398+00:00,252.100444,cycle3_safe_repeatability_pass,-0.144000,-0.43610,-0.146000,-0.88485,HIGH,true,false,true,false,
2522,2026-09-11T21:12:44.674297+00:00,252.200301,cycle3_safe_repeatability_pass,-0.144000,-0.43610,-0.144000,-0.87273,HIGH,true,false,true,false,
2523,2026-09-11T21:12:44.774146+00:00,252.300314,cycle3_safe_repeatability_pass,-0.140000,-0.42399,-0.142000,-0.86061,HIGH,true,false,true,false,
2524,2026-09-11T21:12:44.874266+00:00,252.400280,cycle3_safe_repeatability_pass,-0.144000,-0.43610,-0.140000,-0.84848,HIGH,true,false,true,false,
2525,2026-09-11T21:12:44.974411+00:00,252.500333,cycle3_safe_repeatability_pass,-0.140000,-0.42399,-0.146000,-0.88485,HIGH,true,false,true,false,
2526,2026-09-11T21:12:45.074148+00:00,252.600311,cycle3_safe_repeatability_pass,-0.140000,-0.42399,-0.144000,-0.87273,HIGH,true,false,true,false,
2527,2026-09-11T21:12:45.174272+00:00,252.700281,cycle3_safe_repeatability_pass,-0.144000,-0.43610,-0.144000,-0.87273,HIGH,true,false,true,false,
2528,2026-09-11T21:12:45.274159+00:00,252.800309,cycle3_safe_repeatability_pass,-0.144000,-0.43610,-0.144000,-0.87273,HIGH,true,false,true,false,
2529,2026-09-11T21:12:45.374303+00:00,252.900290,cycle3_safe_repeatability_pass,-0.146000,-0.44216,-0.144000,-0.87273,HIGH,true,false,true,false,
2530,2026-09-11T21:12:45.474220+00:00,253.000311,cycle3_safe_repeatability_pass,-0.144000,-0.43610,-0.142000,-0.86061,HIGH,true,false,true,false,
2531,2026-09-11T21:12:45.574207+00:00,253.100278,cycle3_safe_repeatability_pass,-0.144000,-0.43610,-0.144000,-0.87273,HIGH,true,false,true,false,
2532,2026-09-11T21:12:45.674519+00:00,253.200429,cycle3_safe_repeatability_pass,-0.144000,-0.43610,-0.142000,-0.86061,HIGH,true,false,true,false,
2533,2026-09-11T21:12:45.774268+00:00,253.300308,cycle3_safe_repeatability_pass,-0.146000,-0.44216,-0.144000,-0.87273,HIGH,true,false,true,false,
2534,2026-09-11T21:12:45.874285+00:00,253.400314,cycle3_safe_repeatability_pass,-0.140000,-0.42399,-0.144000,-0.87273,HIGH,true,false,true,false,
2535,2026-09-11T21:12:45.974168+00:00,253.500298,cycle3_safe_repeatability_pass,-0.138000,-0.41793,-0.142000,-0.86061,HIGH,true,false,true,false,
2536,2026-09-11T21:12:46.074286+00:00,253.600320,cycle3_safe_repeatability_pass,-0.148000,-0.44821,-0.140000,-0.84848,HIGH,true,false,true,false,
2537,2026-09-11T21:12:46.174220+00:00,253.700282,cycle3_safe_repeatability_pass,-0.144000,-0.43610,-0.142000,-0.86061,HIGH,true,false,true,false,
2538,2026-09-11T21:12:46.274270+00:00,253.800306,cycle3_safe_repeatability_pass,-0.144000,-0.43610,-0.148000,-0.89697,HIGH,true,false,true,false,
2539,2026-09-11T21:12:46.374139+00:00,253.900281,cycle3_safe_repeatability_pass,-0.142000,-0.43004,-0.144000,-0.87273,HIGH,true,false,true,false,
2540,2026-09-11T21:12:46.474271+00:00,254.000311,cycle3_safe_repeatability_pass,-0.144000,-0.43610,-0.144000,-0.87273,HIGH,true,false,true,false,
2541,2026-09-11T21:12:46.574121+00:00,254.100273,cycle3_safe_repeatability_pass,-0.146000,-0.44216,-0.144000,-0.87273,HIGH,true,false,true,false,
2542,2026-09-11T21:12:46.674294+00:00,254.200316,cycle3_safe_repeatability_pass,-0.146000,-0.44216,-0.144000,-0.87273,HIGH,true,false,true,false,
2543,2026-09-11T21:12:46.774115+00:00,254.300278,cycle3_safe_repeatability_pass,-0.148000,-0.44821,-0.144000,-0.87273,HIGH,true,false,true,false,
2544,2026-09-11T21:12:46.874268+00:00,254.400305,cycle3_safe_repeatability_pass,-0.140000,-0.42399,-0.146000,-0.88485,HIGH,true,false,true,false,
2545,2026-09-11T21:12:46.974135+00:00,254.500282,cycle3_safe_repeatability_pass,-0.144000,-0.43610,-0.144000,-0.87273,HIGH,true,false,true,false,
2546,2026-09-11T21:12:47.074274+00:00,254.600311,cycle3_safe_repeatability_pass,-0.144000,-0.43610,-0.146000,-0.88485,HIGH,true,false,true,false,
2547,2026-09-11T21:12:47.174140+00:00,254.700281,cycle3_safe_repeatability_pass,-0.144000,-0.43610,-0.142000,-0.86061,HIGH,true,false,true,false,
2548,2026-09-11T21:12:47.274280+00:00,254.800305,cycle3_safe_repeatability_pass,-0.144000,-0.43610,-0.144000,-0.87273,HIGH,true,false,true,false,
2549,2026-09-11T21:12:47.374151+00:00,254.900286,cycle3_safe_repeatability_pass,-0.144000,-0.43610,-0.138000,-0.83636,HIGH,true,false,true,false,
2550,2026-09-11T21:12:47.474426+00:00,255.000382,cycle3_safe_repeatability_pass,-0.142000,-0.43004,-0.148000,-0.89697,HIGH,true,false,true,false,
2551,2026-09-11T21:12:47.574190+00:00,255.100316,cycle3_safe_repeatability_pass,-0.142000,-0.43004,-0.144000,-0.87273,HIGH,true,false,true,false,
2552,2026-09-11T21:12:47.674386+00:00,255.200324,cycle3_safe_repeatability_pass,-0.144000,-0.43610,-0.146000,-0.88485,HIGH,true,false,true,false,
2553,2026-09-11T21:12:47.774063+00:00,255.300287,cycle3_safe_repeatability_pass,-0.144000,-0.43610,-0.140000,-0.84848,HIGH,true,false,true,false,
2554,2026-09-11T21:12:47.874454+00:00,255.400312,cycle3_safe_repeatability_pass,-0.144000,-0.43610,-0.146000,-0.88485,HIGH,true,false,true,false,
2555,2026-09-11T21:12:47.974125+00:00,255.500282,cycle3_safe_repeatability_pass,-0.144000,-0.43610,-0.146000,-0.88485,HIGH,true,false,true,false,
2556,2026-09-11T21:12:48.074393+00:00,255.600318,cycle3_safe_repeatability_pass,-0.142000,-0.43004,-0.146000,-0.88485,HIGH,true,false,true,false,
2557,2026-09-11T21:12:48.174071+00:00,255.700291,cycle3_safe_repeatability_pass,-0.146000,-0.44216,-0.142000,-0.86061,HIGH,true,false,true,false,
2558,2026-09-11T21:12:48.274359+00:00,255.800309,cycle3_safe_repeatability_pass,-0.144000,-0.43610,-0.144000,-0.87273,HIGH,true,false,true,false,
2559,2026-09-11T21:12:48.374069+00:00,255.900282,cycle3_safe_repeatability_pass,-0.144000,-0.43610,-0.140000,-0.84848,HIGH,true,false,true,false,
2560,2026-09-11T21:12:48.474367+00:00,256.000312,cycle3_safe_repeatability_pass,-0.144000,-0.43610,-0.144000,-0.87273,HIGH,true,false,true,false,
2561,2026-09-11T21:12:48.574075+00:00,256.100287,cycle3_safe_repeatability_pass,-0.144000,-0.43610,-0.144000,-0.87273,HIGH,true,false,true,false,
2562,2026-09-11T21:12:48.674385+00:00,256.200319,cycle3_safe_repeatability_pass,-0.146000,-0.44216,-0.144000,-0.87273,HIGH,true,false,true,false,
2563,2026-09-11T21:12:48.774067+00:00,256.300289,cycle3_safe_repeatability_pass,-0.144000,-0.43610,-0.142000,-0.86061,HIGH,true,false,true,false,
2564,2026-09-11T21:12:48.874368+00:00,256.400305,cycle3_safe_repeatability_pass,-0.142000,-0.43004,-0.144000,-0.87273,HIGH,true,false,true,false,
2565,2026-09-11T21:12:48.974055+00:00,256.500280,cycle3_safe_repeatability_pass,-0.144000,-0.43610,-0.138000,-0.83636,HIGH,true,false,true,false,
2566,2026-09-11T21:12:49.074384+00:00,256.600316,cycle3_safe_repeatability_pass,-0.144000,-0.43610,-0.144000,-0.87273,HIGH,true,false,true,false,
2567,2026-09-11T21:12:49.174072+00:00,256.700290,cycle3_safe_repeatability_pass,-0.142000,-0.43004,-0.144000,-0.87273,HIGH,true,false,true,false,
2568,2026-09-11T21:12:49.274364+00:00,256.800311,cycle3_safe_repeatability_pass,-0.144000,-0.43610,-0.144000,-0.87273,HIGH,true,false,true,false,
2569,2026-09-11T21:12:49.374274+00:00,256.900399,cycle3_safe_repeatability_pass,-0.144000,-0.43610,-0.144000,-0.87273,HIGH,true,false,true,false,
2570,2026-09-11T21:12:49.474427+00:00,257.000348,cycle3_safe_repeatability_pass,-0.146000,-0.44216,-0.142000,-0.86061,HIGH,true,false,true,false,
2571,2026-09-11T21:12:49.574074+00:00,257.100298,cycle3_safe_repeatability_pass,-0.144000,-0.43610,-0.144000,-0.87273,HIGH,true,false,true,false,
2572,2026-09-11T21:12:49.674379+00:00,257.200313,cycle3_safe_repeatability_pass,-0.144000,-0.43610,-0.144000,-0.87273,HIGH,true,false,true,false,
2573,2026-09-11T21:12:49.774229+00:00,257.300376,cycle3_safe_repeatability_pass,-0.144000,-0.43610,-0.144000,-0.87273,HIGH,true,false,true,false,
2574,2026-09-11T21:12:49.874429+00:00,257.400346,cycle3_safe_repeatability_pass,-0.144000,-0.43610,-0.144000,-0.87273,HIGH,true,false,true,false,
2575,2026-09-11T21:12:49.974212+00:00,257.500367,cycle3_safe_repeatability_pass,-0.146000,-0.44216,-0.142000,-0.86061,HIGH,true,false,true,false,
2576,2026-09-11T21:12:50.074434+00:00,257.600352,cycle3_safe_repeatability_pass,-0.142000,-0.43004,-0.142000,-0.86061,HIGH,true,false,true,false,
2577,2026-09-11T21:12:50.174226+00:00,257.700374,cycle3_safe_repeatability_pass,-0.144000,-0.43610,-0.144000,-0.87273,HIGH,true,false,true,false,
2578,2026-09-11T21:12:50.274434+00:00,257.800351,cycle3_safe_repeatability_pass,-0.144000,-0.43610,-0.144000,-0.87273,HIGH,true,false,true,false,
2579,2026-09-11T21:12:50.374243+00:00,257.900388,cycle3_safe_repeatability_pass,-0.144000,-0.43610,-0.144000,-0.87273,HIGH,true,false,true,false,
2580,2026-09-11T21:12:50.474448+00:00,258.000356,cycle3_safe_repeatability_pass,-0.144000,-0.43610,-0.140000,-0.84848,HIGH,true,false,true,false,
2581,2026-09-11T21:12:50.574619+00:00,258.100467,cycle3_safe_repeatability_pass,-0.144000,-0.43610,-0.144000,-0.87273,HIGH,true,false,true,false,
2582,2026-09-11T21:12:50.674410+00:00,258.200345,cycle3_safe_repeatability_pass,-0.142000,-0.43004,-0.142000,-0.86061,HIGH,true,false,true,false,
2583,2026-09-11T21:12:50.774088+00:00,258.300297,cycle3_safe_repeatability_pass,-0.144000,-0.43610,-0.146000,-0.88485,HIGH,true,false,true,false,
2584,2026-09-11T21:12:50.874431+00:00,258.400343,cycle3_safe_repeatability_pass,-0.142000,-0.43004,-0.144000,-0.87273,HIGH,true,false,true,false,
2585,2026-09-11T21:12:50.974076+00:00,258.500298,cycle3_safe_repeatability_pass,-0.144000,-0.43610,-0.146000,-0.88485,HIGH,true,false,true,false,
2586,2026-09-11T21:12:51.074398+00:00,258.600326,cycle3_safe_repeatability_pass,-0.144000,-0.43610,-0.140000,-0.84848,HIGH,true,false,true,false,
2587,2026-09-11T21:12:51.174195+00:00,258.700297,cycle3_safe_repeatability_pass,-0.144000,-0.43610,-0.144000,-0.87273,HIGH,true,false,true,false,
2588,2026-09-11T21:12:51.274468+00:00,258.800368,cycle3_safe_repeatability_pass,-0.144000,-0.43610,-0.142000,-0.86061,HIGH,true,false,true,false,
2589,2026-09-11T21:12:51.374094+00:00,258.900303,cycle3_safe_repeatability_pass,-0.144000,-0.43610,-0.144000,-0.87273,HIGH,true,false,true,false,
2590,2026-09-11T21:12:51.474377+00:00,259.000316,cycle3_safe_repeatability_pass,-0.142000,-0.43004,-0.144000,-0.87273,HIGH,true,false,true,false,
2591,2026-09-11T21:12:51.574299+00:00,259.100311,cycle3_safe_repeatability_pass,-0.144000,-0.43610,-0.142000,-0.86061,HIGH,true,false,true,false,
2592,2026-09-11T21:12:51.674578+00:00,259.200403,cycle3_safe_repeatability_pass,-0.144000,-0.43610,-0.142000,-0.86061,HIGH,true,false,true,false,
2593,2026-09-11T21:12:51.774430+00:00,259.300350,cycle3_safe_repeatability_pass,-0.144000,-0.43610,-0.142000,-0.86061,HIGH,true,false,true,false,
2594,2026-09-11T21:12:51.874088+00:00,259.400297,cycle3_safe_repeatability_pass,-0.144000,-0.43610,-0.144000,-0.87273,HIGH,true,false,true,false,
2595,2026-09-11T21:12:51.974419+00:00,259.500334,cycle3_safe_repeatability_pass,-0.144000,-0.43610,-0.144000,-0.87273,HIGH,true,false,true,false,
2596,2026-09-11T21:12:52.074060+00:00,259.600285,cycle3_safe_repeatability_pass,-0.142000,-0.43004,-0.140000,-0.84848,HIGH,true,false,true,false,
2597,2026-09-11T21:12:52.174364+00:00,259.700311,cycle3_safe_repeatability_pass,-0.148000,-0.44821,-0.140000,-0.84848,HIGH,true,false,true,false,
2598,2026-09-11T21:12:52.274078+00:00,259.800289,cycle3_safe_repeatability_pass,-0.144000,-0.43610,-0.144000,-0.87273,HIGH,true,false,true,false,
2599,2026-09-11T21:12:52.374563+00:00,259.900423,cycle3_safe_repeatability_pass,-0.142000,-0.43004,-0.138000,-0.83636,HIGH,true,false,true,false,
2600,2026-09-11T21:12:52.474083+00:00,260.000307,cycle3_safe_repeatability_pass,-0.140000,-0.42399,-0.140000,-0.84848,HIGH,true,false,true,false,
2601,2026-09-11T21:12:52.574510+00:00,260.100389,cycle3_safe_repeatability_pass,-0.146000,-0.44216,-0.138000,-0.83636,HIGH,true,false,true,false,
2602,2026-09-11T21:12:52.674073+00:00,260.200300,cycle3_safe_repeatability_pass,-0.140000,-0.42399,-0.146000,-0.88485,HIGH,true,false,true,false,
2603,2026-09-11T21:12:52.774378+00:00,260.300322,cycle3_safe_repeatability_pass,-0.144000,-0.43610,-0.140000,-0.84848,HIGH,true,false,true,false,
2604,2026-09-11T21:12:52.874116+00:00,260.400309,cycle3_safe_repeatability_pass,-0.144000,-0.43610,-0.140000,-0.84848,HIGH,true,false,true,false,
2605,2026-09-11T21:12:52.974380+00:00,260.500327,cycle3_safe_repeatability_pass,-0.144000,-0.43610,-0.144000,-0.87273,HIGH,true,false,true,false,
2606,2026-09-11T21:12:53.074063+00:00,260.600288,cycle3_safe_repeatability_pass,-0.144000,-0.43610,-0.144000,-0.87273,HIGH,true,false,true,false,
2607,2026-09-11T21:12:53.174420+00:00,260.700335,cycle3_safe_repeatability_pass,-0.142000,-0.43004,-0.146000,-0.88485,HIGH,true,false,true,false,
2608,2026-09-11T21:12:53.274082+00:00,260.800294,cycle3_safe_repeatability_pass,-0.144000,-0.43610,-0.144000,-0.87273,HIGH,true,false,true,false,
2609,2026-09-11T21:12:53.374421+00:00,260.900332,cycle3_safe_repeatability_pass,-0.142000,-0.43004,-0.146000,-0.88485,HIGH,true,false,true,false,
2610,2026-09-11T21:12:53.474226+00:00,261.000374,cycle3_safe_repeatability_pass,-0.144000,-0.43610,-0.140000,-0.84848,HIGH,true,false,true,false,
2611,2026-09-11T21:12:53.574402+00:00,261.100341,cycle3_safe_repeatability_pass,-0.142000,-0.43004,-0.146000,-0.88485,HIGH,true,false,true,false,
2612,2026-09-11T21:12:53.674104+00:00,261.200309,cycle3_safe_repeatability_pass,-0.140000,-0.42399,-0.142000,-0.86061,HIGH,true,false,true,false,
2613,2026-09-11T21:12:53.774392+00:00,261.300328,cycle3_safe_repeatability_pass,-0.142000,-0.43004,-0.144000,-0.87273,HIGH,true,false,true,false,
2614,2026-09-11T21:12:53.874057+00:00,261.400287,cycle3_safe_repeatability_pass,-0.140000,-0.42399,-0.144000,-0.87273,HIGH,true,false,true,false,
2615,2026-09-11T21:12:53.974367+00:00,261.500316,cycle3_safe_repeatability_pass,-0.144000,-0.43610,-0.142000,-0.86061,HIGH,true,false,true,false,
2616,2026-09-11T21:12:54.074057+00:00,261.600280,cycle3_safe_repeatability_pass,-0.144000,-0.43610,-0.144000,-0.87273,HIGH,true,false,true,false,
2617,2026-09-11T21:12:54.174399+00:00,261.700328,cycle3_safe_repeatability_pass,-0.144000,-0.43610,-0.144000,-0.87273,HIGH,true,false,true,false,
2618,2026-09-11T21:12:54.274078+00:00,261.800294,cycle3_safe_repeatability_pass,-0.144000,-0.43610,-0.142000,-0.86061,HIGH,true,false,true,false,
2619,2026-09-11T21:12:54.374369+00:00,261.900313,cycle3_safe_repeatability_pass,-0.144000,-0.43610,-0.142000,-0.86061,HIGH,true,false,true,false,
2620,2026-09-11T21:12:54.474075+00:00,262.000294,cycle3_safe_repeatability_pass,-0.142000,-0.43004,-0.146000,-0.88485,HIGH,true,false,true,false,
2621,2026-09-11T21:12:54.574369+00:00,262.100313,cycle3_safe_repeatability_pass,-0.144000,-0.43610,-0.144000,-0.87273,HIGH,true,false,true,false,
2622,2026-09-11T21:12:54.674055+00:00,262.200286,cycle3_safe_repeatability_pass,-0.144000,-0.43610,-0.140000,-0.84848,HIGH,true,false,true,false,
2623,2026-09-11T21:12:54.774401+00:00,262.300324,cycle3_safe_repeatability_pass,-0.142000,-0.43004,-0.140000,-0.84848,HIGH,true,false,true,false,
2624,2026-09-11T21:12:54.874367+00:00,262.400317,cycle3_safe_repeatability_pass,-0.142000,-0.43004,-0.144000,-0.87273,HIGH,true,false,true,false,
2625,2026-09-11T21:12:54.974059+00:00,262.500288,cycle3_safe_repeatability_pass,-0.144000,-0.43610,-0.142000,-0.86061,HIGH,true,false,true,false,
2626,2026-09-11T21:12:55.074371+00:00,262.600315,cycle3_safe_repeatability_pass,-0.144000,-0.43610,-0.146000,-0.88485,HIGH,true,false,true,false,
2627,2026-09-11T21:12:55.174080+00:00,262.700285,cycle3_safe_repeatability_pass,-0.144000,-0.43610,-0.144000,-0.87273,HIGH,true,false,true,false,
2628,2026-09-11T21:12:55.274078+00:00,262.800294,cycle3_safe_repeatability_pass,-0.144000,-0.43610,-0.146000,-0.88485,HIGH,true,false,true,false,
2629,2026-09-11T21:12:55.374376+00:00,262.900313,cycle3_safe_repeatability_pass,-0.142000,-0.43004,-0.144000,-0.87273,HIGH,true,false,true,false,
2630,2026-09-11T21:12:55.474072+00:00,263.000290,cycle3_safe_repeatability_pass,-0.146000,-0.44216,-0.146000,-0.88485,HIGH,true,false,true,false,
2631,2026-09-11T21:12:55.574439+00:00,263.100345,cycle3_safe_repeatability_pass,-0.142000,-0.43004,-0.144000,-0.87273,HIGH,true,false,true,false,
2632,2026-09-11T21:12:55.674064+00:00,263.200288,cycle3_safe_repeatability_pass,-0.146000,-0.44216,-0.144000,-0.87273,HIGH,true,false,true,false,
2633,2026-09-11T21:12:55.774371+00:00,263.300314,cycle3_safe_repeatability_pass,-0.144000,-0.43610,-0.144000,-0.87273,HIGH,true,false,true,false,
2634,2026-09-11T21:12:55.874078+00:00,263.400294,cycle3_safe_repeatability_pass,-0.144000,-0.43610,-0.144000,-0.87273,HIGH,true,false,true,false,
2635,2026-09-11T21:12:55.974363+00:00,263.500313,cycle3_safe_repeatability_pass,-0.144000,-0.43610,-0.144000,-0.87273,HIGH,true,false,true,false,
2636,2026-09-11T21:12:56.074063+00:00,263.600285,cycle3_safe_repeatability_pass,-0.142000,-0.43004,-0.144000,-0.87273,HIGH,true,false,true,false,
2637,2026-09-11T21:12:56.174367+00:00,263.700313,cycle3_safe_repeatability_pass,-0.144000,-0.43610,-0.144000,-0.87273,HIGH,true,false,true,false,
2638,2026-09-11T21:12:56.274075+00:00,263.800287,cycle3_safe_repeatability_pass,-0.142000,-0.43004,-0.144000,-0.87273,HIGH,true,false,true,false,
2639,2026-09-11T21:12:56.374378+00:00,263.900316,cycle3_safe_repeatability_pass,-0.144000,-0.43610,-0.146000,-0.88485,HIGH,true,false,true,false,
2640,2026-09-11T21:12:56.474234+00:00,264.000368,cycle3_safe_repeatability_pass,-0.144000,-0.43610,-0.142000,-0.86061,HIGH,true,false,true,false,
2641,2026-09-11T21:12:56.574303+00:00,264.100434,cycle3_safe_repeatability_pass,-0.142000,-0.43004,-0.144000,-0.87273,HIGH,true,false,true,false,
2642,2026-09-11T21:12:56.674399+00:00,264.200338,cycle3_safe_repeatability_pass,-0.140000,-0.42399,-0.144000,-0.87273,HIGH,true,false,true,false,
2643,2026-09-11T21:12:56.774067+00:00,264.300290,cycle3_safe_repeatability_pass,-0.142000,-0.43004,-0.142000,-0.86061,HIGH,true,false,true,false,
2644,2026-09-11T21:12:56.874385+00:00,264.400319,cycle3_safe_repeatability_pass,-0.142000,-0.43004,-0.144000,-0.87273,HIGH,true,false,true,false,
2645,2026-09-11T21:12:56.974360+00:00,264.500313,cycle3_safe_repeatability_pass,-0.142000,-0.43004,-0.144000,-0.87273,HIGH,true,false,true,false,
2646,2026-09-11T21:12:57.074067+00:00,264.600284,cycle3_safe_repeatability_pass,-0.144000,-0.43610,-0.146000,-0.88485,HIGH,true,false,true,false,
2647,2026-09-11T21:12:57.174367+00:00,264.700311,cycle3_safe_repeatability_pass,-0.146000,-0.44216,-0.144000,-0.87273,HIGH,true,false,true,false,
2648,2026-09-11T21:12:57.274061+00:00,264.800284,cycle3_safe_repeatability_pass,-0.144000,-0.43610,-0.146000,-0.88485,HIGH,true,false,true,false,
2649,2026-09-11T21:12:57.374386+00:00,264.900320,cycle3_safe_repeatability_pass,-0.140000,-0.42399,-0.140000,-0.84848,HIGH,true,false,true,false,
2650,2026-09-11T21:12:57.474062+00:00,265.000289,cycle3_safe_repeatability_pass,-0.144000,-0.43610,-0.146000,-0.88485,HIGH,true,false,true,false,
2651,2026-09-11T21:12:57.574462+00:00,265.100359,cycle3_safe_repeatability_pass,-0.144000,-0.43610,-0.144000,-0.87273,HIGH,true,false,true,false,
2652,2026-09-11T21:12:57.674240+00:00,265.200382,cycle3_safe_repeatability_pass,-0.146000,-0.44216,-0.142000,-0.86061,HIGH,true,false,true,false,
2653,2026-09-11T21:12:57.774400+00:00,265.300335,cycle3_safe_repeatability_pass,-0.148000,-0.44821,-0.136000,-0.82424,HIGH,true,false,true,false,
2654,2026-09-11T21:12:57.874085+00:00,265.400294,cycle3_safe_repeatability_pass,-0.148000,-0.44821,-0.138000,-0.83636,HIGH,true,false,true,false,
2655,2026-09-11T21:12:57.974362+00:00,265.500317,cycle3_safe_repeatability_pass,-0.144000,-0.43610,-0.146000,-0.88485,HIGH,true,false,true,false,
2656,2026-09-11T21:12:58.074062+00:00,265.600288,cycle3_safe_repeatability_pass,-0.144000,-0.43610,-0.148000,-0.89697,HIGH,true,false,true,false,
2657,2026-09-11T21:12:58.174363+00:00,265.700312,cycle3_safe_repeatability_pass,-0.138000,-0.41793,-0.146000,-0.88485,HIGH,true,false,true,false,
2658,2026-09-11T21:12:58.274086+00:00,265.800298,cycle3_safe_repeatability_pass,-0.144000,-0.43610,-0.144000,-0.87273,HIGH,true,false,true,false,
2659,2026-09-11T21:12:58.374385+00:00,265.900319,cycle3_safe_repeatability_pass,-0.138000,-0.41793,-0.146000,-0.88485,HIGH,true,false,true,false,
2660,2026-09-11T21:12:58.474076+00:00,266.000294,cycle3_safe_repeatability_pass,-0.142000,-0.43004,-0.138000,-0.83636,HIGH,true,false,true,false,
2661,2026-09-11T21:12:58.574529+00:00,266.100316,cycle3_safe_repeatability_pass,-0.148000,-0.44821,-0.144000,-0.87273,HIGH,true,false,true,false,
2662,2026-09-11T21:12:58.674204+00:00,266.200362,cycle3_safe_repeatability_pass,-0.148000,-0.44821,-0.144000,-0.87273,HIGH,true,false,true,false,
2663,2026-09-11T21:12:58.774593+00:00,266.300395,cycle3_safe_repeatability_pass,-0.144000,-0.43610,-0.144000,-0.87273,HIGH,true,false,true,false,
2664,2026-09-11T21:12:58.874420+00:00,266.400352,cycle3_safe_repeatability_pass,-0.144000,-0.43610,-0.142000,-0.86061,HIGH,true,false,true,false,
2665,2026-09-11T21:12:58.974129+00:00,266.500321,cycle3_safe_repeatability_pass,-0.144000,-0.43610,-0.144000,-0.87273,HIGH,true,false,true,false,
2666,2026-09-11T21:12:59.074384+00:00,266.600321,cycle3_safe_repeatability_pass,-0.144000,-0.43610,-0.142000,-0.86061,HIGH,true,false,true,false,
2667,2026-09-11T21:12:59.174104+00:00,266.700311,cycle3_safe_repeatability_pass,-0.144000,-0.43610,-0.144000,-0.87273,HIGH,true,false,true,false,
2668,2026-09-11T21:12:59.274392+00:00,266.800328,cycle3_safe_repeatability_pass,-0.142000,-0.43004,-0.144000,-0.87273,HIGH,true,false,true,false,
2669,2026-09-11T21:12:59.374083+00:00,266.900294,cycle3_safe_repeatability_pass,-0.140000,-0.42399,-0.146000,-0.88485,HIGH,true,false,true,false,
2670,2026-09-11T21:12:59.474385+00:00,267.000323,cycle3_safe_repeatability_pass,-0.144000,-0.43610,-0.142000,-0.86061,HIGH,true,false,true,false,
2671,2026-09-11T21:12:59.574132+00:00,267.100316,cycle3_safe_repeatability_pass,-0.136000,-0.41187,-0.144000,-0.87273,HIGH,true,false,true,false,
2672,2026-09-11T21:12:59.674404+00:00,267.200329,cycle3_safe_repeatability_pass,-0.140000,-0.42399,-0.148000,-0.89697,HIGH,true,false,true,false,
2673,2026-09-11T21:12:59.774067+00:00,267.300289,cycle3_safe_repeatability_pass,-0.144000,-0.43610,-0.148000,-0.89697,HIGH,true,false,true,false,
2674,2026-09-11T21:12:59.874365+00:00,267.400315,cycle3_safe_repeatability_pass,-0.138000,-0.41793,-0.138000,-0.83636,HIGH,true,false,true,false,
2675,2026-09-11T21:12:59.974071+00:00,267.500287,cycle3_safe_repeatability_pass,-0.146000,-0.44216,-0.140000,-0.84848,HIGH,true,false,true,false,
2676,2026-09-11T21:13:00.074353+00:00,267.600305,cycle3_safe_repeatability_pass,-0.146000,-0.44216,-0.144000,-0.87273,HIGH,true,false,true,false,
2677,2026-09-11T21:13:00.174061+00:00,267.700286,cycle3_safe_repeatability_pass,-0.146000,-0.44216,-0.148000,-0.89697,HIGH,true,false,true,false,
2678,2026-09-11T21:13:00.274370+00:00,267.800312,cycle3_safe_repeatability_pass,-0.144000,-0.43610,-0.142000,-0.86061,HIGH,true,false,true,false,
2679,2026-09-11T21:13:00.374066+00:00,267.900284,cycle3_safe_repeatability_pass,-0.146000,-0.44216,-0.138000,-0.83636,HIGH,true,false,true,false,
2680,2026-09-11T21:13:00.474393+00:00,268.000319,cycle3_safe_repeatability_pass,-0.148000,-0.44821,-0.140000,-0.84848,HIGH,true,false,true,false,
2681,2026-09-11T21:13:00.574066+00:00,268.100287,cycle3_safe_repeatability_pass,-0.146000,-0.44216,-0.146000,-0.88485,HIGH,true,false,true,false,
2682,2026-09-11T21:13:00.674362+00:00,268.200311,cycle3_safe_repeatability_pass,-0.142000,-0.43004,-0.138000,-0.83636,HIGH,true,false,true,false,
2683,2026-09-11T21:13:00.774065+00:00,268.300285,cycle3_safe_repeatability_pass,-0.136000,-0.41187,-0.138000,-0.83636,HIGH,true,false,true,false,
2684,2026-09-11T21:13:00.874621+00:00,268.400445,cycle3_safe_repeatability_pass,-0.146000,-0.44216,-0.144000,-0.87273,LOW,false,false,true,false,estop_closed_reset_required
2685,2026-09-11T21:13:00.974497+00:00,268.500360,cycle3_safe_repeatability_pass,-0.144000,-0.43610,-0.142000,-0.86061,LOW,false,false,true,false,
2686,2026-09-11T21:13:01.074081+00:00,268.600301,cycle3_safe_repeatability_pass,-0.146000,-0.44216,-0.138000,-0.83636,LOW,false,false,true,false,
2687,2026-09-11T21:13:01.174361+00:00,268.700314,cycle3_safe_repeatability_pass,-0.144000,-0.43610,-0.138000,-0.83636,LOW,false,false,true,false,
2688,2026-09-11T21:13:01.274073+00:00,268.800283,cycle3_safe_repeatability_pass,-0.144000,-0.43610,-0.144000,-0.87273,LOW,false,false,true,false,
2689,2026-09-11T21:13:01.374375+00:00,268.900321,cycle3_safe_repeatability_pass,-0.144000,-0.43610,-0.144000,-0.87273,LOW,false,false,true,false,
2690,2026-09-11T21:13:01.474066+00:00,269.000287,cycle3_safe_repeatability_pass,-0.144000,-0.43610,-0.144000,-0.87273,LOW,false,false,true,false,
2691,2026-09-11T21:13:01.574363+00:00,269.100308,cycle3_safe_repeatability_pass,-0.142000,-0.43004,-0.144000,-0.87273,LOW,false,false,true,false,
2692,2026-09-11T21:13:01.674596+00:00,269.200456,cycle3_safe_repeatability_pass,-0.144000,-0.43610,-0.140000,-0.84848,LOW,false,false,true,false,
2693,2026-09-11T21:13:01.774393+00:00,269.300320,cycle3_safe_repeatability_pass,-0.142000,-0.43004,-0.146000,-0.88485,LOW,false,false,true,false,
2694,2026-09-11T21:13:01.874066+00:00,269.400288,cycle3_safe_repeatability_pass,-0.146000,-0.44216,-0.144000,-0.87273,LOW,false,false,true,false,
2695,2026-09-11T21:13:01.974396+00:00,269.500323,cycle3_safe_repeatability_pass,-0.144000,-0.43610,-0.144000,-0.87273,LOW,false,false,true,false,
2696,2026-09-11T21:13:02.074080+00:00,269.600294,cycle3_safe_repeatability_pass,-0.144000,-0.43610,-0.144000,-0.87273,LOW,false,false,true,false,
2697,2026-09-11T21:13:02.174363+00:00,269.700312,cycle3_safe_repeatability_pass,-0.144000,-0.43610,-0.144000,-0.87273,LOW,false,false,true,false,
2698,2026-09-11T21:13:02.274047+00:00,269.800278,cycle3_safe_repeatability_pass,-0.144000,-0.43610,-0.140000,-0.84848,LOW,false,false,true,false,
2699,2026-09-11T21:13:02.374354+00:00,269.900304,cycle3_safe_repeatability_pass,-0.148000,-0.44821,-0.138000,-0.83636,LOW,false,false,true,false,
2700,2026-09-11T21:13:02.474069+00:00,270.000289,cycle3_safe_repeatability_pass,-0.144000,-0.43610,-0.144000,-0.87273,LOW,false,false,true,false,
2701,2026-09-11T21:13:02.574604+00:00,270.100459,cycle3_safe_repeatability_pass,-0.144000,-0.43610,-0.144000,-0.87273,LOW,false,false,true,false,
2702,2026-09-11T21:13:02.674365+00:00,270.200321,cycle3_safe_repeatability_pass,-0.144000,-0.43610,-0.144000,-0.87273,LOW,false,false,true,false,
2703,2026-09-11T21:13:02.774535+00:00,270.300391,cycle3_safe_repeatability_pass,-0.144000,-0.43610,-0.142000,-0.86061,LOW,false,false,true,false,
2704,2026-09-11T21:13:02.874389+00:00,270.400333,cycle3_safe_repeatability_pass,-0.144000,-0.43610,-0.144000,-0.87273,LOW,false,false,true,false,
2705,2026-09-11T21:13:02.974378+00:00,270.500319,cycle3_safe_repeatability_pass,-0.144000,-0.43610,-0.144000,-0.87273,LOW,false,false,true,false,
2706,2026-09-11T21:13:03.074075+00:00,270.600297,cycle3_safe_repeatability_pass,-0.142000,-0.43004,-0.142000,-0.86061,LOW,false,false,true,false,
2707,2026-09-11T21:13:03.174393+00:00,270.700322,cycle3_safe_repeatability_pass,-0.144000,-0.43610,-0.142000,-0.86061,LOW,false,false,true,false,
2708,2026-09-11T21:13:03.274073+00:00,270.800292,cycle3_safe_repeatability_pass,-0.144000,-0.43610,-0.144000,-0.87273,LOW,false,false,true,false,
2709,2026-09-11T21:13:03.374367+00:00,270.900313,cycle3_safe_repeatability_pass,-0.144000,-0.43610,-0.140000,-0.84848,LOW,false,false,true,false,
2710,2026-09-11T21:13:03.474076+00:00,271.000289,cycle3_safe_repeatability_pass,-0.144000,-0.43610,-0.144000,-0.87273,LOW,false,false,true,false,
2711,2026-09-11T21:13:03.574454+00:00,271.100349,cycle3_safe_repeatability_pass,-0.146000,-0.44216,-0.140000,-0.84848,LOW,false,false,true,false,
2712,2026-09-11T21:13:03.674251+00:00,271.200352,cycle3_safe_repeatability_pass,-0.144000,-0.43610,-0.144000,-0.87273,LOW,false,false,true,false,
2713,2026-09-11T21:13:03.774462+00:00,271.300358,cycle3_safe_repeatability_pass,-0.140000,-0.42399,-0.140000,-0.84848,LOW,false,false,true,false,
2714,2026-09-11T21:13:03.874178+00:00,271.400325,cycle3_safe_repeatability_pass,-0.144000,-0.43610,-0.144000,-0.87273,LOW,false,false,true,false,
2715,2026-09-11T21:13:03.974470+00:00,271.500374,cycle3_safe_repeatability_pass,-0.144000,-0.43610,-0.140000,-0.84848,LOW,false,false,true,false,
2716,2026-09-11T21:13:04.074088+00:00,271.600304,cycle3_safe_repeatability_pass,-0.144000,-0.43610,-0.144000,-0.87273,LOW,false,false,true,false,
2717,2026-09-11T21:13:04.174367+00:00,271.700315,cycle3_safe_repeatability_pass,-0.140000,-0.42399,-0.146000,-0.88485,LOW,false,false,true,false,
2718,2026-09-11T21:13:04.274068+00:00,271.800285,cycle3_safe_repeatability_pass,-0.146000,-0.44216,-0.144000,-0.87273,LOW,false,false,true,false,
2719,2026-09-11T21:13:04.374365+00:00,271.900308,cycle3_safe_repeatability_pass,-0.146000,-0.44216,-0.144000,-0.87273,LOW,false,false,true,false,
2720,2026-09-11T21:13:04.474216+00:00,272.000358,cycle3_safe_repeatability_pass,-0.144000,-0.43610,-0.144000,-0.87273,LOW,false,false,true,false,
2721,2026-09-11T21:13:04.574304+00:00,272.100295,cycle3_safe_repeatability_pass,-0.146000,-0.44216,-0.144000,-0.87273,LOW,false,false,true,false,
2722,2026-09-11T21:13:04.674156+00:00,272.200315,cycle3_safe_repeatability_pass,-0.144000,-0.43610,-0.146000,-0.88485,LOW,false,false,true,false,
2723,2026-09-11T21:13:04.774366+00:00,272.300368,cycle3_safe_repeatability_pass,-0.148000,-0.44821,-0.144000,-0.87273,LOW,false,false,true,false,
2724,2026-09-11T21:13:04.874507+00:00,272.400557,cycle3_safe_repeatability_pass,-0.144000,-0.43610,-0.144000,-0.87273,LOW,false,false,true,false,
2725,2026-09-11T21:13:04.974328+00:00,272.500316,cycle3_safe_repeatability_pass,-0.144000,-0.43610,-0.144000,-0.87273,LOW,false,false,true,false,
2726,2026-09-11T21:13:05.074177+00:00,272.600327,cycle3_safe_repeatability_pass,-0.142000,-0.43004,-0.144000,-0.87273,LOW,false,false,true,false,
2727,2026-09-11T21:13:05.174462+00:00,272.700285,cycle3_safe_repeatability_pass,-0.146000,-0.44216,-0.144000,-0.87273,LOW,false,false,true,false,
2728,2026-09-11T21:13:05.274209+00:00,272.800353,cycle3_safe_repeatability_pass,-0.144000,-0.43610,-0.144000,-0.87273,LOW,false,false,true,false,
2729,2026-09-11T21:13:05.374465+00:00,272.900382,cycle3_safe_repeatability_pass,-0.142000,-0.43004,-0.144000,-0.87273,LOW,false,false,true,false,
2730,2026-09-11T21:13:05.474264+00:00,273.000370,cycle3_safe_repeatability_pass,-0.144000,-0.43610,-0.144000,-0.87273,LOW,false,false,true,false,
2731,2026-09-11T21:13:05.574294+00:00,273.100293,cycle3_safe_repeatability_pass,-0.144000,-0.43610,-0.142000,-0.86061,LOW,false,false,true,false,
2732,2026-09-11T21:13:05.674154+00:00,273.200314,cycle3_safe_repeatability_pass,-0.144000,-0.43610,-0.144000,-0.87273,LOW,false,false,true,false,
2733,2026-09-11T21:13:05.774458+00:00,273.300382,cycle3_safe_repeatability_pass,-0.144000,-0.43610,-0.142000,-0.86061,LOW,false,false,true,false,
2734,2026-09-11T21:13:05.874256+00:00,273.400356,cycle3_safe_repeatability_pass,-0.144000,-0.43610,-0.146000,-0.88485,LOW,false,false,true,false,
2735,2026-09-11T21:13:05.974524+00:00,273.500408,cycle3_safe_repeatability_pass,-0.144000,-0.43610,-0.144000,-0.87273,LOW,false,false,true,false,
2736,2026-09-11T21:13:06.074335+00:00,273.600352,cycle3_safe_repeatability_pass,-0.144000,-0.43610,-0.144000,-0.87273,LOW,false,false,true,false,
2737,2026-09-11T21:13:06.174327+00:00,273.700322,cycle3_safe_repeatability_pass,-0.144000,-0.43610,-0.144000,-0.87273,LOW,false,false,true,false,
2738,2026-09-11T21:13:06.274155+00:00,273.800316,cycle3_safe_repeatability_pass,-0.144000,-0.43610,-0.144000,-0.87273,LOW,false,false,true,false,
2739,2026-09-11T21:13:06.374285+00:00,273.900283,cycle3_safe_repeatability_pass,-0.144000,-0.43610,-0.144000,-0.87273,LOW,false,false,true,false,
2740,2026-09-11T21:13:06.474216+00:00,274.000332,cycle3_safe_repeatability_pass,-0.144000,-0.43610,-0.142000,-0.86061,LOW,false,false,true,false,
2741,2026-09-11T21:13:06.574299+00:00,274.100286,cycle3_safe_repeatability_pass,-0.140000,-0.42399,-0.138000,-0.83636,LOW,false,false,true,false,
2742,2026-09-11T21:13:06.674188+00:00,274.200332,cycle3_safe_repeatability_pass,-0.144000,-0.43610,-0.136000,-0.82424,LOW,false,false,true,false,
2743,2026-09-11T21:13:06.774462+00:00,274.300379,cycle3_safe_repeatability_pass,-0.142000,-0.43004,-0.144000,-0.87273,LOW,false,false,true,false,
2744,2026-09-11T21:13:06.874237+00:00,274.400330,cycle3_safe_repeatability_pass,-0.144000,-0.43610,-0.144000,-0.87273,LOW,false,false,true,false,
2745,2026-09-11T21:13:06.974253+00:00,274.500286,cycle3_safe_repeatability_pass,-0.144000,-0.43610,-0.144000,-0.87273,LOW,false,false,true,false,
2746,2026-09-11T21:13:07.074266+00:00,274.600311,cycle3_safe_repeatability_pass,-0.142000,-0.43004,-0.146000,-0.88485,LOW,false,false,true,false,
2747,2026-09-11T21:13:07.174243+00:00,274.700288,cycle3_safe_repeatability_pass,-0.140000,-0.42399,-0.144000,-0.87273,LOW,false,false,true,false,
2748,2026-09-11T21:13:07.274431+00:00,274.800330,cycle3_safe_repeatability_pass,-0.138000,-0.41793,-0.146000,-0.88485,LOW,false,false,true,false,
2749,2026-09-11T21:13:07.374153+00:00,274.900290,cycle3_safe_repeatability_pass,-0.144000,-0.43610,-0.144000,-0.87273,LOW,false,false,true,false,
2750,2026-09-11T21:13:07.474378+00:00,275.000309,cycle3_safe_repeatability_pass,-0.144000,-0.43610,-0.144000,-0.87273,LOW,false,false,true,false,
2751,2026-09-11T21:13:07.574200+00:00,275.100311,cycle3_safe_repeatability_pass,-0.144000,-0.43610,-0.144000,-0.87273,LOW,false,false,true,false,
2752,2026-09-11T21:13:07.674292+00:00,275.200315,cycle3_safe_repeatability_pass,-0.146000,-0.44216,-0.144000,-0.87273,LOW,false,false,true,false,
2753,2026-09-11T21:13:07.774216+00:00,275.300281,cycle3_safe_repeatability_pass,-0.144000,-0.43610,-0.144000,-0.87273,LOW,false,false,true,false,
2754,2026-09-11T21:13:07.874591+00:00,275.400450,cycle3_safe_repeatability_pass,-0.144000,-0.43610,-0.144000,-0.87273,LOW,false,false,true,false,
2755,2026-09-11T21:13:07.974398+00:00,275.500325,cycle3_safe_repeatability_pass,-0.144000,-0.43610,-0.146000,-0.88485,LOW,false,false,true,false,
2756,2026-09-11T21:13:08.074131+00:00,275.600285,cycle3_safe_repeatability_pass,-0.146000,-0.44216,-0.144000,-0.87273,LOW,false,false,true,false,
2757,2026-09-11T21:13:08.174292+00:00,275.700317,cycle3_safe_repeatability_pass,-0.144000,-0.43610,-0.140000,-0.84848,LOW,false,false,true,false,
2758,2026-09-11T21:13:08.274131+00:00,275.800280,cycle3_safe_repeatability_pass,-0.146000,-0.44216,-0.144000,-0.87273,LOW,false,false,true,false,
2759,2026-09-11T21:13:08.374333+00:00,275.900330,cycle3_safe_repeatability_pass,-0.144000,-0.43610,-0.146000,-0.88485,LOW,false,false,true,false,
2760,2026-09-11T21:13:08.474144+00:00,276.000291,cycle3_safe_repeatability_pass,-0.142000,-0.43004,-0.146000,-0.88485,LOW,false,false,true,false,
2761,2026-09-11T21:13:08.574517+00:00,276.100447,cycle3_safe_repeatability_pass,-0.144000,-0.43610,-0.144000,-0.87273,LOW,false,false,true,false,
2762,2026-09-11T21:13:08.674147+00:00,276.200298,cycle3_safe_repeatability_pass,-0.144000,-0.43610,-0.144000,-0.87273,LOW,false,false,true,false,
2763,2026-09-11T21:13:08.774288+00:00,276.300315,cycle3_safe_repeatability_pass,-0.144000,-0.43610,-0.140000,-0.84848,LOW,false,false,true,false,
2764,2026-09-11T21:13:08.874187+00:00,276.400301,cycle3_safe_repeatability_pass,-0.146000,-0.44216,-0.144000,-0.87273,LOW,false,false,true,false,
2765,2026-09-11T21:13:08.974300+00:00,276.500321,cycle3_safe_repeatability_pass,-0.146000,-0.44216,-0.144000,-0.87273,LOW,false,false,true,false,
2766,2026-09-11T21:13:09.074348+00:00,276.600402,cycle3_safe_repeatability_pass,-0.144000,-0.43610,-0.144000,-0.87273,LOW,false,false,true,false,
2767,2026-09-11T21:13:09.174325+00:00,276.700334,cycle3_safe_repeatability_pass,-0.142000,-0.43004,-0.140000,-0.84848,LOW,false,false,true,false,
2768,2026-09-11T21:13:09.274138+00:00,276.800284,cycle3_safe_repeatability_pass,-0.146000,-0.44216,-0.142000,-0.86061,LOW,false,false,true,false,
2769,2026-09-11T21:13:09.374308+00:00,276.900319,cycle3_safe_repeatability_pass,-0.144000,-0.43610,-0.146000,-0.88485,LOW,false,false,true,false,
2770,2026-09-11T21:13:09.474138+00:00,277.000287,cycle3_safe_repeatability_pass,-0.146000,-0.44216,-0.144000,-0.87273,LOW,false,false,true,false,
2771,2026-09-11T21:13:09.574359+00:00,277.100311,cycle3_safe_repeatability_pass,-0.144000,-0.43610,-0.144000,-0.87273,LOW,false,false,true,false,
2772,2026-09-11T21:13:09.674243+00:00,277.200325,cycle3_safe_repeatability_pass,-0.144000,-0.43610,-0.144000,-0.87273,LOW,false,false,true,false,
2773,2026-09-11T21:13:09.774473+00:00,277.300370,cycle3_safe_repeatability_pass,-0.142000,-0.43004,-0.142000,-0.86061,LOW,false,false,true,false,
2774,2026-09-11T21:13:09.874070+00:00,277.400296,cycle3_safe_repeatability_pass,-0.146000,-0.44216,-0.138000,-0.83636,LOW,false,false,true,false,
2775,2026-09-11T21:13:09.974365+00:00,277.500313,cycle3_safe_repeatability_pass,-0.146000,-0.44216,-0.138000,-0.83636,LOW,false,false,true,false,
2776,2026-09-11T21:13:10.074136+00:00,277.600283,cycle3_safe_repeatability_pass,-0.144000,-0.43610,-0.144000,-0.87273,LOW,false,false,true,false,
2777,2026-09-11T21:13:10.174383+00:00,277.700319,cycle3_safe_repeatability_pass,-0.144000,-0.43610,-0.144000,-0.87273,LOW,false,false,true,false,
2778,2026-09-11T21:13:10.274211+00:00,277.800358,cycle3_safe_repeatability_pass,-0.144000,-0.43610,-0.144000,-0.87273,LOW,false,false,true,false,
2779,2026-09-11T21:13:10.374449+00:00,277.900354,cycle3_safe_repeatability_pass,-0.142000,-0.43004,-0.138000,-0.83636,LOW,false,false,true,false,
2780,2026-09-11T21:13:10.474084+00:00,278.000297,cycle3_safe_repeatability_pass,-0.144000,-0.43610,-0.144000,-0.87273,LOW,false,false,true,false,
2781,2026-09-11T21:13:10.574379+00:00,278.100318,cycle3_safe_repeatability_pass,-0.144000,-0.43610,-0.144000,-0.87273,LOW,false,false,true,false,
2782,2026-09-11T21:13:10.674069+00:00,278.200286,cycle3_safe_repeatability_pass,-0.144000,-0.43610,-0.142000,-0.86061,LOW,false,false,true,false,
2783,2026-09-11T21:13:10.774424+00:00,278.300336,cycle3_safe_repeatability_pass,-0.144000,-0.43610,-0.144000,-0.87273,LOW,false,false,true,false,
2784,2026-09-11T21:13:10.874067+00:00,278.400288,cycle3_safe_repeatability_pass,-0.144000,-0.43610,-0.144000,-0.87273,LOW,false,false,true,false,
2785,2026-09-11T21:13:10.974377+00:00,278.500315,cycle3_safe_repeatability_pass,-0.146000,-0.44216,-0.138000,-0.83636,LOW,false,false,true,false,
2786,2026-09-11T21:13:11.074060+00:00,278.600284,cycle3_safe_repeatability_pass,-0.148000,-0.44821,-0.148000,-0.89697,LOW,false,false,true,false,
2787,2026-09-11T21:13:11.174381+00:00,278.700312,cycle3_safe_repeatability_pass,-0.140000,-0.42399,-0.142000,-0.86061,LOW,false,false,true,false,
2788,2026-09-11T21:13:11.274068+00:00,278.800286,cycle3_safe_repeatability_pass,-0.144000,-0.43610,-0.144000,-0.87273,LOW,false,false,true,false,
2789,2026-09-11T21:13:11.374369+00:00,278.900312,cycle3_safe_repeatability_pass,-0.138000,-0.41793,-0.146000,-0.88485,LOW,false,false,true,false,
2790,2026-09-11T21:13:11.474055+00:00,279.000283,cycle3_safe_repeatability_pass,-0.144000,-0.43610,-0.144000,-0.87273,LOW,false,false,true,false,
2791,2026-09-11T21:13:11.574409+00:00,279.100335,cycle3_safe_repeatability_pass,-0.144000,-0.43610,-0.144000,-0.87273,LOW,false,false,true,false,
2792,2026-09-11T21:13:11.674070+00:00,279.200293,cycle3_safe_repeatability_pass,-0.144000,-0.43610,-0.142000,-0.86061,LOW,false,false,true,false,
2793,2026-09-11T21:13:11.774355+00:00,279.300308,cycle3_safe_repeatability_pass,-0.146000,-0.44216,-0.146000,-0.88485,LOW,false,false,true,false,
2794,2026-09-11T21:13:11.874243+00:00,279.400378,cycle3_safe_repeatability_pass,-0.144000,-0.43610,-0.144000,-0.87273,LOW,false,false,true,false,
2795,2026-09-11T21:13:11.974395+00:00,279.500337,cycle3_safe_repeatability_pass,-0.144000,-0.43610,-0.144000,-0.87273,LOW,false,false,true,false,
2796,2026-09-11T21:13:12.074072+00:00,279.600285,cycle3_safe_repeatability_pass,-0.144000,-0.43610,-0.146000,-0.88485,LOW,false,false,true,false,
2797,2026-09-11T21:13:12.174377+00:00,279.700315,cycle3_safe_repeatability_pass,-0.142000,-0.43004,-0.144000,-0.87273,LOW,false,false,true,false,
2798,2026-09-11T21:13:12.274070+00:00,279.800290,cycle3_safe_repeatability_pass,-0.146000,-0.44216,-0.144000,-0.87273,LOW,false,false,true,false,
2799,2026-09-11T21:13:12.374424+00:00,279.900329,cycle3_safe_repeatability_pass,-0.144000,-0.43610,-0.146000,-0.88485,LOW,false,false,true,false,
2800,2026-09-11T21:13:12.474073+00:00,280.000294,cycle3_safe_repeatability_pass,-0.140000,-0.42399,-0.146000,-0.88485,LOW,false,false,true,false,
2801,2026-09-11T21:13:12.574374+00:00,280.100312,cycle3_safe_repeatability_pass,-0.144000,-0.43610,-0.146000,-0.88485,LOW,false,false,true,false,
2802,2026-09-11T21:13:12.674146+00:00,280.200280,cycle3_safe_repeatability_pass,-0.144000,-0.43610,-0.144000,-0.87273,LOW,false,false,true,false,
2803,2026-09-11T21:13:12.774461+00:00,280.300365,cycle3_safe_repeatability_pass,-0.144000,-0.43610,-0.144000,-0.87273,LOW,false,false,true,false,
2804,2026-09-11T21:13:12.874083+00:00,280.400296,cycle3_safe_repeatability_pass,-0.144000,-0.43610,-0.146000,-0.88485,LOW,false,false,true,false,
2805,2026-09-11T21:13:12.974536+00:00,280.500401,cycle3_safe_repeatability_pass,-0.146000,-0.44216,-0.144000,-0.87273,LOW,false,false,true,false,
2806,2026-09-11T21:13:13.074090+00:00,280.600306,cycle3_safe_repeatability_pass,-0.146000,-0.44216,-0.146000,-0.88485,LOW,false,false,true,false,
2807,2026-09-11T21:13:13.174429+00:00,280.700341,cycle3_safe_repeatability_pass,-0.144000,-0.43610,-0.146000,-0.88485,LOW,false,false,true,false,
2808,2026-09-11T21:13:13.274106+00:00,280.800308,cycle3_safe_repeatability_pass,-0.146000,-0.44216,-0.140000,-0.84848,LOW,false,false,true,false,
2809,2026-09-11T21:13:13.374384+00:00,280.900319,cycle3_safe_repeatability_pass,-0.144000,-0.43610,-0.144000,-0.87273,LOW,false,false,true,false,
2810,2026-09-11T21:13:13.474071+00:00,281.000292,cycle3_safe_repeatability_pass,-0.144000,-0.43610,-0.144000,-0.87273,LOW,false,false,true,false,
2811,2026-09-11T21:13:13.574368+00:00,281.100317,cycle3_safe_repeatability_pass,-0.144000,-0.43610,-0.144000,-0.87273,LOW,false,false,true,false,
2812,2026-09-11T21:13:13.674065+00:00,281.200285,cycle3_safe_repeatability_pass,-0.144000,-0.43610,-0.144000,-0.87273,LOW,false,false,true,false,
2813,2026-09-11T21:13:13.774542+00:00,281.300407,cycle3_safe_repeatability_pass,-0.142000,-0.43004,-0.144000,-0.87273,LOW,false,false,true,false,
2814,2026-09-11T21:13:13.874087+00:00,281.400303,cycle3_safe_repeatability_pass,-0.144000,-0.43610,-0.142000,-0.86061,LOW,false,false,true,false,
2815,2026-09-11T21:13:13.974377+00:00,281.500316,cycle3_safe_repeatability_pass,-0.144000,-0.43610,-0.144000,-0.87273,LOW,false,false,true,false,
2816,2026-09-11T21:13:14.074070+00:00,281.600286,cycle3_safe_repeatability_pass,-0.144000,-0.43610,-0.142000,-0.86061,LOW,false,false,true,false,
2817,2026-09-11T21:13:14.174388+00:00,281.700318,cycle3_safe_repeatability_pass,-0.144000,-0.43610,-0.144000,-0.87273,LOW,false,false,true,false,
2818,2026-09-11T21:13:14.274136+00:00,281.800315,cycle3_safe_repeatability_pass,-0.146000,-0.44216,-0.144000,-0.87273,LOW,false,false,true,false,
2819,2026-09-11T21:13:14.374380+00:00,281.900319,cycle3_safe_repeatability_pass,-0.144000,-0.43610,-0.144000,-0.87273,LOW,false,false,true,false,
2820,2026-09-11T21:13:14.474072+00:00,282.000285,cycle3_safe_repeatability_pass,-0.144000,-0.43610,-0.144000,-0.87273,LOW,false,false,true,false,
2821,2026-09-11T21:13:14.574590+00:00,282.100443,cycle3_safe_repeatability_pass,-0.144000,-0.43610,-0.142000,-0.86061,LOW,false,false,true,false,
2822,2026-09-11T21:13:14.674082+00:00,282.200307,cycle3_safe_repeatability_pass,-0.140000,-0.42399,-0.148000,-0.89697,LOW,false,false,true,false,
2823,2026-09-11T21:13:14.774379+00:00,282.300321,cycle3_safe_repeatability_pass,-0.146000,-0.44216,-0.138000,-0.83636,LOW,false,false,true,false,
2824,2026-09-11T21:13:14.874060+00:00,282.400286,cycle3_safe_repeatability_pass,-0.144000,-0.43610,-0.144000,-0.87273,LOW,false,false,true,false,
2825,2026-09-11T21:13:14.974368+00:00,282.500316,cycle3_safe_repeatability_pass,-0.144000,-0.43610,-0.144000,-0.87273,LOW,false,false,true,false,
2826,2026-09-11T21:13:15.074063+00:00,282.600283,cycle3_safe_repeatability_pass,-0.144000,-0.43610,-0.142000,-0.86061,LOW,false,false,true,false,
2827,2026-09-11T21:13:15.174362+00:00,282.700311,cycle3_safe_repeatability_pass,-0.144000,-0.43610,-0.144000,-0.87273,LOW,false,false,true,false,
2828,2026-09-11T21:13:15.274060+00:00,282.800285,cycle3_safe_repeatability_pass,-0.144000,-0.43610,-0.142000,-0.86061,LOW,false,false,true,false,
2829,2026-09-11T21:13:15.374381+00:00,282.900313,cycle3_safe_repeatability_pass,-0.146000,-0.44216,-0.142000,-0.86061,LOW,false,false,true,false,
2830,2026-09-11T21:13:15.474060+00:00,283.000283,cycle3_safe_repeatability_pass,-0.146000,-0.44216,-0.140000,-0.84848,LOW,false,false,true,false,
2831,2026-09-11T21:13:15.574416+00:00,283.100335,cycle3_safe_repeatability_pass,-0.146000,-0.44216,-0.140000,-0.84848,LOW,false,false,true,false,
2832,2026-09-11T21:13:15.674110+00:00,283.200307,cycle3_safe_repeatability_pass,-0.144000,-0.43610,-0.148000,-0.89697,LOW,false,false,true,false,
2833,2026-09-11T21:13:15.774052+00:00,283.300284,cycle3_safe_repeatability_pass,-0.148000,-0.44821,-0.146000,-0.88485,LOW,false,false,true,false,
2834,2026-09-11T21:13:15.874367+00:00,283.400306,cycle3_safe_repeatability_pass,-0.144000,-0.43610,-0.138000,-0.83636,LOW,false,false,true,false,
2835,2026-09-11T21:13:15.974080+00:00,283.500293,cycle3_safe_repeatability_pass,-0.148000,-0.44821,-0.148000,-0.89697,LOW,false,false,true,false,
2836,2026-09-11T21:13:16.074362+00:00,283.600310,cycle3_safe_repeatability_pass,-0.144000,-0.43610,-0.144000,-0.87273,LOW,false,false,true,false,
2837,2026-09-11T21:13:16.174072+00:00,283.700285,cycle3_safe_repeatability_pass,-0.144000,-0.43610,-0.144000,-0.87273,LOW,false,false,true,false,
2838,2026-09-11T21:13:16.274364+00:00,283.800309,cycle3_safe_repeatability_pass,-0.142000,-0.43004,-0.144000,-0.87273,LOW,false,false,true,false,
2839,2026-09-11T21:13:16.374071+00:00,283.900285,cycle3_safe_repeatability_pass,-0.146000,-0.44216,-0.144000,-0.87273,LOW,false,false,true,false,
2840,2026-09-11T21:13:16.474370+00:00,284.000310,cycle3_safe_repeatability_pass,-0.144000,-0.43610,-0.144000,-0.87273,LOW,false,false,true,false,
2841,2026-09-11T21:13:16.574069+00:00,284.100282,cycle3_safe_repeatability_pass,-0.146000,-0.44216,-0.144000,-0.87273,LOW,false,false,true,false,
2842,2026-09-11T21:13:16.674373+00:00,284.200312,cycle3_safe_repeatability_pass,-0.144000,-0.43610,-0.142000,-0.86061,LOW,false,false,true,false,
2843,2026-09-11T21:13:16.774068+00:00,284.300286,cycle3_safe_repeatability_pass,-0.144000,-0.43610,-0.144000,-0.87273,LOW,false,false,true,false,
2844,2026-09-11T21:13:16.874375+00:00,284.400312,cycle3_safe_repeatability_pass,-0.146000,-0.44216,-0.142000,-0.86061,LOW,false,false,true,false,
2845,2026-09-11T21:13:16.974355+00:00,284.500307,cycle3_safe_repeatability_pass,-0.142000,-0.43004,-0.144000,-0.87273,LOW,false,false,true,false,
2846,2026-09-11T21:13:17.074069+00:00,284.600283,cycle3_safe_repeatability_pass,-0.144000,-0.43610,-0.142000,-0.86061,LOW,false,false,true,false,
2847,2026-09-11T21:13:17.174368+00:00,284.700309,cycle3_safe_repeatability_pass,-0.142000,-0.43004,-0.144000,-0.87273,LOW,false,false,true,false,
2848,2026-09-11T21:13:17.274065+00:00,284.800283,cycle3_safe_repeatability_pass,-0.140000,-0.42399,-0.142000,-0.86061,LOW,false,false,true,false,
2849,2026-09-11T21:13:17.374371+00:00,284.900311,cycle3_safe_repeatability_pass,-0.144000,-0.43610,-0.144000,-0.87273,LOW,false,false,true,false,
2850,2026-09-11T21:13:17.474055+00:00,285.000283,cycle3_safe_repeatability_pass,-0.144000,-0.43610,-0.140000,-0.84848,LOW,false,false,true,false,
2851,2026-09-11T21:13:17.574366+00:00,285.100315,cycle3_safe_repeatability_pass,-0.140000,-0.42399,-0.140000,-0.84848,LOW,false,false,true,false,
2852,2026-09-11T21:13:17.674056+00:00,285.200283,cycle3_safe_repeatability_pass,-0.144000,-0.43610,-0.144000,-0.87273,LOW,false,false,true,false,
2853,2026-09-11T21:13:17.774359+00:00,285.300308,cycle3_safe_repeatability_pass,-0.140000,-0.42399,-0.144000,-0.87273,LOW,false,false,true,false,
2854,2026-09-11T21:13:17.874058+00:00,285.400284,cycle3_safe_repeatability_pass,-0.144000,-0.43610,-0.142000,-0.86061,LOW,false,false,true,false,
2855,2026-09-11T21:13:17.974359+00:00,285.500309,cycle3_safe_repeatability_pass,-0.144000,-0.43610,-0.144000,-0.87273,LOW,false,false,true,false,
2856,2026-09-11T21:13:18.074195+00:00,285.600353,cycle3_safe_repeatability_pass,-0.142000,-0.43004,-0.144000,-0.87273,LOW,false,false,true,false,
2857,2026-09-11T21:13:18.174386+00:00,285.700329,cycle3_safe_repeatability_pass,-0.142000,-0.43004,-0.144000,-0.87273,LOW,false,false,true,false,
2858,2026-09-11T21:13:18.274061+00:00,285.800287,cycle3_safe_repeatability_pass,-0.144000,-0.43610,-0.144000,-0.87273,LOW,false,false,true,false,
2859,2026-09-11T21:13:18.374387+00:00,285.900319,cycle3_safe_repeatability_pass,-0.144000,-0.43610,-0.142000,-0.86061,LOW,false,false,true,false,
2860,2026-09-11T21:13:18.474287+00:00,286.000422,cycle3_safe_repeatability_pass,-0.144000,-0.43610,-0.144000,-0.87273,LOW,false,false,true,false,
2861,2026-09-11T21:13:18.574400+00:00,286.100331,cycle3_safe_repeatability_pass,-0.146000,-0.44216,-0.144000,-0.87273,LOW,false,false,true,false,
2862,2026-09-11T21:13:18.674080+00:00,286.200283,cycle3_safe_repeatability_pass,-0.144000,-0.43610,-0.144000,-0.87273,LOW,false,false,true,false,
2863,2026-09-11T21:13:18.774397+00:00,286.300327,cycle3_safe_repeatability_pass,-0.144000,-0.43610,-0.146000,-0.88485,LOW,false,false,true,false,
2864,2026-09-11T21:13:18.874376+00:00,286.400306,cycle3_safe_repeatability_pass,-0.144000,-0.43610,-0.144000,-0.87273,LOW,false,false,true,false,
2865,2026-09-11T21:13:18.974344+00:00,286.500305,cycle3_safe_repeatability_pass,-0.144000,-0.43610,-0.144000,-0.87273,LOW,false,false,true,false,
2866,2026-09-11T21:13:19.074069+00:00,286.600284,cycle3_safe_repeatability_pass,-0.142000,-0.43004,-0.146000,-0.88485,LOW,false,false,true,false,
2867,2026-09-11T21:13:19.174384+00:00,286.700318,cycle3_safe_repeatability_pass,-0.144000,-0.43610,-0.140000,-0.84848,LOW,false,false,true,false,
2868,2026-09-11T21:13:19.274070+00:00,286.800287,cycle3_safe_repeatability_pass,-0.144000,-0.43610,-0.144000,-0.87273,LOW,false,false,true,false,
2869,2026-09-11T21:13:19.374476+00:00,286.900353,cycle3_safe_repeatability_pass,-0.144000,-0.43610,-0.142000,-0.86061,LOW,false,false,true,false,
2870,2026-09-11T21:13:19.474077+00:00,287.000298,cycle3_safe_repeatability_pass,-0.146000,-0.44216,-0.144000,-0.87273,LOW,false,false,true,false,
2871,2026-09-11T21:13:19.574438+00:00,287.100335,cycle3_safe_repeatability_pass,-0.146000,-0.44216,-0.144000,-0.87273,LOW,false,false,true,false,
2872,2026-09-11T21:13:19.674571+00:00,287.200410,cycle3_safe_repeatability_pass,-0.144000,-0.43610,-0.146000,-0.88485,LOW,false,false,true,false,
2873,2026-09-11T21:13:19.774089+00:00,287.300306,cycle3_safe_repeatability_pass,-0.144000,-0.43610,-0.144000,-0.87273,LOW,false,false,true,false,
2874,2026-09-11T21:13:19.874387+00:00,287.400323,cycle3_safe_repeatability_pass,-0.144000,-0.43610,-0.144000,-0.87273,LOW,false,false,true,false,
2875,2026-09-11T21:13:19.974070+00:00,287.500284,cycle3_safe_repeatability_pass,-0.146000,-0.44216,-0.142000,-0.86061,LOW,false,false,true,false,
2876,2026-09-11T21:13:20.074375+00:00,287.600314,cycle3_safe_repeatability_pass,-0.146000,-0.44216,-0.142000,-0.86061,LOW,false,false,true,false,
2877,2026-09-11T21:13:20.174131+00:00,287.700316,cycle3_safe_repeatability_pass,-0.144000,-0.43610,-0.142000,-0.86061,LOW,false,false,true,false,
2878,2026-09-11T21:13:20.274398+00:00,287.800326,cycle3_safe_repeatability_pass,-0.140000,-0.42399,-0.142000,-0.86061,LOW,false,false,true,false,
2879,2026-09-11T21:13:20.374088+00:00,287.900300,cycle3_safe_repeatability_pass,-0.144000,-0.43610,-0.140000,-0.84848,LOW,false,false,true,false,
2880,2026-09-11T21:13:20.474374+00:00,288.000317,cycle3_safe_repeatability_pass,-0.144000,-0.43610,-0.144000,-0.87273,LOW,false,false,true,false,
2881,2026-09-11T21:13:20.574295+00:00,288.100425,cycle3_safe_repeatability_pass,-0.144000,-0.43610,-0.144000,-0.87273,LOW,false,false,true,false,
2882,2026-09-11T21:13:20.674389+00:00,288.200333,cycle3_safe_repeatability_pass,-0.144000,-0.43610,-0.140000,-0.84848,LOW,false,false,true,false,
2883,2026-09-11T21:13:20.774059+00:00,288.300285,cycle3_safe_repeatability_pass,-0.140000,-0.42399,-0.142000,-0.86061,LOW,false,false,true,false,
2884,2026-09-11T21:13:20.874359+00:00,288.400311,cycle3_safe_repeatability_pass,-0.144000,-0.43610,-0.144000,-0.87273,LOW,false,false,true,false,
2885,2026-09-11T21:13:20.974048+00:00,288.500282,cycle3_safe_repeatability_pass,-0.144000,-0.43610,-0.144000,-0.87273,LOW,false,false,true,false,
2886,2026-09-11T21:13:21.074363+00:00,288.600308,cycle3_safe_repeatability_pass,-0.146000,-0.44216,-0.144000,-0.87273,LOW,false,false,true,false,
2887,2026-09-11T21:13:21.174062+00:00,288.700286,cycle3_safe_repeatability_pass,-0.148000,-0.44821,-0.144000,-0.87273,LOW,false,false,true,false,
2888,2026-09-11T21:13:21.274375+00:00,288.800317,cycle3_safe_repeatability_pass,-0.144000,-0.43610,-0.142000,-0.86061,LOW,false,false,true,false,
2889,2026-09-11T21:13:21.374079+00:00,288.900288,cycle3_safe_repeatability_pass,-0.140000,-0.42399,-0.138000,-0.83636,LOW,false,false,true,false,
2890,2026-09-11T21:13:21.474491+00:00,289.000321,cycle3_safe_repeatability_pass,-0.140000,-0.42399,-0.144000,-0.87273,LOW,false,false,true,false,
2891,2026-09-11T21:13:21.574207+00:00,289.100360,cycle3_safe_repeatability_pass,-0.138000,-0.41793,-0.144000,-0.87273,LOW,false,false,true,false,
2892,2026-09-11T21:13:21.674418+00:00,289.200345,cycle3_safe_repeatability_pass,-0.142000,-0.43004,-0.140000,-0.84848,LOW,false,false,true,false,
2893,2026-09-11T21:13:21.774062+00:00,289.300287,cycle3_safe_repeatability_pass,-0.146000,-0.44216,-0.146000,-0.88485,LOW,false,false,true,false,
2894,2026-09-11T21:13:21.874364+00:00,289.400311,cycle3_safe_repeatability_pass,-0.146000,-0.44216,-0.144000,-0.87273,LOW,false,false,true,false,
2895,2026-09-11T21:13:21.974105+00:00,289.500304,cycle3_safe_repeatability_pass,-0.144000,-0.43610,-0.144000,-0.87273,LOW,false,false,true,false,
2896,2026-09-11T21:13:22.074361+00:00,289.600314,cycle3_safe_repeatability_pass,-0.142000,-0.43004,-0.144000,-0.87273,LOW,false,false,true,false,
2897,2026-09-11T21:13:22.174058+00:00,289.700283,cycle3_safe_repeatability_pass,-0.144000,-0.43610,-0.140000,-0.84848,LOW,false,false,true,false,
2898,2026-09-11T21:13:22.274361+00:00,289.800306,cycle3_safe_repeatability_pass,-0.140000,-0.42399,-0.144000,-0.87273,LOW,false,false,true,false,
2899,2026-09-11T21:13:22.374071+00:00,289.900285,cycle3_safe_repeatability_pass,-0.144000,-0.43610,-0.144000,-0.87273,LOW,false,false,true,false,
2900,2026-09-11T21:13:22.474395+00:00,290.000325,cycle3_safe_repeatability_pass,-0.146000,-0.44216,-0.144000,-0.87273,LOW,false,false,true,false,
2901,2026-09-11T21:13:22.574055+00:00,290.100281,cycle3_safe_repeatability_pass,-0.146000,-0.44216,-0.144000,-0.87273,LOW,false,false,true,false,
2902,2026-09-11T21:13:22.674359+00:00,290.200303,cycle3_safe_repeatability_pass,-0.146000,-0.44216,-0.144000,-0.87273,LOW,false,false,true,false,
2903,2026-09-11T21:13:22.774054+00:00,290.300280,cycle3_safe_repeatability_pass,-0.146000,-0.44216,-0.148000,-0.89697,LOW,false,false,true,false,
2904,2026-09-11T21:13:22.874357+00:00,290.400303,cycle3_safe_repeatability_pass,-0.138000,-0.41793,-0.144000,-0.87273,LOW,false,false,true,false,
2905,2026-09-11T21:13:22.974065+00:00,290.500283,cycle3_safe_repeatability_pass,-0.144000,-0.43610,-0.144000,-0.87273,LOW,false,false,true,false,
2906,2026-09-11T21:13:23.074349+00:00,290.600303,cycle3_safe_repeatability_pass,-0.144000,-0.43610,-0.144000,-0.87273,LOW,false,false,true,false,
2907,2026-09-11T21:13:23.174220+00:00,290.700376,cycle3_safe_repeatability_pass,-0.144000,-0.43610,-0.144000,-0.87273,LOW,false,false,true,false,
2908,2026-09-11T21:13:23.274391+00:00,290.800326,cycle3_safe_repeatability_pass,-0.144000,-0.43610,-0.144000,-0.87273,LOW,false,false,true,false,
2909,2026-09-11T21:13:23.374082+00:00,290.900291,cycle3_safe_repeatability_pass,-0.142000,-0.43004,-0.144000,-0.87273,LOW,false,false,true,false,
2910,2026-09-11T21:13:23.474413+00:00,291.000336,cycle3_safe_repeatability_pass,-0.144000,-0.43610,-0.144000,-0.87273,LOW,false,false,true,false,
2911,2026-09-11T21:13:23.574101+00:00,291.100304,cycle3_safe_repeatability_pass,-0.144000,-0.43610,-0.144000,-0.87273,LOW,false,false,true,false,
2912,2026-09-11T21:13:23.674365+00:00,291.200315,cycle3_safe_repeatability_pass,-0.146000,-0.44216,-0.146000,-0.88485,LOW,false,false,true,false,
2913,2026-09-11T21:13:23.774065+00:00,291.300282,cycle3_safe_repeatability_pass,-0.146000,-0.44216,-0.146000,-0.88485,LOW,false,false,true,false,
2914,2026-09-11T21:13:23.874354+00:00,291.400308,cycle3_safe_repeatability_pass,-0.144000,-0.43610,-0.144000,-0.87273,LOW,false,false,true,false,
2915,2026-09-11T21:13:23.974051+00:00,291.500279,cycle3_safe_repeatability_pass,-0.144000,-0.43610,-0.142000,-0.86061,LOW,false,false,true,false,
2916,2026-09-11T21:13:24.074359+00:00,291.600305,cycle3_safe_repeatability_pass,-0.142000,-0.43004,-0.144000,-0.87273,LOW,false,false,true,false,
2917,2026-09-11T21:13:24.174052+00:00,291.700284,cycle3_safe_repeatability_pass,-0.144000,-0.43610,-0.142000,-0.86061,LOW,false,false,true,false,
2918,2026-09-11T21:13:24.274383+00:00,291.800318,cycle3_safe_repeatability_pass,-0.144000,-0.43610,-0.144000,-0.87273,LOW,false,false,true,false,
2919,2026-09-11T21:13:24.374089+00:00,291.900298,cycle3_safe_repeatability_pass,-0.144000,-0.43610,-0.146000,-0.88485,LOW,false,false,true,false,
2920,2026-09-11T21:13:24.474347+00:00,292.000290,cycle3_safe_repeatability_pass,-0.142000,-0.43004,-0.142000,-0.86061,LOW,false,false,true,false,
2921,2026-09-11T21:13:24.574160+00:00,292.100313,cycle3_safe_repeatability_pass,-0.146000,-0.44216,-0.140000,-0.84848,LOW,false,false,true,false,
2922,2026-09-11T21:13:24.674261+00:00,292.200276,cycle3_safe_repeatability_pass,-0.140000,-0.42399,-0.144000,-0.87273,LOW,false,false,true,false,
2923,2026-09-11T21:13:24.774502+00:00,292.300564,cycle3_safe_repeatability_pass,-0.144000,-0.43610,-0.142000,-0.86061,LOW,false,false,true,false,
2924,2026-09-11T21:13:24.874365+00:00,292.400289,cycle3_safe_repeatability_pass,-0.144000,-0.43610,-0.144000,-0.87273,LOW,false,false,true,false,
2925,2026-09-11T21:13:24.974241+00:00,292.500307,cycle3_safe_repeatability_pass,-0.146000,-0.44216,-0.144000,-0.87273,LOW,false,false,true,false,
2926,2026-09-11T21:13:25.074257+00:00,292.600276,cycle3_safe_repeatability_pass,-0.144000,-0.43610,-0.142000,-0.86061,LOW,false,false,true,false,
2927,2026-09-11T21:13:25.174153+00:00,292.700310,cycle3_safe_repeatability_pass,-0.144000,-0.43610,-0.144000,-0.87273,LOW,false,false,true,false,
2928,2026-09-11T21:13:25.274266+00:00,292.800278,cycle3_safe_repeatability_pass,-0.144000,-0.43610,-0.144000,-0.87273,LOW,false,false,true,false,
2929,2026-09-11T21:13:25.374140+00:00,292.900305,cycle3_safe_repeatability_pass,-0.144000,-0.43610,-0.144000,-0.87273,LOW,false,false,true,false,
2930,2026-09-11T21:13:25.474283+00:00,293.000287,cycle3_safe_repeatability_pass,-0.144000,-0.43610,-0.144000,-0.87273,LOW,false,false,true,false,
2931,2026-09-11T21:13:25.574161+00:00,293.100315,cycle3_safe_repeatability_pass,-0.142000,-0.43004,-0.140000,-0.84848,LOW,false,false,true,false,
2932,2026-09-11T21:13:25.674272+00:00,293.200282,cycle3_safe_repeatability_pass,-0.144000,-0.43610,-0.144000,-0.87273,LOW,false,false,true,false,
2933,2026-09-11T21:13:25.774133+00:00,293.300303,cycle3_safe_repeatability_pass,-0.146000,-0.44216,-0.144000,-0.87273,LOW,false,false,true,false,
2934,2026-09-11T21:13:25.874260+00:00,293.400274,cycle3_safe_repeatability_pass,-0.144000,-0.43610,-0.140000,-0.84848,LOW,false,false,true,false,
2935,2026-09-11T21:13:25.974186+00:00,293.500323,cycle3_safe_repeatability_pass,-0.146000,-0.44216,-0.144000,-0.87273,LOW,false,false,true,false,
2936,2026-09-11T21:13:26.074274+00:00,293.600284,cycle3_safe_repeatability_pass,-0.146000,-0.44216,-0.146000,-0.88485,LOW,false,false,true,false,
2937,2026-09-11T21:13:26.174136+00:00,293.700307,cycle3_safe_repeatability_pass,-0.146000,-0.44216,-0.146000,-0.88485,LOW,false,false,true,false,
2938,2026-09-11T21:13:26.274275+00:00,293.800272,cycle3_safe_repeatability_pass,-0.146000,-0.44216,-0.140000,-0.84848,LOW,false,false,true,false,
2939,2026-09-11T21:13:26.374176+00:00,293.900307,cycle3_safe_repeatability_pass,-0.146000,-0.44216,-0.142000,-0.86061,LOW,false,false,true,false,
2940,2026-09-11T21:13:26.474271+00:00,294.000283,cycle3_safe_repeatability_pass,-0.144000,-0.43610,-0.144000,-0.87273,LOW,false,false,true,false,
2941,2026-09-11T21:13:26.574518+00:00,294.100418,cycle3_safe_repeatability_pass,-0.144000,-0.43610,-0.144000,-0.87273,LOW,false,false,true,false,
2942,2026-09-11T21:13:26.674243+00:00,294.200306,cycle3_safe_repeatability_pass,-0.144000,-0.43610,-0.146000,-0.88485,LOW,false,false,true,false,
2943,2026-09-11T21:13:26.774290+00:00,294.300314,cycle3_safe_repeatability_pass,-0.144000,-0.43610,-0.144000,-0.87273,LOW,false,false,true,false,
2944,2026-09-11T21:13:26.874229+00:00,294.400276,cycle3_safe_repeatability_pass,-0.142000,-0.43004,-0.144000,-0.87273,LOW,false,false,true,false,
2945,2026-09-11T21:13:26.974390+00:00,294.500307,cycle3_safe_repeatability_pass,-0.144000,-0.43610,-0.146000,-0.88485,LOW,false,false,true,false,
2946,2026-09-11T21:13:27.074150+00:00,294.600290,cycle3_safe_repeatability_pass,-0.144000,-0.43610,-0.144000,-0.87273,LOW,false,false,true,false,
2947,2026-09-11T21:13:27.174280+00:00,294.700306,cycle3_safe_repeatability_pass,-0.144000,-0.43610,-0.144000,-0.87273,LOW,false,false,true,false,
2948,2026-09-11T21:13:27.274128+00:00,294.800278,cycle3_safe_repeatability_pass,-0.144000,-0.43610,-0.142000,-0.86061,LOW,false,false,true,false,
2949,2026-09-11T21:13:27.374414+00:00,294.900308,cycle3_safe_repeatability_pass,-0.144000,-0.43610,-0.144000,-0.87273,LOW,false,false,true,false,
2950,2026-09-11T21:13:27.474167+00:00,295.000303,cycle3_safe_repeatability_pass,-0.140000,-0.42399,-0.142000,-0.86061,LOW,false,false,true,false,
2951,2026-09-11T21:13:27.574359+00:00,295.100354,cycle3_safe_repeatability_pass,-0.144000,-0.43610,-0.140000,-0.84848,LOW,false,false,true,false,
2952,2026-09-11T21:13:27.674266+00:00,295.200402,cycle3_safe_repeatability_pass,-0.144000,-0.43610,-0.144000,-0.87273,LOW,false,false,true,false,
2953,2026-09-11T21:13:27.774155+00:00,295.300303,cycle3_safe_repeatability_pass,-0.138000,-0.41793,-0.138000,-0.83636,LOW,false,false,true,false,
2954,2026-09-11T21:13:27.874287+00:00,295.400314,cycle3_safe_repeatability_pass,-0.144000,-0.43610,-0.140000,-0.84848,LOW,false,false,true,false,
2955,2026-09-11T21:13:27.974178+00:00,295.500299,cycle3_safe_repeatability_pass,-0.144000,-0.43610,-0.144000,-0.87273,LOW,false,false,true,false,
2956,2026-09-11T21:13:28.074289+00:00,295.600313,cycle3_safe_repeatability_pass,-0.146000,-0.44216,-0.138000,-0.83636,LOW,false,false,true,false,
2957,2026-09-11T21:13:28.174126+00:00,295.700282,cycle3_safe_repeatability_pass,-0.140000,-0.42399,-0.138000,-0.83636,LOW,false,false,true,false,
2958,2026-09-11T21:13:28.274437+00:00,295.800378,cycle3_safe_repeatability_pass,-0.140000,-0.42399,-0.148000,-0.89697,LOW,false,false,true,false,
2959,2026-09-11T21:13:28.374178+00:00,295.900306,cycle3_safe_repeatability_pass,-0.140000,-0.42399,-0.144000,-0.87273,LOW,false,false,true,false,
2960,2026-09-11T21:13:28.474291+00:00,296.000319,cycle3_safe_repeatability_pass,-0.140000,-0.42399,-0.146000,-0.88485,LOW,false,false,true,false,
2961,2026-09-11T21:13:28.574143+00:00,296.100282,cycle3_safe_repeatability_pass,-0.148000,-0.44821,-0.138000,-0.83636,LOW,false,false,true,false,
2962,2026-09-11T21:13:28.674286+00:00,296.200313,cycle3_safe_repeatability_pass,-0.138000,-0.41793,-0.148000,-0.89697,LOW,false,false,true,false,
2963,2026-09-11T21:13:28.774126+00:00,296.300278,cycle3_safe_repeatability_pass,-0.144000,-0.43610,-0.144000,-0.87273,LOW,false,false,true,false,
2964,2026-09-11T21:13:28.874360+00:00,296.400346,cycle3_safe_repeatability_pass,-0.144000,-0.43610,-0.144000,-0.87273,LOW,false,false,true,false,
2965,2026-09-11T21:13:28.974140+00:00,296.500290,cycle3_safe_repeatability_pass,-0.144000,-0.43610,-0.144000,-0.87273,LOW,false,false,true,false,
2966,2026-09-11T21:13:29.074284+00:00,296.600308,cycle3_safe_repeatability_pass,-0.144000,-0.43610,-0.144000,-0.87273,LOW,false,false,true,false,
2967,2026-09-11T21:13:29.174119+00:00,296.700278,cycle3_safe_repeatability_pass,-0.142000,-0.43004,-0.144000,-0.87273,LOW,false,false,true,false,
2968,2026-09-11T21:13:29.274333+00:00,296.800304,cycle3_safe_repeatability_pass,-0.138000,-0.41793,-0.146000,-0.88485,LOW,false,false,true,false,
2969,2026-09-11T21:13:29.374094+00:00,296.900284,cycle3_safe_repeatability_pass,-0.138000,-0.41793,-0.140000,-0.84848,LOW,false,false,true,false,
2970,2026-09-11T21:13:29.474373+00:00,297.000313,cycle3_safe_repeatability_pass,-0.144000,-0.43610,-0.140000,-0.84848,LOW,false,false,true,false,
2971,2026-09-11T21:13:29.574153+00:00,297.100296,cycle3_safe_repeatability_pass,-0.144000,-0.43610,-0.146000,-0.88485,LOW,false,false,true,false,
2972,2026-09-11T21:13:29.674470+00:00,297.200321,cycle3_safe_repeatability_pass,-0.146000,-0.44216,-0.144000,-0.87273,LOW,false,false,true,false,
2973,2026-09-11T21:13:29.774059+00:00,297.300284,cycle3_safe_repeatability_pass,-0.144000,-0.43610,-0.144000,-0.87273,LOW,false,false,true,false,
2974,2026-09-11T21:13:29.874477+00:00,297.400322,cycle3_safe_repeatability_pass,-0.144000,-0.43610,-0.148000,-0.89697,LOW,false,false,true,false,
2975,2026-09-11T21:13:29.974055+00:00,297.500281,cycle3_safe_repeatability_pass,-0.144000,-0.43610,-0.142000,-0.86061,LOW,false,false,true,false,
2976,2026-09-11T21:13:30.074377+00:00,297.600315,cycle3_safe_repeatability_pass,-0.144000,-0.43610,-0.142000,-0.86061,LOW,false,false,true,false,
2977,2026-09-11T21:13:30.174065+00:00,297.700286,cycle3_safe_repeatability_pass,-0.144000,-0.43610,-0.144000,-0.87273,LOW,false,false,true,false,
2978,2026-09-11T21:13:30.274355+00:00,297.800307,cycle3_safe_repeatability_pass,-0.144000,-0.43610,-0.144000,-0.87273,LOW,false,false,true,false,
2979,2026-09-11T21:13:30.374057+00:00,297.900281,cycle3_safe_repeatability_pass,-0.144000,-0.43610,-0.140000,-0.84848,LOW,false,false,true,false,
2980,2026-09-11T21:13:30.474372+00:00,298.000312,cycle3_safe_repeatability_pass,-0.144000,-0.43610,-0.142000,-0.86061,LOW,false,false,true,false,
2981,2026-09-11T21:13:30.574056+00:00,298.100285,cycle3_safe_repeatability_pass,-0.140000,-0.42399,-0.146000,-0.88485,LOW,false,false,true,false,
2982,2026-09-11T21:13:30.674389+00:00,298.200319,cycle3_safe_repeatability_pass,-0.144000,-0.43610,-0.144000,-0.87273,LOW,false,false,true,false,
2983,2026-09-11T21:13:30.774063+00:00,298.300287,cycle3_safe_repeatability_pass,-0.144000,-0.43610,-0.142000,-0.86061,LOW,false,false,true,false,
2984,2026-09-11T21:13:30.874372+00:00,298.400310,cycle3_safe_repeatability_pass,-0.140000,-0.42399,-0.144000,-0.87273,LOW,false,false,true,false,
2985,2026-09-11T21:13:30.974058+00:00,298.500280,cycle3_safe_repeatability_pass,-0.142000,-0.43004,-0.144000,-0.87273,LOW,false,false,true,false,
2986,2026-09-11T21:13:31.074393+00:00,298.600324,cycle3_safe_repeatability_pass,-0.144000,-0.43610,-0.142000,-0.86061,LOW,false,false,true,false,
2987,2026-09-11T21:13:31.174061+00:00,298.700281,cycle3_safe_repeatability_pass,-0.142000,-0.43004,-0.144000,-0.87273,LOW,false,false,true,false,
2988,2026-09-11T21:13:31.274358+00:00,298.800306,cycle3_safe_repeatability_pass,-0.144000,-0.43610,-0.144000,-0.87273,LOW,false,false,true,false,
2989,2026-09-11T21:13:31.374060+00:00,298.900282,cycle3_safe_repeatability_pass,-0.144000,-0.43610,-0.144000,-0.87273,LOW,false,false,true,false,
2990,2026-09-11T21:13:31.474367+00:00,299.000314,cycle3_safe_repeatability_pass,-0.144000,-0.43610,-0.144000,-0.87273,LOW,false,false,true,false,
2991,2026-09-11T21:13:31.574127+00:00,299.100315,cycle3_safe_repeatability_pass,-0.146000,-0.44216,-0.140000,-0.84848,LOW,false,false,true,false,
2992,2026-09-11T21:13:31.674387+00:00,299.200326,cycle3_safe_repeatability_pass,-0.146000,-0.44216,-0.144000,-0.87273,LOW,false,false,true,false,
2993,2026-09-11T21:13:31.774352+00:00,299.300308,cycle3_safe_repeatability_pass,-0.144000,-0.43610,-0.144000,-0.87273,LOW,false,false,true,false,
2994,2026-09-11T21:13:31.874053+00:00,299.400281,cycle3_safe_repeatability_pass,-0.144000,-0.43610,-0.146000,-0.88485,LOW,false,false,true,false,
2995,2026-09-11T21:13:31.974357+00:00,299.500308,cycle3_safe_repeatability_pass,-0.144000,-0.43610,-0.144000,-0.87273,LOW,false,false,true,false,
2996,2026-09-11T21:13:32.074055+00:00,299.600282,cycle3_safe_repeatability_pass,-0.144000,-0.43610,-0.144000,-0.87273,LOW,false,false,true,false,
2997,2026-09-11T21:13:32.174362+00:00,299.700310,cycle3_safe_repeatability_pass,-0.142000,-0.43004,-0.144000,-0.87273,LOW,false,false,true,false,
2998,2026-09-11T21:13:32.274047+00:00,299.800279,cycle3_safe_repeatability_pass,-0.142000,-0.43004,-0.140000,-0.84848,LOW,false,false,true,false,
2999,2026-09-11T21:13:32.374348+00:00,299.900304,cycle3_safe_repeatability_pass,-0.144000,-0.43610,-0.140000,-0.84848,LOW,false,false,true,false,
3000,2026-09-11T21:13:32.474058+00:00,300.000284,cycle3_safe_repeatability_pass,-0.146000,-0.44216,-0.144000,-0.87273,LOW,false,false,true,false,
3001,2026-09-11T21:13:32.574588+00:00,300.100442,cycle3_safe_repeatability_pass,-0.144000,-0.43610,-0.144000,-0.87273,LOW,false,false,true,false,
3002,2026-09-11T21:13:32.674402+00:00,300.200341,cycle3_safe_repeatability_pass,-0.144000,-0.43610,-0.142000,-0.86061,LOW,false,false,true,false,
3003,2026-09-11T21:13:32.774088+00:00,300.300303,cycle3_safe_repeatability_pass,-0.140000,-0.42399,-0.146000,-0.88485,LOW,false,false,true,false,
3004,2026-09-11T21:13:32.874367+00:00,300.400315,cycle3_safe_repeatability_pass,-0.144000,-0.43610,-0.144000,-0.87273,LOW,false,false,true,false,
3005,2026-09-11T21:13:32.974061+00:00,300.500285,cycle3_safe_repeatability_pass,-0.144000,-0.43610,-0.140000,-0.84848,LOW,false,false,true,false,
3006,2026-09-11T21:13:33.074372+00:00,300.600315,cycle3_safe_repeatability_pass,-0.142000,-0.43004,-0.142000,-0.86061,LOW,false,false,true,false,
3007,2026-09-11T21:13:33.174086+00:00,300.700284,cycle3_safe_repeatability_pass,-0.144000,-0.43610,-0.144000,-0.87273,LOW,false,false,true,false,
3008,2026-09-11T21:13:33.274366+00:00,300.800313,cycle3_safe_repeatability_pass,-0.144000,-0.43610,-0.144000,-0.87273,LOW,false,false,true,false,
3009,2026-09-11T21:13:33.374198+00:00,300.900355,cycle3_safe_repeatability_pass,-0.144000,-0.43610,-0.142000,-0.86061,LOW,false,false,true,false,
3010,2026-09-11T21:13:33.474388+00:00,301.000330,cycle3_safe_repeatability_pass,-0.144000,-0.43610,-0.142000,-0.86061,LOW,false,false,true,false,
3011,2026-09-11T21:13:33.574223+00:00,301.100307,cycle3_safe_repeatability_pass,-0.144000,-0.43610,-0.144000,-0.87273,LOW,false,false,true,false,
3012,2026-09-11T21:13:33.674487+00:00,301.200379,cycle3_safe_repeatability_pass,-0.144000,-0.43610,-0.144000,-0.87273,LOW,false,false,true,false,
3013,2026-09-11T21:13:33.774092+00:00,301.300306,cycle3_safe_repeatability_pass,-0.144000,-0.43610,-0.144000,-0.87273,LOW,false,false,true,false,
3014,2026-09-11T21:13:33.874478+00:00,301.400369,cycle3_safe_repeatability_pass,-0.144000,-0.43610,-0.142000,-0.86061,LOW,false,false,true,false,
3015,2026-09-11T21:13:33.974132+00:00,301.500323,cycle3_safe_repeatability_pass,-0.142000,-0.43004,-0.142000,-0.86061,LOW,false,false,true,false,
3016,2026-09-11T21:13:34.074371+00:00,301.600320,cycle3_safe_repeatability_pass,-0.144000,-0.43610,-0.144000,-0.87273,LOW,false,false,true,false,
3017,2026-09-11T21:13:34.174055+00:00,301.700284,cycle3_safe_repeatability_pass,-0.144000,-0.43610,-0.144000,-0.87273,LOW,false,false,true,false,
3018,2026-09-11T21:13:34.274362+00:00,301.800311,cycle3_safe_repeatability_pass,-0.144000,-0.43610,-0.142000,-0.86061,LOW,false,false,true,false,
3019,2026-09-11T21:13:34.374067+00:00,301.900287,cycle3_safe_repeatability_pass,-0.144000,-0.43610,-0.144000,-0.87273,LOW,false,false,true,false,
3020,2026-09-11T21:13:34.474366+00:00,302.000312,cycle3_safe_repeatability_pass,-0.144000,-0.43610,-0.144000,-0.87273,LOW,false,false,true,false,
3021,2026-09-11T21:13:34.574058+00:00,302.100285,cycle3_safe_repeatability_pass,-0.140000,-0.42399,-0.144000,-0.87273,LOW,false,false,true,false,
3022,2026-09-11T21:13:34.674174+00:00,302.200342,cycle3_safe_repeatability_pass,-0.144000,-0.43610,-0.144000,-0.87273,LOW,false,false,true,false,
3023,2026-09-11T21:13:34.774405+00:00,302.300335,cycle3_safe_repeatability_pass,-0.144000,-0.43610,-0.142000,-0.86061,LOW,false,false,true,false,
3024,2026-09-11T21:13:34.874075+00:00,302.400294,cycle3_safe_repeatability_pass,-0.144000,-0.43610,-0.144000,-0.87273,LOW,false,false,true,false,
3025,2026-09-11T21:13:34.974374+00:00,302.500320,cycle3_safe_repeatability_pass,-0.148000,-0.44821,-0.144000,-0.87273,LOW,false,false,true,false,
3026,2026-09-11T21:13:35.074057+00:00,302.600284,cycle3_safe_repeatability_pass,-0.142000,-0.43004,-0.142000,-0.86061,LOW,false,false,true,false,
3027,2026-09-11T21:13:35.174367+00:00,302.700312,cycle3_safe_repeatability_pass,-0.144000,-0.43610,-0.144000,-0.87273,LOW,false,false,true,false,
3028,2026-09-11T21:13:35.274058+00:00,302.800284,cycle3_safe_repeatability_pass,-0.144000,-0.43610,-0.146000,-0.88485,LOW,false,false,true,false,
3029,2026-09-11T21:13:35.374371+00:00,302.900310,cycle3_safe_repeatability_pass,-0.140000,-0.42399,-0.146000,-0.88485,LOW,false,false,true,false,
3030,2026-09-11T21:13:35.474363+00:00,303.000313,cycle3_safe_repeatability_pass,-0.144000,-0.43610,-0.144000,-0.87273,LOW,false,false,true,false,
3031,2026-09-11T21:13:35.574130+00:00,303.100317,cycle3_safe_repeatability_pass,-0.138000,-0.41793,-0.148000,-0.89697,LOW,false,false,true,false,
3032,2026-09-11T21:13:35.674380+00:00,303.200323,cycle3_safe_repeatability_pass,-0.138000,-0.41793,-0.140000,-0.84848,LOW,false,false,true,false,
3033,2026-09-11T21:13:35.774091+00:00,303.300296,cycle3_safe_repeatability_pass,-0.144000,-0.43610,-0.144000,-0.87273,LOW,false,false,true,false,
3034,2026-09-11T21:13:35.874372+00:00,303.400317,cycle3_safe_repeatability_pass,-0.146000,-0.44216,-0.142000,-0.86061,LOW,false,false,true,false,
3035,2026-09-11T21:13:35.974055+00:00,303.500281,cycle3_safe_repeatability_pass,-0.142000,-0.43004,-0.144000,-0.87273,LOW,false,false,true,false,
3036,2026-09-11T21:13:36.074364+00:00,303.600304,cycle3_safe_repeatability_pass,-0.140000,-0.42399,-0.146000,-0.88485,LOW,false,false,true,false,
3037,2026-09-11T21:13:36.174101+00:00,303.700300,cycle3_safe_repeatability_pass,-0.140000,-0.42399,-0.142000,-0.86061,LOW,false,false,true,false,
3038,2026-09-11T21:13:36.274381+00:00,303.800319,cycle3_safe_repeatability_pass,-0.144000,-0.43610,-0.142000,-0.86061,LOW,false,false,true,false,
3039,2026-09-11T21:13:36.374076+00:00,303.900291,cycle3_safe_repeatability_pass,-0.144000,-0.43610,-0.146000,-0.88485,LOW,false,false,true,false,
3040,2026-09-11T21:13:36.474359+00:00,304.000311,cycle3_safe_repeatability_pass,-0.144000,-0.43610,-0.144000,-0.87273,LOW,false,false,true,false,
3041,2026-09-11T21:13:36.574066+00:00,304.100284,cycle3_safe_repeatability_pass,-0.144000,-0.43610,-0.144000,-0.87273,LOW,false,false,true,false,
3042,2026-09-11T21:13:36.674366+00:00,304.200309,cycle3_safe_repeatability_pass,-0.144000,-0.43610,-0.146000,-0.88485,LOW,false,false,true,false,
3043,2026-09-11T21:13:36.774088+00:00,304.300295,cycle3_safe_repeatability_pass,-0.140000,-0.42399,-0.140000,-0.84848,LOW,false,false,true,false,
3044,2026-09-11T21:13:36.874376+00:00,304.400321,cycle3_safe_repeatability_pass,-0.140000,-0.42399,-0.144000,-0.87273,LOW,false,false,true,false,
3045,2026-09-11T21:13:36.974070+00:00,304.500288,cycle3_safe_repeatability_pass,-0.146000,-0.44216,-0.144000,-0.87273,LOW,false,false,true,false,
3046,2026-09-11T21:13:37.074360+00:00,304.600310,cycle3_safe_repeatability_pass,-0.146000,-0.44216,-0.140000,-0.84848,LOW,false,false,true,false,
3047,2026-09-11T21:13:37.174052+00:00,304.700281,cycle3_safe_repeatability_pass,-0.144000,-0.43610,-0.144000,-0.87273,LOW,false,false,true,false,
3048,2026-09-11T21:13:37.274357+00:00,304.800304,cycle3_safe_repeatability_pass,-0.146000,-0.44216,-0.146000,-0.88485,LOW,false,false,true,false,
3049,2026-09-11T21:13:37.374060+00:00,304.900283,cycle3_safe_repeatability_pass,-0.140000,-0.42399,-0.144000,-0.87273,LOW,false,false,true,false,
3050,2026-09-11T21:13:37.474347+00:00,305.000302,cycle3_safe_repeatability_pass,-0.144000,-0.43610,-0.144000,-0.87273,LOW,false,false,true,false,
3051,2026-09-11T21:13:37.574068+00:00,305.100286,cycle3_safe_repeatability_pass,-0.144000,-0.43610,-0.142000,-0.86061,LOW,false,false,true,false,
3052,2026-09-11T21:13:37.674354+00:00,305.200307,cycle3_safe_repeatability_pass,-0.144000,-0.43610,-0.144000,-0.87273,LOW,false,false,true,false,
3053,2026-09-11T21:13:37.774065+00:00,305.300283,cycle3_safe_repeatability_pass,-0.144000,-0.43610,-0.142000,-0.86061,LOW,false,false,true,false,
3054,2026-09-11T21:13:37.874380+00:00,305.400320,cycle3_safe_repeatability_pass,-0.142000,-0.43004,-0.140000,-0.84848,LOW,false,false,true,false,
3055,2026-09-11T21:13:37.974056+00:00,305.500283,cycle3_safe_repeatability_pass,-0.140000,-0.42399,-0.146000,-0.88485,LOW,false,false,true,false,
3056,2026-09-11T21:13:38.074355+00:00,305.600306,cycle3_safe_repeatability_pass,-0.140000,-0.42399,-0.144000,-0.87273,LOW,false,false,true,false,
3057,2026-09-11T21:13:38.174045+00:00,305.700279,cycle3_safe_repeatability_pass,-0.146000,-0.44216,-0.144000,-0.87273,LOW,false,false,true,false,
3058,2026-09-11T21:13:38.274378+00:00,305.800318,cycle3_safe_repeatability_pass,-0.144000,-0.43610,-0.144000,-0.87273,LOW,false,false,true,false,
3059,2026-09-11T21:13:38.374056+00:00,305.900283,cycle3_safe_repeatability_pass,-0.144000,-0.43610,-0.140000,-0.84848,LOW,false,false,true,false,
3060,2026-09-11T21:13:38.474505+00:00,306.000387,cycle3_safe_repeatability_pass,-0.144000,-0.43610,-0.144000,-0.87273,LOW,false,false,true,false,
3061,2026-09-11T21:13:38.574310+00:00,306.100430,cycle3_safe_repeatability_pass,-0.146000,-0.44216,-0.144000,-0.87273,LOW,false,false,true,false,
3062,2026-09-11T21:13:38.674067+00:00,306.200298,cycle3_safe_repeatability_pass,-0.142000,-0.43004,-0.146000,-0.88485,LOW,false,false,true,false,
3063,2026-09-11T21:13:38.774375+00:00,306.300318,cycle3_safe_repeatability_pass,-0.144000,-0.43610,-0.146000,-0.88485,LOW,false,false,true,false,
3064,2026-09-11T21:13:38.874086+00:00,306.400297,cycle3_safe_repeatability_pass,-0.142000,-0.43004,-0.142000,-0.86061,LOW,false,false,true,false,
3065,2026-09-11T21:13:38.974493+00:00,306.500372,cycle3_safe_repeatability_pass,-0.148000,-0.44821,-0.140000,-0.84848,LOW,false,false,true,false,
3066,2026-09-11T21:13:39.074085+00:00,306.600302,cycle3_safe_repeatability_pass,-0.144000,-0.43610,-0.142000,-0.86061,LOW,false,false,true,false,
3067,2026-09-11T21:13:39.174381+00:00,306.700318,cycle3_safe_repeatability_pass,-0.144000,-0.43610,-0.144000,-0.87273,LOW,false,false,true,false,
3068,2026-09-11T21:13:39.274076+00:00,306.800291,cycle3_safe_repeatability_pass,-0.138000,-0.41793,-0.140000,-0.84848,LOW,false,false,true,false,
3069,2026-09-11T21:13:39.374375+00:00,306.900312,cycle3_safe_repeatability_pass,-0.140000,-0.42399,-0.146000,-0.88485,LOW,false,false,true,false,
3070,2026-09-11T21:13:39.474080+00:00,307.000289,cycle3_safe_repeatability_pass,-0.144000,-0.43610,-0.144000,-0.87273,LOW,false,false,true,false,
3071,2026-09-11T21:13:39.574507+00:00,307.100388,cycle3_safe_repeatability_pass,-0.144000,-0.43610,-0.144000,-0.87273,LOW,false,false,true,false,
3072,2026-09-11T21:13:39.674078+00:00,307.200301,cycle3_safe_repeatability_pass,-0.144000,-0.43610,-0.144000,-0.87273,LOW,false,false,true,false,
3073,2026-09-11T21:13:39.774613+00:00,307.300467,cycle3_safe_repeatability_pass,-0.142000,-0.43004,-0.144000,-0.87273,LOW,false,false,true,false,
3074,2026-09-11T21:13:39.874104+00:00,307.400314,cycle3_safe_repeatability_pass,-0.146000,-0.44216,-0.144000,-0.87273,LOW,false,false,true,false,
3075,2026-09-11T21:13:39.974379+00:00,307.500319,cycle3_safe_repeatability_pass,-0.144000,-0.43610,-0.142000,-0.86061,LOW,false,false,true,false,
3076,2026-09-11T21:13:40.074065+00:00,307.600288,cycle3_safe_repeatability_pass,-0.144000,-0.43610,-0.144000,-0.87273,LOW,false,false,true,false,
3077,2026-09-11T21:13:40.174587+00:00,307.700437,cycle3_safe_repeatability_pass,-0.144000,-0.43610,-0.144000,-0.87273,LOW,false,false,true,false,
3078,2026-09-11T21:13:40.274162+00:00,307.800341,cycle3_safe_repeatability_pass,-0.144000,-0.43610,-0.144000,-0.87273,LOW,false,false,true,false,
3079,2026-09-11T21:13:40.374544+00:00,307.900365,cycle3_safe_repeatability_pass,-0.144000,-0.43610,-0.144000,-0.87273,LOW,false,false,true,false,
3080,2026-09-11T21:13:40.474232+00:00,308.000332,cycle3_safe_repeatability_pass,-0.144000,-0.43610,-0.144000,-0.87273,LOW,false,false,true,false,
3081,2026-09-11T21:13:40.574451+00:00,308.100358,cycle3_safe_repeatability_pass,-0.142000,-0.43004,-0.144000,-0.87273,LOW,false,false,true,false,
3082,2026-09-11T21:13:40.674117+00:00,308.200317,cycle3_safe_repeatability_pass,-0.144000,-0.43610,-0.144000,-0.87273,LOW,false,false,true,false,
3083,2026-09-11T21:13:40.774498+00:00,308.300324,cycle3_safe_repeatability_pass,-0.138000,-0.41793,-0.144000,-0.87273,LOW,false,false,true,false,
3084,2026-09-11T21:13:40.874145+00:00,308.400331,cycle3_safe_repeatability_pass,-0.146000,-0.44216,-0.144000,-0.87273,LOW,false,false,true,false,
3085,2026-09-11T21:13:40.974658+00:00,308.500415,cycle3_safe_repeatability_pass,-0.146000,-0.44216,-0.144000,-0.87273,LOW,false,false,true,false,
3086,2026-09-11T21:13:41.074226+00:00,308.600332,cycle3_safe_repeatability_pass,-0.148000,-0.44821,-0.144000,-0.87273,LOW,false,false,true,false,
3087,2026-09-11T21:13:41.174431+00:00,308.700353,cycle3_safe_repeatability_pass,-0.144000,-0.43610,-0.144000,-0.87273,LOW,false,false,true,false,
3088,2026-09-11T21:13:41.274246+00:00,308.800383,cycle3_safe_repeatability_pass,-0.144000,-0.43610,-0.144000,-0.87273,LOW,false,false,true,false,
3089,2026-09-11T21:13:41.374407+00:00,308.900336,cycle3_safe_repeatability_pass,-0.146000,-0.44216,-0.144000,-0.87273,LOW,false,false,true,false,
3090,2026-09-11T21:13:41.474106+00:00,309.000304,cycle3_safe_repeatability_pass,-0.142000,-0.43004,-0.144000,-0.87273,LOW,false,false,true,false,
3091,2026-09-11T21:13:41.574367+00:00,309.100315,cycle3_safe_repeatability_pass,-0.146000,-0.44216,-0.148000,-0.89697,LOW,false,false,true,false,
3092,2026-09-11T21:13:41.674070+00:00,309.200288,cycle3_safe_repeatability_pass,-0.140000,-0.42399,-0.138000,-0.83636,LOW,false,false,true,false,
3093,2026-09-11T21:13:41.774416+00:00,309.300328,cycle3_safe_repeatability_pass,-0.148000,-0.44821,-0.146000,-0.88485,LOW,false,false,true,false,
3094,2026-09-11T21:13:41.874077+00:00,309.400296,cycle3_safe_repeatability_pass,-0.140000,-0.42399,-0.140000,-0.84848,LOW,false,false,true,false,
3095,2026-09-11T21:13:41.974414+00:00,309.500332,cycle3_safe_repeatability_pass,-0.144000,-0.43610,-0.140000,-0.84848,LOW,false,false,true,false,
3096,2026-09-11T21:13:42.074066+00:00,309.600289,cycle3_safe_repeatability_pass,-0.146000,-0.44216,-0.144000,-0.87273,LOW,false,false,true,false,
3097,2026-09-11T21:13:42.174362+00:00,309.700311,cycle3_safe_repeatability_pass,-0.144000,-0.43610,-0.144000,-0.87273,LOW,false,false,true,false,
3098,2026-09-11T21:13:42.274056+00:00,309.800281,cycle3_safe_repeatability_pass,-0.144000,-0.43610,-0.140000,-0.84848,LOW,false,false,true,false,
3099,2026-09-11T21:13:42.374513+00:00,309.900311,cycle3_safe_repeatability_pass,-0.144000,-0.43610,-0.144000,-0.87273,LOW,false,false,true,false,
3100,2026-09-11T21:13:42.474133+00:00,310.000332,cycle3_safe_repeatability_pass,-0.144000,-0.43610,-0.144000,-0.87273,LOW,false,false,true,false,
3101,2026-09-11T21:13:42.574372+00:00,310.100322,cycle3_safe_repeatability_pass,-0.144000,-0.43610,-0.144000,-0.87273,LOW,false,false,true,false,
3102,2026-09-11T21:13:42.674075+00:00,310.200290,cycle3_safe_repeatability_pass,-0.144000,-0.43610,-0.142000,-0.86061,LOW,false,false,true,false,
3103,2026-09-11T21:13:42.774602+00:00,310.300312,cycle3_safe_repeatability_pass,-0.144000,-0.43610,-0.142000,-0.86061,LOW,false,false,true,false,
3104,2026-09-11T21:13:42.874711+00:00,310.400696,cycle3_safe_repeatability_pass,-0.144000,-0.43610,-0.144000,-0.87273,LOW,false,false,true,false,permit_rejected_reset_required
3105,2026-09-11T21:13:42.974663+00:00,310.500460,cycle3_safe_repeatability_pass,-0.144000,-0.43610,-0.144000,-0.87273,LOW,false,false,true,false,
3106,2026-09-11T21:13:43.074654+00:00,310.600424,cycle3_safe_repeatability_pass,-0.140000,-0.42399,-0.144000,-0.87273,LOW,false,false,true,false,
3107,2026-09-11T21:13:43.174678+00:00,310.700420,cycle3_safe_repeatability_pass,-0.144000,-0.43610,-0.144000,-0.87273,LOW,false,false,true,false,
3108,2026-09-11T21:13:43.274273+00:00,310.800392,cycle3_safe_repeatability_pass,-0.144000,-0.43610,-0.146000,-0.88485,LOW,false,false,true,false,
3109,2026-09-11T21:13:43.374265+00:00,310.900379,cycle3_safe_repeatability_pass,-0.142000,-0.43004,-0.144000,-0.87273,LOW,false,false,true,false,
3110,2026-09-11T21:13:43.474629+00:00,311.000422,cycle3_safe_repeatability_pass,-0.144000,-0.43610,-0.144000,-0.87273,LOW,false,false,true,false,
3111,2026-09-11T21:13:43.574335+00:00,311.100418,cycle3_safe_repeatability_pass,-0.144000,-0.43610,-0.144000,-0.87273,LOW,false,false,true,false,
3112,2026-09-11T21:13:43.674629+00:00,311.200420,cycle3_safe_repeatability_pass,-0.144000,-0.43610,-0.144000,-0.87273,LOW,false,false,true,false,
3113,2026-09-11T21:13:43.774333+00:00,311.300395,cycle3_safe_repeatability_pass,-0.146000,-0.44216,-0.144000,-0.87273,LOW,false,false,true,false,
3114,2026-09-11T21:13:43.874619+00:00,311.400419,cycle3_safe_repeatability_pass,-0.144000,-0.43610,-0.144000,-0.87273,LOW,false,false,true,false,
3115,2026-09-11T21:13:43.974360+00:00,311.500395,cycle3_safe_repeatability_pass,-0.144000,-0.43610,-0.144000,-0.87273,LOW,false,false,true,false,
3116,2026-09-11T21:13:44.074366+00:00,311.600382,cycle3_safe_repeatability_pass,-0.144000,-0.43610,-0.142000,-0.86061,LOW,false,false,true,false,
3117,2026-09-11T21:13:44.174314+00:00,311.700383,cycle3_safe_repeatability_pass,-0.144000,-0.43610,-0.144000,-0.87273,LOW,false,false,true,false,
3118,2026-09-11T21:13:44.274338+00:00,311.800403,cycle3_safe_repeatability_pass,-0.144000,-0.43610,-0.144000,-0.87273,LOW,false,false,true,false,
3119,2026-09-11T21:13:44.374674+00:00,311.900424,cycle3_safe_repeatability_pass,-0.146000,-0.44216,-0.144000,-0.87273,LOW,false,false,true,false,
3120,2026-09-11T21:13:44.474342+00:00,312.000414,cycle3_safe_repeatability_pass,-0.144000,-0.43610,-0.144000,-0.87273,LOW,false,false,true,false,
3121,2026-09-11T21:13:44.574674+00:00,312.100455,cycle3_safe_repeatability_pass,-0.144000,-0.43610,-0.144000,-0.87273,LOW,false,false,true,false,
3122,2026-09-11T21:13:44.674331+00:00,312.200391,cycle3_safe_repeatability_pass,-0.144000,-0.43610,-0.144000,-0.87273,LOW,false,false,true,false,
3123,2026-09-11T21:13:44.774276+00:00,312.300402,cycle3_safe_repeatability_pass,-0.144000,-0.43610,-0.144000,-0.87273,LOW,false,false,true,false,
3124,2026-09-11T21:13:44.874443+00:00,312.400356,cycle3_safe_repeatability_pass,-0.140000,-0.42399,-0.148000,-0.89697,LOW,false,false,true,false,
3125,2026-09-11T21:13:44.974095+00:00,312.500300,cycle3_safe_repeatability_pass,-0.146000,-0.44216,-0.138000,-0.83636,LOW,false,false,true,false,
3126,2026-09-11T21:13:45.074364+00:00,312.600313,cycle3_safe_repeatability_pass,-0.146000,-0.44216,-0.146000,-0.88485,LOW,false,false,true,false,
3127,2026-09-11T21:13:45.174152+00:00,312.700314,cycle3_safe_repeatability_pass,-0.138000,-0.41793,-0.146000,-0.88485,LOW,false,false,true,false,
3128,2026-09-11T21:13:45.274286+00:00,312.800280,cycle3_safe_repeatability_pass,-0.144000,-0.43610,-0.144000,-0.87273,LOW,false,false,true,false,
3129,2026-09-11T21:13:45.374150+00:00,312.900310,cycle3_safe_repeatability_pass,-0.144000,-0.43610,-0.144000,-0.87273,LOW,false,false,true,false,
3130,2026-09-11T21:13:45.474349+00:00,313.000359,cycle3_safe_repeatability_pass,-0.144000,-0.43610,-0.144000,-0.87273,LOW,false,false,true,false,
3131,2026-09-11T21:13:45.574463+00:00,313.100530,cycle3_safe_repeatability_pass,-0.140000,-0.42399,-0.144000,-0.87273,LOW,false,false,true,false,
3132,2026-09-11T21:13:45.674331+00:00,313.200314,cycle3_safe_repeatability_pass,-0.142000,-0.43004,-0.144000,-0.87273,LOW,false,false,true,false,
3133,2026-09-11T21:13:45.774183+00:00,313.300330,cycle3_safe_repeatability_pass,-0.144000,-0.43610,-0.144000,-0.87273,LOW,false,false,true,false,
3134,2026-09-11T21:13:45.874276+00:00,313.400286,cycle3_safe_repeatability_pass,-0.144000,-0.43610,-0.142000,-0.86061,LOW,false,false,true,false,
3135,2026-09-11T21:13:45.974287+00:00,313.500325,cycle3_safe_repeatability_pass,-0.144000,-0.43610,-0.140000,-0.84848,LOW,false,false,true,false,
3136,2026-09-11T21:13:46.074272+00:00,313.600286,cycle3_safe_repeatability_pass,-0.144000,-0.43610,-0.144000,-0.87273,LOW,false,false,true,false,
3137,2026-09-11T21:13:46.174144+00:00,313.700309,cycle3_safe_repeatability_pass,-0.148000,-0.44821,-0.148000,-0.89697,LOW,false,false,true,false,
3138,2026-09-11T21:13:46.274260+00:00,313.800275,cycle3_safe_repeatability_pass,-0.142000,-0.43004,-0.142000,-0.86061,LOW,false,false,true,false,
3139,2026-09-11T21:13:46.374156+00:00,313.900309,cycle3_safe_repeatability_pass,-0.144000,-0.43610,-0.144000,-0.87273,LOW,false,false,true,false,
3140,2026-09-11T21:13:46.474276+00:00,314.000289,cycle3_safe_repeatability_pass,-0.144000,-0.43610,-0.144000,-0.87273,LOW,false,false,true,false,
3141,2026-09-11T21:13:46.574153+00:00,314.100317,cycle3_safe_repeatability_pass,-0.144000,-0.43610,-0.144000,-0.87273,LOW,false,false,true,false,
3142,2026-09-11T21:13:46.674254+00:00,314.200275,cycle3_safe_repeatability_pass,-0.142000,-0.43004,-0.144000,-0.87273,LOW,false,false,true,false,
3143,2026-09-11T21:13:46.774148+00:00,314.300309,cycle3_safe_repeatability_pass,-0.146000,-0.44216,-0.140000,-0.84848,LOW,false,false,true,false,
3144,2026-09-11T21:13:46.874266+00:00,314.400279,cycle3_safe_repeatability_pass,-0.142000,-0.43004,-0.142000,-0.86061,LOW,false,false,true,false,
3145,2026-09-11T21:13:46.974152+00:00,314.500313,cycle3_safe_repeatability_pass,-0.136000,-0.41187,-0.144000,-0.87273,LOW,false,false,true,false,
3146,2026-09-11T21:13:47.074365+00:00,314.600284,cycle3_safe_repeatability_pass,-0.146000,-0.44216,-0.146000,-0.88485,LOW,false,false,true,false,
3147,2026-09-11T21:13:47.174518+00:00,314.700396,cycle3_safe_repeatability_pass,-0.146000,-0.44216,-0.146000,-0.88485,LOW,false,false,true,false,
3148,2026-09-11T21:13:47.274158+00:00,314.800323,cycle3_safe_repeatability_pass,-0.142000,-0.43004,-0.142000,-0.86061,LOW,false,false,true,false,
3149,2026-09-11T21:13:47.374275+00:00,314.900285,cycle3_safe_repeatability_pass,-0.146000,-0.44216,-0.138000,-0.83636,LOW,false,false,true,false,
3150,2026-09-11T21:13:47.474148+00:00,315.000311,cycle3_safe_repeatability_pass,-0.144000,-0.43610,-0.144000,-0.87273,LOW,false,false,true,false,
3151,2026-09-11T21:13:47.574353+00:00,315.100318,cycle3_safe_repeatability_pass,-0.144000,-0.43610,-0.144000,-0.87273,LOW,false,false,true,false,
3152,2026-09-11T21:13:47.674235+00:00,315.200335,cycle3_safe_repeatability_pass,-0.144000,-0.43610,-0.144000,-0.87273,LOW,false,false,true,false,
3153,2026-09-11T21:13:47.774266+00:00,315.300292,cycle3_safe_repeatability_pass,-0.146000,-0.44216,-0.140000,-0.84848,LOW,false,false,true,false,
3154,2026-09-11T21:13:47.874279+00:00,315.400313,cycle3_safe_repeatability_pass,-0.144000,-0.43610,-0.144000,-0.87273,LOW,false,false,true,false,
3155,2026-09-11T21:13:47.974334+00:00,315.500368,cycle3_safe_repeatability_pass,-0.144000,-0.43610,-0.144000,-0.87273,LOW,false,false,true,false,
3156,2026-09-11T21:13:48.074415+00:00,315.600329,cycle3_safe_repeatability_pass,-0.144000,-0.43610,-0.146000,-0.88485,LOW,false,false,true,false,
3157,2026-09-11T21:13:48.174180+00:00,315.700303,cycle3_safe_repeatability_pass,-0.146000,-0.44216,-0.142000,-0.86061,LOW,false,false,true,false,
3158,2026-09-11T21:13:48.274387+00:00,315.800316,cycle3_safe_repeatability_pass,-0.146000,-0.44216,-0.144000,-0.87273,LOW,false,false,true,false,
3159,2026-09-11T21:13:48.374623+00:00,315.900642,anti_restart_pass_permit_rejected,-0.144000,-0.43610,-0.144000,-0.87273,LOW,false,false,true,false,mark:anti_restart_pass_permit_rejected
