sample_index,timestamp_utc,elapsed_s,phase,a0_voltage_v,pressure_emulator_bar,a1_voltage_v,flow_emulator_l_min,gpio24_raw_level,estop_active,permit_requested,trip_latched,gpio23_command_high,event
0,2026-09-11T20:19:48.719804+00:00,0.000999,boot_safe,0.000000,0.00000,0.000000,0.00000,LOW,false,false,true,false,estop_closed_reset_required
1,2026-09-11T20:19:48.818932+00:00,0.100320,boot_safe,0.000000,0.00000,0.000000,0.00000,LOW,false,false,true,false,
2,2026-09-11T20:19:48.918866+00:00,0.200271,boot_safe,0.000000,0.00000,0.000000,0.00000,LOW,false,false,true,false,
3,2026-09-11T20:19:49.018845+00:00,0.300263,boot_safe,0.000000,0.00000,0.000000,0.00000,LOW,false,false,true,false,
4,2026-09-11T20:19:49.118826+00:00,0.400276,boot_safe,0.000000,0.00000,0.000000,0.00000,LOW,false,false,true,false,
5,2026-09-11T20:19:49.218939+00:00,0.500267,boot_safe,0.000000,0.00000,0.000000,0.00000,LOW,false,false,true,false,
6,2026-09-11T20:19:49.318812+00:00,0.600280,boot_safe,0.000000,0.00000,0.000000,0.00000,LOW,false,false,true,false,
7,2026-09-11T20:19:49.418706+00:00,0.700219,boot_safe,0.000000,0.00000,0.000000,0.00000,LOW,false,false,true,false,
8,2026-09-11T20:19:49.518691+00:00,0.800206,boot_safe,0.000000,0.00000,0.000000,0.00000,LOW,false,false,true,false,
9,2026-09-11T20:19:49.618648+00:00,0.900185,boot_safe,0.000000,0.00000,0.000000,0.00000,LOW,false,false,true,false,
10,2026-09-11T20:19:49.718643+00:00,1.000181,boot_safe,0.000000,0.00000,0.000000,0.00000,LOW,false,false,true,false,
11,2026-09-11T20:19:49.818660+00:00,1.100185,boot_safe,0.000000,0.00000,0.000000,0.00000,LOW,false,false,true,false,
12,2026-09-11T20:19:49.918639+00:00,1.200176,boot_safe,0.000000,0.00000,0.000000,0.00000,LOW,false,false,true,false,
13,2026-09-11T20:19:50.018645+00:00,1.300174,boot_safe,0.000000,0.00000,0.000000,0.00000,LOW,false,false,true,false,
14,2026-09-11T20:19:50.118651+00:00,1.400181,boot_safe,0.000000,0.00000,0.000000,0.00000,LOW,false,false,true,false,
15,2026-09-11T20:19:50.218642+00:00,1.500180,boot_safe,0.000000,0.00000,0.000000,0.00000,LOW,false,false,true,false,
16,2026-09-11T20:19:50.318636+00:00,1.600176,boot_safe,0.000000,0.00000,0.000000,0.00000,LOW,false,false,true,false,
17,2026-09-11T20:19:50.418635+00:00,1.700176,boot_safe,0.000000,0.00000,0.000000,0.00000,LOW,false,false,true,false,
18,2026-09-11T20:19:50.518645+00:00,1.800178,boot_safe,0.000000,0.00000,0.000000,0.00000,LOW,false,false,true,false,
19,2026-09-11T20:19:50.618631+00:00,1.900175,boot_safe,0.000000,0.00000,0.000000,0.00000,LOW,false,false,true,false,
20,2026-09-11T20:19:50.718630+00:00,2.000174,boot_safe,0.000000,0.00000,0.000000,0.00000,LOW,false,false,true,false,
21,2026-09-11T20:19:50.818631+00:00,2.100172,boot_safe,0.000000,0.00000,0.000000,0.00000,LOW,false,false,true,false,
22,2026-09-11T20:19:50.918636+00:00,2.200178,boot_safe,0.000000,0.00000,0.000000,0.00000,LOW,false,false,true,false,
23,2026-09-11T20:19:51.018628+00:00,2.300171,boot_safe,0.000000,0.00000,0.000000,0.00000,LOW,false,false,true,false,
24,2026-09-11T20:19:51.118633+00:00,2.400173,boot_safe,0.000000,0.00000,0.000000,0.00000,LOW,false,false,true,false,
25,2026-09-11T20:19:51.218646+00:00,2.500178,boot_safe,0.000000,0.00000,0.000000,0.00000,LOW,false,false,true,false,
26,2026-09-11T20:19:51.318650+00:00,2.600185,boot_safe,0.000000,0.00000,0.000000,0.00000,LOW,false,false,true,false,
27,2026-09-11T20:19:51.418682+00:00,2.700198,boot_safe,0.000000,0.00000,0.000000,0.00000,LOW,false,false,true,false,
28,2026-09-11T20:19:51.518654+00:00,2.800183,boot_safe,0.000000,0.00000,0.000000,0.00000,LOW,false,false,true,false,
29,2026-09-11T20:19:51.618642+00:00,2.900180,boot_safe,0.000000,0.00000,0.000000,0.00000,LOW,false,false,true,false,
30,2026-09-11T20:19:51.718641+00:00,3.000179,boot_safe,0.000000,0.00000,0.000000,0.00000,LOW,false,false,true,false,
31,2026-09-11T20:19:51.818635+00:00,3.100174,boot_safe,0.000000,0.00000,0.000000,0.00000,LOW,false,false,true,false,
32,2026-09-11T20:19:51.918644+00:00,3.200177,boot_safe,0.000000,0.00000,0.000000,0.00000,LOW,false,false,true,false,
33,2026-09-11T20:19:52.018642+00:00,3.300180,boot_safe,0.000000,0.00000,0.000000,0.00000,LOW,false,false,true,false,
34,2026-09-11T20:19:52.118647+00:00,3.400179,boot_safe,0.000000,0.00000,0.000000,0.00000,LOW,false,false,true,false,
35,2026-09-11T20:19:52.218696+00:00,3.500201,boot_safe,0.000000,0.00000,0.000000,0.00000,LOW,false,false,true,false,
36,2026-09-11T20:19:52.318645+00:00,3.600182,boot_safe,0.000000,0.00000,0.000000,0.00000,LOW,false,false,true,false,
37,2026-09-11T20:19:52.418829+00:00,3.700287,boot_safe,0.000000,0.00000,0.000000,0.00000,LOW,false,false,true,false,
38,2026-09-11T20:19:52.518662+00:00,3.800198,boot_safe,0.000000,0.00000,0.000000,0.00000,LOW,false,false,true,false,
39,2026-09-11T20:19:52.618650+00:00,3.900185,boot_safe,0.000000,0.00000,0.000000,0.00000,LOW,false,false,true,false,
40,2026-09-11T20:19:52.718634+00:00,4.000175,boot_safe,0.000000,0.00000,0.000000,0.00000,LOW,false,false,true,false,
41,2026-09-11T20:19:52.818640+00:00,4.100178,boot_safe,0.000000,0.00000,0.000000,0.00000,LOW,false,false,true,false,
42,2026-09-11T20:19:52.918645+00:00,4.200179,boot_safe,0.000000,0.00000,0.000000,0.00000,LOW,false,false,true,false,
43,2026-09-11T20:19:53.018631+00:00,4.300174,boot_safe,0.000000,0.00000,0.000000,0.00000,LOW,false,false,true,false,
44,2026-09-11T20:19:53.119496+00:00,4.400173,boot_safe,0.000000,0.00000,0.000000,0.00000,LOW,false,false,true,false,
45,2026-09-11T20:19:53.220080+00:00,4.500277,boot_safe,0.000000,0.00000,0.000000,0.00000,LOW,false,false,true,false,
46,2026-09-11T20:19:53.320066+00:00,4.600310,boot_safe,0.000000,0.00000,0.000000,0.00000,LOW,false,false,true,false,
47,2026-09-11T20:19:53.419949+00:00,4.700271,boot_safe,0.000000,0.00000,0.000000,0.00000,LOW,false,false,true,false,
48,2026-09-11T20:19:53.520167+00:00,4.800302,boot_safe,0.000000,0.00000,0.000000,0.00000,LOW,false,false,true,false,
49,2026-09-11T20:19:53.619939+00:00,4.900279,boot_safe,0.000000,0.00000,0.000000,0.00000,LOW,false,false,true,false,
50,2026-09-11T20:19:53.720077+00:00,5.000305,boot_safe,0.000000,0.00000,0.000000,0.00000,LOW,false,false,true,false,
51,2026-09-11T20:19:53.820220+00:00,5.100356,boot_safe,0.000000,0.00000,0.000000,0.00000,LOW,false,false,true,false,
52,2026-09-11T20:19:53.920196+00:00,5.200325,boot_safe,0.000000,0.00000,0.000000,0.00000,LOW,false,false,true,false,
53,2026-09-11T20:19:54.019995+00:00,5.300277,boot_safe,0.000000,0.00000,0.000000,0.00000,LOW,false,false,true,false,
54,2026-09-11T20:19:54.120267+00:00,5.400325,boot_safe,0.000000,0.00000,0.000000,0.00000,LOW,false,false,true,false,
55,2026-09-11T20:19:54.220075+00:00,5.500306,boot_safe,0.000000,0.00000,0.000000,0.00000,LOW,false,false,true,false,
56,2026-09-11T20:19:54.319933+00:00,5.600275,boot_safe,0.000000,0.00000,0.000000,0.00000,LOW,false,false,true,false,
57,2026-09-11T20:19:54.420088+00:00,5.700314,boot_safe,0.000000,0.00000,0.000000,0.00000,LOW,false,false,true,false,
58,2026-09-11T20:19:54.519925+00:00,5.800276,boot_safe,0.000000,0.00000,0.000000,0.00000,LOW,false,false,true,false,
59,2026-09-11T20:19:54.620083+00:00,5.900305,boot_safe,0.000000,0.00000,0.000000,0.00000,LOW,false,false,true,false,
60,2026-09-11T20:19:54.719934+00:00,6.000272,boot_safe,0.000000,0.00000,0.000000,0.00000,LOW,false,false,true,false,
61,2026-09-11T20:19:54.820072+00:00,6.100303,boot_safe,0.000000,0.00000,0.000000,0.00000,LOW,false,false,true,false,
62,2026-09-11T20:19:54.919929+00:00,6.200274,boot_safe,0.000000,0.00000,0.000000,0.00000,LOW,false,false,true,false,
63,2026-09-11T20:19:55.020074+00:00,6.300304,boot_safe,0.000000,0.00000,0.000000,0.00000,LOW,false,false,true,false,
64,2026-09-11T20:19:55.119924+00:00,6.400278,boot_safe,0.000000,0.00000,0.000000,0.00000,LOW,false,false,true,false,
65,2026-09-11T20:19:55.220070+00:00,6.500298,boot_safe,0.000000,0.00000,0.000000,0.00000,LOW,false,false,true,false,
66,2026-09-11T20:19:55.319926+00:00,6.600276,boot_safe,0.000000,0.00000,0.000000,0.00000,LOW,false,false,true,false,
67,2026-09-11T20:19:55.420304+00:00,6.700439,boot_safe,0.000000,0.00000,0.000000,0.00000,LOW,false,false,true,false,
68,2026-09-11T20:19:55.519998+00:00,6.800332,boot_safe,0.000000,0.00000,0.000000,0.00000,LOW,false,false,true,false,
69,2026-09-11T20:19:55.620086+00:00,6.900313,boot_safe,0.000000,0.00000,0.000000,0.00000,LOW,false,false,true,false,
70,2026-09-11T20:19:55.719948+00:00,7.000280,boot_safe,0.000000,0.00000,0.000000,0.00000,LOW,false,false,true,false,
71,2026-09-11T20:19:55.820171+00:00,7.100347,boot_safe,0.000000,0.00000,0.000000,0.00000,LOW,false,false,true,false,
72,2026-09-11T20:19:55.919922+00:00,7.200282,boot_safe,0.000000,0.00000,0.000000,0.00000,LOW,false,false,true,false,
73,2026-09-11T20:19:56.020083+00:00,7.300308,boot_safe,0.000000,0.00000,0.000000,0.00000,LOW,false,false,true,false,
74,2026-09-11T20:19:56.119928+00:00,7.400278,boot_safe,0.000000,0.00000,0.000000,0.00000,LOW,false,false,true,false,
75,2026-09-11T20:19:56.220138+00:00,7.500298,boot_safe,0.000000,0.00000,0.000000,0.00000,LOW,false,false,true,false,
76,2026-09-11T20:19:56.319859+00:00,7.600281,boot_safe,0.000000,0.00000,0.000000,0.00000,LOW,false,false,true,false,
77,2026-09-11T20:19:56.420161+00:00,7.700309,boot_safe,0.000000,0.00000,0.000000,0.00000,LOW,false,false,true,false,
78,2026-09-11T20:19:56.519935+00:00,7.800275,boot_safe,0.000000,0.00000,0.000000,0.00000,LOW,false,false,true,false,
79,2026-09-11T20:19:56.620234+00:00,7.900306,boot_safe,0.000000,0.00000,0.000000,0.00000,LOW,false,false,true,false,
80,2026-09-11T20:19:56.719913+00:00,8.000279,boot_safe,0.000000,0.00000,0.000000,0.00000,LOW,false,false,true,false,
81,2026-09-11T20:19:56.820247+00:00,8.100312,boot_safe,0.000000,0.00000,0.000000,0.00000,LOW,false,false,true,false,
82,2026-09-11T20:19:56.919851+00:00,8.200281,boot_safe,0.000000,0.00000,0.000000,0.00000,LOW,false,false,true,false,
83,2026-09-11T20:19:57.020167+00:00,8.300313,boot_safe,0.000000,0.00000,0.000000,0.00000,LOW,false,false,true,false,
84,2026-09-11T20:19:57.119855+00:00,8.400278,boot_safe,0.000000,0.00000,0.000000,0.00000,LOW,false,false,true,false,
85,2026-09-11T20:19:57.220237+00:00,8.500324,boot_safe,0.000000,0.00000,0.000000,0.00000,LOW,false,false,true,false,
86,2026-09-11T20:19:57.319871+00:00,8.600280,boot_safe,0.000000,0.00000,0.000000,0.00000,LOW,false,false,true,false,
87,2026-09-11T20:19:57.420167+00:00,8.700315,boot_safe,0.000000,0.00000,0.000000,0.00000,LOW,false,false,true,false,
88,2026-09-11T20:19:57.519844+00:00,8.800278,boot_safe,0.000000,0.00000,0.000000,0.00000,LOW,false,false,true,false,
89,2026-09-11T20:19:57.620153+00:00,8.900304,boot_safe,0.000000,0.00000,0.000000,0.00000,LOW,false,false,true,false,
90,2026-09-11T20:19:57.719843+00:00,9.000274,boot_safe,0.000000,0.00000,0.000000,0.00000,LOW,false,false,true,false,
91,2026-09-11T20:19:57.820167+00:00,9.100311,boot_safe,0.000000,0.00000,0.000000,0.00000,LOW,false,false,true,false,
92,2026-09-11T20:19:57.919856+00:00,9.200276,boot_safe,0.000000,0.00000,0.000000,0.00000,LOW,false,false,true,false,
93,2026-09-11T20:19:58.020155+00:00,9.300302,boot_safe,0.000000,0.00000,0.000000,0.00000,LOW,false,false,true,false,
94,2026-09-11T20:19:58.119851+00:00,9.400275,boot_safe,0.000000,0.00000,0.000000,0.00000,LOW,false,false,true,false,
95,2026-09-11T20:19:58.220153+00:00,9.500305,boot_safe,0.000000,0.00000,0.000000,0.00000,LOW,false,false,true,false,
96,2026-09-11T20:19:58.320064+00:00,9.600403,boot_safe,0.000000,0.00000,0.000000,0.00000,LOW,false,false,true,false,
97,2026-09-11T20:19:58.420425+00:00,9.700475,boot_safe,0.000000,0.00000,0.000000,0.00000,LOW,false,false,true,false,
98,2026-09-11T20:19:58.519887+00:00,9.800307,boot_safe,0.000000,0.00000,0.000000,0.00000,LOW,false,false,true,false,
99,2026-09-11T20:19:58.620172+00:00,9.900317,boot_safe,0.000000,0.00000,0.000000,0.00000,LOW,false,false,true,false,
100,2026-09-11T20:19:58.720038+00:00,10.000387,boot_safe,0.000000,0.00000,0.000000,0.00000,LOW,false,false,true,false,
101,2026-09-11T20:19:58.820254+00:00,10.100350,boot_safe,0.000000,0.00000,0.000000,0.00000,LOW,false,false,true,false,
102,2026-09-11T20:19:58.920079+00:00,10.200416,boot_safe,0.000000,0.00000,0.000000,0.00000,LOW,false,false,true,false,
103,2026-09-11T20:19:59.020264+00:00,10.300368,boot_safe,0.000000,0.00000,0.000000,0.00000,LOW,false,false,true,false,
104,2026-09-11T20:19:59.120049+00:00,10.400380,boot_safe,0.000000,0.00000,0.000000,0.00000,LOW,false,false,true,false,
105,2026-09-11T20:19:59.220240+00:00,10.500348,boot_safe,0.000000,0.00000,0.000000,0.00000,LOW,false,false,true,false,
106,2026-09-11T20:19:59.320087+00:00,10.600418,boot_safe,0.000000,0.00000,0.000000,0.00000,LOW,false,false,true,false,
107,2026-09-11T20:19:59.420297+00:00,10.700378,boot_safe,0.000000,0.00000,0.000000,0.00000,LOW,false,false,true,false,
108,2026-09-11T20:19:59.520051+00:00,10.800392,boot_safe,0.000000,0.00000,0.000000,0.00000,LOW,false,false,true,false,
109,2026-09-11T20:19:59.620215+00:00,10.900332,boot_safe,0.000000,0.00000,0.000000,0.00000,LOW,false,false,true,false,
110,2026-09-11T20:19:59.719858+00:00,11.000283,boot_safe,0.000000,0.00000,0.000000,0.00000,LOW,false,false,true,false,
111,2026-09-11T20:19:59.820256+00:00,11.100348,boot_safe,0.000000,0.00000,0.000000,0.00000,LOW,false,false,true,false,
112,2026-09-11T20:19:59.919850+00:00,11.200280,boot_safe,0.000000,0.00000,0.000000,0.00000,LOW,false,false,true,false,
113,2026-09-11T20:20:00.020256+00:00,11.300348,boot_safe,0.000000,0.00000,0.000000,0.00000,LOW,false,false,true,false,
114,2026-09-11T20:20:00.119865+00:00,11.400290,boot_safe,0.000000,0.00000,0.000000,0.00000,LOW,false,false,true,false,
115,2026-09-11T20:20:00.220162+00:00,11.500311,boot_safe,0.000000,0.00000,0.000000,0.00000,LOW,false,false,true,false,
116,2026-09-11T20:20:00.319862+00:00,11.600285,boot_safe,0.000000,0.00000,0.000000,0.00000,LOW,false,false,true,false,
117,2026-09-11T20:20:00.420162+00:00,11.700309,boot_safe,0.000000,0.00000,0.000000,0.00000,LOW,false,false,true,false,
118,2026-09-11T20:20:00.520054+00:00,11.800381,boot_safe,0.000000,0.00000,0.000000,0.00000,LOW,false,false,true,false,
119,2026-09-11T20:20:00.620237+00:00,11.900338,boot_safe,0.000000,0.00000,0.000000,0.00000,LOW,false,false,true,false,
120,2026-09-11T20:20:00.719870+00:00,12.000294,boot_safe,0.000000,0.00000,0.000000,0.00000,LOW,false,false,true,false,
121,2026-09-11T20:20:00.820164+00:00,12.100307,boot_safe,0.000000,0.00000,0.000000,0.00000,LOW,false,false,true,false,
122,2026-09-11T20:20:00.919855+00:00,12.200277,boot_safe,0.000000,0.00000,0.000000,0.00000,LOW,false,false,true,false,
123,2026-09-11T20:20:01.020266+00:00,12.300335,boot_safe,0.000000,0.00000,0.000000,0.00000,LOW,false,false,true,false,
124,2026-09-11T20:20:01.119874+00:00,12.400291,boot_safe,0.000000,0.00000,0.000000,0.00000,LOW,false,false,true,false,
125,2026-09-11T20:20:01.220241+00:00,12.500337,boot_safe,0.000000,0.00000,0.000000,0.00000,LOW,false,false,true,false,
126,2026-09-11T20:20:01.320047+00:00,12.600288,boot_safe,0.000000,0.00000,0.000000,0.00000,LOW,false,false,true,false,
127,2026-09-11T20:20:01.420297+00:00,12.700387,boot_safe,0.000000,0.00000,0.000000,0.00000,LOW,false,false,true,false,
128,2026-09-11T20:20:01.519941+00:00,12.800327,boot_safe,0.000000,0.00000,0.000000,0.00000,LOW,false,false,true,false,
129,2026-09-11T20:20:01.620212+00:00,12.900327,boot_safe,0.000000,0.00000,0.000000,0.00000,LOW,false,false,true,false,
130,2026-09-11T20:20:01.719855+00:00,13.000284,boot_safe,0.000000,0.00000,0.000000,0.00000,LOW,false,false,true,false,
131,2026-09-11T20:20:01.820256+00:00,13.100328,boot_safe,0.000000,0.00000,0.000000,0.00000,LOW,false,false,true,false,
132,2026-09-11T20:20:01.919889+00:00,13.200301,boot_safe,0.000000,0.00000,0.000000,0.00000,LOW,false,false,true,false,
133,2026-09-11T20:20:02.020171+00:00,13.300317,boot_safe,0.000000,0.00000,0.000000,0.00000,LOW,false,false,true,false,
134,2026-09-11T20:20:02.119864+00:00,13.400285,boot_safe,0.000000,0.00000,0.000000,0.00000,LOW,false,false,true,false,
135,2026-09-11T20:20:02.220159+00:00,13.500311,boot_safe,0.000000,0.00000,0.000000,0.00000,LOW,false,false,true,false,
136,2026-09-11T20:20:02.319850+00:00,13.600281,boot_safe,0.000000,0.00000,0.000000,0.00000,LOW,false,false,true,false,
137,2026-09-11T20:20:02.420489+00:00,13.700454,boot_safe,0.000000,0.00000,0.000000,0.00000,LOW,false,false,true,false,
138,2026-09-11T20:20:02.519925+00:00,13.800327,boot_safe,0.000000,0.00000,0.000000,0.00000,LOW,false,false,true,false,
139,2026-09-11T20:20:02.620168+00:00,13.900319,boot_safe,0.000000,0.00000,0.000000,0.00000,LOW,false,false,true,false,
140,2026-09-11T20:20:02.719907+00:00,14.000307,boot_safe,0.000000,0.00000,0.000000,0.00000,LOW,false,false,true,false,
141,2026-09-11T20:20:02.820173+00:00,14.100318,boot_safe,0.000000,0.00000,0.000000,0.00000,LOW,false,false,true,false,
142,2026-09-11T20:20:02.919885+00:00,14.200287,boot_safe,0.000000,0.00000,0.000000,0.00000,LOW,false,false,true,false,
143,2026-09-11T20:20:03.020215+00:00,14.300330,boot_safe,0.000000,0.00000,0.000000,0.00000,LOW,false,false,true,false,
144,2026-09-11T20:20:03.119895+00:00,14.400305,boot_safe,0.000000,0.00000,0.000000,0.00000,LOW,false,false,true,false,
145,2026-09-11T20:20:03.220159+00:00,14.500311,boot_safe,0.000000,0.00000,0.000000,0.00000,LOW,false,false,true,false,
146,2026-09-11T20:20:03.319863+00:00,14.600287,boot_safe,0.000000,0.00000,0.000000,0.00000,LOW,false,false,true,false,
147,2026-09-11T20:20:03.420238+00:00,14.700330,boot_safe,0.000000,0.00000,0.000000,0.00000,LOW,false,false,true,false,
148,2026-09-11T20:20:03.519866+00:00,14.800290,boot_safe,0.000000,0.00000,0.000000,0.00000,LOW,false,false,true,false,
149,2026-09-11T20:20:03.620162+00:00,14.900314,boot_safe,0.000000,0.00000,0.000000,0.00000,LOW,false,false,true,false,
150,2026-09-11T20:20:03.719855+00:00,15.000280,boot_safe,0.000000,0.00000,0.000000,0.00000,LOW,false,false,true,false,
151,2026-09-11T20:20:03.820158+00:00,15.100304,boot_safe,0.000000,0.00000,0.000000,0.00000,LOW,false,false,true,false,
152,2026-09-11T20:20:03.919848+00:00,15.200279,boot_safe,0.000000,0.00000,0.000000,0.00000,LOW,false,false,true,false,
153,2026-09-11T20:20:04.020292+00:00,15.300381,boot_safe,0.000000,0.00000,0.000000,0.00000,LOW,false,false,true,false,
154,2026-09-11T20:20:04.119871+00:00,15.400293,boot_safe,0.000000,0.00000,0.000000,0.00000,LOW,false,false,true,false,
155,2026-09-11T20:20:04.220175+00:00,15.500317,boot_safe,0.000000,0.00000,0.000000,0.00000,LOW,false,false,true,false,
156,2026-09-11T20:20:04.319850+00:00,15.600282,boot_safe,0.000000,0.00000,0.000000,0.00000,LOW,false,false,true,false,
157,2026-09-11T20:20:04.420419+00:00,15.700462,boot_safe,0.000000,0.00000,0.000000,0.00000,LOW,false,false,true,false,
158,2026-09-11T20:20:04.519896+00:00,15.800311,boot_safe,0.000000,0.00000,0.000000,0.00000,LOW,false,false,true,false,
159,2026-09-11T20:20:04.620170+00:00,15.900318,boot_safe,0.000000,0.00000,0.000000,0.00000,LOW,false,false,true,false,
160,2026-09-11T20:20:04.719854+00:00,16.000284,boot_safe,0.000000,0.00000,0.000000,0.00000,LOW,false,false,true,false,
161,2026-09-11T20:20:04.820152+00:00,16.100301,boot_safe,0.000000,0.00000,0.000000,0.00000,LOW,false,false,true,false,
162,2026-09-11T20:20:04.919839+00:00,16.200275,boot_safe,0.000000,0.00000,0.000000,0.00000,LOW,false,false,true,false,
163,2026-09-11T20:20:05.020154+00:00,16.300302,boot_safe,0.000000,0.00000,0.000000,0.00000,LOW,false,false,true,false,
164,2026-09-11T20:20:05.119857+00:00,16.400279,boot_safe,0.000000,0.00000,0.000000,0.00000,LOW,false,false,true,false,
165,2026-09-11T20:20:05.220165+00:00,16.500308,boot_safe,0.000000,0.00000,0.000000,0.00000,LOW,false,false,true,false,
166,2026-09-11T20:20:05.319852+00:00,16.600279,boot_safe,0.000000,0.00000,0.000000,0.00000,LOW,false,false,true,false,
167,2026-09-11T20:20:05.420284+00:00,16.700315,boot_safe,0.000000,0.00000,0.000000,0.00000,LOW,false,false,true,false,
168,2026-09-11T20:20:05.519941+00:00,16.800337,boot_safe,0.000000,0.00000,0.000000,0.00000,LOW,false,false,true,false,
169,2026-09-11T20:20:05.620171+00:00,16.900319,boot_safe,0.000000,0.00000,0.000000,0.00000,LOW,false,false,true,false,
170,2026-09-11T20:20:05.719845+00:00,17.000280,boot_safe,0.000000,0.00000,0.000000,0.00000,LOW,false,false,true,false,
171,2026-09-11T20:20:05.820167+00:00,17.100310,boot_safe,0.000000,0.00000,0.000000,0.00000,LOW,false,false,true,false,
172,2026-09-11T20:20:05.919850+00:00,17.200275,boot_safe,0.000000,0.00000,0.000000,0.00000,LOW,false,false,true,false,
173,2026-09-11T20:20:06.020194+00:00,17.300318,boot_safe,0.000000,0.00000,0.000000,0.00000,LOW,false,false,true,false,
174,2026-09-11T20:20:06.120029+00:00,17.400361,boot_safe,0.000000,0.00000,0.000000,0.00000,LOW,false,false,true,false,
175,2026-09-11T20:20:06.220223+00:00,17.500330,boot_safe,0.000000,0.00000,0.000000,0.00000,LOW,false,false,true,false,
176,2026-09-11T20:20:06.319864+00:00,17.600290,boot_safe,0.000000,0.00000,0.000000,0.00000,LOW,false,false,true,false,
177,2026-09-11T20:20:06.420161+00:00,17.700304,boot_safe,0.000000,0.00000,0.000000,0.00000,LOW,false,false,true,false,
178,2026-09-11T20:20:06.520163+00:00,17.800318,boot_safe,0.000000,0.00000,0.000000,0.00000,LOW,false,false,true,false,
179,2026-09-11T20:20:06.619886+00:00,17.900297,boot_safe,0.000000,0.00000,0.000000,0.00000,LOW,false,false,true,false,
180,2026-09-11T20:20:06.720166+00:00,18.000311,boot_safe,0.000000,0.00000,0.000000,0.00000,LOW,false,false,true,false,
181,2026-09-11T20:20:06.819844+00:00,18.100277,boot_safe,0.000000,0.00000,0.000000,0.00000,LOW,false,false,true,false,
182,2026-09-11T20:20:06.920155+00:00,18.200305,boot_safe,0.000000,0.00000,0.000000,0.00000,LOW,false,false,true,false,
183,2026-09-11T20:20:07.019977+00:00,18.300322,boot_safe,0.000000,0.00000,0.000000,0.00000,LOW,false,false,true,false,
184,2026-09-11T20:20:07.120299+00:00,18.400384,boot_safe,0.000000,0.00000,0.000000,0.00000,LOW,false,false,true,false,
185,2026-09-11T20:20:07.219898+00:00,18.500308,boot_safe,0.000000,0.00000,0.000000,0.00000,LOW,false,false,true,false,
186,2026-09-11T20:20:07.320349+00:00,18.600419,boot_safe,0.000000,0.00000,0.000000,0.00000,LOW,false,false,true,false,
187,2026-09-11T20:20:07.419906+00:00,18.700318,boot_safe,0.000000,0.00000,0.000000,0.00000,LOW,false,false,true,false,
188,2026-09-11T20:20:07.520174+00:00,18.800323,boot_safe,0.000000,0.00000,0.000000,0.00000,LOW,false,false,true,false,
189,2026-09-11T20:20:07.619928+00:00,18.900322,boot_safe,0.000000,0.00000,0.000000,0.00000,LOW,false,false,true,false,
190,2026-09-11T20:20:07.720275+00:00,19.000358,boot_safe,0.000000,0.00000,0.000000,0.00000,LOW,false,false,true,false,
191,2026-09-11T20:20:07.820247+00:00,19.100343,boot_safe,0.000000,0.00000,0.000000,0.00000,LOW,false,false,true,false,
192,2026-09-11T20:20:07.919865+00:00,19.200291,boot_safe,0.000000,0.00000,0.000000,0.00000,LOW,false,false,true,false,
193,2026-09-11T20:20:08.020152+00:00,19.300305,boot_safe,0.000000,0.00000,0.000000,0.00000,LOW,false,false,true,false,
194,2026-09-11T20:20:08.119855+00:00,19.400277,boot_safe,0.000000,0.00000,0.000000,0.00000,LOW,false,false,true,false,
195,2026-09-11T20:20:08.220152+00:00,19.500305,boot_safe,0.000000,0.00000,0.000000,0.00000,LOW,false,false,true,false,
196,2026-09-11T20:20:08.319855+00:00,19.600285,boot_safe,0.000000,0.00000,0.000000,0.00000,LOW,false,false,true,false,
197,2026-09-11T20:20:08.420133+00:00,19.700299,boot_safe,0.000000,0.00000,0.000000,0.00000,LOW,false,false,true,false,
198,2026-09-11T20:20:08.519834+00:00,19.800274,boot_safe,0.000000,0.00000,0.000000,0.00000,LOW,false,false,true,false,
199,2026-09-11T20:20:08.620135+00:00,19.900297,boot_safe,0.000000,0.00000,0.000000,0.00000,LOW,false,false,true,false,
200,2026-09-11T20:20:08.719864+00:00,20.000284,boot_safe,0.000000,0.00000,0.000000,0.00000,LOW,false,false,true,false,
201,2026-09-11T20:20:08.820145+00:00,20.100302,boot_safe,0.000000,0.00000,0.000000,0.00000,LOW,false,false,true,false,
202,2026-09-11T20:20:08.919839+00:00,20.200275,boot_safe,0.000000,0.00000,0.000000,0.00000,LOW,false,false,true,false,
203,2026-09-11T20:20:09.020146+00:00,20.300304,boot_safe,0.000000,0.00000,0.000000,0.00000,LOW,false,false,true,false,
204,2026-09-11T20:20:09.120023+00:00,20.400346,boot_safe,0.000000,0.00000,0.000000,0.00000,LOW,false,false,true,false,
205,2026-09-11T20:20:09.220219+00:00,20.500329,boot_safe,0.000000,0.00000,0.000000,0.00000,LOW,false,false,true,false,
206,2026-09-11T20:20:09.319864+00:00,20.600289,boot_safe,0.000000,0.00000,0.000000,0.00000,LOW,false,false,true,false,
207,2026-09-11T20:20:09.420146+00:00,20.700304,boot_safe,0.000000,0.00000,0.000000,0.00000,LOW,false,false,true,false,
208,2026-09-11T20:20:09.519844+00:00,20.800275,boot_safe,0.000000,0.00000,0.000000,0.00000,LOW,false,false,true,false,
209,2026-09-11T20:20:09.620139+00:00,20.900299,boot_safe,0.000000,0.00000,0.000000,0.00000,LOW,false,false,true,false,
210,2026-09-11T20:20:09.719854+00:00,21.000277,boot_safe,0.000000,0.00000,0.000000,0.00000,LOW,false,false,true,false,
211,2026-09-11T20:20:09.820149+00:00,21.100304,boot_safe,0.000000,0.00000,0.000000,0.00000,LOW,false,false,true,false,
212,2026-09-11T20:20:09.919843+00:00,21.200275,boot_safe,0.000000,0.00000,0.000000,0.00000,LOW,false,false,true,false,
213,2026-09-11T20:20:10.020143+00:00,21.300301,boot_safe,0.000000,0.00000,0.000000,0.00000,LOW,false,false,true,false,
214,2026-09-11T20:20:10.119839+00:00,21.400273,boot_safe,0.000000,0.00000,0.000000,0.00000,LOW,false,false,true,false,
215,2026-09-11T20:20:10.220160+00:00,21.500306,boot_safe,0.000000,0.00000,0.000000,0.00000,LOW,false,false,true,false,
216,2026-09-11T20:20:10.319864+00:00,21.600286,boot_safe,0.000000,0.00000,0.000000,0.00000,LOW,false,false,true,false,
217,2026-09-11T20:20:10.420424+00:00,21.700461,boot_safe,0.000000,0.00000,0.000000,0.00000,LOW,false,false,true,false,
218,2026-09-11T20:20:10.520217+00:00,21.800335,boot_safe,0.000000,0.00000,0.000000,0.00000,LOW,false,false,true,false,
219,2026-09-11T20:20:10.619861+00:00,21.900291,boot_safe,0.000000,0.00000,0.000000,0.00000,LOW,false,false,true,false,
220,2026-09-11T20:20:10.720174+00:00,22.000319,boot_safe,0.000000,0.00000,0.000000,0.00000,LOW,false,false,true,false,
221,2026-09-11T20:20:10.819860+00:00,22.100285,boot_safe,0.000000,0.00000,0.000000,0.00000,LOW,false,false,true,false,
222,2026-09-11T20:20:10.920150+00:00,22.200305,boot_safe,0.000000,0.00000,0.000000,0.00000,LOW,false,false,true,false,
223,2026-09-11T20:20:11.019865+00:00,22.300284,boot_safe,0.000000,0.00000,0.000000,0.00000,LOW,false,false,true,false,
224,2026-09-11T20:20:11.120148+00:00,22.400306,boot_safe,0.000000,0.00000,0.000000,0.00000,LOW,false,false,true,false,
225,2026-09-11T20:20:11.219858+00:00,22.500285,boot_safe,0.000000,0.00000,0.000000,0.00000,LOW,false,false,true,false,
226,2026-09-11T20:20:11.320160+00:00,22.600311,boot_safe,0.000000,0.00000,0.000000,0.00000,LOW,false,false,true,false,
227,2026-09-11T20:20:11.419918+00:00,22.700316,boot_safe,0.000000,0.00000,0.000000,0.00000,LOW,false,false,true,false,
228,2026-09-11T20:20:11.520158+00:00,22.800314,boot_safe,0.000000,0.00000,0.000000,0.00000,LOW,false,false,true,false,
229,2026-09-11T20:20:11.619855+00:00,22.900281,boot_safe,0.000000,0.00000,0.000000,0.00000,LOW,false,false,true,false,
230,2026-09-11T20:20:11.720151+00:00,23.000307,boot_safe,0.000000,0.00000,0.000000,0.00000,LOW,false,false,true,false,
231,2026-09-11T20:20:11.819856+00:00,23.100282,boot_safe,0.000000,0.00000,0.000000,0.00000,LOW,false,false,true,false,
232,2026-09-11T20:20:11.920139+00:00,23.200305,boot_safe,0.000000,0.00000,0.000000,0.00000,LOW,false,false,true,false,
233,2026-09-11T20:20:12.019868+00:00,23.300288,boot_safe,0.000000,0.00000,0.000000,0.00000,LOW,false,false,true,false,
234,2026-09-11T20:20:12.120146+00:00,23.400305,boot_safe,0.000000,0.00000,0.000000,0.00000,LOW,false,false,true,false,
235,2026-09-11T20:20:12.219861+00:00,23.500286,boot_safe,0.000000,0.00000,0.000000,0.00000,LOW,false,false,true,false,
236,2026-09-11T20:20:12.320163+00:00,23.600306,boot_safe,0.000000,0.00000,0.000000,0.00000,LOW,false,false,true,false,
237,2026-09-11T20:20:12.419859+00:00,23.700281,boot_safe,0.000000,0.00000,0.000000,0.00000,LOW,false,false,true,false,
238,2026-09-11T20:20:12.520150+00:00,23.800305,boot_safe,0.000000,0.00000,0.000000,0.00000,LOW,false,false,true,false,
239,2026-09-11T20:20:12.619863+00:00,23.900283,boot_safe,0.000000,0.00000,0.000000,0.00000,LOW,false,false,true,false,
240,2026-09-11T20:20:12.720226+00:00,24.000327,boot_safe,0.000000,0.00000,0.000000,0.00000,LOW,false,false,true,false,
241,2026-09-11T20:20:12.819876+00:00,24.100290,boot_safe,0.000000,0.00000,0.000000,0.00000,LOW,false,false,true,false,
242,2026-09-11T20:20:12.920279+00:00,24.200377,boot_safe,0.000000,0.00000,0.000000,0.00000,LOW,false,false,true,false,
243,2026-09-11T20:20:13.019881+00:00,24.300301,boot_safe,0.000000,0.00000,0.000000,0.00000,LOW,false,false,true,false,
244,2026-09-11T20:20:13.120171+00:00,24.400315,boot_safe,0.000000,0.00000,0.000000,0.00000,LOW,false,false,true,false,
245,2026-09-11T20:20:13.219870+00:00,24.500285,boot_safe,0.000000,0.00000,0.000000,0.00000,LOW,false,false,true,false,
246,2026-09-11T20:20:13.320380+00:00,24.600437,boot_safe,0.000000,0.00000,0.000000,0.00000,LOW,false,false,true,false,
247,2026-09-11T20:20:13.419918+00:00,24.700320,boot_safe,0.000000,0.00000,0.000000,0.00000,LOW,false,false,true,false,
248,2026-09-11T20:20:13.520264+00:00,24.800353,boot_safe,0.000000,0.00000,0.000000,0.00000,LOW,false,false,true,false,
249,2026-09-11T20:20:13.619868+00:00,24.900295,boot_safe,0.000000,0.00000,0.000000,0.00000,LOW,false,false,true,false,
250,2026-09-11T20:20:13.720173+00:00,25.000314,boot_safe,0.000000,0.00000,0.000000,0.00000,LOW,false,false,true,false,
251,2026-09-11T20:20:13.819890+00:00,25.100288,boot_safe,0.000000,0.00000,0.000000,0.00000,LOW,false,false,true,false,
252,2026-09-11T20:20:13.920170+00:00,25.200313,boot_safe,0.000000,0.00000,0.000000,0.00000,LOW,false,false,true,false,
253,2026-09-11T20:20:14.019862+00:00,25.300285,boot_safe,0.000000,0.00000,0.000000,0.00000,LOW,false,false,true,false,
254,2026-09-11T20:20:14.120173+00:00,25.400314,boot_safe,0.000000,0.00000,0.000000,0.00000,LOW,false,false,true,false,
255,2026-09-11T20:20:14.220305+00:00,25.500370,boot_safe,0.000000,0.00000,0.000000,0.00000,LOW,false,false,true,false,
256,2026-09-11T20:20:14.320227+00:00,25.600333,boot_safe,0.000000,0.00000,0.000000,0.00000,LOW,false,false,true,false,
257,2026-09-11T20:20:14.419876+00:00,25.700290,boot_safe,0.000000,0.00000,0.000000,0.00000,LOW,false,false,true,false,
258,2026-09-11T20:20:14.520159+00:00,25.800308,boot_safe,0.000000,0.00000,0.000000,0.00000,LOW,false,false,true,false,
259,2026-09-11T20:20:14.619847+00:00,25.900275,boot_safe,0.000000,0.00000,0.000000,0.00000,LOW,false,false,true,false,
260,2026-09-11T20:20:14.720154+00:00,26.000303,boot_safe,0.000000,0.00000,0.000000,0.00000,LOW,false,false,true,false,
261,2026-09-11T20:20:14.819862+00:00,26.100282,boot_safe,0.000000,0.00000,0.000000,0.00000,LOW,false,false,true,false,
262,2026-09-11T20:20:14.920148+00:00,26.200301,boot_safe,0.000000,0.00000,0.000000,0.00000,LOW,false,false,true,false,
263,2026-09-11T20:20:15.019848+00:00,26.300278,boot_safe,0.000000,0.00000,0.000000,0.00000,LOW,false,false,true,false,
264,2026-09-11T20:20:15.120151+00:00,26.400303,boot_safe,0.000000,0.00000,0.000000,0.00000,LOW,false,false,true,false,
265,2026-09-11T20:20:15.219843+00:00,26.500273,boot_safe,0.000000,0.00000,0.000000,0.00000,LOW,false,false,true,false,
266,2026-09-11T20:20:15.320153+00:00,26.600301,boot_safe,0.000000,0.00000,0.000000,0.00000,LOW,false,false,true,false,
267,2026-09-11T20:20:15.419920+00:00,26.700311,boot_safe,0.000000,0.00000,0.000000,0.00000,LOW,false,false,true,false,
268,2026-09-11T20:20:15.520160+00:00,26.800310,boot_safe,0.000000,0.00000,0.000000,0.00000,LOW,false,false,true,false,
269,2026-09-11T20:20:15.619854+00:00,26.900279,boot_safe,0.000000,0.00000,0.000000,0.00000,LOW,false,false,true,false,
270,2026-09-11T20:20:15.720167+00:00,27.000303,boot_safe,0.000000,0.00000,0.000000,0.00000,LOW,false,false,true,false,
271,2026-09-11T20:20:15.819851+00:00,27.100277,boot_safe,0.000000,0.00000,0.000000,0.00000,LOW,false,false,true,false,
272,2026-09-11T20:20:15.920145+00:00,27.200301,boot_safe,0.000000,0.00000,0.000000,0.00000,LOW,false,false,true,false,
273,2026-09-11T20:20:16.019868+00:00,27.300288,boot_safe,0.000000,0.00000,0.000000,0.00000,LOW,false,false,true,false,
274,2026-09-11T20:20:16.120155+00:00,27.400304,boot_safe,0.000000,0.00000,0.000000,0.00000,LOW,false,false,true,false,
275,2026-09-11T20:20:16.219849+00:00,27.500279,boot_safe,0.000000,0.00000,0.000000,0.00000,LOW,false,false,true,false,
276,2026-09-11T20:20:16.320143+00:00,27.600303,boot_safe,0.000000,0.00000,0.000000,0.00000,LOW,false,false,true,false,
277,2026-09-11T20:20:16.420106+00:00,27.700428,boot_safe,0.000000,0.00000,0.000000,0.00000,LOW,false,false,true,false,
278,2026-09-11T20:20:16.520225+00:00,27.800335,boot_safe,0.000000,0.00000,0.000000,0.00000,LOW,false,false,true,false,
279,2026-09-11T20:20:16.619852+00:00,27.900285,boot_safe,0.000000,0.00000,0.000000,0.00000,LOW,false,false,true,false,
280,2026-09-11T20:20:16.720148+00:00,28.000306,boot_safe,0.000000,0.00000,0.000000,0.00000,LOW,false,false,true,false,
281,2026-09-11T20:20:16.819842+00:00,28.100280,boot_safe,0.000000,0.00000,0.000000,0.00000,LOW,false,false,true,false,
282,2026-09-11T20:20:16.920151+00:00,28.200302,boot_safe,0.000000,0.00000,0.000000,0.00000,LOW,false,false,true,false,
283,2026-09-11T20:20:17.019847+00:00,28.300279,boot_safe,0.000000,0.00000,0.000000,0.00000,LOW,false,false,true,false,
284,2026-09-11T20:20:17.120360+00:00,28.400421,boot_safe,0.000000,0.00000,0.000000,0.00000,LOW,false,false,true,false,
285,2026-09-11T20:20:17.219920+00:00,28.500310,boot_safe,0.000000,0.00000,0.000000,0.00000,LOW,false,false,true,false,
286,2026-09-11T20:20:17.320350+00:00,28.600414,boot_safe,0.000000,0.00000,0.000000,0.00000,LOW,false,false,true,false,
287,2026-09-11T20:20:17.419876+00:00,28.700307,boot_safe,0.000000,0.00000,0.000000,0.00000,LOW,false,false,true,false,
288,2026-09-11T20:20:17.520311+00:00,28.800391,boot_safe,0.000000,0.00000,0.000000,0.00000,LOW,false,false,true,false,
289,2026-09-11T20:20:17.620326+00:00,28.900403,boot_safe,0.000000,0.00000,0.000000,0.00000,LOW,false,false,true,false,
290,2026-09-11T20:20:17.720105+00:00,29.000369,boot_safe,0.000000,0.00000,0.000000,0.00000,LOW,false,false,true,false,
291,2026-09-11T20:20:17.820265+00:00,29.100361,boot_safe,0.000000,0.00000,0.000000,0.00000,LOW,false,false,true,false,
292,2026-09-11T20:20:17.919889+00:00,29.200301,boot_safe,0.000000,0.00000,0.000000,0.00000,LOW,false,false,true,false,
293,2026-09-11T20:20:18.020195+00:00,29.300319,boot_safe,0.000000,0.00000,0.000000,0.00000,LOW,false,false,true,false,
294,2026-09-11T20:20:18.120122+00:00,29.400304,boot_safe,0.000000,0.00000,0.000000,0.00000,LOW,false,false,true,false,
295,2026-09-11T20:20:18.219950+00:00,29.500335,boot_safe,0.000000,0.00000,0.000000,0.00000,LOW,false,false,true,false,
296,2026-09-11T20:20:18.320300+00:00,29.600339,boot_safe,0.000000,0.00000,0.000000,0.00000,LOW,false,false,true,false,
297,2026-09-11T20:20:18.419948+00:00,29.700338,boot_safe,0.000000,0.00000,0.000000,0.00000,LOW,false,false,true,false,
298,2026-09-11T20:20:18.520176+00:00,29.800321,boot_safe,0.000000,0.00000,0.000000,0.00000,LOW,false,false,true,false,
299,2026-09-11T20:20:18.619857+00:00,29.900281,boot_safe,0.000000,0.00000,0.000000,0.00000,LOW,false,false,true,false,
300,2026-09-11T20:20:18.720181+00:00,30.000320,boot_safe,0.000000,0.00000,0.000000,0.00000,LOW,false,false,true,false,
301,2026-09-11T20:20:18.819857+00:00,30.100280,boot_safe,0.000000,0.00000,0.000000,0.00000,LOW,false,false,true,false,
302,2026-09-11T20:20:18.920185+00:00,30.200322,boot_safe,0.000000,0.00000,0.000000,0.00000,LOW,false,false,true,false,
303,2026-09-11T20:20:19.019866+00:00,30.300281,boot_safe,0.000000,0.00000,0.000000,0.00000,LOW,false,false,true,false,
304,2026-09-11T20:20:19.120168+00:00,30.400306,boot_safe,0.000000,0.00000,0.000000,0.00000,LOW,false,false,true,false,
305,2026-09-11T20:20:19.220482+00:00,30.500463,boot_safe,0.000000,0.00000,0.000000,0.00000,LOW,false,false,true,false,
306,2026-09-11T20:20:19.320073+00:00,30.600412,boot_safe,0.000000,0.00000,0.000000,0.00000,LOW,false,false,true,false,
307,2026-09-11T20:20:19.420270+00:00,30.700372,boot_safe,0.000000,0.00000,0.000000,0.00000,LOW,false,false,true,false,
308,2026-09-11T20:20:19.519936+00:00,30.800335,boot_safe,0.000000,0.00000,0.000000,0.00000,LOW,false,false,true,false,
309,2026-09-11T20:20:19.620157+00:00,30.900311,boot_safe,0.000000,0.00000,0.000000,0.00000,LOW,false,false,true,false,
310,2026-09-11T20:20:19.719939+00:00,31.000306,boot_safe,0.000000,0.00000,0.000000,0.00000,LOW,false,false,true,false,
311,2026-09-11T20:20:19.820157+00:00,31.100305,boot_safe,0.000000,0.00000,0.000000,0.00000,LOW,false,false,true,false,
312,2026-09-11T20:20:19.920064+00:00,31.200366,boot_safe,0.000000,0.00000,0.000000,0.00000,LOW,false,false,true,false,
313,2026-09-11T20:20:20.020254+00:00,31.300370,boot_safe,0.000000,0.00000,0.000000,0.00000,LOW,false,false,true,false,
314,2026-09-11T20:20:20.120139+00:00,31.400459,boot_safe,0.000000,0.00000,0.000000,0.00000,LOW,false,false,true,false,
315,2026-09-11T20:20:20.220080+00:00,31.500293,boot_safe,0.000000,0.00000,0.000000,0.00000,LOW,false,false,true,false,
316,2026-09-11T20:20:20.319960+00:00,31.600311,boot_safe,0.000000,0.00000,0.000000,0.00000,LOW,false,false,true,false,
317,2026-09-11T20:20:20.420148+00:00,31.700277,boot_safe,0.000000,0.00000,0.000000,0.00000,LOW,false,false,true,false,
318,2026-09-11T20:20:20.519964+00:00,31.800308,boot_safe,0.000000,0.00000,0.000000,0.00000,LOW,false,false,true,false,
319,2026-09-11T20:20:20.620165+00:00,31.900287,boot_safe,0.000000,0.00000,0.000000,0.00000,LOW,false,false,true,false,
320,2026-09-11T20:20:20.720085+00:00,32.000303,boot_safe,0.000000,0.00000,0.000000,0.00000,LOW,false,false,true,false,
321,2026-09-11T20:20:20.820064+00:00,32.100280,boot_safe,0.000000,0.00000,0.000000,0.00000,LOW,false,false,true,false,
322,2026-09-11T20:20:20.919929+00:00,32.200300,boot_safe,0.000000,0.00000,0.000000,0.00000,LOW,false,false,true,false,
323,2026-09-11T20:20:21.020054+00:00,32.300272,boot_safe,0.000000,0.00000,0.000000,0.00000,LOW,false,false,true,false,
324,2026-09-11T20:20:21.119935+00:00,32.400299,boot_safe,0.000000,0.00000,-0.002000,-0.01212,LOW,false,false,true,false,
325,2026-09-11T20:20:21.220283+00:00,32.500379,boot_safe,0.000000,0.00000,0.000000,0.00000,LOW,false,false,true,false,
326,2026-09-11T20:20:21.319971+00:00,32.600327,boot_safe,0.000000,0.00000,0.000000,0.00000,LOW,false,false,true,false,
327,2026-09-11T20:20:21.420275+00:00,32.700371,boot_safe,0.000000,0.00000,0.000000,0.00000,LOW,false,false,true,false,
328,2026-09-11T20:20:21.520016+00:00,32.800334,boot_safe,0.000000,0.00000,0.000000,0.00000,LOW,false,false,true,false,
329,2026-09-11T20:20:21.620086+00:00,32.900289,boot_safe,0.000000,0.00000,0.000000,0.00000,LOW,false,false,true,false,
330,2026-09-11T20:20:21.719933+00:00,33.000303,boot_safe,0.000000,0.00000,0.000000,0.00000,LOW,false,false,true,false,
331,2026-09-11T20:20:21.820062+00:00,33.100275,boot_safe,0.000000,0.00000,0.000000,0.00000,LOW,false,false,true,false,
332,2026-09-11T20:20:21.920016+00:00,33.200321,boot_safe,0.000000,0.00000,0.000000,0.00000,LOW,false,false,true,false,
333,2026-09-11T20:20:22.020070+00:00,33.300280,boot_safe,0.000000,0.00000,0.000000,0.00000,LOW,false,false,true,false,
334,2026-09-11T20:20:22.119946+00:00,33.400305,boot_safe,0.000000,0.00000,0.000000,0.00000,LOW,false,false,true,false,
335,2026-09-11T20:20:22.220071+00:00,33.500274,boot_safe,0.000000,0.00000,0.000000,0.00000,LOW,false,false,true,false,
336,2026-09-11T20:20:22.319962+00:00,33.600313,boot_safe,0.000000,0.00000,0.000000,0.00000,LOW,false,false,true,false,
337,2026-09-11T20:20:22.420102+00:00,33.700422,boot_safe,0.000000,0.00000,0.000000,0.00000,LOW,false,false,true,false,
338,2026-09-11T20:20:22.520104+00:00,33.800306,boot_safe,0.000000,0.00000,0.000000,0.00000,LOW,false,false,true,false,
339,2026-09-11T20:20:22.619966+00:00,33.900318,boot_safe,0.000000,0.00000,0.000000,0.00000,LOW,false,false,true,false,
340,2026-09-11T20:20:22.720056+00:00,34.000275,boot_safe,0.000000,0.00000,0.000000,0.00000,LOW,false,false,true,false,
341,2026-09-11T20:20:22.819937+00:00,34.100306,boot_safe,0.000000,0.00000,0.000000,0.00000,LOW,false,false,true,false,
342,2026-09-11T20:20:22.920117+00:00,34.200304,boot_safe,0.000000,0.00000,0.000000,0.00000,LOW,false,false,true,false,
343,2026-09-11T20:20:23.019954+00:00,34.300307,boot_safe,0.000000,0.00000,0.000000,0.00000,LOW,false,false,true,false,
344,2026-09-11T20:20:23.120058+00:00,34.400274,boot_safe,0.000000,0.00000,0.000000,0.00000,LOW,false,false,true,false,
345,2026-09-11T20:20:23.219949+00:00,34.500306,boot_safe,0.000000,0.00000,0.000000,0.00000,LOW,false,false,true,false,
346,2026-09-11T20:20:23.320063+00:00,34.600277,boot_safe,0.000000,0.00000,0.000000,0.00000,LOW,false,false,true,false,
347,2026-09-11T20:20:23.420039+00:00,34.700325,boot_safe,0.000000,0.00000,0.000000,0.00000,LOW,false,false,true,false,
348,2026-09-11T20:20:23.520078+00:00,34.800284,boot_safe,0.000000,0.00000,0.000000,0.00000,LOW,false,false,true,false,
349,2026-09-11T20:20:23.619964+00:00,34.900310,boot_safe,0.000000,0.00000,0.000000,0.00000,LOW,false,false,true,false,
350,2026-09-11T20:20:23.720053+00:00,35.000272,boot_safe,0.000000,0.00000,0.000000,0.00000,LOW,false,false,true,false,
351,2026-09-11T20:20:23.819949+00:00,35.100302,boot_safe,0.000000,0.00000,0.000000,0.00000,LOW,false,false,true,false,
352,2026-09-11T20:20:23.920056+00:00,35.200273,boot_safe,0.000000,0.00000,0.000000,0.00000,LOW,false,false,true,false,
353,2026-09-11T20:20:24.019976+00:00,35.300305,boot_safe,0.000000,0.00000,0.000000,0.00000,LOW,false,false,true,false,
354,2026-09-11T20:20:24.120254+00:00,35.400382,boot_safe,0.000000,0.00000,0.000000,0.00000,LOW,false,false,true,false,
355,2026-09-11T20:20:24.220094+00:00,35.500319,boot_safe,0.000000,0.00000,0.000000,0.00000,LOW,false,false,true,false,
356,2026-09-11T20:20:24.319959+00:00,35.600282,boot_safe,0.000000,0.00000,0.000000,0.00000,LOW,false,false,true,false,
357,2026-09-11T20:20:24.420330+00:00,35.700375,boot_safe,0.000000,0.00000,0.000000,0.00000,LOW,false,false,true,false,
358,2026-09-11T20:20:24.519938+00:00,35.800293,boot_safe,0.000000,0.00000,0.000000,0.00000,LOW,false,false,true,false,
359,2026-09-11T20:20:24.620170+00:00,35.900334,boot_safe,0.000000,0.00000,0.000000,0.00000,LOW,false,false,true,false,
360,2026-09-11T20:20:24.719925+00:00,36.000286,boot_safe,0.000000,0.00000,0.000000,0.00000,LOW,false,false,true,false,
361,2026-09-11T20:20:24.820190+00:00,36.100304,boot_safe,0.000000,0.00000,0.000000,0.00000,LOW,false,false,true,false,
362,2026-09-11T20:20:24.920175+00:00,36.200355,boot_safe,0.000000,0.00000,0.000000,0.00000,LOW,false,false,true,false,
363,2026-09-11T20:20:25.020182+00:00,36.300354,boot_safe,0.000000,0.00000,0.000000,0.00000,LOW,false,false,true,false,
364,2026-09-11T20:20:25.119972+00:00,36.400307,boot_safe,0.000000,0.00000,0.000000,0.00000,LOW,false,false,true,false,
365,2026-09-11T20:20:25.220083+00:00,36.500309,boot_safe,0.000000,0.00000,-0.002000,-0.01212,LOW,false,false,true,false,
366,2026-09-11T20:20:25.320177+00:00,36.600392,boot_safe,0.000000,0.00000,0.000000,0.00000,LOW,false,false,true,false,
367,2026-09-11T20:20:25.420200+00:00,36.700370,boot_safe,0.000000,0.00000,0.000000,0.00000,LOW,false,false,true,false,
368,2026-09-11T20:20:25.519941+00:00,36.800289,boot_safe,0.000000,0.00000,0.000000,0.00000,LOW,false,false,true,false,
369,2026-09-11T20:20:25.620089+00:00,36.900319,boot_safe,0.000000,0.00000,0.000000,0.00000,LOW,false,false,true,false,
370,2026-09-11T20:20:25.719919+00:00,37.000279,boot_safe,0.000000,0.00000,0.000000,0.00000,LOW,false,false,true,false,
371,2026-09-11T20:20:25.820106+00:00,37.100316,boot_safe,0.000000,0.00000,0.000000,0.00000,LOW,false,false,true,false,
372,2026-09-11T20:20:25.919952+00:00,37.200293,boot_safe,0.000000,0.00000,0.000000,0.00000,LOW,false,false,true,false,
373,2026-09-11T20:20:26.020076+00:00,37.300309,boot_safe,0.000000,0.00000,0.000000,0.00000,LOW,false,false,true,false,
374,2026-09-11T20:20:26.119916+00:00,37.400274,boot_safe,0.000000,0.00000,0.000000,0.00000,LOW,false,false,true,false,
375,2026-09-11T20:20:26.220059+00:00,37.500295,boot_safe,0.000000,0.00000,0.000000,0.00000,LOW,false,false,true,false,
376,2026-09-11T20:20:26.319931+00:00,37.600278,boot_safe,0.000000,0.00000,0.000000,0.00000,LOW,false,false,true,false,
377,2026-09-11T20:20:26.420144+00:00,37.700314,boot_safe,0.000000,0.00000,0.000000,0.00000,LOW,false,false,true,false,
378,2026-09-11T20:20:26.519943+00:00,37.800281,boot_safe,0.000000,0.00000,0.000000,0.00000,LOW,false,false,true,false,
379,2026-09-11T20:20:26.620131+00:00,37.900310,boot_safe,0.000000,0.00000,0.000000,0.00000,LOW,false,false,true,false,
380,2026-09-11T20:20:26.719865+00:00,38.000285,boot_safe,0.000000,0.00000,0.000000,0.00000,LOW,false,false,true,false,
381,2026-09-11T20:20:26.820155+00:00,38.100304,boot_safe,0.000000,0.00000,0.000000,0.00000,LOW,false,false,true,false,
382,2026-09-11T20:20:26.919850+00:00,38.200275,boot_safe,0.000000,0.00000,0.000000,0.00000,LOW,false,false,true,false,
383,2026-09-11T20:20:27.020247+00:00,38.300305,boot_safe,0.000000,0.00000,0.000000,0.00000,LOW,false,false,true,false,
384,2026-09-11T20:20:27.119863+00:00,38.400279,boot_safe,0.000000,0.00000,0.000000,0.00000,LOW,false,false,true,false,
385,2026-09-11T20:20:27.219838+00:00,38.500271,boot_safe,0.000000,0.00000,0.000000,0.00000,LOW,false,false,true,false,
386,2026-09-11T20:20:27.320166+00:00,38.600314,boot_safe,-0.002000,-0.00606,0.000000,0.00000,LOW,false,false,true,false,
387,2026-09-11T20:20:27.419910+00:00,38.700304,boot_safe,0.000000,0.00000,0.000000,0.00000,LOW,false,false,true,false,
388,2026-09-11T20:20:27.520166+00:00,38.800318,boot_safe,0.000000,0.00000,0.000000,0.00000,LOW,false,false,true,false,
389,2026-09-11T20:20:27.619856+00:00,38.900286,boot_safe,0.000000,0.00000,0.000000,0.00000,LOW,false,false,true,false,
390,2026-09-11T20:20:27.720164+00:00,39.000314,boot_safe,0.000000,0.00000,0.000000,0.00000,LOW,false,false,true,false,
391,2026-09-11T20:20:27.819855+00:00,39.100282,boot_safe,0.000000,0.00000,0.000000,0.00000,LOW,false,false,true,false,
392,2026-09-11T20:20:27.920135+00:00,39.200299,boot_safe,0.000000,0.00000,0.000000,0.00000,LOW,false,false,true,false,
393,2026-09-11T20:20:28.019843+00:00,39.300277,boot_safe,0.000000,0.00000,0.000000,0.00000,LOW,false,false,true,false,
394,2026-09-11T20:20:28.120149+00:00,39.400303,boot_safe,0.000000,0.00000,0.000000,0.00000,LOW,false,false,true,false,
395,2026-09-11T20:20:28.219847+00:00,39.500278,boot_safe,0.000000,0.00000,0.000000,0.00000,LOW,false,false,true,false,
396,2026-09-11T20:20:28.320149+00:00,39.600304,boot_safe,0.000000,0.00000,0.000000,0.00000,LOW,false,false,true,false,
397,2026-09-11T20:20:28.420087+00:00,39.700422,boot_safe,0.000000,0.00000,0.000000,0.00000,LOW,false,false,true,false,
398,2026-09-11T20:20:28.520231+00:00,39.800335,boot_safe,0.000000,0.00000,0.000000,0.00000,LOW,false,false,true,false,
399,2026-09-11T20:20:28.619872+00:00,39.900291,boot_safe,0.000000,0.00000,0.000000,0.00000,LOW,false,false,true,false,
400,2026-09-11T20:20:28.720176+00:00,40.000318,boot_safe,0.000000,0.00000,0.000000,0.00000,LOW,false,false,true,false,
401,2026-09-11T20:20:28.819860+00:00,40.100285,boot_safe,0.000000,0.00000,0.000000,0.00000,LOW,false,false,true,false,
402,2026-09-11T20:20:28.920148+00:00,40.200304,boot_safe,0.000000,0.00000,0.000000,0.00000,LOW,false,false,true,false,
403,2026-09-11T20:20:29.019844+00:00,40.300275,boot_safe,0.000000,0.00000,0.000000,0.00000,LOW,false,false,true,false,
404,2026-09-11T20:20:29.120146+00:00,40.400304,boot_safe,0.000000,0.00000,0.000000,0.00000,LOW,false,false,true,false,
405,2026-09-11T20:20:29.219853+00:00,40.500279,boot_safe,0.000000,0.00000,0.000000,0.00000,LOW,false,false,true,false,
406,2026-09-11T20:20:29.320147+00:00,40.600304,boot_safe,0.000000,0.00000,0.000000,0.00000,LOW,false,false,true,false,
407,2026-09-11T20:20:29.419879+00:00,40.700289,boot_safe,0.000000,0.00000,0.000000,0.00000,LOW,false,false,true,false,
408,2026-09-11T20:20:29.520288+00:00,40.800375,boot_safe,0.000000,0.00000,0.000000,0.00000,LOW,false,false,true,false,
409,2026-09-11T20:20:29.619872+00:00,40.900296,boot_safe,0.000000,0.00000,0.000000,0.00000,LOW,false,false,true,false,
410,2026-09-11T20:20:29.720171+00:00,41.000313,boot_safe,0.000000,0.00000,0.000000,0.00000,LOW,false,false,true,false,
411,2026-09-11T20:20:29.819858+00:00,41.100289,boot_safe,0.000000,0.00000,0.000000,0.00000,LOW,false,false,true,false,
412,2026-09-11T20:20:29.920147+00:00,41.200301,boot_safe,0.000000,0.00000,0.000000,0.00000,LOW,false,false,true,false,
413,2026-09-11T20:20:30.019852+00:00,41.300276,boot_safe,0.000000,0.00000,0.000000,0.00000,LOW,false,false,true,false,
414,2026-09-11T20:20:30.120150+00:00,41.400301,boot_safe,0.000000,0.00000,0.000000,0.00000,LOW,false,false,true,false,
415,2026-09-11T20:20:30.219860+00:00,41.500280,boot_safe,0.000000,0.00000,0.000000,0.00000,LOW,false,false,true,false,
416,2026-09-11T20:20:30.320213+00:00,41.600322,boot_safe,0.000000,0.00000,0.000000,0.00000,LOW,false,false,true,false,
417,2026-09-11T20:20:30.419871+00:00,41.700288,boot_safe,0.000000,0.00000,0.000000,0.00000,LOW,false,false,true,false,
418,2026-09-11T20:20:30.520166+00:00,41.800310,boot_safe,0.000000,0.00000,0.000000,0.00000,LOW,false,false,true,false,
419,2026-09-11T20:20:30.619852+00:00,41.900283,boot_safe,0.000000,0.00000,0.000000,0.00000,LOW,false,false,true,false,
420,2026-09-11T20:20:30.720156+00:00,42.000306,boot_safe,0.000000,0.00000,0.000000,0.00000,LOW,false,false,true,false,
421,2026-09-11T20:20:30.819863+00:00,42.100285,boot_safe,0.000000,0.00000,0.000000,0.00000,LOW,false,false,true,false,
422,2026-09-11T20:20:30.920152+00:00,42.200309,boot_safe,0.000000,0.00000,0.000000,0.00000,LOW,false,false,true,false,
423,2026-09-11T20:20:31.019836+00:00,42.300274,boot_safe,0.000000,0.00000,0.000000,0.00000,LOW,false,false,true,false,
424,2026-09-11T20:20:31.120155+00:00,42.400307,boot_safe,0.000000,0.00000,0.000000,0.00000,LOW,false,false,true,false,
425,2026-09-11T20:20:31.219848+00:00,42.500276,boot_safe,0.000000,0.00000,0.000000,0.00000,LOW,false,false,true,false,
426,2026-09-11T20:20:31.320353+00:00,42.600422,boot_safe,0.000000,0.00000,0.000000,0.00000,LOW,false,false,true,false,
427,2026-09-11T20:20:31.419913+00:00,42.700317,boot_safe,0.000000,0.00000,0.000000,0.00000,LOW,false,false,true,false,
428,2026-09-11T20:20:31.520182+00:00,42.800324,boot_safe,0.000000,0.00000,0.000000,0.00000,LOW,false,false,true,false,
429,2026-09-11T20:20:31.619859+00:00,42.900285,boot_safe,0.000000,0.00000,0.000000,0.00000,LOW,false,false,true,false,
430,2026-09-11T20:20:31.720168+00:00,43.000312,boot_safe,0.000000,0.00000,0.000000,0.00000,LOW,false,false,true,false,
431,2026-09-11T20:20:31.819900+00:00,43.100300,boot_safe,0.000000,0.00000,0.000000,0.00000,LOW,false,false,true,false,
432,2026-09-11T20:20:31.920154+00:00,43.200306,boot_safe,0.000000,0.00000,0.000000,0.00000,LOW,false,false,true,false,
433,2026-09-11T20:20:32.019846+00:00,43.300276,boot_safe,0.000000,0.00000,0.000000,0.00000,LOW,false,false,true,false,
434,2026-09-11T20:20:32.120164+00:00,43.400303,boot_safe,0.000000,0.00000,0.000000,0.00000,LOW,false,false,true,false,
435,2026-09-11T20:20:32.219861+00:00,43.500283,boot_safe,0.000000,0.00000,0.000000,0.00000,LOW,false,false,true,false,
436,2026-09-11T20:20:32.320163+00:00,43.600309,boot_safe,0.000000,0.00000,0.000000,0.00000,LOW,false,false,true,false,
437,2026-09-11T20:20:32.419855+00:00,43.700282,boot_safe,0.000000,0.00000,0.000000,0.00000,LOW,false,false,true,false,
438,2026-09-11T20:20:32.520154+00:00,43.800306,boot_safe,0.000000,0.00000,0.000000,0.00000,LOW,false,false,true,false,
439,2026-09-11T20:20:32.619861+00:00,43.900286,boot_safe,0.000000,0.00000,0.000000,0.00000,LOW,false,false,true,false,
440,2026-09-11T20:20:32.720141+00:00,44.000304,boot_safe,0.000000,0.00000,0.000000,0.00000,LOW,false,false,true,false,
441,2026-09-11T20:20:32.819854+00:00,44.100281,boot_safe,0.000000,0.00000,0.000000,0.00000,LOW,false,false,true,false,
442,2026-09-11T20:20:32.920183+00:00,44.200319,boot_safe,0.000000,0.00000,0.000000,0.00000,LOW,false,false,true,false,
443,2026-09-11T20:20:33.020146+00:00,44.300308,boot_safe,0.000000,0.00000,0.000000,0.00000,LOW,false,false,true,false,
444,2026-09-11T20:20:33.120198+00:00,44.400304,boot_safe,0.000000,0.00000,0.000000,0.00000,LOW,false,false,true,false,
445,2026-09-11T20:20:33.220177+00:00,44.500315,boot_safe,0.000000,0.00000,0.000000,0.00000,LOW,false,false,true,false,
446,2026-09-11T20:20:33.319858+00:00,44.600282,boot_safe,0.000000,0.00000,0.000000,0.00000,LOW,false,false,true,false,
447,2026-09-11T20:20:33.420162+00:00,44.700308,boot_safe,0.000000,0.00000,0.000000,0.00000,LOW,false,false,true,false,
448,2026-09-11T20:20:33.519864+00:00,44.800282,boot_safe,0.000000,0.00000,0.000000,0.00000,LOW,false,false,true,false,
449,2026-09-11T20:20:33.620158+00:00,44.900310,boot_safe,0.000000,0.00000,0.000000,0.00000,LOW,false,false,true,false,
450,2026-09-11T20:20:33.719849+00:00,45.000278,boot_safe,0.000000,0.00000,0.000000,0.00000,LOW,false,false,true,false,
451,2026-09-11T20:20:33.820160+00:00,45.100310,boot_safe,0.000000,0.00000,0.000000,0.00000,LOW,false,false,true,false,
452,2026-09-11T20:20:33.919860+00:00,45.200285,boot_safe,0.000000,0.00000,0.000000,0.00000,LOW,false,false,true,false,
453,2026-09-11T20:20:34.020166+00:00,45.300309,boot_safe,0.000000,0.00000,0.000000,0.00000,LOW,false,false,true,false,
454,2026-09-11T20:20:34.119863+00:00,45.400284,boot_safe,0.000000,0.00000,0.000000,0.00000,LOW,false,false,true,false,
455,2026-09-11T20:20:34.220163+00:00,45.500307,boot_safe,0.000000,0.00000,0.000000,0.00000,LOW,false,false,true,false,
456,2026-09-11T20:20:34.319862+00:00,45.600286,boot_safe,0.000000,0.00000,0.000000,0.00000,LOW,false,false,true,false,
457,2026-09-11T20:20:34.420421+00:00,45.700463,boot_safe,0.000000,0.00000,0.000000,0.00000,LOW,false,false,true,false,
458,2026-09-11T20:20:34.519908+00:00,45.800315,boot_safe,0.000000,0.00000,0.000000,0.00000,LOW,false,false,true,false,
459,2026-09-11T20:20:34.620303+00:00,45.900385,boot_safe,0.000000,0.00000,0.000000,0.00000,LOW,false,false,true,false,
460,2026-09-11T20:20:34.719880+00:00,46.000303,boot_safe,0.000000,0.00000,0.000000,0.00000,LOW,false,false,true,false,
461,2026-09-11T20:20:34.820169+00:00,46.100312,boot_safe,0.000000,0.00000,0.000000,0.00000,LOW,false,false,true,false,
462,2026-09-11T20:20:34.919876+00:00,46.200288,boot_safe,0.000000,0.00000,0.000000,0.00000,LOW,false,false,true,false,
463,2026-09-11T20:20:35.020154+00:00,46.300306,boot_safe,0.000000,0.00000,0.000000,0.00000,LOW,false,false,true,false,
464,2026-09-11T20:20:35.119853+00:00,46.400279,boot_safe,0.000000,0.00000,0.000000,0.00000,LOW,false,false,true,false,
465,2026-09-11T20:20:35.220159+00:00,46.500306,boot_safe,0.000000,0.00000,0.000000,0.00000,LOW,false,false,true,false,
466,2026-09-11T20:20:35.319873+00:00,46.600286,boot_safe,0.000000,0.00000,0.000000,0.00000,LOW,false,false,true,false,
467,2026-09-11T20:20:35.420251+00:00,46.700339,boot_safe,0.000000,0.00000,0.000000,0.00000,LOW,false,false,true,false,
468,2026-09-11T20:20:35.519868+00:00,46.800290,boot_safe,0.000000,0.00000,0.000000,0.00000,LOW,false,false,true,false,
469,2026-09-11T20:20:35.620170+00:00,46.900315,boot_safe,0.000000,0.00000,0.000000,0.00000,LOW,false,false,true,false,
470,2026-09-11T20:20:35.719878+00:00,47.000289,boot_safe,0.000000,0.00000,0.000000,0.00000,LOW,false,false,true,false,
471,2026-09-11T20:20:35.820167+00:00,47.100310,boot_safe,0.000000,0.00000,0.000000,0.00000,LOW,false,false,true,false,
472,2026-09-11T20:20:35.919870+00:00,47.200286,boot_safe,0.000000,0.00000,0.000000,0.00000,LOW,false,false,true,false,
473,2026-09-11T20:20:36.020154+00:00,47.300309,boot_safe,0.000000,0.00000,0.000000,0.00000,LOW,false,false,true,false,
474,2026-09-11T20:20:36.119857+00:00,47.400283,boot_safe,0.000000,0.00000,0.000000,0.00000,LOW,false,false,true,false,
475,2026-09-11T20:20:36.220162+00:00,47.500308,boot_safe,0.000000,0.00000,0.000000,0.00000,LOW,false,false,true,false,
476,2026-09-11T20:20:36.319863+00:00,47.600284,boot_safe,0.000000,0.00000,0.000000,0.00000,LOW,false,false,true,false,
477,2026-09-11T20:20:36.420169+00:00,47.700312,boot_safe,0.000000,0.00000,0.000000,0.00000,LOW,false,false,true,false,
478,2026-09-11T20:20:36.519872+00:00,47.800291,boot_safe,0.000000,0.00000,0.000000,0.00000,LOW,false,false,true,false,
479,2026-09-11T20:20:36.620167+00:00,47.900309,boot_safe,0.000000,0.00000,0.000000,0.00000,LOW,false,false,true,false,
480,2026-09-11T20:20:36.719855+00:00,48.000283,boot_safe,0.000000,0.00000,0.000000,0.00000,LOW,false,false,true,false,
481,2026-09-11T20:20:36.820162+00:00,48.100308,boot_safe,0.000000,0.00000,0.000000,0.00000,LOW,false,false,true,false,
482,2026-09-11T20:20:36.919862+00:00,48.200287,boot_safe,0.000000,0.00000,0.000000,0.00000,LOW,false,false,true,false,
483,2026-09-11T20:20:37.020161+00:00,48.300310,boot_safe,0.000000,0.00000,0.000000,0.00000,LOW,false,false,true,false,
484,2026-09-11T20:20:37.119849+00:00,48.400280,boot_safe,0.000000,0.00000,0.000000,0.00000,LOW,false,false,true,false,
485,2026-09-11T20:20:37.220158+00:00,48.500303,boot_safe,0.000000,0.00000,0.000000,0.00000,LOW,false,false,true,false,
486,2026-09-11T20:20:37.319868+00:00,48.600285,boot_safe,0.000000,0.00000,0.000000,0.00000,LOW,false,false,true,false,
487,2026-09-11T20:20:37.420288+00:00,48.700357,boot_safe,0.000000,0.00000,0.000000,0.00000,LOW,false,false,true,false,
488,2026-09-11T20:20:37.519892+00:00,48.800308,boot_safe,0.000000,0.00000,0.000000,0.00000,LOW,false,false,true,false,
489,2026-09-11T20:20:37.620394+00:00,48.900449,boot_safe,0.000000,0.00000,0.000000,0.00000,LOW,false,false,true,false,
490,2026-09-11T20:20:37.719890+00:00,49.000307,boot_safe,0.000000,0.00000,0.000000,0.00000,LOW,false,false,true,false,
491,2026-09-11T20:20:37.820177+00:00,49.100320,boot_safe,0.000000,0.00000,0.000000,0.00000,LOW,false,false,true,false,
492,2026-09-11T20:20:37.919875+00:00,49.200287,boot_safe,0.000000,0.00000,0.000000,0.00000,LOW,false,false,true,false,
493,2026-09-11T20:20:38.020239+00:00,49.300329,boot_safe,0.000000,0.00000,0.000000,0.00000,LOW,false,false,true,false,
494,2026-09-11T20:20:38.119861+00:00,49.400285,boot_safe,0.000000,0.00000,0.000000,0.00000,LOW,false,false,true,false,
495,2026-09-11T20:20:38.220169+00:00,49.500312,boot_safe,0.000000,0.00000,0.000000,0.00000,LOW,false,false,true,false,
496,2026-09-11T20:20:38.319853+00:00,49.600281,boot_safe,0.000000,0.00000,0.000000,0.00000,LOW,false,false,true,false,
497,2026-09-11T20:20:38.420177+00:00,49.700310,boot_safe,0.000000,0.00000,0.000000,0.00000,LOW,false,false,true,false,
498,2026-09-11T20:20:38.519858+00:00,49.800285,boot_safe,0.000000,0.00000,0.000000,0.00000,LOW,false,false,true,false,
499,2026-09-11T20:20:38.620164+00:00,49.900309,boot_safe,0.000000,0.00000,0.000000,0.00000,LOW,false,false,true,false,
500,2026-09-11T20:20:38.719860+00:00,50.000285,boot_safe,0.000000,0.00000,0.000000,0.00000,LOW,false,false,true,false,
501,2026-09-11T20:20:38.820160+00:00,50.100306,boot_safe,0.000000,0.00000,0.000000,0.00000,LOW,false,false,true,false,
502,2026-09-11T20:20:38.919862+00:00,50.200292,boot_safe,0.000000,0.00000,0.000000,0.00000,LOW,false,false,true,false,
503,2026-09-11T20:20:39.020164+00:00,50.300312,boot_safe,0.000000,0.00000,0.000000,0.00000,LOW,false,false,true,false,
504,2026-09-11T20:20:39.119847+00:00,50.400280,boot_safe,0.000000,0.00000,0.000000,0.00000,LOW,false,false,true,false,
505,2026-09-11T20:20:39.220159+00:00,50.500307,boot_safe,0.000000,0.00000,0.000000,0.00000,LOW,false,false,true,false,
506,2026-09-11T20:20:39.319863+00:00,50.600280,boot_safe,0.000000,0.00000,0.000000,0.00000,LOW,false,false,true,false,
507,2026-09-11T20:20:39.420240+00:00,50.700330,boot_safe,0.000000,0.00000,0.000000,0.00000,LOW,false,false,true,false,
508,2026-09-11T20:20:39.519860+00:00,50.800284,boot_safe,0.000000,0.00000,0.000000,0.00000,LOW,false,false,true,false,
509,2026-09-11T20:20:39.620156+00:00,50.900306,boot_safe,0.000000,0.00000,0.000000,0.00000,LOW,false,false,true,false,
510,2026-09-11T20:20:39.720023+00:00,51.000354,boot_safe,0.000000,0.00000,0.000000,0.00000,LOW,false,false,true,false,
511,2026-09-11T20:20:39.820186+00:00,51.100324,boot_safe,0.000000,0.00000,0.000000,0.00000,LOW,false,false,true,false,
512,2026-09-11T20:20:39.919879+00:00,51.200296,boot_safe,0.000000,0.00000,0.000000,0.00000,LOW,false,false,true,false,
513,2026-09-11T20:20:40.020189+00:00,51.300311,boot_safe,0.000000,0.00000,0.000000,0.00000,LOW,false,false,true,false,
514,2026-09-11T20:20:40.120139+00:00,51.400302,boot_safe,0.000000,0.00000,0.000000,0.00000,LOW,false,false,true,false,
515,2026-09-11T20:20:40.219846+00:00,51.500279,boot_safe,0.000000,0.00000,0.000000,0.00000,LOW,false,false,true,false,
516,2026-09-11T20:20:40.320150+00:00,51.600305,boot_safe,0.000000,0.00000,0.000000,0.00000,LOW,false,false,true,false,
517,2026-09-11T20:20:40.420066+00:00,51.700394,boot_safe,0.000000,0.00000,0.000000,0.00000,LOW,false,false,true,false,
518,2026-09-11T20:20:40.519967+00:00,51.800322,boot_safe,0.000000,0.00000,0.000000,0.00000,LOW,false,false,true,false,
519,2026-09-11T20:20:40.620222+00:00,51.900331,boot_safe,0.000000,0.00000,0.000000,0.00000,LOW,false,false,true,false,
520,2026-09-11T20:20:40.719880+00:00,52.000292,boot_safe,0.000000,0.00000,0.000000,0.00000,LOW,false,false,true,false,
521,2026-09-11T20:20:40.820170+00:00,52.100311,boot_safe,0.000000,0.00000,0.000000,0.00000,LOW,false,false,true,false,
522,2026-09-11T20:20:40.919865+00:00,52.200282,boot_safe,0.000000,0.00000,0.000000,0.00000,LOW,false,false,true,false,
523,2026-09-11T20:20:41.020232+00:00,52.300325,boot_safe,0.000000,0.00000,0.000000,0.00000,LOW,false,false,true,false,
524,2026-09-11T20:20:41.119876+00:00,52.400293,boot_safe,0.000000,0.00000,0.000000,0.00000,LOW,false,false,true,false,
525,2026-09-11T20:20:41.220169+00:00,52.500314,boot_safe,0.000000,0.00000,0.000000,0.00000,LOW,false,false,true,false,
526,2026-09-11T20:20:41.319850+00:00,52.600282,boot_safe,0.000000,0.00000,0.000000,0.00000,LOW,false,false,true,false,
527,2026-09-11T20:20:41.420159+00:00,52.700307,boot_safe,0.000000,0.00000,0.000000,0.00000,LOW,false,false,true,false,
528,2026-09-11T20:20:41.519854+00:00,52.800282,boot_safe,0.000000,0.00000,0.000000,0.00000,LOW,false,false,true,false,
529,2026-09-11T20:20:41.620147+00:00,52.900302,boot_safe,0.000000,0.00000,0.000000,0.00000,LOW,false,false,true,false,
530,2026-09-11T20:20:41.719868+00:00,53.000282,boot_safe,0.000000,0.00000,0.000000,0.00000,LOW,false,false,true,false,
531,2026-09-11T20:20:41.820155+00:00,53.100305,boot_safe,0.000000,0.00000,0.000000,0.00000,LOW,false,false,true,false,
532,2026-09-11T20:20:41.919849+00:00,53.200277,boot_safe,0.000000,0.00000,0.000000,0.00000,LOW,false,false,true,false,
533,2026-09-11T20:20:42.020373+00:00,53.300431,boot_safe,0.000000,0.00000,0.000000,0.00000,LOW,false,false,true,false,
534,2026-09-11T20:20:42.120174+00:00,53.400331,boot_safe,0.000000,0.00000,0.000000,0.00000,LOW,false,false,true,false,
535,2026-09-11T20:20:42.220136+00:00,53.500299,boot_safe,0.000000,0.00000,0.000000,0.00000,LOW,false,false,true,false,
536,2026-09-11T20:20:42.319844+00:00,53.600277,boot_safe,0.000000,0.00000,0.000000,0.00000,LOW,false,false,true,false,
537,2026-09-11T20:20:42.420143+00:00,53.700298,boot_safe,0.000000,0.00000,0.000000,0.00000,LOW,false,false,true,false,
538,2026-09-11T20:20:42.519879+00:00,53.800293,boot_safe,0.000000,0.00000,0.000000,0.00000,LOW,false,false,true,false,
539,2026-09-11T20:20:42.620155+00:00,53.900307,boot_safe,0.000000,0.00000,0.000000,0.00000,LOW,false,false,true,false,
540,2026-09-11T20:20:42.719860+00:00,54.000282,boot_safe,0.000000,0.00000,0.000000,0.00000,LOW,false,false,true,false,
541,2026-09-11T20:20:42.820155+00:00,54.100305,boot_safe,0.000000,0.00000,0.000000,0.00000,LOW,false,false,true,false,
542,2026-09-11T20:20:42.919957+00:00,54.200331,boot_safe,0.000000,0.00000,0.000000,0.00000,LOW,false,false,true,false,
543,2026-09-11T20:20:43.020177+00:00,54.300320,boot_safe,0.000000,0.00000,0.000000,0.00000,LOW,false,false,true,false,
544,2026-09-11T20:20:43.119875+00:00,54.400292,boot_safe,0.000000,0.00000,0.000000,0.00000,LOW,false,false,true,false,
545,2026-09-11T20:20:43.220170+00:00,54.500306,boot_safe,0.000000,0.00000,0.000000,0.00000,LOW,false,false,true,false,
546,2026-09-11T20:20:43.320065+00:00,54.600348,boot_safe,0.000000,0.00000,0.000000,0.00000,LOW,false,false,true,false,
547,2026-09-11T20:20:43.420291+00:00,54.700385,boot_safe,0.000000,0.00000,0.000000,0.00000,LOW,false,false,true,false,
548,2026-09-11T20:20:43.519877+00:00,54.800300,boot_safe,0.000000,0.00000,0.000000,0.00000,LOW,false,false,true,false,
549,2026-09-11T20:20:43.620178+00:00,54.900311,boot_safe,0.000000,0.00000,0.000000,0.00000,LOW,false,false,true,false,
550,2026-09-11T20:20:43.719895+00:00,55.000309,boot_safe,0.000000,0.00000,0.000000,0.00000,LOW,false,false,true,false,
551,2026-09-11T20:20:43.820242+00:00,55.100336,boot_safe,0.000000,0.00000,0.000000,0.00000,LOW,false,false,true,false,
552,2026-09-11T20:20:43.919861+00:00,55.200286,boot_safe,0.000000,0.00000,0.000000,0.00000,LOW,false,false,true,false,
553,2026-09-11T20:20:44.020171+00:00,55.300313,boot_safe,0.000000,0.00000,0.000000,0.00000,LOW,false,false,true,false,
554,2026-09-11T20:20:44.119877+00:00,55.400289,boot_safe,0.000000,0.00000,0.000000,0.00000,LOW,false,false,true,false,
555,2026-09-11T20:20:44.220173+00:00,55.500310,boot_safe,0.000000,0.00000,0.000000,0.00000,LOW,false,false,true,false,
556,2026-09-11T20:20:44.319848+00:00,55.600279,boot_safe,0.000000,0.00000,0.000000,0.00000,LOW,false,false,true,false,
557,2026-09-11T20:20:44.420151+00:00,55.700302,boot_safe,0.000000,0.00000,0.000000,0.00000,LOW,false,false,true,false,
558,2026-09-11T20:20:44.519862+00:00,55.800285,boot_safe,0.000000,0.00000,0.000000,0.00000,LOW,false,false,true,false,
559,2026-09-11T20:20:44.620142+00:00,55.900303,boot_safe,0.000000,0.00000,0.000000,0.00000,LOW,false,false,true,false,
560,2026-09-11T20:20:44.719845+00:00,56.000277,boot_safe,0.000000,0.00000,0.000000,0.00000,LOW,false,false,true,false,
561,2026-09-11T20:20:44.820289+00:00,56.100380,boot_safe,0.000000,0.00000,0.000000,0.00000,LOW,false,false,true,false,
562,2026-09-11T20:20:44.919866+00:00,56.200297,boot_safe,0.000000,0.00000,0.000000,0.00000,LOW,false,false,true,false,
563,2026-09-11T20:20:45.020150+00:00,56.300307,boot_safe,0.000000,0.00000,0.000000,0.00000,LOW,false,false,true,false,
564,2026-09-11T20:20:45.119865+00:00,56.400288,boot_safe,0.000000,0.00000,0.000000,0.00000,LOW,false,false,true,false,
565,2026-09-11T20:20:45.220148+00:00,56.500306,boot_safe,0.000000,0.00000,0.000000,0.00000,LOW,false,false,true,false,
566,2026-09-11T20:20:45.319848+00:00,56.600279,boot_safe,0.000000,0.00000,0.000000,0.00000,LOW,false,false,true,false,
567,2026-09-11T20:20:45.420153+00:00,56.700306,boot_safe,0.000000,0.00000,0.000000,0.00000,LOW,false,false,true,false,
568,2026-09-11T20:20:45.519851+00:00,56.800278,boot_safe,0.000000,0.00000,0.000000,0.00000,LOW,false,false,true,false,
569,2026-09-11T20:20:45.620145+00:00,56.900306,boot_safe,0.000000,0.00000,0.000000,0.00000,LOW,false,false,true,false,
570,2026-09-11T20:20:45.719866+00:00,57.000286,boot_safe,0.000000,0.00000,0.000000,0.00000,LOW,false,false,true,false,
571,2026-09-11T20:20:45.820148+00:00,57.100307,boot_safe,0.000000,0.00000,0.000000,0.00000,LOW,false,false,true,false,
572,2026-09-11T20:20:45.919851+00:00,57.200280,boot_safe,0.000000,0.00000,0.000000,0.00000,LOW,false,false,true,false,
573,2026-09-11T20:20:46.020153+00:00,57.300306,boot_safe,0.000000,0.00000,0.000000,0.00000,LOW,false,false,true,false,
574,2026-09-11T20:20:46.119857+00:00,57.400280,boot_safe,0.000000,0.00000,0.000000,0.00000,LOW,false,false,true,false,
575,2026-09-11T20:20:46.220155+00:00,57.500312,boot_safe,0.000000,0.00000,0.000000,0.00000,LOW,false,false,true,false,
576,2026-09-11T20:20:46.319841+00:00,57.600274,boot_safe,0.000000,0.00000,0.000000,0.00000,LOW,false,false,true,false,
577,2026-09-11T20:20:46.420400+00:00,57.700450,boot_safe,0.000000,0.00000,0.000000,0.00000,LOW,false,false,true,false,
578,2026-09-11T20:20:46.519906+00:00,57.800316,boot_safe,0.000000,0.00000,0.000000,0.00000,LOW,false,false,true,false,
579,2026-09-11T20:20:46.620164+00:00,57.900318,boot_safe,0.000000,0.00000,0.000000,0.00000,LOW,false,false,true,false,
580,2026-09-11T20:20:46.719853+00:00,58.000282,boot_safe,0.000000,0.00000,0.000000,0.00000,LOW,false,false,true,false,
581,2026-09-11T20:20:46.820170+00:00,58.100315,boot_safe,0.000000,0.00000,0.000000,0.00000,LOW,false,false,true,false,
582,2026-09-11T20:20:46.919850+00:00,58.200280,boot_safe,0.000000,0.00000,0.000000,0.00000,LOW,false,false,true,false,
583,2026-09-11T20:20:47.020155+00:00,58.300308,boot_safe,0.000000,0.00000,0.000000,0.00000,LOW,false,false,true,false,
584,2026-09-11T20:20:47.119853+00:00,58.400281,boot_safe,0.000000,0.00000,0.000000,0.00000,LOW,false,false,true,false,
585,2026-09-11T20:20:47.220166+00:00,58.500313,boot_safe,0.000000,0.00000,0.000000,0.00000,LOW,false,false,true,false,
586,2026-09-11T20:20:47.319877+00:00,58.600292,boot_safe,0.000000,0.00000,0.000000,0.00000,LOW,false,false,true,false,
587,2026-09-11T20:20:47.420243+00:00,58.700333,boot_safe,0.000000,0.00000,0.000000,0.00000,LOW,false,false,true,false,
588,2026-09-11T20:20:47.519853+00:00,58.800284,boot_safe,0.000000,0.00000,0.000000,0.00000,LOW,false,false,true,false,
589,2026-09-11T20:20:47.620158+00:00,58.900310,boot_safe,0.000000,0.00000,0.000000,0.00000,LOW,false,false,true,false,
590,2026-09-11T20:20:47.719855+00:00,59.000279,boot_safe,0.000000,0.00000,0.000000,0.00000,LOW,false,false,true,false,
591,2026-09-11T20:20:47.820149+00:00,59.100304,boot_safe,0.000000,0.00000,0.000000,0.00000,LOW,false,false,true,false,
592,2026-09-11T20:20:47.919864+00:00,59.200281,boot_safe,0.000000,0.00000,0.000000,0.00000,LOW,false,false,true,false,
593,2026-09-11T20:20:48.020165+00:00,59.300310,boot_safe,0.000000,0.00000,0.000000,0.00000,LOW,false,false,true,false,
594,2026-09-11T20:20:48.119867+00:00,59.400285,boot_safe,0.000000,0.00000,0.000000,0.00000,LOW,false,false,true,false,
595,2026-09-11T20:20:48.220170+00:00,59.500313,boot_safe,0.000000,0.00000,0.000000,0.00000,LOW,false,false,true,false,
596,2026-09-11T20:20:48.319853+00:00,59.600283,boot_safe,0.000000,0.00000,0.000000,0.00000,LOW,false,false,true,false,
597,2026-09-11T20:20:48.420198+00:00,59.700307,boot_safe,0.000000,0.00000,0.000000,0.00000,LOW,false,false,true,false,
598,2026-09-11T20:20:48.520251+00:00,59.800348,boot_safe,0.000000,0.00000,0.000000,0.00000,LOW,false,false,true,false,
599,2026-09-11T20:20:48.619876+00:00,59.900296,boot_safe,0.000000,0.00000,0.000000,0.00000,LOW,false,false,true,false,
600,2026-09-11T20:20:48.720162+00:00,60.000309,boot_safe,0.000000,0.00000,0.000000,0.00000,LOW,false,false,true,false,
601,2026-09-11T20:20:48.819848+00:00,60.100278,boot_safe,0.000000,0.00000,0.000000,0.00000,LOW,false,false,true,false,
602,2026-09-11T20:20:48.920159+00:00,60.200304,boot_safe,0.000000,0.00000,0.000000,0.00000,LOW,false,false,true,false,
603,2026-09-11T20:20:49.019849+00:00,60.300275,boot_safe,0.000000,0.00000,0.000000,0.00000,LOW,false,false,true,false,
604,2026-09-11T20:20:49.120152+00:00,60.400301,boot_safe,0.000000,0.00000,0.000000,0.00000,LOW,false,false,true,false,
605,2026-09-11T20:20:49.219863+00:00,60.500284,boot_safe,0.000000,0.00000,0.000000,0.00000,LOW,false,false,true,false,
606,2026-09-11T20:20:49.320258+00:00,60.600352,boot_safe,0.000000,0.00000,0.000000,0.00000,LOW,false,false,true,false,
607,2026-09-11T20:20:49.419856+00:00,60.700289,boot_safe,0.000000,0.00000,0.000000,0.00000,LOW,false,false,true,false,
608,2026-09-11T20:20:49.520332+00:00,60.800411,boot_safe,0.000000,0.00000,0.000000,0.00000,LOW,false,false,true,false,
609,2026-09-11T20:20:49.619919+00:00,60.900324,boot_safe,0.000000,0.00000,0.000000,0.00000,LOW,false,false,true,false,
610,2026-09-11T20:20:49.720164+00:00,61.000319,boot_safe,0.000000,0.00000,0.000000,0.00000,LOW,false,false,true,false,
611,2026-09-11T20:20:49.819879+00:00,61.100297,boot_safe,0.000000,0.00000,0.000000,0.00000,LOW,false,false,true,false,
612,2026-09-11T20:20:49.920287+00:00,61.200376,boot_safe,0.000000,0.00000,0.000000,0.00000,LOW,false,false,true,false,
613,2026-09-11T20:20:50.019864+00:00,61.300295,boot_safe,0.000000,0.00000,0.000000,0.00000,LOW,false,false,true,false,
614,2026-09-11T20:20:50.120159+00:00,61.400307,boot_safe,0.000000,0.00000,0.000000,0.00000,LOW,false,false,true,false,
615,2026-09-11T20:20:50.219865+00:00,61.500291,boot_safe,0.000000,0.00000,0.000000,0.00000,LOW,false,false,true,false,
616,2026-09-11T20:20:50.320165+00:00,61.600313,boot_safe,0.000000,0.00000,0.000000,0.00000,LOW,false,false,true,false,
617,2026-09-11T20:20:50.419852+00:00,61.700283,boot_safe,0.000000,0.00000,0.000000,0.00000,LOW,false,false,true,false,
618,2026-09-11T20:20:50.520158+00:00,61.800306,boot_safe,0.000000,0.00000,0.000000,0.00000,LOW,false,false,true,false,
619,2026-09-11T20:20:50.619865+00:00,61.900282,boot_safe,0.000000,0.00000,0.000000,0.00000,LOW,false,false,true,false,
620,2026-09-11T20:20:50.720163+00:00,62.000310,boot_safe,0.000000,0.00000,0.000000,0.00000,LOW,false,false,true,false,
621,2026-09-11T20:20:50.819850+00:00,62.100279,boot_safe,0.000000,0.00000,0.000000,0.00000,LOW,false,false,true,false,
622,2026-09-11T20:20:50.920153+00:00,62.200303,boot_safe,0.000000,0.00000,0.000000,0.00000,LOW,false,false,true,false,
623,2026-09-11T20:20:51.019858+00:00,62.300282,boot_safe,0.000000,0.00000,0.000000,0.00000,LOW,false,false,true,false,
624,2026-09-11T20:20:51.120159+00:00,62.400305,boot_safe,0.000000,0.00000,0.000000,0.00000,LOW,false,false,true,false,
625,2026-09-11T20:20:51.219861+00:00,62.500280,boot_safe,0.000000,0.00000,0.000000,0.00000,LOW,false,false,true,false,
626,2026-09-11T20:20:51.320163+00:00,62.600307,boot_safe,0.000000,0.00000,0.000000,0.00000,LOW,false,false,true,false,
627,2026-09-11T20:20:51.419913+00:00,62.700304,boot_safe,0.000000,0.00000,0.000000,0.00000,LOW,false,false,true,false,
628,2026-09-11T20:20:51.520162+00:00,62.800311,boot_safe,0.000000,0.00000,0.000000,0.00000,LOW,false,false,true,false,
629,2026-09-11T20:20:51.619853+00:00,62.900279,boot_safe,0.000000,0.00000,0.000000,0.00000,LOW,false,false,true,false,
630,2026-09-11T20:20:51.720163+00:00,63.000308,boot_safe,0.000000,0.00000,0.000000,0.00000,LOW,false,false,true,false,
631,2026-09-11T20:20:51.819857+00:00,63.100282,boot_safe,0.000000,0.00000,0.000000,0.00000,LOW,false,false,true,false,
632,2026-09-11T20:20:51.920157+00:00,63.200307,boot_safe,0.000000,0.00000,0.000000,0.00000,LOW,false,false,true,false,
633,2026-09-11T20:20:52.019859+00:00,63.300281,boot_safe,0.000000,0.00000,0.000000,0.00000,LOW,false,false,true,false,
634,2026-09-11T20:20:52.120160+00:00,63.400307,boot_safe,0.000000,0.00000,0.000000,0.00000,LOW,false,false,true,false,
635,2026-09-11T20:20:52.219869+00:00,63.500282,boot_safe,0.000000,0.00000,0.000000,0.00000,LOW,false,false,true,false,
636,2026-09-11T20:20:52.320182+00:00,63.600316,boot_safe,0.000000,0.00000,0.000000,0.00000,LOW,false,false,true,false,
637,2026-09-11T20:20:52.420091+00:00,63.700423,boot_safe,0.000000,0.00000,0.000000,0.00000,LOW,false,false,true,false,
638,2026-09-11T20:20:52.520223+00:00,63.800336,boot_safe,0.000000,0.00000,0.000000,0.00000,LOW,false,false,true,false,
639,2026-09-11T20:20:52.620181+00:00,63.900323,boot_safe,0.000000,0.00000,0.000000,0.00000,LOW,false,false,true,false,
640,2026-09-11T20:20:52.720160+00:00,64.000317,boot_safe,0.000000,0.00000,0.000000,0.00000,LOW,false,false,true,false,
641,2026-09-11T20:20:52.820144+00:00,64.100304,boot_safe,0.000000,0.00000,0.000000,0.00000,LOW,false,false,true,false,
642,2026-09-11T20:20:52.920149+00:00,64.200304,boot_safe,0.000000,0.00000,0.000000,0.00000,LOW,false,false,true,false,
643,2026-09-11T20:20:53.020481+00:00,64.300430,boot_safe,0.000000,0.00000,0.000000,0.00000,LOW,false,false,true,false,
644,2026-09-11T20:20:53.120247+00:00,64.400517,boot_safe,0.000000,0.00000,0.000000,0.00000,LOW,false,false,true,false,
645,2026-09-11T20:20:53.220097+00:00,64.500298,boot_safe,0.000000,0.00000,0.000000,0.00000,LOW,false,false,true,false,
646,2026-09-11T20:20:53.320104+00:00,64.600320,boot_safe,0.000000,0.00000,0.000000,0.00000,LOW,false,false,true,false,
647,2026-09-11T20:20:53.420076+00:00,64.700282,boot_safe,0.000000,0.00000,0.000000,0.00000,LOW,false,false,true,false,
648,2026-09-11T20:20:53.519943+00:00,64.800308,boot_safe,0.000000,0.00000,0.000000,0.00000,LOW,false,false,true,false,
649,2026-09-11T20:20:53.620260+00:00,64.900365,boot_safe,0.000000,0.00000,0.000000,0.00000,LOW,false,false,true,false,
650,2026-09-11T20:20:53.720045+00:00,65.000333,boot_safe,0.000000,0.00000,0.000000,0.00000,LOW,false,false,true,false,
651,2026-09-11T20:20:53.820074+00:00,65.100284,boot_safe,0.000000,0.00000,0.000000,0.00000,LOW,false,false,true,false,
652,2026-09-11T20:20:53.919937+00:00,65.200304,boot_safe,0.000000,0.00000,0.000000,0.00000,LOW,false,false,true,false,
653,2026-09-11T20:20:54.020074+00:00,65.300275,boot_safe,0.000000,0.00000,0.000000,0.00000,LOW,false,false,true,false,
654,2026-09-11T20:20:54.119941+00:00,65.400299,boot_safe,0.000000,0.00000,0.000000,0.00000,LOW,false,false,true,false,
655,2026-09-11T20:20:54.220081+00:00,65.500275,boot_safe,0.000000,0.00000,0.000000,0.00000,LOW,false,false,true,false,
656,2026-09-11T20:20:54.319951+00:00,65.600308,boot_safe,0.000000,0.00000,0.000000,0.00000,LOW,false,false,true,false,
657,2026-09-11T20:20:54.420067+00:00,65.700276,boot_safe,0.000000,0.00000,0.000000,0.00000,LOW,false,false,true,false,
658,2026-09-11T20:20:54.519951+00:00,65.800304,boot_safe,0.000000,0.00000,0.000000,0.00000,LOW,false,false,true,false,
659,2026-09-11T20:20:54.620066+00:00,65.900281,boot_safe,0.000000,0.00000,0.000000,0.00000,LOW,false,false,true,false,
660,2026-09-11T20:20:54.719931+00:00,66.000300,boot_safe,0.000000,0.00000,0.000000,0.00000,LOW,false,false,true,false,
661,2026-09-11T20:20:54.820055+00:00,66.100273,boot_safe,0.000000,0.00000,0.000000,0.00000,LOW,false,false,true,false,
662,2026-09-11T20:20:54.919935+00:00,66.200303,boot_safe,0.000000,0.00000,0.000000,0.00000,LOW,false,false,true,false,
663,2026-09-11T20:20:55.020217+00:00,66.300345,boot_safe,0.000000,0.00000,0.000000,0.00000,LOW,false,false,true,false,
664,2026-09-11T20:20:55.119956+00:00,66.400322,boot_safe,0.000000,0.00000,0.000000,0.00000,LOW,false,false,true,false,
665,2026-09-11T20:20:55.220062+00:00,66.500276,boot_safe,0.000000,0.00000,0.000000,0.00000,LOW,false,false,true,false,
666,2026-09-11T20:20:55.320100+00:00,66.600352,boot_safe,0.000000,0.00000,0.000000,0.00000,LOW,false,false,true,false,
667,2026-09-11T20:20:55.420433+00:00,66.700383,boot_safe,0.000000,0.00000,0.000000,0.00000,LOW,false,false,true,false,
668,2026-09-11T20:20:55.520181+00:00,66.800362,boot_safe,0.000000,0.00000,0.000000,0.00000,LOW,false,false,true,false,
669,2026-09-11T20:20:55.619970+00:00,66.900285,boot_safe,0.000000,0.00000,0.000000,0.00000,LOW,false,false,true,false,
670,2026-09-11T20:20:55.720074+00:00,67.000303,boot_safe,0.000000,0.00000,0.000000,0.00000,LOW,false,false,true,false,
671,2026-09-11T20:20:55.820075+00:00,67.100289,boot_safe,0.000000,0.00000,0.000000,0.00000,LOW,false,false,true,false,
672,2026-09-11T20:20:55.920180+00:00,67.200314,boot_safe,0.000000,0.00000,0.000000,0.00000,LOW,false,false,true,false,
673,2026-09-11T20:20:56.019930+00:00,67.300276,boot_safe,0.000000,0.00000,0.000000,0.00000,LOW,false,false,true,false,
674,2026-09-11T20:20:56.120076+00:00,67.400305,boot_safe,0.000000,0.00000,0.000000,0.00000,LOW,false,false,true,false,
675,2026-09-11T20:20:56.220011+00:00,67.500271,boot_safe,0.000000,0.00000,0.000000,0.00000,LOW,false,false,true,false,
676,2026-09-11T20:20:56.320189+00:00,67.600316,boot_safe,0.000000,0.00000,0.000000,0.00000,LOW,false,false,true,false,
677,2026-09-11T20:20:56.419949+00:00,67.700285,boot_safe,0.000000,0.00000,0.000000,0.00000,LOW,false,false,true,false,
678,2026-09-11T20:20:56.520161+00:00,67.800303,boot_safe,0.000000,0.00000,0.000000,0.00000,LOW,false,false,true,false,
679,2026-09-11T20:20:56.619925+00:00,67.900280,boot_safe,0.000000,0.00000,0.000000,0.00000,LOW,false,false,true,false,
680,2026-09-11T20:20:56.720074+00:00,68.000301,boot_safe,0.000000,0.00000,0.000000,0.00000,LOW,false,false,true,false,
681,2026-09-11T20:20:56.819917+00:00,68.100274,boot_safe,0.000000,0.00000,0.000000,0.00000,LOW,false,false,true,false,
682,2026-09-11T20:20:56.920066+00:00,68.200301,boot_safe,0.000000,0.00000,0.000000,0.00000,LOW,false,false,true,false,
683,2026-09-11T20:20:57.019932+00:00,68.300277,boot_safe,0.000000,0.00000,0.000000,0.00000,LOW,false,false,true,false,
684,2026-09-11T20:20:57.120071+00:00,68.400303,boot_safe,0.000000,0.00000,0.000000,0.00000,LOW,false,false,true,false,
685,2026-09-11T20:20:57.219920+00:00,68.500275,boot_safe,0.000000,0.00000,0.000000,0.00000,LOW,false,false,true,false,
686,2026-09-11T20:20:57.320147+00:00,68.600324,boot_safe,0.000000,0.00000,0.000000,0.00000,LOW,false,false,true,false,
687,2026-09-11T20:20:57.419938+00:00,68.700286,boot_safe,0.000000,0.00000,0.000000,0.00000,LOW,false,false,true,false,
688,2026-09-11T20:20:57.520068+00:00,68.800301,boot_safe,0.000000,0.00000,0.000000,0.00000,LOW,false,false,true,false,
689,2026-09-11T20:20:57.619917+00:00,68.900273,boot_safe,0.000000,0.00000,0.000000,0.00000,LOW,false,false,true,false,
690,2026-09-11T20:20:57.720068+00:00,69.000302,boot_safe,0.000000,0.00000,0.000000,0.00000,LOW,false,false,true,false,
691,2026-09-11T20:20:57.819924+00:00,69.100274,boot_safe,0.000000,0.00000,0.000000,0.00000,LOW,false,false,true,false,
692,2026-09-11T20:20:57.920116+00:00,69.200301,boot_safe,0.000000,0.00000,0.000000,0.00000,LOW,false,false,true,false,
693,2026-09-11T20:20:58.019876+00:00,69.300274,boot_safe,0.000000,0.00000,0.000000,0.00000,LOW,false,false,true,false,
694,2026-09-11T20:20:58.120158+00:00,69.400305,boot_safe,0.000000,0.00000,0.000000,0.00000,LOW,false,false,true,false,
695,2026-09-11T20:20:58.219876+00:00,69.500292,boot_safe,0.000000,0.00000,0.000000,0.00000,LOW,false,false,true,false,
696,2026-09-11T20:20:58.320171+00:00,69.600314,boot_safe,0.000000,0.00000,0.000000,0.00000,LOW,false,false,true,false,
697,2026-09-11T20:20:58.420143+00:00,69.700393,boot_safe,0.000000,0.00000,0.000000,0.00000,LOW,false,false,true,false,
698,2026-09-11T20:20:58.520238+00:00,69.800334,boot_safe,0.000000,0.00000,0.000000,0.00000,LOW,false,false,true,false,
699,2026-09-11T20:20:58.619867+00:00,69.900290,boot_safe,0.000000,0.00000,0.000000,0.00000,LOW,false,false,true,false,
700,2026-09-11T20:20:58.720358+00:00,70.000366,boot_safe,0.000000,0.00000,0.000000,0.00000,LOW,false,false,true,false,
701,2026-09-11T20:20:58.819872+00:00,70.100298,boot_safe,0.000000,0.00000,0.000000,0.00000,LOW,false,false,true,false,
702,2026-09-11T20:20:58.920171+00:00,70.200320,boot_safe,0.000000,0.00000,0.000000,0.00000,LOW,false,false,true,false,
703,2026-09-11T20:20:59.019852+00:00,70.300280,boot_safe,0.000000,0.00000,0.000000,0.00000,LOW,false,false,true,false,
704,2026-09-11T20:20:59.120165+00:00,70.400310,boot_safe,0.000000,0.00000,0.000000,0.00000,LOW,false,false,true,false,
705,2026-09-11T20:20:59.219845+00:00,70.500275,boot_safe,0.000000,0.00000,0.000000,0.00000,LOW,false,false,true,false,
706,2026-09-11T20:20:59.320155+00:00,70.600304,boot_safe,0.000000,0.00000,0.000000,0.00000,LOW,false,false,true,false,
707,2026-09-11T20:20:59.419925+00:00,70.700311,boot_safe,0.000000,0.00000,0.000000,0.00000,LOW,false,false,true,false,
708,2026-09-11T20:20:59.520166+00:00,70.800319,boot_safe,0.000000,0.00000,0.000000,0.00000,LOW,false,false,true,false,
709,2026-09-11T20:20:59.619857+00:00,70.900283,boot_safe,0.000000,0.00000,0.000000,0.00000,LOW,false,false,true,false,
710,2026-09-11T20:20:59.720163+00:00,71.000312,boot_safe,0.000000,0.00000,0.000000,0.00000,LOW,false,false,true,false,
711,2026-09-11T20:20:59.819851+00:00,71.100278,boot_safe,0.000000,0.00000,0.000000,0.00000,LOW,false,false,true,false,
712,2026-09-11T20:20:59.920160+00:00,71.200307,boot_safe,0.000000,0.00000,0.000000,0.00000,LOW,false,false,true,false,
713,2026-09-11T20:21:00.019852+00:00,71.300278,boot_safe,0.000000,0.00000,0.000000,0.00000,LOW,false,false,true,false,
714,2026-09-11T20:21:00.120297+00:00,71.400380,boot_safe,0.000000,0.00000,0.000000,0.00000,LOW,false,false,true,false,
715,2026-09-11T20:21:00.219870+00:00,71.500295,boot_safe,0.000000,0.00000,0.000000,0.00000,LOW,false,false,true,false,
716,2026-09-11T20:21:00.320171+00:00,71.600310,boot_safe,0.000000,0.00000,0.000000,0.00000,LOW,false,false,true,false,
717,2026-09-11T20:21:00.420199+00:00,71.700319,boot_safe,0.000000,0.00000,0.000000,0.00000,LOW,false,false,true,false,
718,2026-09-11T20:21:00.519865+00:00,71.800287,boot_safe,0.000000,0.00000,0.000000,0.00000,LOW,false,false,true,false,
719,2026-09-11T20:21:00.620158+00:00,71.900311,boot_safe,0.000000,0.00000,0.000000,0.00000,LOW,false,false,true,false,
720,2026-09-11T20:21:00.719854+00:00,72.000279,boot_safe,0.000000,0.00000,0.000000,0.00000,LOW,false,false,true,false,
721,2026-09-11T20:21:00.820162+00:00,72.100309,boot_safe,0.000000,0.00000,0.000000,0.00000,LOW,false,false,true,false,
722,2026-09-11T20:21:00.919864+00:00,72.200284,boot_safe,0.000000,0.00000,0.000000,0.00000,LOW,false,false,true,false,
723,2026-09-11T20:21:01.020154+00:00,72.300307,boot_safe,0.000000,0.00000,0.000000,0.00000,LOW,false,false,true,false,
724,2026-09-11T20:21:01.119854+00:00,72.400280,boot_safe,0.000000,0.00000,0.000000,0.00000,LOW,false,false,true,false,
725,2026-09-11T20:21:01.220258+00:00,72.500352,boot_safe,0.000000,0.00000,0.000000,0.00000,LOW,false,false,true,false,
726,2026-09-11T20:21:01.320250+00:00,72.600307,boot_safe,0.000000,0.00000,0.000000,0.00000,LOW,false,false,true,false,
727,2026-09-11T20:21:01.420017+00:00,72.700358,boot_safe,0.000000,0.00000,0.000000,0.00000,LOW,false,false,true,false,
728,2026-09-11T20:21:01.520225+00:00,72.800338,boot_safe,0.000000,0.00000,0.000000,0.00000,LOW,false,false,true,false,
729,2026-09-11T20:21:01.619936+00:00,72.900326,boot_safe,0.000000,0.00000,0.000000,0.00000,LOW,false,false,true,false,
730,2026-09-11T20:21:01.720169+00:00,73.000319,boot_safe,0.000000,0.00000,0.000000,0.00000,LOW,false,false,true,false,
731,2026-09-11T20:21:01.819894+00:00,73.100302,boot_safe,0.000000,0.00000,0.000000,0.00000,LOW,false,false,true,false,
732,2026-09-11T20:21:01.920170+00:00,73.200318,boot_safe,0.000000,0.00000,0.000000,0.00000,LOW,false,false,true,false,
733,2026-09-11T20:21:02.019850+00:00,73.300282,boot_safe,0.000000,0.00000,0.000000,0.00000,LOW,false,false,true,false,
734,2026-09-11T20:21:02.120157+00:00,73.400309,boot_safe,0.000000,0.00000,0.000000,0.00000,LOW,false,false,true,false,
735,2026-09-11T20:21:02.219870+00:00,73.500288,boot_safe,0.000000,0.00000,0.000000,0.00000,LOW,false,false,true,false,
736,2026-09-11T20:21:02.320158+00:00,73.600312,boot_safe,0.000000,0.00000,0.000000,0.00000,LOW,false,false,true,false,
737,2026-09-11T20:21:02.419860+00:00,73.700287,boot_safe,0.000000,0.00000,0.000000,0.00000,LOW,false,false,true,false,
738,2026-09-11T20:21:02.520172+00:00,73.800315,boot_safe,0.000000,0.00000,0.000000,0.00000,LOW,false,false,true,false,
739,2026-09-11T20:21:02.619847+00:00,73.900279,boot_safe,0.000000,0.00000,0.000000,0.00000,LOW,false,false,true,false,
740,2026-09-11T20:21:02.720160+00:00,74.000307,boot_safe,0.000000,0.00000,0.000000,0.00000,LOW,false,false,true,false,
741,2026-09-11T20:21:02.819853+00:00,74.100278,boot_safe,0.000000,0.00000,0.000000,0.00000,LOW,false,false,true,false,
742,2026-09-11T20:21:02.920159+00:00,74.200308,boot_safe,0.000000,0.00000,0.000000,0.00000,LOW,false,false,true,false,
743,2026-09-11T20:21:03.019851+00:00,74.300278,boot_safe,0.000000,0.00000,0.000000,0.00000,LOW,false,false,true,false,
744,2026-09-11T20:21:03.120160+00:00,74.400306,boot_safe,0.000000,0.00000,0.000000,0.00000,LOW,false,false,true,false,
745,2026-09-11T20:21:03.219853+00:00,74.500282,boot_safe,0.000000,0.00000,0.000000,0.00000,LOW,false,false,true,false,
746,2026-09-11T20:21:03.320155+00:00,74.600308,boot_safe,0.000000,0.00000,0.000000,0.00000,LOW,false,false,true,false,
747,2026-09-11T20:21:03.419909+00:00,74.700311,boot_safe,0.000000,0.00000,0.000000,0.00000,LOW,false,false,true,false,
748,2026-09-11T20:21:03.520167+00:00,74.800313,boot_safe,0.000000,0.00000,0.000000,0.00000,LOW,false,false,true,false,
749,2026-09-11T20:21:03.619859+00:00,74.900288,boot_safe,0.000000,0.00000,0.000000,0.00000,LOW,false,false,true,false,
750,2026-09-11T20:21:03.720159+00:00,75.000308,boot_safe,0.000000,0.00000,0.000000,0.00000,LOW,false,false,true,false,
751,2026-09-11T20:21:03.819868+00:00,75.100285,boot_safe,0.000000,0.00000,0.000000,0.00000,LOW,false,false,true,false,
752,2026-09-11T20:21:03.920233+00:00,75.200336,boot_safe,0.000000,0.00000,0.000000,0.00000,LOW,false,false,true,false,
753,2026-09-11T20:21:04.020156+00:00,75.300311,boot_safe,0.000000,0.00000,0.000000,0.00000,LOW,false,false,true,false,
754,2026-09-11T20:21:04.119853+00:00,75.400280,boot_safe,0.000000,0.00000,0.000000,0.00000,LOW,false,false,true,false,
755,2026-09-11T20:21:04.220161+00:00,75.500311,boot_safe,0.000000,0.00000,0.000000,0.00000,LOW,false,false,true,false,
756,2026-09-11T20:21:04.319854+00:00,75.600282,boot_safe,0.000000,0.00000,0.000000,0.00000,LOW,false,false,true,false,
757,2026-09-11T20:21:04.420359+00:00,75.700422,boot_safe,0.000000,0.00000,0.000000,0.00000,LOW,false,false,true,false,
758,2026-09-11T20:21:04.519904+00:00,75.800313,boot_safe,0.000000,0.00000,0.000000,0.00000,LOW,false,false,true,false,
759,2026-09-11T20:21:04.620178+00:00,75.900320,boot_safe,0.000000,0.00000,0.000000,0.00000,LOW,false,false,true,false,
760,2026-09-11T20:21:04.719863+00:00,76.000287,boot_safe,0.000000,0.00000,0.000000,0.00000,LOW,false,false,true,false,
761,2026-09-11T20:21:04.820189+00:00,76.100315,boot_safe,0.000000,0.00000,0.000000,0.00000,LOW,false,false,true,false,
762,2026-09-11T20:21:04.919858+00:00,76.200284,boot_safe,0.000000,0.00000,0.000000,0.00000,LOW,false,false,true,false,
763,2026-09-11T20:21:05.020159+00:00,76.300311,boot_safe,0.000000,0.00000,0.000000,0.00000,LOW,false,false,true,false,
764,2026-09-11T20:21:05.119851+00:00,76.400279,boot_safe,0.000000,0.00000,0.000000,0.00000,LOW,false,false,true,false,
765,2026-09-11T20:21:05.220528+00:00,76.500396,boot_safe,0.000000,0.00000,0.000000,0.00000,LOW,false,false,true,false,
766,2026-09-11T20:21:05.319973+00:00,76.600343,boot_safe,0.000000,0.00000,0.000000,0.00000,LOW,false,false,true,false,
767,2026-09-11T20:21:05.420195+00:00,76.700323,boot_safe,0.000000,0.00000,0.000000,0.00000,LOW,false,false,true,false,
768,2026-09-11T20:21:05.519879+00:00,76.800300,boot_safe,0.000000,0.00000,0.000000,0.00000,LOW,false,false,true,false,
769,2026-09-11T20:21:05.620181+00:00,76.900317,boot_safe,0.000000,0.00000,0.000000,0.00000,LOW,false,false,true,false,
770,2026-09-11T20:21:05.719860+00:00,77.000283,boot_safe,0.000000,0.00000,0.000000,0.00000,LOW,false,false,true,false,
771,2026-09-11T20:21:05.820163+00:00,77.100311,boot_safe,0.000000,0.00000,0.000000,0.00000,LOW,false,false,true,false,
772,2026-09-11T20:21:05.919872+00:00,77.200278,boot_safe,0.000000,0.00000,0.000000,0.00000,LOW,false,false,true,false,
773,2026-09-11T20:21:06.020172+00:00,77.300315,boot_safe,0.000000,0.00000,0.000000,0.00000,LOW,false,false,true,false,
774,2026-09-11T20:21:06.119849+00:00,77.400280,boot_safe,0.000000,0.00000,0.000000,0.00000,LOW,false,false,true,false,
775,2026-09-11T20:21:06.220174+00:00,77.500317,boot_safe,0.000000,0.00000,0.000000,0.00000,LOW,false,false,true,false,
776,2026-09-11T20:21:06.319864+00:00,77.600286,boot_safe,0.000000,0.00000,0.000000,0.00000,LOW,false,false,true,false,
777,2026-09-11T20:21:06.420151+00:00,77.700305,boot_safe,0.000000,0.00000,0.000000,0.00000,LOW,false,false,true,false,
778,2026-09-11T20:21:06.519862+00:00,77.800284,boot_safe,0.000000,0.00000,0.000000,0.00000,LOW,false,false,true,false,
779,2026-09-11T20:21:06.620167+00:00,77.900312,boot_safe,0.000000,0.00000,0.000000,0.00000,LOW,false,false,true,false,
780,2026-09-11T20:21:06.719860+00:00,78.000284,boot_safe,0.000000,0.00000,0.000000,0.00000,LOW,false,false,true,false,
781,2026-09-11T20:21:06.820160+00:00,78.100307,boot_safe,0.000000,0.00000,0.000000,0.00000,LOW,false,false,true,false,
782,2026-09-11T20:21:06.919850+00:00,78.200278,boot_safe,0.000000,0.00000,0.000000,0.00000,LOW,false,false,true,false,
783,2026-09-11T20:21:07.020152+00:00,78.300304,boot_safe,0.000000,0.00000,0.000000,0.00000,LOW,false,false,true,false,
784,2026-09-11T20:21:07.119852+00:00,78.400281,boot_safe,0.000000,0.00000,0.000000,0.00000,LOW,false,false,true,false,
785,2026-09-11T20:21:07.220165+00:00,78.500314,boot_safe,0.000000,0.00000,0.000000,0.00000,LOW,false,false,true,false,
786,2026-09-11T20:21:07.319892+00:00,78.600299,boot_safe,0.000000,0.00000,0.000000,0.00000,LOW,false,false,true,false,
787,2026-09-11T20:21:07.420240+00:00,78.700332,boot_safe,0.000000,0.00000,0.000000,0.00000,LOW,false,false,true,false,
788,2026-09-11T20:21:07.520048+00:00,78.800390,boot_safe,0.000000,0.00000,0.000000,0.00000,LOW,false,false,true,false,
789,2026-09-11T20:21:07.619872+00:00,78.900298,boot_safe,0.000000,0.00000,0.000000,0.00000,LOW,false,false,true,false,
790,2026-09-11T20:21:07.720247+00:00,79.000353,boot_safe,0.000000,0.00000,0.000000,0.00000,LOW,false,false,true,false,
791,2026-09-11T20:21:07.819896+00:00,79.100307,boot_safe,0.000000,0.00000,0.000000,0.00000,LOW,false,false,true,false,
792,2026-09-11T20:21:07.920163+00:00,79.200316,boot_safe,0.000000,0.00000,0.000000,0.00000,LOW,false,false,true,false,
793,2026-09-11T20:21:08.019854+00:00,79.300281,boot_safe,0.000000,0.00000,0.000000,0.00000,LOW,false,false,true,false,
794,2026-09-11T20:21:08.120157+00:00,79.400307,boot_safe,0.000000,0.00000,0.000000,0.00000,LOW,false,false,true,false,
795,2026-09-11T20:21:08.219854+00:00,79.500280,boot_safe,0.000000,0.00000,0.000000,0.00000,LOW,false,false,true,false,
796,2026-09-11T20:21:08.320156+00:00,79.600304,boot_safe,0.000000,0.00000,0.000000,0.00000,LOW,false,false,true,false,
797,2026-09-11T20:21:08.419864+00:00,79.700287,boot_safe,0.000000,0.00000,0.000000,0.00000,LOW,false,false,true,false,
798,2026-09-11T20:21:08.520217+00:00,79.800321,boot_safe,0.000000,0.00000,0.000000,0.00000,LOW,false,false,true,false,
799,2026-09-11T20:21:08.619856+00:00,79.900285,boot_safe,0.000000,0.00000,0.000000,0.00000,LOW,false,false,true,false,
800,2026-09-11T20:21:08.720183+00:00,80.000314,boot_safe,0.000000,0.00000,0.000000,0.00000,LOW,false,false,true,false,
801,2026-09-11T20:21:08.819856+00:00,80.100282,boot_safe,0.000000,0.00000,0.000000,0.00000,LOW,false,false,true,false,
802,2026-09-11T20:21:08.920169+00:00,80.200310,boot_safe,0.000000,0.00000,0.000000,0.00000,LOW,false,false,true,false,
803,2026-09-11T20:21:09.019864+00:00,80.300285,boot_safe,0.000000,0.00000,0.000000,0.00000,LOW,false,false,true,false,
804,2026-09-11T20:21:09.120161+00:00,80.400309,boot_safe,0.000000,0.00000,0.000000,0.00000,LOW,false,false,true,false,
805,2026-09-11T20:21:09.219852+00:00,80.500279,boot_safe,0.000000,0.00000,0.000000,0.00000,LOW,false,false,true,false,
806,2026-09-11T20:21:09.320155+00:00,80.600304,boot_safe,0.000000,0.00000,0.000000,0.00000,LOW,false,false,true,false,
807,2026-09-11T20:21:09.419863+00:00,80.700284,boot_safe,0.000000,0.00000,0.000000,0.00000,LOW,false,false,true,false,
808,2026-09-11T20:21:09.520161+00:00,80.800306,boot_safe,0.000000,0.00000,0.000000,0.00000,LOW,false,false,true,false,
809,2026-09-11T20:21:09.619872+00:00,80.900287,boot_safe,0.000000,0.00000,0.000000,0.00000,LOW,false,false,true,false,
810,2026-09-11T20:21:09.720184+00:00,81.000318,boot_safe,0.000000,0.00000,0.000000,0.00000,LOW,false,false,true,false,
811,2026-09-11T20:21:09.819863+00:00,81.100283,boot_safe,0.000000,0.00000,0.000000,0.00000,LOW,false,false,true,false,
812,2026-09-11T20:21:09.920157+00:00,81.200309,boot_safe,0.000000,0.00000,0.000000,0.00000,LOW,false,false,true,false,
813,2026-09-11T20:21:10.019855+00:00,81.300280,boot_safe,0.000000,0.00000,0.000000,0.00000,LOW,false,false,true,false,
814,2026-09-11T20:21:10.120162+00:00,81.400307,boot_safe,0.000000,0.00000,0.000000,0.00000,LOW,false,false,true,false,
815,2026-09-11T20:21:10.219858+00:00,81.500282,boot_safe,0.000000,0.00000,0.000000,0.00000,LOW,false,false,true,false,
816,2026-09-11T20:21:10.320298+00:00,81.600387,boot_safe,0.000000,0.00000,0.000000,0.00000,LOW,false,false,true,false,
817,2026-09-11T20:21:10.420065+00:00,81.700400,boot_safe,0.000000,0.00000,0.000000,0.00000,LOW,false,false,true,false,
818,2026-09-11T20:21:10.519870+00:00,81.800300,boot_safe,0.000000,0.00000,0.000000,0.00000,LOW,false,false,true,false,
819,2026-09-11T20:21:10.620175+00:00,81.900318,boot_safe,0.000000,0.00000,0.000000,0.00000,LOW,false,false,true,false,
820,2026-09-11T20:21:10.719977+00:00,82.000345,boot_safe,0.000000,0.00000,0.000000,0.00000,LOW,false,false,true,false,
821,2026-09-11T20:21:10.820174+00:00,82.100320,boot_safe,0.000000,0.00000,0.000000,0.00000,LOW,false,false,true,false,
822,2026-09-11T20:21:10.919856+00:00,82.200280,boot_safe,0.000000,0.00000,0.000000,0.00000,LOW,false,false,true,false,
823,2026-09-11T20:21:11.020157+00:00,82.300309,boot_safe,0.000000,0.00000,0.000000,0.00000,LOW,false,false,true,false,
824,2026-09-11T20:21:11.119860+00:00,82.400283,boot_safe,0.000000,0.00000,0.000000,0.00000,LOW,false,false,true,false,
825,2026-09-11T20:21:11.220155+00:00,82.500308,boot_safe,0.000000,0.00000,0.000000,0.00000,LOW,false,false,true,false,
826,2026-09-11T20:21:11.319847+00:00,82.600277,boot_safe,0.000000,0.00000,0.000000,0.00000,LOW,false,false,true,false,
827,2026-09-11T20:21:11.420255+00:00,82.700340,boot_safe,0.000000,0.00000,0.000000,0.00000,LOW,false,false,true,false,
828,2026-09-11T20:21:11.519871+00:00,82.800291,boot_safe,0.000000,0.00000,0.000000,0.00000,LOW,false,false,true,false,
829,2026-09-11T20:21:11.620159+00:00,82.900302,boot_safe,0.000000,0.00000,0.000000,0.00000,LOW,false,false,true,false,
830,2026-09-11T20:21:11.719870+00:00,83.000284,boot_safe,0.000000,0.00000,0.000000,0.00000,LOW,false,false,true,false,
831,2026-09-11T20:21:11.820161+00:00,83.100310,boot_safe,0.000000,0.00000,0.000000,0.00000,LOW,false,false,true,false,
832,2026-09-11T20:21:11.919863+00:00,83.200284,boot_safe,0.000000,0.00000,0.000000,0.00000,LOW,false,false,true,false,
833,2026-09-11T20:21:12.020172+00:00,83.300315,boot_safe,0.000000,0.00000,0.000000,0.00000,LOW,false,false,true,false,
834,2026-09-11T20:21:12.119850+00:00,83.400283,boot_safe,0.000000,0.00000,0.000000,0.00000,LOW,false,false,true,false,
835,2026-09-11T20:21:12.220164+00:00,83.500311,boot_safe,0.000000,0.00000,0.000000,0.00000,LOW,false,false,true,false,
836,2026-09-11T20:21:12.319848+00:00,83.600278,boot_safe,0.000000,0.00000,0.000000,0.00000,LOW,false,false,true,false,
837,2026-09-11T20:21:12.420150+00:00,83.700303,boot_safe,0.000000,0.00000,0.000000,0.00000,LOW,false,false,true,false,
838,2026-09-11T20:21:12.519853+00:00,83.800279,boot_safe,0.000000,0.00000,0.000000,0.00000,LOW,false,false,true,false,
839,2026-09-11T20:21:12.620148+00:00,83.900301,boot_safe,0.000000,0.00000,0.000000,0.00000,LOW,false,false,true,false,
840,2026-09-11T20:21:12.719875+00:00,84.000289,boot_safe,0.000000,0.00000,0.000000,0.00000,LOW,false,false,true,false,
841,2026-09-11T20:21:12.820161+00:00,84.100309,boot_safe,0.000000,0.00000,0.000000,0.00000,LOW,false,false,true,false,
842,2026-09-11T20:21:12.919856+00:00,84.200283,boot_safe,0.000000,0.00000,0.000000,0.00000,LOW,false,false,true,false,
843,2026-09-11T20:21:13.020143+00:00,84.300302,boot_safe,0.000000,0.00000,0.000000,0.00000,LOW,false,false,true,false,
844,2026-09-11T20:21:13.119850+00:00,84.400277,boot_safe,0.000000,0.00000,0.000000,0.00000,LOW,false,false,true,false,
845,2026-09-11T20:21:13.220164+00:00,84.500314,boot_safe,0.000000,0.00000,0.000000,0.00000,LOW,false,false,true,false,
846,2026-09-11T20:21:13.319844+00:00,84.600277,boot_safe,0.000000,0.00000,0.000000,0.00000,LOW,false,false,true,false,
847,2026-09-11T20:21:13.420333+00:00,84.700305,boot_safe,0.000000,0.00000,0.000000,0.00000,LOW,false,false,true,false,
848,2026-09-11T20:21:13.519940+00:00,84.800339,boot_safe,0.000000,0.00000,0.000000,0.00000,LOW,false,false,true,false,
849,2026-09-11T20:21:13.620255+00:00,84.900342,boot_safe,0.000000,0.00000,0.000000,0.00000,LOW,false,false,true,false,
850,2026-09-11T20:21:13.720237+00:00,85.000338,boot_safe,0.000000,0.00000,0.000000,0.00000,LOW,false,false,true,false,
851,2026-09-11T20:21:13.820243+00:00,85.100345,boot_safe,0.000000,0.00000,0.000000,0.00000,LOW,false,false,true,false,
852,2026-09-11T20:21:13.920142+00:00,85.200307,boot_safe,0.000000,0.00000,0.000000,0.00000,LOW,false,false,true,false,
853,2026-09-11T20:21:14.019851+00:00,85.300279,boot_safe,0.000000,0.00000,0.000000,0.00000,LOW,false,false,true,false,
854,2026-09-11T20:21:14.120241+00:00,85.400345,boot_safe,0.000000,0.00000,0.000000,0.00000,LOW,false,false,true,false,
855,2026-09-11T20:21:14.219871+00:00,85.500291,boot_safe,0.000000,0.00000,0.000000,0.00000,LOW,false,false,true,false,
856,2026-09-11T20:21:14.320163+00:00,85.600313,boot_safe,0.000000,0.00000,0.000000,0.00000,LOW,false,false,true,false,
857,2026-09-11T20:21:14.419851+00:00,85.700280,boot_safe,0.000000,0.00000,0.000000,0.00000,LOW,false,false,true,false,
858,2026-09-11T20:21:14.520154+00:00,85.800307,boot_safe,0.000000,0.00000,0.000000,0.00000,LOW,false,false,true,false,
859,2026-09-11T20:21:14.619857+00:00,85.900282,boot_safe,0.000000,0.00000,0.000000,0.00000,LOW,false,false,true,false,
860,2026-09-11T20:21:14.720175+00:00,86.000315,boot_safe,0.000000,0.00000,0.000000,0.00000,LOW,false,false,true,false,
861,2026-09-11T20:21:14.819878+00:00,86.100293,boot_safe,0.000000,0.00000,0.000000,0.00000,LOW,false,false,true,false,
862,2026-09-11T20:21:14.920152+00:00,86.200307,boot_safe,0.000000,0.00000,0.000000,0.00000,LOW,false,false,true,false,
863,2026-09-11T20:21:15.019863+00:00,86.300281,boot_safe,0.000000,0.00000,0.000000,0.00000,LOW,false,false,true,false,
864,2026-09-11T20:21:15.120151+00:00,86.400301,boot_safe,0.000000,0.00000,0.000000,0.00000,LOW,false,false,true,false,
865,2026-09-11T20:21:15.219877+00:00,86.500276,boot_safe,0.000000,0.00000,0.000000,0.00000,LOW,false,false,true,false,
866,2026-09-11T20:21:15.320150+00:00,86.600298,boot_safe,0.000000,0.00000,0.000000,0.00000,LOW,false,false,true,false,
867,2026-09-11T20:21:15.420125+00:00,86.700403,boot_safe,0.000000,0.00000,0.000000,0.00000,LOW,false,false,true,false,
868,2026-09-11T20:21:15.520084+00:00,86.800294,boot_safe,0.000000,0.00000,0.000000,0.00000,LOW,false,false,true,false,
869,2026-09-11T20:21:15.620055+00:00,86.900395,boot_safe,0.000000,0.00000,0.000000,0.00000,LOW,false,false,true,false,
870,2026-09-11T20:21:15.720140+00:00,87.000274,boot_safe,0.000000,0.00000,0.000000,0.00000,LOW,false,false,true,false,
871,2026-09-11T20:21:15.819977+00:00,87.100307,boot_safe,0.000000,0.00000,0.000000,0.00000,LOW,false,false,true,false,
872,2026-09-11T20:21:15.920065+00:00,87.200279,boot_safe,0.000000,0.00000,0.000000,0.00000,LOW,false,false,true,false,
873,2026-09-11T20:21:16.019935+00:00,87.300302,boot_safe,0.000000,0.00000,0.000000,0.00000,LOW,false,false,true,false,
874,2026-09-11T20:21:16.120061+00:00,87.400270,boot_safe,0.000000,0.00000,0.000000,0.00000,LOW,false,false,true,false,
875,2026-09-11T20:21:16.219930+00:00,87.500298,boot_safe,0.000000,0.00000,0.000000,0.00000,LOW,false,false,true,false,
876,2026-09-11T20:21:16.320066+00:00,87.600272,boot_safe,0.000000,0.00000,0.000000,0.00000,LOW,false,false,true,false,
877,2026-09-11T20:21:16.420179+00:00,87.700434,boot_safe,0.000000,0.00000,0.000000,0.00000,LOW,false,false,true,false,
878,2026-09-11T20:21:16.520104+00:00,87.800302,boot_safe,0.000000,0.00000,0.000000,0.00000,LOW,false,false,true,false,
879,2026-09-11T20:21:16.619943+00:00,87.900308,boot_safe,0.000000,0.00000,0.000000,0.00000,LOW,false,false,true,false,
880,2026-09-11T20:21:16.720061+00:00,88.000271,boot_safe,0.000000,0.00000,0.000000,0.00000,LOW,false,false,true,false,
881,2026-09-11T20:21:16.819947+00:00,88.100307,boot_safe,0.000000,0.00000,0.000000,0.00000,LOW,false,false,true,false,
882,2026-09-11T20:21:16.920053+00:00,88.200275,boot_safe,0.000000,0.00000,0.000000,0.00000,LOW,false,false,true,false,
883,2026-09-11T20:21:17.019928+00:00,88.300298,boot_safe,0.000000,0.00000,0.000000,0.00000,LOW,false,false,true,false,
884,2026-09-11T20:21:17.120053+00:00,88.400271,boot_safe,0.000000,0.00000,0.000000,0.00000,LOW,false,false,true,false,
885,2026-09-11T20:21:17.219941+00:00,88.500302,boot_safe,0.000000,0.00000,0.000000,0.00000,LOW,false,false,true,false,
886,2026-09-11T20:21:17.320078+00:00,88.600285,boot_safe,0.000000,0.00000,0.000000,0.00000,LOW,false,false,true,false,
887,2026-09-11T20:21:17.419981+00:00,88.700309,boot_safe,0.000000,0.00000,0.000000,0.00000,LOW,false,false,true,false,
888,2026-09-11T20:21:17.520061+00:00,88.800279,boot_safe,0.000000,0.00000,0.000000,0.00000,LOW,false,false,true,false,
889,2026-09-11T20:21:17.620003+00:00,88.900304,boot_safe,0.000000,0.00000,0.000000,0.00000,LOW,false,false,true,false,
890,2026-09-11T20:21:17.719996+00:00,89.000271,boot_safe,0.000000,0.00000,0.000000,0.00000,LOW,false,false,true,false,
891,2026-09-11T20:21:17.820077+00:00,89.100304,boot_safe,0.000000,0.00000,0.000000,0.00000,LOW,false,false,true,false,
892,2026-09-11T20:21:17.920029+00:00,89.200278,boot_safe,0.000000,0.00000,0.000000,0.00000,LOW,false,false,true,false,
893,2026-09-11T20:21:18.020165+00:00,89.300304,boot_safe,0.000000,0.00000,0.000000,0.00000,LOW,false,false,true,false,
894,2026-09-11T20:21:18.119910+00:00,89.400272,boot_safe,0.000000,0.00000,0.000000,0.00000,LOW,false,false,true,false,
895,2026-09-11T20:21:18.220163+00:00,89.500304,boot_safe,0.000000,0.00000,0.000000,0.00000,LOW,false,false,true,false,
896,2026-09-11T20:21:18.320005+00:00,89.600279,boot_safe,0.000000,0.00000,0.000000,0.00000,LOW,false,false,true,false,
897,2026-09-11T20:21:18.420076+00:00,89.700307,boot_safe,0.000000,0.00000,0.000000,0.00000,LOW,false,false,true,false,
898,2026-09-11T20:21:18.519911+00:00,89.800271,boot_safe,0.000000,0.00000,0.000000,0.00000,LOW,false,false,true,false,
899,2026-09-11T20:21:18.620075+00:00,89.900304,boot_safe,0.000000,0.00000,0.000000,0.00000,LOW,false,false,true,false,
900,2026-09-11T20:21:18.720033+00:00,90.000332,boot_safe,0.000000,0.00000,0.000000,0.00000,LOW,false,false,true,false,
901,2026-09-11T20:21:18.820161+00:00,90.100328,boot_safe,0.000000,0.00000,0.000000,0.00000,LOW,false,false,true,false,
902,2026-09-11T20:21:18.919944+00:00,90.200287,boot_safe,0.000000,0.00000,0.000000,0.00000,LOW,false,false,true,false,
903,2026-09-11T20:21:19.020088+00:00,90.300311,boot_safe,0.000000,0.00000,0.000000,0.00000,LOW,false,false,true,false,
904,2026-09-11T20:21:19.119924+00:00,90.400275,boot_safe,0.000000,0.00000,0.000000,0.00000,LOW,false,false,true,false,
905,2026-09-11T20:21:19.220074+00:00,90.500304,boot_safe,0.000000,0.00000,0.000000,0.00000,LOW,false,false,true,false,
906,2026-09-11T20:21:19.319927+00:00,90.600278,boot_safe,0.000000,0.00000,0.000000,0.00000,LOW,false,false,true,false,
907,2026-09-11T20:21:19.420321+00:00,90.700457,boot_safe,0.000000,0.00000,0.000000,0.00000,LOW,false,false,true,false,
908,2026-09-11T20:21:19.519999+00:00,90.800323,boot_safe,0.000000,0.00000,0.000000,0.00000,LOW,false,false,true,false,
909,2026-09-11T20:21:19.620141+00:00,90.900328,boot_safe,0.000000,0.00000,0.000000,0.00000,LOW,false,false,true,false,
910,2026-09-11T20:21:19.719892+00:00,91.000282,boot_safe,0.000000,0.00000,0.000000,0.00000,LOW,false,false,true,false,
911,2026-09-11T20:21:19.820231+00:00,91.100329,boot_safe,0.000000,0.00000,0.000000,0.00000,LOW,false,false,true,false,
912,2026-09-11T20:21:19.919949+00:00,91.200292,boot_safe,0.000000,0.00000,0.000000,0.00000,LOW,false,false,true,false,
913,2026-09-11T20:21:20.020253+00:00,91.300313,boot_safe,0.000000,0.00000,0.000000,0.00000,LOW,false,false,true,false,
914,2026-09-11T20:21:20.119910+00:00,91.400279,boot_safe,0.000000,0.00000,0.000000,0.00000,LOW,false,false,true,false,
915,2026-09-11T20:21:20.220152+00:00,91.500304,boot_safe,0.000000,0.00000,0.000000,0.00000,LOW,false,false,true,false,
916,2026-09-11T20:21:20.319862+00:00,91.600283,boot_safe,0.000000,0.00000,0.000000,0.00000,LOW,false,false,true,false,
917,2026-09-11T20:21:20.420157+00:00,91.700309,boot_safe,0.000000,0.00000,0.000000,0.00000,LOW,false,false,true,false,
918,2026-09-11T20:21:20.520022+00:00,91.800357,boot_safe,0.000000,0.00000,0.000000,0.00000,LOW,false,false,true,false,
919,2026-09-11T20:21:20.620230+00:00,91.900335,boot_safe,0.000000,0.00000,0.000000,0.00000,LOW,false,false,true,false,
920,2026-09-11T20:21:20.719868+00:00,92.000286,boot_safe,0.000000,0.00000,0.000000,0.00000,LOW,false,false,true,false,
921,2026-09-11T20:21:20.820164+00:00,92.100312,boot_safe,0.000000,0.00000,0.000000,0.00000,LOW,false,false,true,false,
922,2026-09-11T20:21:20.919869+00:00,92.200290,boot_safe,0.000000,0.00000,0.000000,0.00000,LOW,false,false,true,false,
923,2026-09-11T20:21:21.020167+00:00,92.300316,boot_safe,0.000000,0.00000,0.000000,0.00000,LOW,false,false,true,false,
924,2026-09-11T20:21:21.119851+00:00,92.400282,boot_safe,0.000000,0.00000,0.000000,0.00000,LOW,false,false,true,false,
925,2026-09-11T20:21:21.220154+00:00,92.500309,boot_safe,0.000000,0.00000,0.000000,0.00000,LOW,false,false,true,false,
926,2026-09-11T20:21:21.319860+00:00,92.600278,boot_safe,0.000000,0.00000,0.000000,0.00000,LOW,false,false,true,false,
927,2026-09-11T20:21:21.420177+00:00,92.700316,boot_safe,0.000000,0.00000,0.000000,0.00000,LOW,false,false,true,false,
928,2026-09-11T20:21:21.519850+00:00,92.800283,boot_safe,0.000000,0.00000,0.000000,0.00000,LOW,false,false,true,false,
929,2026-09-11T20:21:21.620152+00:00,92.900305,boot_safe,0.000000,0.00000,0.000000,0.00000,LOW,false,false,true,false,
930,2026-09-11T20:21:21.719846+00:00,93.000278,boot_safe,0.000000,0.00000,0.000000,0.00000,LOW,false,false,true,false,
931,2026-09-11T20:21:21.820153+00:00,93.100306,boot_safe,0.000000,0.00000,0.000000,0.00000,LOW,false,false,true,false,
932,2026-09-11T20:21:21.919854+00:00,93.200280,boot_safe,0.000000,0.00000,0.000000,0.00000,LOW,false,false,true,false,
933,2026-09-11T20:21:22.020168+00:00,93.300311,boot_safe,0.000000,0.00000,0.000000,0.00000,LOW,false,false,true,false,
934,2026-09-11T20:21:22.119854+00:00,93.400282,boot_safe,0.000000,0.00000,0.000000,0.00000,LOW,false,false,true,false,
935,2026-09-11T20:21:22.220158+00:00,93.500308,boot_safe,0.000000,0.00000,0.000000,0.00000,LOW,false,false,true,false,
936,2026-09-11T20:21:22.319853+00:00,93.600282,boot_safe,0.000000,0.00000,0.000000,0.00000,LOW,false,false,true,false,
937,2026-09-11T20:21:22.420417+00:00,93.700460,boot_safe,0.000000,0.00000,0.000000,0.00000,LOW,false,false,true,false,
938,2026-09-11T20:21:22.519884+00:00,93.800307,boot_safe,0.000000,0.00000,0.000000,0.00000,LOW,false,false,true,false,
939,2026-09-11T20:21:22.620172+00:00,93.900319,boot_safe,0.000000,0.00000,0.000000,0.00000,LOW,false,false,true,false,
940,2026-09-11T20:21:22.719853+00:00,94.000282,boot_safe,0.000000,0.00000,0.000000,0.00000,LOW,false,false,true,false,
941,2026-09-11T20:21:22.820166+00:00,94.100311,boot_safe,0.000000,0.00000,0.000000,0.00000,LOW,false,false,true,false,
942,2026-09-11T20:21:22.919861+00:00,94.200283,boot_safe,0.000000,0.00000,0.000000,0.00000,LOW,false,false,true,false,
943,2026-09-11T20:21:23.020172+00:00,94.300314,boot_safe,0.000000,0.00000,0.000000,0.00000,LOW,false,false,true,false,
944,2026-09-11T20:21:23.119863+00:00,94.400282,boot_safe,0.000000,0.00000,0.000000,0.00000,LOW,false,false,true,false,
945,2026-09-11T20:21:23.220158+00:00,94.500305,boot_safe,0.000000,0.00000,0.000000,0.00000,LOW,false,false,true,false,
946,2026-09-11T20:21:23.319860+00:00,94.600278,boot_safe,0.000000,0.00000,0.000000,0.00000,LOW,false,false,true,false,
947,2026-09-11T20:21:23.420273+00:00,94.700349,boot_safe,0.000000,0.00000,0.000000,0.00000,LOW,false,false,true,false,
948,2026-09-11T20:21:23.519868+00:00,94.800287,boot_safe,0.000000,0.00000,0.000000,0.00000,LOW,false,false,true,false,
949,2026-09-11T20:21:23.620163+00:00,94.900309,boot_safe,0.000000,0.00000,0.000000,0.00000,LOW,false,false,true,false,
950,2026-09-11T20:21:23.719862+00:00,95.000280,boot_safe,0.000000,0.00000,0.000000,0.00000,LOW,false,false,true,false,
951,2026-09-11T20:21:23.820303+00:00,95.100356,boot_safe,0.000000,0.00000,0.000000,0.00000,LOW,false,false,true,false,
952,2026-09-11T20:21:23.919891+00:00,95.200306,boot_safe,0.000000,0.00000,0.000000,0.00000,LOW,false,false,true,false,
953,2026-09-11T20:21:24.020221+00:00,95.300329,boot_safe,0.000000,0.00000,0.000000,0.00000,LOW,false,false,true,false,
954,2026-09-11T20:21:24.119862+00:00,95.400285,boot_safe,0.000000,0.00000,0.000000,0.00000,LOW,false,false,true,false,
955,2026-09-11T20:21:24.220162+00:00,95.500312,boot_safe,0.000000,0.00000,0.000000,0.00000,LOW,false,false,true,false,
956,2026-09-11T20:21:24.319903+00:00,95.600288,boot_safe,0.000000,0.00000,0.000000,0.00000,LOW,false,false,true,false,
957,2026-09-11T20:21:24.420238+00:00,95.700327,boot_safe,0.000000,0.00000,0.000000,0.00000,LOW,false,false,true,false,
958,2026-09-11T20:21:24.519862+00:00,95.800285,boot_safe,0.000000,0.00000,0.000000,0.00000,LOW,false,false,true,false,
959,2026-09-11T20:21:24.620173+00:00,95.900316,boot_safe,0.000000,0.00000,0.000000,0.00000,LOW,false,false,true,false,
960,2026-09-11T20:21:24.719858+00:00,96.000279,boot_safe,0.000000,0.00000,0.000000,0.00000,LOW,false,false,true,false,
961,2026-09-11T20:21:24.820162+00:00,96.100310,boot_safe,0.000000,0.00000,0.000000,0.00000,LOW,false,false,true,false,
962,2026-09-11T20:21:24.919861+00:00,96.200283,boot_safe,0.000000,0.00000,0.000000,0.00000,LOW,false,false,true,false,
963,2026-09-11T20:21:25.020160+00:00,96.300311,boot_safe,0.000000,0.00000,0.000000,0.00000,LOW,false,false,true,false,
964,2026-09-11T20:21:25.119867+00:00,96.400288,boot_safe,0.000000,0.00000,0.000000,0.00000,LOW,false,false,true,false,
965,2026-09-11T20:21:25.220147+00:00,96.500306,boot_safe,0.000000,0.00000,0.000000,0.00000,LOW,false,false,true,false,
966,2026-09-11T20:21:25.319849+00:00,96.600277,boot_safe,0.000000,0.00000,0.000000,0.00000,LOW,false,false,true,false,
967,2026-09-11T20:21:25.420153+00:00,96.700311,boot_safe,0.000000,0.00000,0.000000,0.00000,LOW,false,false,true,false,
968,2026-09-11T20:21:25.520107+00:00,96.800383,boot_safe,0.000000,0.00000,0.000000,0.00000,LOW,false,false,true,false,
969,2026-09-11T20:21:25.620326+00:00,96.900405,boot_safe,0.000000,0.00000,0.000000,0.00000,LOW,false,false,true,false,
970,2026-09-11T20:21:25.719922+00:00,97.000314,boot_safe,0.000000,0.00000,0.000000,0.00000,LOW,false,false,true,false,
971,2026-09-11T20:21:25.820250+00:00,97.100349,boot_safe,0.000000,0.00000,0.000000,0.00000,LOW,false,false,true,false,
972,2026-09-11T20:21:25.919855+00:00,97.200289,boot_safe,0.000000,0.00000,0.000000,0.00000,LOW,false,false,true,false,
973,2026-09-11T20:21:26.020164+00:00,97.300313,boot_safe,0.000000,0.00000,0.000000,0.00000,LOW,false,false,true,false,
974,2026-09-11T20:21:26.119859+00:00,97.400283,boot_safe,0.000000,0.00000,0.000000,0.00000,LOW,false,false,true,false,
975,2026-09-11T20:21:26.220147+00:00,97.500304,boot_safe,0.000000,0.00000,0.000000,0.00000,LOW,false,false,true,false,
976,2026-09-11T20:21:26.319845+00:00,97.600279,boot_safe,0.000000,0.00000,0.000000,0.00000,LOW,false,false,true,false,
977,2026-09-11T20:21:26.420153+00:00,97.700308,boot_safe,0.000000,0.00000,0.000000,0.00000,LOW,false,false,true,false,
978,2026-09-11T20:21:26.519869+00:00,97.800289,boot_safe,0.000000,0.00000,0.000000,0.00000,LOW,false,false,true,false,
979,2026-09-11T20:21:26.620156+00:00,97.900309,boot_safe,0.000000,0.00000,0.000000,0.00000,LOW,false,false,true,false,
980,2026-09-11T20:21:26.719844+00:00,98.000278,boot_safe,0.000000,0.00000,0.000000,0.00000,LOW,false,false,true,false,
981,2026-09-11T20:21:26.820155+00:00,98.100307,boot_safe,0.000000,0.00000,0.000000,0.00000,LOW,false,false,true,false,
982,2026-09-11T20:21:26.919857+00:00,98.200279,boot_safe,0.000000,0.00000,0.000000,0.00000,LOW,false,false,true,false,
983,2026-09-11T20:21:27.020165+00:00,98.300308,boot_safe,0.000000,0.00000,0.000000,0.00000,LOW,false,false,true,false,
984,2026-09-11T20:21:27.119862+00:00,98.400286,boot_safe,0.000000,0.00000,0.000000,0.00000,LOW,false,false,true,false,
985,2026-09-11T20:21:27.220155+00:00,98.500309,boot_safe,0.000000,0.00000,0.000000,0.00000,LOW,false,false,true,false,
986,2026-09-11T20:21:27.319884+00:00,98.600292,boot_safe,0.000000,0.00000,0.000000,0.00000,LOW,false,false,true,false,
987,2026-09-11T20:21:27.420238+00:00,98.700331,boot_safe,0.000000,0.00000,0.000000,0.00000,LOW,false,false,true,false,
988,2026-09-11T20:21:27.519871+00:00,98.800292,boot_safe,0.000000,0.00000,0.000000,0.00000,LOW,false,false,true,false,
989,2026-09-11T20:21:27.620156+00:00,98.900307,boot_safe,0.000000,0.00000,0.000000,0.00000,LOW,false,false,true,false,
990,2026-09-11T20:21:27.719943+00:00,99.000329,boot_safe,0.000000,0.00000,0.000000,0.00000,LOW,false,false,true,false,
991,2026-09-11T20:21:27.820175+00:00,99.100321,boot_safe,0.000000,0.00000,0.000000,0.00000,LOW,false,false,true,false,
992,2026-09-11T20:21:27.920076+00:00,99.200415,boot_safe,0.000000,0.00000,0.000000,0.00000,LOW,false,false,true,false,
993,2026-09-11T20:21:28.019871+00:00,99.300298,boot_safe,0.000000,0.00000,0.000000,0.00000,LOW,false,false,true,false,
994,2026-09-11T20:21:28.120226+00:00,99.400320,boot_safe,0.000000,0.00000,0.000000,0.00000,LOW,false,false,true,false,
995,2026-09-11T20:21:28.219864+00:00,99.500288,boot_safe,0.000000,0.00000,0.000000,0.00000,LOW,false,false,true,false,
996,2026-09-11T20:21:28.320162+00:00,99.600309,boot_safe,0.000000,0.00000,0.000000,0.00000,LOW,false,false,true,false,
997,2026-09-11T20:21:28.420098+00:00,99.700423,boot_safe,0.000000,0.00000,0.000000,0.00000,LOW,false,false,true,false,
998,2026-09-11T20:21:28.519874+00:00,99.800297,boot_safe,0.000000,0.00000,0.000000,0.00000,LOW,false,false,true,false,
999,2026-09-11T20:21:28.620172+00:00,99.900314,boot_safe,0.000000,0.00000,0.000000,0.00000,LOW,false,false,true,false,
1000,2026-09-11T20:21:28.719860+00:00,100.000281,boot_safe,0.000000,0.00000,0.000000,0.00000,LOW,false,false,true,false,
1001,2026-09-11T20:21:28.820169+00:00,100.100310,boot_safe,0.000000,0.00000,0.000000,0.00000,LOW,false,false,true,false,
1002,2026-09-11T20:21:28.919858+00:00,100.200281,boot_safe,0.000000,0.00000,0.000000,0.00000,LOW,false,false,true,false,
1003,2026-09-11T20:21:29.020168+00:00,100.300314,boot_safe,0.000000,0.00000,0.000000,0.00000,LOW,false,false,true,false,
1004,2026-09-11T20:21:29.119855+00:00,100.400280,boot_safe,0.000000,0.00000,0.000000,0.00000,LOW,false,false,true,false,
1005,2026-09-11T20:21:29.220381+00:00,100.500431,boot_safe,0.000000,0.00000,0.000000,0.00000,LOW,false,false,true,false,
1006,2026-09-11T20:21:29.319920+00:00,100.600324,boot_safe,0.000000,0.00000,0.000000,0.00000,LOW,false,false,true,false,
1007,2026-09-11T20:21:29.420177+00:00,100.700318,boot_safe,0.000000,0.00000,0.000000,0.00000,LOW,false,false,true,false,
1008,2026-09-11T20:21:29.520039+00:00,100.800381,boot_safe,0.000000,0.00000,0.000000,0.00000,LOW,false,false,true,false,
1009,2026-09-11T20:21:29.620218+00:00,100.900329,boot_safe,0.000000,0.00000,0.000000,0.00000,LOW,false,false,true,false,
1010,2026-09-11T20:21:29.719907+00:00,101.000314,boot_safe,0.000000,0.00000,0.000000,0.00000,LOW,false,false,true,false,
1011,2026-09-11T20:21:29.820345+00:00,101.100418,boot_safe,0.000000,0.00000,0.000000,0.00000,LOW,false,false,true,false,
1012,2026-09-11T20:21:29.919922+00:00,101.200326,boot_safe,0.000000,0.00000,0.000000,0.00000,LOW,false,false,true,false,
1013,2026-09-11T20:21:30.020357+00:00,101.300425,boot_safe,0.000000,0.00000,0.000000,0.00000,LOW,false,false,true,false,
1014,2026-09-11T20:21:30.119924+00:00,101.400325,boot_safe,0.000000,0.00000,0.000000,0.00000,LOW,false,false,true,false,
1015,2026-09-11T20:21:30.220487+00:00,101.500364,boot_safe,0.000000,0.00000,0.000000,0.00000,LOW,false,false,true,false,
1016,2026-09-11T20:21:30.319952+00:00,101.600338,boot_safe,0.000000,0.00000,0.000000,0.00000,LOW,false,false,true,false,
1017,2026-09-11T20:21:30.420328+00:00,101.700331,boot_safe,0.000000,0.00000,0.000000,0.00000,LOW,false,false,true,false,
1018,2026-09-11T20:21:30.519942+00:00,101.800334,boot_safe,0.000000,0.00000,0.000000,0.00000,LOW,false,false,true,false,
1019,2026-09-11T20:21:30.620162+00:00,101.900317,boot_safe,0.000000,0.00000,0.000000,0.00000,LOW,false,false,true,false,
1020,2026-09-11T20:21:30.720036+00:00,102.000346,boot_safe,0.000000,0.00000,0.000000,0.00000,LOW,false,false,true,false,
1021,2026-09-11T20:21:30.820228+00:00,102.100336,boot_safe,0.000000,0.00000,0.000000,0.00000,LOW,false,false,true,false,
1022,2026-09-11T20:21:30.920183+00:00,102.200313,boot_safe,0.000000,0.00000,0.000000,0.00000,LOW,false,false,true,false,
1023,2026-09-11T20:21:31.019881+00:00,102.300297,boot_safe,0.000000,0.00000,0.000000,0.00000,LOW,false,false,true,false,
1024,2026-09-11T20:21:31.120227+00:00,102.400324,boot_safe,0.000000,0.00000,0.000000,0.00000,LOW,false,false,true,false,
1025,2026-09-11T20:21:31.219876+00:00,102.500290,boot_safe,0.000000,0.00000,0.000000,0.00000,LOW,false,false,true,false,
1026,2026-09-11T20:21:31.320158+00:00,102.600309,boot_safe,0.000000,0.00000,0.000000,0.00000,LOW,false,false,true,false,
1027,2026-09-11T20:21:31.419908+00:00,102.700305,boot_safe,0.000000,0.00000,0.000000,0.00000,LOW,false,false,true,false,
1028,2026-09-11T20:21:31.520076+00:00,102.800412,boot_safe,0.000000,0.00000,0.000000,0.00000,LOW,false,false,true,false,
1029,2026-09-11T20:21:31.620185+00:00,102.900330,boot_safe,0.000000,0.00000,0.000000,0.00000,LOW,false,false,true,false,
1030,2026-09-11T20:21:31.719943+00:00,103.000328,boot_safe,0.000000,0.00000,0.000000,0.00000,LOW,false,false,true,false,
1031,2026-09-11T20:21:31.820257+00:00,103.100356,boot_safe,0.000000,0.00000,0.000000,0.00000,LOW,false,false,true,false,
1032,2026-09-11T20:21:31.920161+00:00,103.200315,boot_safe,0.000000,0.00000,0.000000,0.00000,LOW,false,false,true,false,
1033,2026-09-11T20:21:32.019920+00:00,103.300303,boot_safe,0.000000,0.00000,0.000000,0.00000,LOW,false,false,true,false,
1034,2026-09-11T20:21:32.120332+00:00,103.400400,boot_safe,0.000000,0.00000,0.000000,0.00000,LOW,false,false,true,false,
1035,2026-09-11T20:21:32.219915+00:00,103.500309,boot_safe,0.000000,0.00000,0.000000,0.00000,LOW,false,false,true,false,
1036,2026-09-11T20:21:32.320171+00:00,103.600320,boot_safe,0.000000,0.00000,0.000000,0.00000,LOW,false,false,true,false,
1037,2026-09-11T20:21:32.419855+00:00,103.700280,boot_safe,0.000000,0.00000,0.000000,0.00000,LOW,false,false,true,false,
1038,2026-09-11T20:21:32.520153+00:00,103.800306,boot_safe,0.000000,0.00000,0.000000,0.00000,LOW,false,false,true,false,
1039,2026-09-11T20:21:32.619907+00:00,103.900310,boot_safe,0.000000,0.00000,0.000000,0.00000,LOW,false,false,true,false,
1040,2026-09-11T20:21:32.720288+00:00,104.000382,boot_safe,0.000000,0.00000,0.000000,0.00000,LOW,false,false,true,false,
1041,2026-09-11T20:21:32.819872+00:00,104.100296,boot_safe,0.000000,0.00000,0.000000,0.00000,LOW,false,false,true,false,
1042,2026-09-11T20:21:32.920220+00:00,104.200323,boot_safe,0.000000,0.00000,0.000000,0.00000,LOW,false,false,true,false,
1043,2026-09-11T20:21:33.019855+00:00,104.300282,boot_safe,0.000000,0.00000,0.000000,0.00000,LOW,false,false,true,false,
1044,2026-09-11T20:21:33.120155+00:00,104.400305,boot_safe,0.000000,0.00000,0.000000,0.00000,LOW,false,false,true,false,
1045,2026-09-11T20:21:33.219876+00:00,104.500292,boot_safe,0.000000,0.00000,0.000000,0.00000,LOW,false,false,true,false,
1046,2026-09-11T20:21:33.320369+00:00,104.600394,boot_safe,0.000000,0.00000,0.000000,0.00000,LOW,false,false,true,false,
1047,2026-09-11T20:21:33.419877+00:00,104.700306,boot_safe,0.000000,0.00000,0.000000,0.00000,LOW,false,false,true,false,
1048,2026-09-11T20:21:33.520351+00:00,104.800419,boot_safe,0.000000,0.00000,0.000000,0.00000,LOW,false,false,true,false,
1049,2026-09-11T20:21:33.619880+00:00,104.900305,boot_safe,0.000000,0.00000,0.000000,0.00000,LOW,false,false,true,false,
1050,2026-09-11T20:21:33.720167+00:00,105.000314,boot_safe,0.000000,0.00000,0.000000,0.00000,LOW,false,false,true,false,
1051,2026-09-11T20:21:33.819870+00:00,105.100288,boot_safe,0.000000,0.00000,0.000000,0.00000,LOW,false,false,true,false,
1052,2026-09-11T20:21:33.920161+00:00,105.200312,boot_safe,0.000000,0.00000,0.000000,0.00000,LOW,false,false,true,false,
1053,2026-09-11T20:21:34.019925+00:00,105.300313,boot_safe,0.000000,0.00000,0.000000,0.00000,LOW,false,false,true,false,
1054,2026-09-11T20:21:34.120170+00:00,105.400320,boot_safe,0.000000,0.00000,0.000000,0.00000,LOW,false,false,true,false,
1055,2026-09-11T20:21:34.219863+00:00,105.500287,boot_safe,0.000000,0.00000,0.000000,0.00000,LOW,false,false,true,false,
1056,2026-09-11T20:21:34.320170+00:00,105.600313,boot_safe,0.000000,0.00000,0.000000,0.00000,LOW,false,false,true,false,
1057,2026-09-11T20:21:34.420107+00:00,105.700435,boot_safe,0.000000,0.00000,0.000000,0.00000,LOW,false,false,true,false,
1058,2026-09-11T20:21:34.520239+00:00,105.800347,boot_safe,0.000000,0.00000,0.000000,0.00000,LOW,false,false,true,false,
1059,2026-09-11T20:21:34.619901+00:00,105.900314,boot_safe,0.000000,0.00000,0.000000,0.00000,LOW,false,false,true,false,
1060,2026-09-11T20:21:34.720163+00:00,106.000318,boot_safe,0.000000,0.00000,0.000000,0.00000,LOW,false,false,true,false,
1061,2026-09-11T20:21:34.819860+00:00,106.100288,boot_safe,0.000000,0.00000,0.000000,0.00000,LOW,false,false,true,false,
1062,2026-09-11T20:21:34.920163+00:00,106.200304,boot_safe,0.000000,0.00000,0.000000,0.00000,LOW,false,false,true,false,
1063,2026-09-11T20:21:35.019947+00:00,106.300306,boot_safe,0.000000,0.00000,0.000000,0.00000,LOW,false,false,true,false,
1064,2026-09-11T20:21:35.120083+00:00,106.400281,boot_safe,0.000000,0.00000,0.000000,0.00000,LOW,false,false,true,false,
1065,2026-09-11T20:21:35.219953+00:00,106.500307,boot_safe,0.000000,0.00000,0.000000,0.00000,LOW,false,false,true,false,
1066,2026-09-11T20:21:35.320168+00:00,106.600367,boot_safe,0.000000,0.00000,0.000000,0.00000,LOW,false,false,true,false,
1067,2026-09-11T20:21:35.420097+00:00,106.700426,boot_safe,0.000000,0.00000,0.000000,0.00000,LOW,false,false,true,false,
1068,2026-09-11T20:21:35.520183+00:00,106.800292,boot_safe,0.000000,0.00000,0.000000,0.00000,LOW,false,false,true,false,
1069,2026-09-11T20:21:35.620091+00:00,106.900306,boot_safe,0.000000,0.00000,0.000000,0.00000,LOW,false,false,true,false,
1070,2026-09-11T20:21:35.720066+00:00,107.000279,boot_safe,0.000000,0.00000,0.000000,0.00000,LOW,false,false,true,false,
1071,2026-09-11T20:21:35.820114+00:00,107.100374,boot_safe,0.000000,0.00000,0.000000,0.00000,LOW,false,false,true,false,
1072,2026-09-11T20:21:35.920080+00:00,107.200294,boot_safe,0.000000,0.00000,0.000000,0.00000,LOW,false,false,true,false,
1073,2026-09-11T20:21:36.019946+00:00,107.300307,boot_safe,0.000000,0.00000,0.000000,0.00000,LOW,false,false,true,false,
1074,2026-09-11T20:21:36.120054+00:00,107.400276,boot_safe,0.000000,0.00000,0.000000,0.00000,LOW,false,false,true,false,
1075,2026-09-11T20:21:36.220135+00:00,107.500411,boot_safe,0.000000,0.00000,0.000000,0.00000,LOW,false,false,true,false,
1076,2026-09-11T20:21:36.320098+00:00,107.600300,boot_safe,0.000000,0.00000,0.000000,0.00000,LOW,false,false,true,false,
1077,2026-09-11T20:21:36.419937+00:00,107.700308,boot_safe,0.000000,0.00000,0.000000,0.00000,LOW,false,false,true,false,
1078,2026-09-11T20:21:36.520063+00:00,107.800274,boot_safe,0.000000,0.00000,0.000000,0.00000,LOW,false,false,true,false,
1079,2026-09-11T20:21:36.619936+00:00,107.900302,boot_safe,0.000000,0.00000,0.000000,0.00000,LOW,false,false,true,false,
1080,2026-09-11T20:21:36.720113+00:00,108.000294,boot_safe,0.000000,0.00000,0.000000,0.00000,LOW,false,false,true,false,
1081,2026-09-11T20:21:36.819950+00:00,108.100309,boot_safe,0.000000,0.00000,0.000000,0.00000,LOW,false,false,true,false,
1082,2026-09-11T20:21:36.920071+00:00,108.200281,boot_safe,0.000000,0.00000,0.000000,0.00000,LOW,false,false,true,false,
1083,2026-09-11T20:21:37.020316+00:00,108.300385,boot_safe,0.000000,0.00000,0.000000,0.00000,LOW,false,false,true,false,
1084,2026-09-11T20:21:37.119954+00:00,108.400320,boot_safe,0.000000,0.00000,0.000000,0.00000,LOW,false,false,true,false,
1085,2026-09-11T20:21:37.220096+00:00,108.500297,boot_safe,0.000000,0.00000,0.000000,0.00000,LOW,false,false,true,false,
1086,2026-09-11T20:21:37.319974+00:00,108.600322,boot_safe,0.000000,0.00000,0.000000,0.00000,LOW,false,false,true,false,
1087,2026-09-11T20:21:37.420288+00:00,108.700394,boot_safe,0.000000,0.00000,0.000000,0.00000,LOW,false,false,true,false,
1088,2026-09-11T20:21:37.520264+00:00,108.800354,boot_safe,0.000000,0.00000,0.000000,0.00000,LOW,false,false,true,false,
1089,2026-09-11T20:21:37.620086+00:00,108.900326,boot_safe,0.000000,0.00000,0.000000,0.00000,LOW,false,false,true,false,
1090,2026-09-11T20:21:37.719955+00:00,109.000280,boot_safe,0.000000,0.00000,0.000000,0.00000,LOW,false,false,true,false,
1091,2026-09-11T20:21:37.820158+00:00,109.100330,boot_safe,0.000000,0.00000,0.000000,0.00000,LOW,false,false,true,false,
1092,2026-09-11T20:21:37.920154+00:00,109.200336,boot_safe,0.000000,0.00000,0.000000,0.00000,LOW,false,false,true,false,
1093,2026-09-11T20:21:38.020261+00:00,109.300340,boot_safe,0.000000,0.00000,0.000000,0.00000,LOW,false,false,true,false,
1094,2026-09-11T20:21:38.119937+00:00,109.400286,boot_safe,0.000000,0.00000,0.000000,0.00000,LOW,false,false,true,false,
1095,2026-09-11T20:21:38.220087+00:00,109.500307,boot_safe,0.000000,0.00000,0.000000,0.00000,LOW,false,false,true,false,
1096,2026-09-11T20:21:38.320020+00:00,109.600280,boot_safe,0.000000,0.00000,0.000000,0.00000,LOW,false,false,true,false,
1097,2026-09-11T20:21:38.420086+00:00,109.700313,boot_safe,0.000000,0.00000,0.000000,0.00000,LOW,false,false,true,false,
1098,2026-09-11T20:21:38.519919+00:00,109.800272,boot_safe,0.000000,0.00000,0.000000,0.00000,LOW,false,false,true,false,
1099,2026-09-11T20:21:38.620072+00:00,109.900299,boot_safe,0.000000,0.00000,0.000000,0.00000,LOW,false,false,true,false,
1100,2026-09-11T20:21:38.719928+00:00,110.000277,boot_safe,0.000000,0.00000,0.000000,0.00000,LOW,false,false,true,false,
1101,2026-09-11T20:21:38.820077+00:00,110.100304,boot_safe,0.000000,0.00000,0.000000,0.00000,LOW,false,false,true,false,
1102,2026-09-11T20:21:38.919932+00:00,110.200277,boot_safe,0.000000,0.00000,0.000000,0.00000,LOW,false,false,true,false,
1103,2026-09-11T20:21:39.020066+00:00,110.300304,boot_safe,0.000000,0.00000,0.000000,0.00000,LOW,false,false,true,false,
1104,2026-09-11T20:21:39.119915+00:00,110.400275,boot_safe,0.000000,0.00000,0.000000,0.00000,LOW,false,false,true,false,
1105,2026-09-11T20:21:39.220075+00:00,110.500305,boot_safe,0.000000,0.00000,0.000000,0.00000,LOW,false,false,true,false,
1106,2026-09-11T20:21:39.319921+00:00,110.600277,boot_safe,0.000000,0.00000,0.000000,0.00000,LOW,false,false,true,false,
1107,2026-09-11T20:21:39.420165+00:00,110.700335,boot_safe,0.000000,0.00000,0.000000,0.00000,LOW,false,false,true,false,
1108,2026-09-11T20:21:39.519931+00:00,110.800286,boot_safe,0.000000,0.00000,0.000000,0.00000,LOW,false,false,true,false,
1109,2026-09-11T20:21:39.620062+00:00,110.900305,boot_safe,0.000000,0.00000,0.000000,0.00000,LOW,false,false,true,false,
1110,2026-09-11T20:21:39.719923+00:00,111.000274,boot_safe,0.000000,0.00000,0.000000,0.00000,LOW,false,false,true,false,
1111,2026-09-11T20:21:39.820061+00:00,111.100302,boot_safe,0.000000,0.00000,0.000000,0.00000,LOW,false,false,true,false,
1112,2026-09-11T20:21:39.919915+00:00,111.200271,boot_safe,0.000000,0.00000,0.000000,0.00000,LOW,false,false,true,false,
1113,2026-09-11T20:21:40.020122+00:00,111.300303,boot_safe,0.000000,0.00000,0.000000,0.00000,LOW,false,false,true,false,
1114,2026-09-11T20:21:40.119879+00:00,111.400276,boot_safe,0.000000,0.00000,0.000000,0.00000,LOW,false,false,true,false,
1115,2026-09-11T20:21:40.220151+00:00,111.500308,boot_safe,0.000000,0.00000,0.000000,0.00000,LOW,false,false,true,false,
1116,2026-09-11T20:21:40.319934+00:00,111.600281,boot_safe,0.000000,0.00000,0.000000,0.00000,LOW,false,false,true,false,
1117,2026-09-11T20:21:40.420469+00:00,111.700463,boot_safe,0.000000,0.00000,0.000000,0.00000,LOW,false,false,true,false,
1118,2026-09-11T20:21:40.520226+00:00,111.800339,boot_safe,0.000000,0.00000,0.000000,0.00000,LOW,false,false,true,false,
1119,2026-09-11T20:21:40.620250+00:00,111.900303,boot_safe,0.000000,0.00000,0.000000,0.00000,LOW,false,false,true,false,
1120,2026-09-11T20:21:40.719856+00:00,112.000281,boot_safe,0.000000,0.00000,0.000000,0.00000,LOW,false,false,true,false,
1121,2026-09-11T20:21:40.820165+00:00,112.100309,boot_safe,0.000000,0.00000,0.000000,0.00000,LOW,false,false,true,false,
1122,2026-09-11T20:21:40.920029+00:00,112.200348,boot_safe,0.000000,0.00000,0.000000,0.00000,LOW,false,false,true,false,
1123,2026-09-11T20:21:41.020224+00:00,112.300331,boot_safe,0.000000,0.00000,0.000000,0.00000,LOW,false,false,true,false,
1124,2026-09-11T20:21:41.119856+00:00,112.400285,boot_safe,0.000000,0.00000,0.000000,0.00000,LOW,false,false,true,false,
1125,2026-09-11T20:21:41.220167+00:00,112.500317,boot_safe,0.000000,0.00000,0.000000,0.00000,LOW,false,false,true,false,
1126,2026-09-11T20:21:41.319845+00:00,112.600279,boot_safe,0.000000,0.00000,0.000000,0.00000,LOW,false,false,true,false,
1127,2026-09-11T20:21:41.420164+00:00,112.700311,boot_safe,0.000000,0.00000,0.000000,0.00000,LOW,false,false,true,false,
1128,2026-09-11T20:21:41.519847+00:00,112.800278,boot_safe,0.000000,0.00000,0.000000,0.00000,LOW,false,false,true,false,
1129,2026-09-11T20:21:41.620157+00:00,112.900306,boot_safe,0.000000,0.00000,0.000000,0.00000,LOW,false,false,true,false,
1130,2026-09-11T20:21:41.719838+00:00,113.000274,boot_safe,0.000000,0.00000,0.000000,0.00000,LOW,false,false,true,false,
1131,2026-09-11T20:21:41.820146+00:00,113.100301,boot_safe,0.000000,0.00000,0.000000,0.00000,LOW,false,false,true,false,
1132,2026-09-11T20:21:41.919864+00:00,113.200287,boot_safe,0.000000,0.00000,0.000000,0.00000,LOW,false,false,true,false,
1133,2026-09-11T20:21:42.020361+00:00,113.300425,boot_safe,0.000000,0.00000,0.000000,0.00000,LOW,false,false,true,false,
1134,2026-09-11T20:21:42.119877+00:00,113.400302,boot_safe,0.000000,0.00000,0.000000,0.00000,LOW,false,false,true,false,
1135,2026-09-11T20:21:42.220162+00:00,113.500315,boot_safe,0.000000,0.00000,0.000000,0.00000,LOW,false,false,true,false,
1136,2026-09-11T20:21:42.319839+00:00,113.600278,boot_safe,0.000000,0.00000,0.000000,0.00000,LOW,false,false,true,false,
1137,2026-09-11T20:21:42.420163+00:00,113.700309,boot_safe,0.000000,0.00000,0.000000,0.00000,LOW,false,false,true,false,
1138,2026-09-11T20:21:42.519858+00:00,113.800286,boot_safe,0.000000,0.00000,0.000000,0.00000,LOW,false,false,true,false,
1139,2026-09-11T20:21:42.620153+00:00,113.900307,boot_safe,0.000000,0.00000,0.000000,0.00000,LOW,false,false,true,false,
1140,2026-09-11T20:21:42.719848+00:00,114.000278,boot_safe,0.000000,0.00000,0.000000,0.00000,LOW,false,false,true,false,
1141,2026-09-11T20:21:42.820150+00:00,114.100307,boot_safe,0.000000,0.00000,0.000000,0.00000,LOW,false,false,true,false,
1142,2026-09-11T20:21:42.919858+00:00,114.200284,boot_safe,0.000000,0.00000,0.000000,0.00000,LOW,false,false,true,false,
1143,2026-09-11T20:21:43.020172+00:00,114.300310,boot_safe,0.000000,0.00000,0.000000,0.00000,LOW,false,false,true,false,
1144,2026-09-11T20:21:43.119860+00:00,114.400283,boot_safe,0.000000,0.00000,0.000000,0.00000,LOW,false,false,true,false,
1145,2026-09-11T20:21:43.220174+00:00,114.500314,boot_safe,0.000000,0.00000,0.000000,0.00000,LOW,false,false,true,false,
1146,2026-09-11T20:21:43.319914+00:00,114.600281,boot_safe,0.000000,0.00000,0.000000,0.00000,LOW,false,false,true,false,
1147,2026-09-11T20:21:43.420252+00:00,114.700360,boot_safe,0.000000,0.00000,0.000000,0.00000,LOW,false,false,true,false,
1148,2026-09-11T20:21:43.519952+00:00,114.800305,boot_safe,0.000000,0.00000,0.000000,0.00000,LOW,false,false,true,false,
1149,2026-09-11T20:21:43.619956+00:00,114.900343,boot_safe,0.000000,0.00000,0.000000,0.00000,LOW,false,false,true,false,
1150,2026-09-11T20:21:43.720167+00:00,115.000325,boot_safe,0.000000,0.00000,0.000000,0.00000,LOW,false,false,true,false,
1151,2026-09-11T20:21:43.819858+00:00,115.100286,boot_safe,0.000000,0.00000,0.000000,0.00000,LOW,false,false,true,false,
1152,2026-09-11T20:21:43.920158+00:00,115.200307,boot_safe,0.000000,0.00000,0.000000,0.00000,LOW,false,false,true,false,
1153,2026-09-11T20:21:44.019888+00:00,115.300297,boot_safe,0.000000,0.00000,0.000000,0.00000,LOW,false,false,true,false,
1154,2026-09-11T20:21:44.120147+00:00,115.400308,boot_safe,0.000000,0.00000,0.000000,0.00000,LOW,false,false,true,false,
1155,2026-09-11T20:21:44.219870+00:00,115.500291,boot_safe,0.000000,0.00000,0.000000,0.00000,LOW,false,false,true,false,
1156,2026-09-11T20:21:44.320168+00:00,115.600313,boot_safe,0.000000,0.00000,0.000000,0.00000,LOW,false,false,true,false,
1157,2026-09-11T20:21:44.419855+00:00,115.700282,boot_safe,0.000000,0.00000,0.000000,0.00000,LOW,false,false,true,false,
1158,2026-09-11T20:21:44.520172+00:00,115.800317,boot_safe,0.000000,0.00000,0.000000,0.00000,LOW,false,false,true,false,
1159,2026-09-11T20:21:44.619858+00:00,115.900282,boot_safe,0.000000,0.00000,0.000000,0.00000,LOW,false,false,true,false,
1160,2026-09-11T20:21:44.720146+00:00,116.000304,boot_safe,0.000000,0.00000,0.000000,0.00000,LOW,false,false,true,false,
1161,2026-09-11T20:21:44.819885+00:00,116.100298,boot_safe,0.000000,0.00000,0.000000,0.00000,LOW,false,false,true,false,
1162,2026-09-11T20:21:44.920160+00:00,116.200313,boot_safe,0.000000,0.00000,0.000000,0.00000,LOW,false,false,true,false,
1163,2026-09-11T20:21:45.019853+00:00,116.300280,boot_safe,0.000000,0.00000,0.000000,0.00000,LOW,false,false,true,false,
1164,2026-09-11T20:21:45.120161+00:00,116.400309,boot_safe,0.000000,0.00000,0.000000,0.00000,LOW,false,false,true,false,
1165,2026-09-11T20:21:45.220113+00:00,116.500407,boot_safe,0.000000,0.00000,0.000000,0.00000,LOW,false,false,true,false,
1166,2026-09-11T20:21:45.319878+00:00,116.600302,boot_safe,0.000000,0.00000,0.000000,0.00000,LOW,false,false,true,false,
1167,2026-09-11T20:21:45.420165+00:00,116.700313,boot_safe,0.000000,0.00000,0.000000,0.00000,LOW,false,false,true,false,
1168,2026-09-11T20:21:45.519860+00:00,116.800286,boot_safe,0.000000,0.00000,0.000000,0.00000,LOW,false,false,true,false,
1169,2026-09-11T20:21:45.620148+00:00,116.900309,boot_safe,0.000000,0.00000,0.000000,0.00000,LOW,false,false,true,false,
1170,2026-09-11T20:21:45.719854+00:00,117.000283,boot_safe,0.000000,0.00000,0.000000,0.00000,LOW,false,false,true,false,
1171,2026-09-11T20:21:45.820142+00:00,117.100306,boot_safe,0.000000,0.00000,0.000000,0.00000,LOW,false,false,true,false,
1172,2026-09-11T20:21:45.919848+00:00,117.200280,boot_safe,0.000000,0.00000,0.000000,0.00000,LOW,false,false,true,false,
1173,2026-09-11T20:21:46.020291+00:00,117.300370,boot_safe,0.000000,0.00000,0.000000,0.00000,LOW,false,false,true,false,
1174,2026-09-11T20:21:46.119871+00:00,117.400299,boot_safe,0.000000,0.00000,0.000000,0.00000,LOW,false,false,true,false,
1175,2026-09-11T20:21:46.220170+00:00,117.500318,boot_safe,0.000000,0.00000,0.000000,0.00000,LOW,false,false,true,false,
1176,2026-09-11T20:21:46.319859+00:00,117.600287,boot_safe,0.000000,0.00000,0.000000,0.00000,LOW,false,false,true,false,
1177,2026-09-11T20:21:46.420406+00:00,117.700455,boot_safe,0.000000,0.00000,0.000000,0.00000,LOW,false,false,true,false,
1178,2026-09-11T20:21:46.520217+00:00,117.800334,boot_safe,0.000000,0.00000,0.000000,0.00000,LOW,false,false,true,false,
1179,2026-09-11T20:21:46.620152+00:00,117.900311,boot_safe,0.000000,0.00000,0.000000,0.00000,LOW,false,false,true,false,
1180,2026-09-11T20:21:46.719847+00:00,118.000281,boot_safe,0.000000,0.00000,0.000000,0.00000,LOW,false,false,true,false,
1181,2026-09-11T20:21:46.820147+00:00,118.100302,boot_safe,0.000000,0.00000,0.000000,0.00000,LOW,false,false,true,false,
1182,2026-09-11T20:21:46.919838+00:00,118.200276,boot_safe,0.000000,0.00000,0.000000,0.00000,LOW,false,false,true,false,
1183,2026-09-11T20:21:47.020161+00:00,118.300307,boot_safe,0.000000,0.00000,0.000000,0.00000,LOW,false,false,true,false,
1184,2026-09-11T20:21:47.119858+00:00,118.400279,boot_safe,0.000000,0.00000,0.000000,0.00000,LOW,false,false,true,false,
1185,2026-09-11T20:21:47.220162+00:00,118.500309,boot_safe,0.000000,0.00000,0.000000,0.00000,LOW,false,false,true,false,
1186,2026-09-11T20:21:47.319884+00:00,118.600291,boot_safe,0.000000,0.00000,0.000000,0.00000,LOW,false,false,true,false,
1187,2026-09-11T20:21:47.420245+00:00,118.700330,boot_safe,0.000000,0.00000,0.000000,0.00000,LOW,false,false,true,false,
1188,2026-09-11T20:21:47.519869+00:00,118.800289,boot_safe,0.000000,0.00000,0.000000,0.00000,LOW,false,false,true,false,
1189,2026-09-11T20:21:47.620168+00:00,118.900314,boot_safe,0.000000,0.00000,0.000000,0.00000,LOW,false,false,true,false,
1190,2026-09-11T20:21:47.719851+00:00,119.000279,boot_safe,0.000000,0.00000,0.000000,0.00000,LOW,false,false,true,false,
1191,2026-09-11T20:21:47.820148+00:00,119.100303,boot_safe,0.000000,0.00000,0.000000,0.00000,LOW,false,false,true,false,
1192,2026-09-11T20:21:47.919888+00:00,119.200295,boot_safe,0.000000,0.00000,0.000000,0.00000,LOW,false,false,true,false,
1193,2026-09-11T20:21:48.020162+00:00,119.300311,boot_safe,0.000000,0.00000,0.000000,0.00000,LOW,false,false,true,false,
1194,2026-09-11T20:21:48.119853+00:00,119.400280,boot_safe,0.000000,0.00000,0.000000,0.00000,LOW,false,false,true,false,
1195,2026-09-11T20:21:48.220161+00:00,119.500307,boot_safe,0.000000,0.00000,0.000000,0.00000,LOW,false,false,true,false,
1196,2026-09-11T20:21:48.319861+00:00,119.600282,boot_safe,0.000000,0.00000,0.000000,0.00000,LOW,false,false,true,false,
1197,2026-09-11T20:21:48.420318+00:00,119.700390,boot_safe,0.000000,0.00000,0.000000,0.00000,LOW,false,false,true,false,
1198,2026-09-11T20:21:48.520172+00:00,119.800323,boot_safe,0.000000,0.00000,0.000000,0.00000,LOW,false,false,true,false,
1199,2026-09-11T20:21:48.619876+00:00,119.900289,boot_safe,0.000000,0.00000,0.000000,0.00000,LOW,false,false,true,false,
1200,2026-09-11T20:21:48.720154+00:00,120.000304,boot_safe,0.000000,0.00000,0.000000,0.00000,LOW,false,false,true,false,
1201,2026-09-11T20:21:48.819859+00:00,120.100281,boot_safe,0.000000,0.00000,0.000000,0.00000,LOW,false,false,true,false,
1202,2026-09-11T20:21:48.920161+00:00,120.200307,boot_safe,0.000000,0.00000,0.000000,0.00000,LOW,false,false,true,false,
1203,2026-09-11T20:21:49.019865+00:00,120.300285,boot_safe,0.000000,0.00000,0.000000,0.00000,LOW,false,false,true,false,
1204,2026-09-11T20:21:49.120153+00:00,120.400309,boot_safe,0.000000,0.00000,0.000000,0.00000,LOW,false,false,true,false,
1205,2026-09-11T20:21:49.219852+00:00,120.500283,boot_safe,0.000000,0.00000,0.000000,0.00000,LOW,false,false,true,false,
1206,2026-09-11T20:21:49.320193+00:00,120.600311,boot_safe,0.000000,0.00000,0.000000,0.00000,LOW,false,false,true,false,
1207,2026-09-11T20:21:49.419922+00:00,120.700323,boot_safe,0.000000,0.00000,0.000000,0.00000,LOW,false,false,true,false,
1208,2026-09-11T20:21:49.520348+00:00,120.800422,boot_safe,0.000000,0.00000,0.000000,0.00000,LOW,false,false,true,false,
1209,2026-09-11T20:21:49.619883+00:00,120.900305,boot_safe,0.000000,0.00000,0.000000,0.00000,LOW,false,false,true,false,
1210,2026-09-11T20:21:49.720247+00:00,121.000345,boot_safe,0.000000,0.00000,0.000000,0.00000,LOW,false,false,true,false,
1211,2026-09-11T20:21:49.819909+00:00,121.100305,boot_safe,0.000000,0.00000,0.000000,0.00000,LOW,false,false,true,false,
1212,2026-09-11T20:21:49.920168+00:00,121.200312,boot_safe,0.000000,0.00000,0.000000,0.00000,LOW,false,false,true,false,
1213,2026-09-11T20:21:50.019846+00:00,121.300276,boot_safe,0.000000,0.00000,0.000000,0.00000,LOW,false,false,true,false,
1214,2026-09-11T20:21:50.120168+00:00,121.400308,boot_safe,0.000000,0.00000,0.000000,0.00000,LOW,false,false,true,false,
1215,2026-09-11T20:21:50.219851+00:00,121.500278,boot_safe,0.000000,0.00000,0.000000,0.00000,LOW,false,false,true,false,
1216,2026-09-11T20:21:50.320162+00:00,121.600308,boot_safe,0.000000,0.00000,0.000000,0.00000,LOW,false,false,true,false,
1217,2026-09-11T20:21:50.419859+00:00,121.700280,boot_safe,0.000000,0.00000,0.000000,0.00000,LOW,false,false,true,false,
1218,2026-09-11T20:21:50.520164+00:00,121.800308,boot_safe,0.000000,0.00000,0.000000,0.00000,LOW,false,false,true,false,
1219,2026-09-11T20:21:50.619856+00:00,121.900281,boot_safe,0.000000,0.00000,0.000000,0.00000,LOW,false,false,true,false,
1220,2026-09-11T20:21:50.720165+00:00,122.000311,boot_safe,0.000000,0.00000,0.000000,0.00000,LOW,false,false,true,false,
1221,2026-09-11T20:21:50.819844+00:00,122.100276,boot_safe,0.000000,0.00000,0.000000,0.00000,LOW,false,false,true,false,
1222,2026-09-11T20:21:50.920155+00:00,122.200307,boot_safe,0.000000,0.00000,0.000000,0.00000,LOW,false,false,true,false,
1223,2026-09-11T20:21:51.019849+00:00,122.300281,boot_safe,0.000000,0.00000,0.000000,0.00000,LOW,false,false,true,false,
1224,2026-09-11T20:21:51.120042+00:00,122.400384,boot_safe,0.000000,0.00000,0.000000,0.00000,LOW,false,false,true,false,
1225,2026-09-11T20:21:51.220223+00:00,122.500331,boot_safe,0.000000,0.00000,0.000000,0.00000,LOW,false,false,true,false,
1226,2026-09-11T20:21:51.319862+00:00,122.600288,boot_safe,0.000000,0.00000,0.000000,0.00000,LOW,false,false,true,false,
1227,2026-09-11T20:21:51.420237+00:00,122.700337,boot_safe,0.000000,0.00000,0.000000,0.00000,LOW,false,false,true,false,
1228,2026-09-11T20:21:51.519870+00:00,122.800293,boot_safe,0.000000,0.00000,0.000000,0.00000,LOW,false,false,true,false,
1229,2026-09-11T20:21:51.620161+00:00,122.900310,boot_safe,0.000000,0.00000,0.000000,0.00000,LOW,false,false,true,false,
1230,2026-09-11T20:21:51.719865+00:00,123.000286,boot_safe,0.000000,0.00000,0.000000,0.00000,LOW,false,false,true,false,
1231,2026-09-11T20:21:51.820152+00:00,123.100308,boot_safe,0.000000,0.00000,0.000000,0.00000,LOW,false,false,true,false,
1232,2026-09-11T20:21:51.919856+00:00,123.200281,boot_safe,0.000000,0.00000,0.000000,0.00000,LOW,false,false,true,false,
1233,2026-09-11T20:21:52.020362+00:00,123.300421,boot_safe,0.000000,0.00000,0.000000,0.00000,LOW,false,false,true,false,
1234,2026-09-11T20:21:52.119917+00:00,123.400318,boot_safe,0.000000,0.00000,0.000000,0.00000,LOW,false,false,true,false,
1235,2026-09-11T20:21:52.220182+00:00,123.500322,boot_safe,0.000000,0.00000,0.000000,0.00000,LOW,false,false,true,false,
1236,2026-09-11T20:21:52.319939+00:00,123.600282,boot_safe,0.000000,0.00000,0.000000,0.00000,LOW,false,false,true,false,
1237,2026-09-11T20:21:52.420417+00:00,123.700461,boot_safe,0.000000,0.00000,0.000000,0.00000,LOW,false,false,true,false,
1238,2026-09-11T20:21:52.519969+00:00,123.800325,boot_safe,0.000000,0.00000,0.000000,0.00000,LOW,false,false,true,false,
1239,2026-09-11T20:21:52.620307+00:00,123.900397,boot_safe,0.000000,0.00000,0.000000,0.00000,LOW,false,false,true,false,
1240,2026-09-11T20:21:52.719900+00:00,124.000314,boot_safe,0.000000,0.00000,0.000000,0.00000,LOW,false,false,true,false,
1241,2026-09-11T20:21:52.820330+00:00,124.100408,boot_safe,0.000000,0.00000,0.000000,0.00000,LOW,false,false,true,false,
1242,2026-09-11T20:21:52.919904+00:00,124.200309,boot_safe,0.000000,0.00000,0.000000,0.00000,LOW,false,false,true,false,
1243,2026-09-11T20:21:53.020252+00:00,124.300338,boot_safe,0.000000,0.00000,0.000000,0.00000,LOW,false,false,true,false,
1244,2026-09-11T20:21:53.119884+00:00,124.400301,boot_safe,0.000000,0.00000,0.000000,0.00000,LOW,false,false,true,false,
1245,2026-09-11T20:21:53.220051+00:00,124.500385,boot_safe,0.000000,0.00000,0.000000,0.00000,LOW,false,false,true,false,
1246,2026-09-11T20:21:53.320250+00:00,124.600342,boot_safe,0.000000,0.00000,0.000000,0.00000,LOW,false,false,true,false,
1247,2026-09-11T20:21:53.420359+00:00,124.700426,boot_safe,0.000000,0.00000,0.000000,0.00000,LOW,false,false,true,false,
1248,2026-09-11T20:21:53.519885+00:00,124.800307,boot_safe,0.000000,0.00000,0.000000,0.00000,LOW,false,false,true,false,
1249,2026-09-11T20:21:53.620173+00:00,124.900315,boot_safe,0.000000,0.00000,0.000000,0.00000,LOW,false,false,true,false,
1250,2026-09-11T20:21:53.719926+00:00,125.000313,boot_safe,0.000000,0.00000,0.000000,0.00000,LOW,false,false,true,false,
1251,2026-09-11T20:21:53.820184+00:00,125.100325,boot_safe,0.000000,0.00000,0.000000,0.00000,LOW,false,false,true,false,
1252,2026-09-11T20:21:53.919912+00:00,125.200307,boot_safe,0.000000,0.00000,0.000000,0.00000,LOW,false,false,true,false,
1253,2026-09-11T20:21:54.020162+00:00,125.300313,boot_safe,0.000000,0.00000,0.000000,0.00000,LOW,false,false,true,false,
1254,2026-09-11T20:21:54.119893+00:00,125.400300,boot_safe,0.000000,0.00000,0.000000,0.00000,LOW,false,false,true,false,
1255,2026-09-11T20:21:54.220166+00:00,125.500313,boot_safe,0.000000,0.00000,0.000000,0.00000,LOW,false,false,true,false,
1256,2026-09-11T20:21:54.319850+00:00,125.600279,boot_safe,0.000000,0.00000,0.000000,0.00000,LOW,false,false,true,false,
1257,2026-09-11T20:21:54.420366+00:00,125.700416,boot_safe,0.000000,0.00000,0.000000,0.00000,LOW,false,false,true,false,
1258,2026-09-11T20:21:54.519895+00:00,125.800299,boot_safe,0.000000,0.00000,0.000000,0.00000,LOW,false,false,true,false,
1259,2026-09-11T20:21:54.620337+00:00,125.900410,boot_safe,0.000000,0.00000,0.000000,0.00000,LOW,false,false,true,false,
1260,2026-09-11T20:21:54.719871+00:00,126.000299,boot_safe,0.000000,0.00000,0.000000,0.00000,LOW,false,false,true,false,
1261,2026-09-11T20:21:54.820164+00:00,126.100316,boot_safe,0.000000,0.00000,0.000000,0.00000,LOW,false,false,true,false,
1262,2026-09-11T20:21:54.919900+00:00,126.200307,boot_safe,0.000000,0.00000,0.000000,0.00000,LOW,false,false,true,false,
1263,2026-09-11T20:21:55.020162+00:00,126.300316,boot_safe,0.000000,0.00000,0.000000,0.00000,LOW,false,false,true,false,
1264,2026-09-11T20:21:55.119910+00:00,126.400307,boot_safe,0.000000,0.00000,0.000000,0.00000,LOW,false,false,true,false,
1265,2026-09-11T20:21:55.220348+00:00,126.500408,boot_safe,0.000000,0.00000,0.000000,0.00000,LOW,false,false,true,false,
1266,2026-09-11T20:21:55.319898+00:00,126.600309,boot_safe,0.000000,0.00000,0.000000,0.00000,LOW,false,false,true,false,
1267,2026-09-11T20:21:55.420416+00:00,126.700420,boot_safe,0.000000,0.00000,0.000000,0.00000,LOW,false,false,true,false,
1268,2026-09-11T20:21:55.519930+00:00,126.800330,boot_safe,0.000000,0.00000,0.000000,0.00000,LOW,false,false,true,false,
1269,2026-09-11T20:21:55.620176+00:00,126.900321,boot_safe,0.000000,0.00000,0.000000,0.00000,LOW,false,false,true,false,
1270,2026-09-11T20:21:55.720018+00:00,127.000357,boot_safe,0.000000,0.00000,0.000000,0.00000,LOW,false,false,true,false,
1271,2026-09-11T20:21:55.820253+00:00,127.100353,boot_safe,0.000000,0.00000,0.000000,0.00000,LOW,false,false,true,false,
1272,2026-09-11T20:21:55.919861+00:00,127.200288,boot_safe,0.000000,0.00000,0.000000,0.00000,LOW,false,false,true,false,
1273,2026-09-11T20:21:56.020157+00:00,127.300311,boot_safe,0.000000,0.00000,0.000000,0.00000,LOW,false,false,true,false,
1274,2026-09-11T20:21:56.119862+00:00,127.400284,boot_safe,0.000000,0.00000,0.000000,0.00000,LOW,false,false,true,false,
1275,2026-09-11T20:21:56.220513+00:00,127.500392,boot_safe,0.000000,0.00000,0.000000,0.00000,LOW,false,false,true,false,
1276,2026-09-11T20:21:56.319947+00:00,127.600333,boot_safe,0.000000,0.00000,0.000000,0.00000,LOW,false,false,true,false,
1277,2026-09-11T20:21:56.420181+00:00,127.700320,boot_safe,0.000000,0.00000,0.000000,0.00000,LOW,false,false,true,false,
1278,2026-09-11T20:21:56.519862+00:00,127.800285,boot_safe,0.000000,0.00000,0.000000,0.00000,LOW,false,false,true,false,
1279,2026-09-11T20:21:56.620162+00:00,127.900308,boot_safe,0.000000,0.00000,0.000000,0.00000,LOW,false,false,true,false,
1280,2026-09-11T20:21:56.719884+00:00,128.000283,boot_safe,0.000000,0.00000,0.000000,0.00000,LOW,false,false,true,false,
1281,2026-09-11T20:21:56.820241+00:00,128.100331,boot_safe,0.000000,0.00000,0.000000,0.00000,LOW,false,false,true,false,
1282,2026-09-11T20:21:56.919885+00:00,128.200286,boot_safe,0.000000,0.00000,0.000000,0.00000,LOW,false,false,true,false,
1283,2026-09-11T20:21:57.020172+00:00,128.300320,boot_safe,0.000000,0.00000,0.000000,0.00000,LOW,false,false,true,false,
1284,2026-09-11T20:21:57.120153+00:00,128.400309,boot_safe,0.000000,0.00000,0.000000,0.00000,LOW,false,false,true,false,
1285,2026-09-11T20:21:57.219916+00:00,128.500305,boot_safe,0.000000,0.00000,0.000000,0.00000,LOW,false,false,true,false,
1286,2026-09-11T20:21:57.320168+00:00,128.600303,boot_safe,0.000000,0.00000,0.000000,0.00000,LOW,false,false,true,false,
1287,2026-09-11T20:21:57.419936+00:00,128.700309,boot_safe,0.000000,0.00000,0.000000,0.00000,LOW,false,false,true,false,
1288,2026-09-11T20:21:57.520086+00:00,128.800282,boot_safe,0.000000,0.00000,0.000000,0.00000,LOW,false,false,true,false,
1289,2026-09-11T20:21:57.619941+00:00,128.900309,boot_safe,0.000000,0.00000,0.000000,0.00000,LOW,false,false,true,false,
1290,2026-09-11T20:21:57.720154+00:00,129.000364,boot_safe,0.000000,0.00000,0.000000,0.00000,LOW,false,false,true,false,
1291,2026-09-11T20:21:57.820037+00:00,129.100398,boot_safe,0.000000,0.00000,0.000000,0.00000,LOW,false,false,true,false,
1292,2026-09-11T20:21:57.920134+00:00,129.200271,boot_safe,0.000000,0.00000,0.000000,0.00000,LOW,false,false,true,false,
1293,2026-09-11T20:21:58.020091+00:00,129.300306,boot_safe,0.000000,0.00000,0.000000,0.00000,LOW,false,false,true,false,
1294,2026-09-11T20:21:58.120048+00:00,129.400275,boot_safe,0.000000,0.00000,0.000000,0.00000,LOW,false,false,true,false,
1295,2026-09-11T20:21:58.219942+00:00,129.500307,boot_safe,0.000000,0.00000,0.000000,0.00000,LOW,false,false,true,false,
1296,2026-09-11T20:21:58.320061+00:00,129.600276,boot_safe,0.000000,0.00000,0.000000,0.00000,LOW,false,false,true,false,
1297,2026-09-11T20:21:58.420204+00:00,129.700455,boot_safe,0.000000,0.00000,0.000000,0.00000,LOW,false,false,true,false,
1298,2026-09-11T20:21:58.520110+00:00,129.800304,boot_safe,0.000000,0.00000,0.000000,0.00000,LOW,false,false,true,false,
1299,2026-09-11T20:21:58.619953+00:00,129.900314,boot_safe,0.000000,0.00000,0.000000,0.00000,LOW,false,false,true,false,
1300,2026-09-11T20:21:58.720065+00:00,130.000279,boot_safe,0.000000,0.00000,0.000000,0.00000,LOW,false,false,true,false,
1301,2026-09-11T20:21:58.819956+00:00,130.100305,boot_safe,0.000000,0.00000,0.000000,0.00000,LOW,false,false,true,false,
1302,2026-09-11T20:21:58.920068+00:00,130.200280,boot_safe,0.000000,0.00000,0.000000,0.00000,LOW,false,false,true,false,
1303,2026-09-11T20:21:59.019936+00:00,130.300302,boot_safe,0.000000,0.00000,0.000000,0.00000,LOW,false,false,true,false,
1304,2026-09-11T20:21:59.120262+00:00,130.400380,boot_safe,0.000000,0.00000,0.000000,0.00000,LOW,false,false,true,false,
1305,2026-09-11T20:21:59.219975+00:00,130.500328,boot_safe,0.000000,0.00000,0.000000,0.00000,LOW,false,false,true,false,
1306,2026-09-11T20:21:59.320065+00:00,130.600284,boot_safe,0.000000,0.00000,0.000000,0.00000,LOW,false,false,true,false,
1307,2026-09-11T20:21:59.420026+00:00,130.700326,boot_safe,0.000000,0.00000,0.000000,0.00000,LOW,false,false,true,false,
1308,2026-09-11T20:21:59.520085+00:00,130.800285,boot_safe,0.000000,0.00000,0.000000,0.00000,LOW,false,false,true,false,
1309,2026-09-11T20:21:59.620038+00:00,130.900323,boot_safe,0.000000,0.00000,0.000000,0.00000,LOW,false,false,true,false,
1310,2026-09-11T20:21:59.720078+00:00,131.000284,boot_safe,0.000000,0.00000,0.000000,0.00000,LOW,false,false,true,false,
1311,2026-09-11T20:21:59.819972+00:00,131.100309,boot_safe,0.000000,0.00000,0.000000,0.00000,LOW,false,false,true,false,
1312,2026-09-11T20:21:59.920246+00:00,131.200350,boot_safe,0.000000,0.00000,0.000000,0.00000,LOW,false,false,true,false,
1313,2026-09-11T20:22:00.020080+00:00,131.300326,boot_safe,0.000000,0.00000,0.000000,0.00000,LOW,false,false,true,false,
1314,2026-09-11T20:22:00.120002+00:00,131.400296,boot_safe,0.000000,0.00000,0.000000,0.00000,LOW,false,false,true,false,
1315,2026-09-11T20:22:00.220076+00:00,131.500312,boot_safe,0.000000,0.00000,0.000000,0.00000,LOW,false,false,true,false,
1316,2026-09-11T20:22:00.320118+00:00,131.600275,boot_safe,0.000000,0.00000,0.000000,0.00000,LOW,false,false,true,false,
1317,2026-09-11T20:22:00.420703+00:00,131.700704,ch1_idle_4v7_board_power_led_only_k1_off,0.000000,0.00000,0.000000,0.00000,LOW,false,false,true,false,mark:ch1_idle_4v7_board_power_led_only_k1_off
