sample_index,timestamp_utc,elapsed_s,phase,a0_voltage_v,pressure_emulator_bar,a1_voltage_v,flow_emulator_l_min,gpio24_raw_level,estop_active,permit_requested,trip_latched,gpio23_command_high,event
0,2026-09-11T15:44:43.411743+00:00,0.006864,boot_safe,0.000000,0.00000,0.000000,0.00000,HIGH,true,false,true,false,logger_started_output_safe
1,2026-09-11T15:44:43.505022+00:00,0.100283,boot_safe,0.000000,0.00000,0.000000,0.00000,HIGH,true,false,true,false,
2,2026-09-11T15:44:43.604910+00:00,0.200212,boot_safe,0.000000,0.00000,0.000000,0.00000,HIGH,true,false,true,false,
3,2026-09-11T15:44:43.704877+00:00,0.300196,boot_safe,0.000000,0.00000,0.000000,0.00000,HIGH,true,false,true,false,
4,2026-09-11T15:44:43.804869+00:00,0.400191,boot_safe,0.000000,0.00000,0.000000,0.00000,HIGH,true,false,true,false,
5,2026-09-11T15:44:43.904889+00:00,0.500195,boot_safe,0.000000,0.00000,0.000000,0.00000,HIGH,true,false,true,false,
6,2026-09-11T15:44:44.004885+00:00,0.600198,boot_safe,0.000000,0.00000,0.000000,0.00000,HIGH,true,false,true,false,
7,2026-09-11T15:44:44.104865+00:00,0.700188,boot_safe,0.000000,0.00000,0.000000,0.00000,HIGH,true,false,true,false,
8,2026-09-11T15:44:44.205029+00:00,0.800308,boot_safe,0.000000,0.00000,0.000000,0.00000,HIGH,true,false,true,false,
9,2026-09-11T15:44:44.304890+00:00,0.900206,boot_safe,0.000000,0.00000,0.000000,0.00000,HIGH,true,false,true,false,
10,2026-09-11T15:44:44.404866+00:00,1.000191,boot_safe,0.000000,0.00000,0.000000,0.00000,HIGH,true,false,true,false,
11,2026-09-11T15:44:44.504864+00:00,1.100187,boot_safe,0.000000,0.00000,0.000000,0.00000,HIGH,true,false,true,false,
12,2026-09-11T15:44:44.604865+00:00,1.200184,boot_safe,0.000000,0.00000,0.000000,0.00000,HIGH,true,false,true,false,
13,2026-09-11T15:44:44.704877+00:00,1.300185,boot_safe,0.000000,0.00000,0.000000,0.00000,HIGH,true,false,true,false,
14,2026-09-11T15:44:44.804857+00:00,1.400181,boot_safe,0.000000,0.00000,0.000000,0.00000,HIGH,true,false,true,false,
15,2026-09-11T15:44:44.904876+00:00,1.500192,boot_safe,0.000000,0.00000,0.000000,0.00000,HIGH,true,false,true,false,
16,2026-09-11T15:44:45.004870+00:00,1.600190,boot_safe,0.000000,0.00000,0.000000,0.00000,HIGH,true,false,true,false,
17,2026-09-11T15:44:45.104868+00:00,1.700187,boot_safe,0.000000,0.00000,0.000000,0.00000,HIGH,true,false,true,false,
18,2026-09-11T15:44:45.204862+00:00,1.800185,boot_safe,0.000000,0.00000,0.000000,0.00000,HIGH,true,false,true,false,
19,2026-09-11T15:44:45.304853+00:00,1.900179,boot_safe,0.000000,0.00000,0.000000,0.00000,HIGH,true,false,true,false,
20,2026-09-11T15:44:45.404859+00:00,2.000184,boot_safe,0.000000,0.00000,0.000000,0.00000,HIGH,true,false,true,false,
21,2026-09-11T15:44:45.504857+00:00,2.100181,boot_safe,0.000000,0.00000,0.000000,0.00000,HIGH,true,false,true,false,
22,2026-09-11T15:44:45.604862+00:00,2.200181,boot_safe,0.000000,0.00000,0.000000,0.00000,HIGH,true,false,true,false,
23,2026-09-11T15:44:45.704856+00:00,2.300183,boot_safe,0.000000,0.00000,0.000000,0.00000,HIGH,true,false,true,false,
24,2026-09-11T15:44:45.804868+00:00,2.400188,boot_safe,0.000000,0.00000,0.000000,0.00000,HIGH,true,false,true,false,
25,2026-09-11T15:44:45.904866+00:00,2.500184,boot_safe,0.000000,0.00000,0.000000,0.00000,HIGH,true,false,true,false,
26,2026-09-11T15:44:46.004878+00:00,2.600197,boot_safe,0.000000,0.00000,0.000000,0.00000,HIGH,true,false,true,false,
27,2026-09-11T15:44:46.104858+00:00,2.700184,boot_safe,0.000000,0.00000,0.000000,0.00000,HIGH,true,false,true,false,
28,2026-09-11T15:44:46.204865+00:00,2.800180,boot_safe,0.000000,0.00000,0.000000,0.00000,HIGH,true,false,true,false,
29,2026-09-11T15:44:46.305048+00:00,2.900289,boot_safe,0.000000,0.00000,0.000000,0.00000,HIGH,true,false,true,false,
30,2026-09-11T15:44:46.404892+00:00,3.000208,boot_safe,0.000000,0.00000,0.000000,0.00000,HIGH,true,false,true,false,
31,2026-09-11T15:44:46.505020+00:00,3.100272,boot_safe,0.000000,0.00000,0.000000,0.00000,HIGH,true,false,true,false,
32,2026-09-11T15:44:46.604898+00:00,3.200207,boot_safe,0.000000,0.00000,0.000000,0.00000,HIGH,true,false,true,false,
33,2026-09-11T15:44:46.704918+00:00,3.300214,boot_safe,0.000000,0.00000,0.000000,0.00000,HIGH,true,false,true,false,
34,2026-09-11T15:44:46.805012+00:00,3.400257,boot_safe,0.000000,0.00000,0.000000,0.00000,HIGH,true,false,true,false,
35,2026-09-11T15:44:46.904904+00:00,3.500212,boot_safe,0.000000,0.00000,0.000000,0.00000,HIGH,true,false,true,false,
36,2026-09-11T15:44:47.004948+00:00,3.600211,boot_safe,0.000000,0.00000,0.000000,0.00000,HIGH,true,false,true,false,
37,2026-09-11T15:44:47.105023+00:00,3.700266,boot_safe,0.000000,0.00000,0.000000,0.00000,HIGH,true,false,true,false,
38,2026-09-11T15:44:47.204943+00:00,3.800232,boot_safe,0.000000,0.00000,0.000000,0.00000,HIGH,true,false,true,false,
39,2026-09-11T15:44:47.305024+00:00,3.900265,boot_safe,0.000000,0.00000,0.000000,0.00000,HIGH,true,false,true,false,
40,2026-09-11T15:44:47.404910+00:00,4.000212,boot_safe,0.000000,0.00000,0.000000,0.00000,HIGH,true,false,true,false,
41,2026-09-11T15:44:47.505033+00:00,4.100281,boot_safe,0.000000,0.00000,0.000000,0.00000,HIGH,true,false,true,false,
42,2026-09-11T15:44:47.604907+00:00,4.200214,boot_safe,0.000000,0.00000,0.000000,0.00000,HIGH,true,false,true,false,
43,2026-09-11T15:44:47.705060+00:00,4.300280,boot_safe,0.000000,0.00000,0.000000,0.00000,HIGH,true,false,true,false,
44,2026-09-11T15:44:47.806136+00:00,4.400324,boot_safe,0.000000,0.00000,0.000000,0.00000,HIGH,true,false,true,false,
45,2026-09-11T15:44:47.906395+00:00,4.500334,boot_safe,0.000000,0.00000,0.000000,0.00000,HIGH,true,false,true,false,
46,2026-09-11T15:44:48.006161+00:00,4.600339,boot_safe,0.000000,0.00000,0.000000,0.00000,HIGH,true,false,true,false,
47,2026-09-11T15:44:48.106386+00:00,4.700331,boot_safe,0.000000,0.00000,0.000000,0.00000,HIGH,true,false,true,false,
48,2026-09-11T15:44:48.206124+00:00,4.800318,boot_safe,0.000000,0.00000,0.000000,0.00000,HIGH,true,false,true,false,
49,2026-09-11T15:44:48.306392+00:00,4.900330,boot_safe,0.000000,0.00000,0.000000,0.00000,HIGH,true,false,true,false,
50,2026-09-11T15:44:48.406106+00:00,5.000308,boot_safe,0.000000,0.00000,0.000000,0.00000,HIGH,true,false,true,false,
51,2026-09-11T15:44:48.506532+00:00,5.100402,boot_safe,0.000000,0.00000,0.000000,0.00000,HIGH,true,false,true,false,
52,2026-09-11T15:44:48.606105+00:00,5.200319,boot_safe,0.000000,0.00000,0.000000,0.00000,HIGH,true,false,true,false,
53,2026-09-11T15:44:48.706396+00:00,5.300330,boot_safe,0.000000,0.00000,0.000000,0.00000,HIGH,true,false,true,false,
54,2026-09-11T15:44:48.806099+00:00,5.400304,boot_safe,0.000000,0.00000,0.000000,0.00000,HIGH,true,false,true,false,
55,2026-09-11T15:44:48.906604+00:00,5.500442,boot_safe,0.000000,0.00000,0.000000,0.00000,HIGH,true,false,true,false,
56,2026-09-11T15:44:49.006426+00:00,5.600356,boot_safe,0.000000,0.00000,0.000000,0.00000,HIGH,true,false,true,false,
57,2026-09-11T15:44:49.106104+00:00,5.700318,boot_safe,0.000000,0.00000,0.000000,0.00000,HIGH,true,false,true,false,
58,2026-09-11T15:44:49.206379+00:00,5.800322,boot_safe,0.000000,0.00000,0.000000,0.00000,HIGH,true,false,true,false,
59,2026-09-11T15:44:49.306076+00:00,5.900292,boot_safe,0.000000,0.00000,0.000000,0.00000,HIGH,true,false,true,false,
60,2026-09-11T15:44:49.406444+00:00,6.000344,boot_safe,0.000000,0.00000,0.000000,0.00000,HIGH,true,false,true,false,
61,2026-09-11T15:44:49.506256+00:00,6.100310,boot_safe,0.000000,0.00000,0.000000,0.00000,HIGH,true,false,true,false,
62,2026-09-11T15:44:49.606461+00:00,6.200371,boot_safe,0.000000,0.00000,0.000000,0.00000,HIGH,true,false,true,false,
63,2026-09-11T15:44:49.706090+00:00,6.300306,boot_safe,0.000000,0.00000,0.000000,0.00000,HIGH,true,false,true,false,
64,2026-09-11T15:44:49.806390+00:00,6.400324,boot_safe,0.000000,0.00000,0.000000,0.00000,HIGH,true,false,true,false,
65,2026-09-11T15:44:49.906077+00:00,6.500296,boot_safe,0.000000,0.00000,0.000000,0.00000,HIGH,true,false,true,false,
66,2026-09-11T15:44:50.006405+00:00,6.600327,boot_safe,0.000000,0.00000,0.000000,0.00000,HIGH,true,false,true,false,
67,2026-09-11T15:44:50.106099+00:00,6.700309,boot_safe,0.000000,0.00000,0.000000,0.00000,HIGH,true,false,true,false,
68,2026-09-11T15:44:50.206633+00:00,6.800474,boot_safe,0.000000,0.00000,0.000000,0.00000,HIGH,true,false,true,false,
69,2026-09-11T15:44:50.306388+00:00,6.900332,boot_safe,0.000000,0.00000,0.000000,0.00000,HIGH,true,false,true,false,
70,2026-09-11T15:44:50.406081+00:00,7.000295,boot_safe,0.000000,0.00000,0.000000,0.00000,HIGH,true,false,true,false,
71,2026-09-11T15:44:50.506426+00:00,7.100337,boot_safe,0.000000,0.00000,0.000000,0.00000,HIGH,true,false,true,false,
72,2026-09-11T15:44:50.606081+00:00,7.200295,boot_safe,0.000000,0.00000,0.000000,0.00000,HIGH,true,false,true,false,
73,2026-09-11T15:44:50.706380+00:00,7.300320,boot_safe,0.000000,0.00000,0.000000,0.00000,HIGH,true,false,true,false,
74,2026-09-11T15:44:50.806273+00:00,7.400406,boot_safe,0.000000,0.00000,0.000000,0.00000,HIGH,true,false,true,false,
75,2026-09-11T15:44:50.906528+00:00,7.500402,boot_safe,0.000000,0.00000,0.000000,0.00000,HIGH,true,false,true,false,
76,2026-09-11T15:44:51.006110+00:00,7.600312,boot_safe,0.000000,0.00000,0.000000,0.00000,HIGH,true,false,true,false,
77,2026-09-11T15:44:51.106411+00:00,7.700335,boot_safe,0.000000,0.00000,0.000000,0.00000,HIGH,true,false,true,false,
78,2026-09-11T15:44:51.206454+00:00,7.800359,boot_safe,0.000000,0.00000,0.000000,0.00000,HIGH,true,false,true,false,
79,2026-09-11T15:44:51.306416+00:00,7.900341,boot_safe,0.000000,0.00000,0.000000,0.00000,HIGH,true,false,true,false,
80,2026-09-11T15:44:51.406084+00:00,8.000300,boot_safe,0.000000,0.00000,0.000000,0.00000,HIGH,true,false,true,false,
81,2026-09-11T15:44:51.506427+00:00,8.100345,boot_safe,0.000000,0.00000,0.000000,0.00000,HIGH,true,false,true,false,
82,2026-09-11T15:44:51.606082+00:00,8.200302,boot_safe,0.000000,0.00000,0.000000,0.00000,HIGH,true,false,true,false,
83,2026-09-11T15:44:51.706401+00:00,8.300325,boot_safe,0.000000,0.00000,0.000000,0.00000,HIGH,true,false,true,false,
84,2026-09-11T15:44:51.806083+00:00,8.400293,boot_safe,0.000000,0.00000,0.000000,0.00000,HIGH,true,false,true,false,
85,2026-09-11T15:44:51.906381+00:00,8.500320,boot_safe,0.000000,0.00000,0.000000,0.00000,HIGH,true,false,true,false,
86,2026-09-11T15:44:52.006093+00:00,8.600299,boot_safe,0.000000,0.00000,0.000000,0.00000,HIGH,true,false,true,false,
87,2026-09-11T15:44:52.106397+00:00,8.700330,boot_safe,0.000000,0.00000,0.000000,0.00000,HIGH,true,false,true,false,
88,2026-09-11T15:44:52.206280+00:00,8.800410,boot_safe,0.000000,0.00000,0.000000,0.00000,HIGH,true,false,true,false,
89,2026-09-11T15:44:52.306463+00:00,8.900371,boot_safe,0.000000,0.00000,0.000000,0.00000,HIGH,true,false,true,false,
90,2026-09-11T15:44:52.406133+00:00,9.000325,boot_safe,0.000000,0.00000,0.000000,0.00000,HIGH,true,false,true,false,
91,2026-09-11T15:44:52.506443+00:00,9.100354,boot_safe,0.000000,0.00000,0.000000,0.00000,HIGH,true,false,true,false,
92,2026-09-11T15:44:52.606089+00:00,9.200299,boot_safe,0.000000,0.00000,0.000000,0.00000,HIGH,true,false,true,false,
93,2026-09-11T15:44:52.706571+00:00,9.300423,boot_safe,0.000000,0.00000,0.000000,0.00000,HIGH,true,false,true,false,
94,2026-09-11T15:44:52.806102+00:00,9.400313,boot_safe,0.000000,0.00000,0.000000,0.00000,HIGH,true,false,true,false,
95,2026-09-11T15:44:52.906401+00:00,9.500333,boot_safe,0.000000,0.00000,0.000000,0.00000,HIGH,true,false,true,false,
96,2026-09-11T15:44:53.006118+00:00,9.600305,boot_safe,0.000000,0.00000,0.000000,0.00000,HIGH,true,false,true,false,
97,2026-09-11T15:44:53.106404+00:00,9.700333,boot_safe,0.000000,0.00000,0.000000,0.00000,HIGH,true,false,true,false,
98,2026-09-11T15:44:53.206073+00:00,9.800292,boot_safe,0.000000,0.00000,0.000000,0.00000,HIGH,true,false,true,false,
99,2026-09-11T15:44:53.306376+00:00,9.900315,boot_safe,0.000000,0.00000,0.000000,0.00000,HIGH,true,false,true,false,
100,2026-09-11T15:44:53.406075+00:00,10.000290,boot_safe,0.000000,0.00000,0.000000,0.00000,HIGH,true,false,true,false,
101,2026-09-11T15:44:53.506587+00:00,10.100438,boot_safe,0.000000,0.00000,0.000000,0.00000,HIGH,true,false,true,false,
102,2026-09-11T15:44:53.606297+00:00,10.200370,boot_safe,0.000000,0.00000,0.000000,0.00000,HIGH,true,false,true,false,
103,2026-09-11T15:44:53.707038+00:00,10.300750,released_start,0.000000,0.00000,0.000000,0.00000,HIGH,true,false,true,false,mark:released_start
104,2026-09-11T15:44:53.806376+00:00,10.400417,released_start,0.000000,0.00000,0.000000,0.00000,HIGH,true,false,true,false,
105,2026-09-11T15:44:53.906367+00:00,10.500410,released_start,0.000000,0.00000,0.000000,0.00000,HIGH,true,false,true,false,
106,2026-09-11T15:44:54.006371+00:00,10.600419,released_start,0.000000,0.00000,0.000000,0.00000,HIGH,true,false,true,false,
107,2026-09-11T15:44:54.106661+00:00,10.700443,released_start,0.000000,0.00000,0.000000,0.00000,HIGH,true,false,true,false,
108,2026-09-11T15:44:54.206366+00:00,10.800409,released_start,0.000000,0.00000,0.000000,0.00000,HIGH,true,false,true,false,
109,2026-09-11T15:44:54.306717+00:00,10.900436,released_start,0.000000,0.00000,0.000000,0.00000,HIGH,true,false,true,false,
110,2026-09-11T15:44:54.406647+00:00,11.000430,released_start,0.000000,0.00000,0.000000,0.00000,HIGH,true,false,true,false,
111,2026-09-11T15:44:54.506386+00:00,11.100417,released_start,0.000000,0.00000,0.000000,0.00000,HIGH,true,false,true,false,
112,2026-09-11T15:44:54.606343+00:00,11.200389,released_start,0.000000,0.00000,0.000000,0.00000,HIGH,true,false,true,false,
113,2026-09-11T15:44:54.706656+00:00,11.300433,released_start,0.000000,0.00000,0.000000,0.00000,HIGH,true,false,true,false,
114,2026-09-11T15:44:54.806627+00:00,11.400426,released_start,0.000000,0.00000,0.000000,0.00000,HIGH,true,false,true,false,
115,2026-09-11T15:44:54.906355+00:00,11.500401,released_start,0.000000,0.00000,0.000000,0.00000,HIGH,true,false,true,false,
116,2026-09-11T15:44:55.006612+00:00,11.600436,released_start,0.000000,0.00000,0.000000,0.00000,HIGH,true,false,true,false,
117,2026-09-11T15:44:55.106331+00:00,11.700396,released_start,0.000000,0.00000,0.000000,0.00000,HIGH,true,false,true,false,
118,2026-09-11T15:44:55.206315+00:00,11.800400,released_start,0.000000,0.00000,0.000000,0.00000,HIGH,true,false,true,false,
119,2026-09-11T15:44:55.306631+00:00,11.900424,released_start,0.000000,0.00000,0.000000,0.00000,HIGH,true,false,true,false,
120,2026-09-11T15:44:55.406348+00:00,12.000402,released_start,0.000000,0.00000,0.000000,0.00000,HIGH,true,false,true,false,
121,2026-09-11T15:44:55.506650+00:00,12.100433,released_start,0.000000,0.00000,0.000000,0.00000,HIGH,true,false,true,false,
122,2026-09-11T15:44:55.606644+00:00,12.200430,released_start,0.000000,0.00000,0.000000,0.00000,HIGH,true,false,true,false,
123,2026-09-11T15:44:55.706629+00:00,12.300429,released_start,0.000000,0.00000,0.000000,0.00000,HIGH,true,false,true,false,
124,2026-09-11T15:44:55.806313+00:00,12.400401,released_start,0.000000,0.00000,0.000000,0.00000,HIGH,true,false,true,false,
125,2026-09-11T15:44:55.906639+00:00,12.500430,released_start,0.000000,0.00000,0.000000,0.00000,HIGH,true,false,true,false,
126,2026-09-11T15:44:56.006295+00:00,12.600403,released_start,0.000000,0.00000,0.000000,0.00000,HIGH,true,false,true,false,
127,2026-09-11T15:44:56.106453+00:00,12.700363,released_start,0.000000,0.00000,0.000000,0.00000,HIGH,true,false,true,false,
128,2026-09-11T15:44:56.206653+00:00,12.800487,released_start,0.000000,0.00000,0.000000,0.00000,HIGH,true,false,true,false,
129,2026-09-11T15:44:56.306087+00:00,12.900310,released_start,0.000000,0.00000,0.000000,0.00000,HIGH,true,false,true,false,
130,2026-09-11T15:44:56.406389+00:00,13.000331,released_start,0.000000,0.00000,0.000000,0.00000,HIGH,true,false,true,false,
131,2026-09-11T15:44:56.506071+00:00,13.100293,released_start,0.000000,0.00000,0.000000,0.00000,HIGH,true,false,true,false,
132,2026-09-11T15:44:56.606379+00:00,13.200318,released_start,0.000000,0.00000,0.000000,0.00000,HIGH,true,false,true,false,
133,2026-09-11T15:44:56.706065+00:00,13.300291,released_start,0.000000,0.00000,0.000000,0.00000,HIGH,true,false,true,false,
134,2026-09-11T15:44:56.806376+00:00,13.400322,released_start,0.000000,0.00000,0.000000,0.00000,HIGH,true,false,true,false,
135,2026-09-11T15:44:56.906095+00:00,13.500300,released_start,0.000000,0.00000,0.000000,0.00000,HIGH,true,false,true,false,
136,2026-09-11T15:44:57.006418+00:00,13.600332,released_start,0.000000,0.00000,0.000000,0.00000,HIGH,true,false,true,false,
137,2026-09-11T15:44:57.106095+00:00,13.700302,released_start,0.000000,0.00000,0.000000,0.00000,HIGH,true,false,true,false,
138,2026-09-11T15:44:57.206399+00:00,13.800326,released_start,0.000000,0.00000,0.000000,0.00000,HIGH,true,false,true,false,
139,2026-09-11T15:44:57.306117+00:00,13.900311,released_start,0.000000,0.00000,0.000000,0.00000,HIGH,true,false,true,false,
140,2026-09-11T15:44:57.406388+00:00,14.000322,released_start,0.000000,0.00000,0.000000,0.00000,HIGH,true,false,true,false,
141,2026-09-11T15:44:57.506088+00:00,14.100296,released_start,0.000000,0.00000,0.000000,0.00000,HIGH,true,false,true,false,
142,2026-09-11T15:44:57.606390+00:00,14.200320,released_start,0.000000,0.00000,0.000000,0.00000,HIGH,true,false,true,false,
143,2026-09-11T15:44:57.706077+00:00,14.300287,released_start,0.000000,0.00000,0.000000,0.00000,HIGH,true,false,true,false,
144,2026-09-11T15:44:57.806388+00:00,14.400321,released_start,0.000000,0.00000,0.000000,0.00000,HIGH,true,false,true,false,
145,2026-09-11T15:44:57.906086+00:00,14.500294,released_start,0.000000,0.00000,0.000000,0.00000,HIGH,true,false,true,false,
146,2026-09-11T15:44:58.006392+00:00,14.600319,released_start,0.000000,0.00000,0.000000,0.00000,HIGH,true,false,true,false,
147,2026-09-11T15:44:58.106198+00:00,14.700296,released_start,0.000000,0.00000,0.000000,0.00000,HIGH,true,false,true,false,
148,2026-09-11T15:44:58.206151+00:00,14.800341,released_start,0.000000,0.00000,0.000000,0.00000,HIGH,true,false,true,false,
149,2026-09-11T15:44:58.306391+00:00,14.900335,released_start,0.000000,0.00000,0.000000,0.00000,HIGH,true,false,true,false,
150,2026-09-11T15:44:58.406072+00:00,15.000291,released_start,0.000000,0.00000,0.000000,0.00000,HIGH,true,false,true,false,
151,2026-09-11T15:44:58.506509+00:00,15.100386,released_start,0.000000,0.00000,0.000000,0.00000,HIGH,true,false,true,false,
152,2026-09-11T15:44:58.606090+00:00,15.200304,released_start,0.000000,0.00000,0.000000,0.00000,HIGH,true,false,true,false,
153,2026-09-11T15:44:58.706526+00:00,15.300391,released_start,0.000000,0.00000,0.000000,0.00000,HIGH,true,false,true,false,
154,2026-09-11T15:44:58.806097+00:00,15.400308,released_start,0.000000,0.00000,0.000000,0.00000,HIGH,true,false,true,false,
155,2026-09-11T15:44:58.906377+00:00,15.500317,released_start,0.000000,0.00000,0.000000,0.00000,HIGH,true,false,true,false,
156,2026-09-11T15:44:59.006094+00:00,15.600301,released_start,0.000000,0.00000,0.000000,0.00000,HIGH,true,false,true,false,
157,2026-09-11T15:44:59.106405+00:00,15.700327,released_start,0.000000,0.00000,0.000000,0.00000,HIGH,true,false,true,false,
158,2026-09-11T15:44:59.206153+00:00,15.800329,released_start,0.000000,0.00000,0.000000,0.00000,HIGH,true,false,true,false,
159,2026-09-11T15:44:59.306380+00:00,15.900329,released_start,0.000000,0.00000,0.000000,0.00000,HIGH,true,false,true,false,
160,2026-09-11T15:44:59.406082+00:00,16.000299,released_start,0.000000,0.00000,0.000000,0.00000,HIGH,true,false,true,false,
161,2026-09-11T15:44:59.506372+00:00,16.100319,released_start,0.000000,0.00000,0.000000,0.00000,HIGH,true,false,true,false,
162,2026-09-11T15:44:59.606255+00:00,16.200388,released_start,0.000000,0.00000,0.000000,0.00000,HIGH,true,false,true,false,
163,2026-09-11T15:44:59.706420+00:00,16.300345,released_start,0.000000,0.00000,0.000000,0.00000,HIGH,true,false,true,false,
164,2026-09-11T15:44:59.806085+00:00,16.400299,released_start,0.000000,0.00000,0.000000,0.00000,HIGH,true,false,true,false,
165,2026-09-11T15:44:59.906379+00:00,16.500316,released_start,0.000000,0.00000,0.000000,0.00000,HIGH,true,false,true,false,
166,2026-09-11T15:45:00.006094+00:00,16.600297,released_start,0.000000,0.00000,0.000000,0.00000,HIGH,true,false,true,false,
167,2026-09-11T15:45:00.106645+00:00,16.700482,released_start,0.000000,0.00000,0.000000,0.00000,HIGH,true,false,true,false,
168,2026-09-11T15:45:00.206117+00:00,16.800322,released_start,0.000000,0.00000,0.000000,0.00000,HIGH,true,false,true,false,
169,2026-09-11T15:45:00.306424+00:00,16.900345,released_start,0.000000,0.00000,0.000000,0.00000,HIGH,true,false,true,false,
170,2026-09-11T15:45:00.406080+00:00,17.000302,released_start,0.000000,0.00000,0.000000,0.00000,HIGH,true,false,true,false,
171,2026-09-11T15:45:00.506430+00:00,17.100350,released_start,0.000000,0.00000,0.000000,0.00000,HIGH,true,false,true,false,
172,2026-09-11T15:45:00.606074+00:00,17.200300,released_start,0.000000,0.00000,0.000000,0.00000,HIGH,true,false,true,false,
173,2026-09-11T15:45:00.706386+00:00,17.300324,released_start,0.000000,0.00000,0.000000,0.00000,HIGH,true,false,true,false,
174,2026-09-11T15:45:00.806067+00:00,17.400290,released_start,0.000000,0.00000,0.000000,0.00000,HIGH,true,false,true,false,
175,2026-09-11T15:45:00.906371+00:00,17.500316,released_start,0.000000,0.00000,0.000000,0.00000,HIGH,true,false,true,false,
176,2026-09-11T15:45:01.006565+00:00,17.600421,released_start,0.000000,0.00000,0.000000,0.00000,HIGH,true,false,true,false,
177,2026-09-11T15:45:01.106129+00:00,17.700333,released_start,0.000000,0.00000,0.000000,0.00000,HIGH,true,false,true,false,
178,2026-09-11T15:45:01.206389+00:00,17.800331,released_start,0.000000,0.00000,0.000000,0.00000,HIGH,true,false,true,false,
179,2026-09-11T15:45:01.306163+00:00,17.900327,released_start,0.000000,0.00000,0.000000,0.00000,HIGH,true,false,true,false,
180,2026-09-11T15:45:01.406331+00:00,18.000291,released_start,0.000000,0.00000,0.000000,0.00000,HIGH,true,false,true,false,
181,2026-09-11T15:45:01.506198+00:00,18.100336,released_start,0.000000,0.00000,0.000000,0.00000,HIGH,true,false,true,false,
182,2026-09-11T15:45:01.606377+00:00,18.200383,released_start,0.000000,0.00000,0.000000,0.00000,HIGH,true,false,true,false,
183,2026-09-11T15:45:01.706170+00:00,18.300323,released_start,0.000000,0.00000,0.000000,0.00000,HIGH,true,false,true,false,
184,2026-09-11T15:45:01.806323+00:00,18.400306,released_start,0.000000,0.00000,0.000000,0.00000,HIGH,true,false,true,false,
185,2026-09-11T15:45:01.906248+00:00,18.500314,released_start,0.000000,0.00000,0.000000,0.00000,HIGH,true,false,true,false,
186,2026-09-11T15:45:02.006338+00:00,18.600310,released_start,0.000000,0.00000,0.000000,0.00000,HIGH,true,false,true,false,
187,2026-09-11T15:45:02.106172+00:00,18.700326,released_start,0.000000,0.00000,0.000000,0.00000,HIGH,true,false,true,false,
188,2026-09-11T15:45:02.206340+00:00,18.800453,released_start,0.000000,0.00000,0.000000,0.00000,HIGH,true,false,true,false,
189,2026-09-11T15:45:02.306306+00:00,18.900303,released_start,0.000000,0.00000,0.000000,0.00000,HIGH,true,false,true,false,
190,2026-09-11T15:45:02.406169+00:00,19.000322,released_start,0.000000,0.00000,0.000000,0.00000,HIGH,true,false,true,false,
191,2026-09-11T15:45:02.506288+00:00,19.100293,released_start,0.000000,0.00000,0.000000,0.00000,HIGH,true,false,true,false,
192,2026-09-11T15:45:02.606166+00:00,19.200321,released_start,0.000000,0.00000,0.000000,0.00000,HIGH,true,false,true,false,
193,2026-09-11T15:45:02.706289+00:00,19.300285,released_start,0.000000,0.00000,0.000000,0.00000,HIGH,true,false,true,false,
194,2026-09-11T15:45:02.806161+00:00,19.400314,released_start,0.000000,0.00000,0.000000,0.00000,HIGH,true,false,true,false,
195,2026-09-11T15:45:02.906279+00:00,19.500284,released_start,0.000000,0.00000,0.000000,0.00000,HIGH,true,false,true,false,
196,2026-09-11T15:45:03.006200+00:00,19.600330,released_start,0.000000,0.00000,0.000000,0.00000,HIGH,true,false,true,false,
197,2026-09-11T15:45:03.106292+00:00,19.700293,released_start,0.000000,0.00000,0.000000,0.00000,HIGH,true,false,true,false,
198,2026-09-11T15:45:03.206217+00:00,19.800338,released_start,0.000000,0.00000,0.000000,0.00000,HIGH,true,false,true,false,
199,2026-09-11T15:45:03.306296+00:00,19.900296,released_start,0.000000,0.00000,0.000000,0.00000,HIGH,true,false,true,false,
200,2026-09-11T15:45:03.406163+00:00,20.000320,released_start,0.000000,0.00000,0.000000,0.00000,HIGH,true,false,true,false,
201,2026-09-11T15:45:03.506274+00:00,20.100300,released_start,0.000000,0.00000,0.000000,0.00000,HIGH,true,false,true,false,
202,2026-09-11T15:45:03.606289+00:00,20.200317,released_start,0.000000,0.00000,0.000000,0.00000,HIGH,true,false,true,false,
203,2026-09-11T15:45:03.706149+00:00,20.300283,released_start,0.000000,0.00000,0.000000,0.00000,HIGH,true,false,true,false,
204,2026-09-11T15:45:03.806548+00:00,20.400391,released_start,0.000000,0.00000,0.000000,0.00000,HIGH,true,false,true,false,
205,2026-09-11T15:45:03.906154+00:00,20.500302,released_start,0.000000,0.00000,0.000000,0.00000,HIGH,true,false,true,false,
206,2026-09-11T15:45:04.006395+00:00,20.600321,released_start,0.000000,0.00000,0.000000,0.00000,HIGH,true,false,true,false,
207,2026-09-11T15:45:04.106163+00:00,20.700295,released_start,0.000000,0.00000,0.000000,0.00000,HIGH,true,false,true,false,
208,2026-09-11T15:45:04.206300+00:00,20.800323,released_start,0.000000,0.00000,0.000000,0.00000,HIGH,true,false,true,false,
209,2026-09-11T15:45:04.306475+00:00,20.900416,released_start,0.000000,0.00000,0.000000,0.00000,HIGH,true,false,true,false,
210,2026-09-11T15:45:04.406353+00:00,21.000349,released_start,0.000000,0.00000,0.000000,0.00000,HIGH,true,false,true,false,
211,2026-09-11T15:45:04.506194+00:00,21.100317,released_start,0.000000,0.00000,0.000000,0.00000,HIGH,true,false,true,false,
212,2026-09-11T15:45:04.606301+00:00,21.200327,released_start,0.000000,0.00000,0.000000,0.00000,HIGH,true,false,true,false,
213,2026-09-11T15:45:04.706199+00:00,21.300309,released_start,0.000000,0.00000,0.000000,0.00000,HIGH,true,false,true,false,
214,2026-09-11T15:45:04.806298+00:00,21.400325,released_start,0.000000,0.00000,0.000000,0.00000,HIGH,true,false,true,false,
215,2026-09-11T15:45:04.906138+00:00,21.500285,released_start,0.000000,0.00000,0.000000,0.00000,HIGH,true,false,true,false,
216,2026-09-11T15:45:05.006312+00:00,21.600321,released_start,0.000000,0.00000,0.000000,0.00000,HIGH,true,false,true,false,
217,2026-09-11T15:45:05.106157+00:00,21.700284,released_start,0.000000,0.00000,0.000000,0.00000,HIGH,true,false,true,false,
218,2026-09-11T15:45:05.206295+00:00,21.800317,released_start,0.000000,0.00000,0.000000,0.00000,HIGH,true,false,true,false,
219,2026-09-11T15:45:05.306157+00:00,21.900287,released_start,0.000000,0.00000,0.000000,0.00000,HIGH,true,false,true,false,
220,2026-09-11T15:45:05.406317+00:00,22.000321,released_start,0.000000,0.00000,0.000000,0.00000,HIGH,true,false,true,false,
221,2026-09-11T15:45:05.506149+00:00,22.100286,released_start,0.000000,0.00000,0.000000,0.00000,HIGH,true,false,true,false,
222,2026-09-11T15:45:05.606294+00:00,22.200313,released_start,0.000000,0.00000,0.000000,0.00000,HIGH,true,false,true,false,
223,2026-09-11T15:45:05.706129+00:00,22.300287,released_start,0.000000,0.00000,0.000000,0.00000,HIGH,true,false,true,false,
224,2026-09-11T15:45:05.806380+00:00,22.400316,released_start,0.000000,0.00000,0.000000,0.00000,HIGH,true,false,true,false,
225,2026-09-11T15:45:05.906084+00:00,22.500293,released_start,0.000000,0.00000,0.000000,0.00000,HIGH,true,false,true,false,
226,2026-09-11T15:45:06.006446+00:00,22.600314,released_start,0.000000,0.00000,0.000000,0.00000,HIGH,true,false,true,false,
227,2026-09-11T15:45:06.106080+00:00,22.700291,released_start,0.000000,0.00000,0.000000,0.00000,HIGH,true,false,true,false,
228,2026-09-11T15:45:06.206385+00:00,22.800318,released_start,0.000000,0.00000,0.000000,0.00000,HIGH,true,false,true,false,
229,2026-09-11T15:45:06.306078+00:00,22.900290,released_start,0.000000,0.00000,0.000000,0.00000,HIGH,true,false,true,false,
230,2026-09-11T15:45:06.406396+00:00,23.000325,released_start,0.000000,0.00000,0.000000,0.00000,HIGH,true,false,true,false,
231,2026-09-11T15:45:06.506085+00:00,23.100294,released_start,0.000000,0.00000,0.000000,0.00000,HIGH,true,false,true,false,
232,2026-09-11T15:45:06.606376+00:00,23.200318,released_start,0.000000,0.00000,0.000000,0.00000,HIGH,true,false,true,false,
233,2026-09-11T15:45:06.706071+00:00,23.300287,released_start,0.000000,0.00000,0.000000,0.00000,HIGH,true,false,true,false,
234,2026-09-11T15:45:06.806407+00:00,23.400334,released_start,0.000000,0.00000,0.000000,0.00000,HIGH,true,false,true,false,
235,2026-09-11T15:45:06.906072+00:00,23.500289,released_start,0.000000,0.00000,0.000000,0.00000,HIGH,true,false,true,false,
236,2026-09-11T15:45:07.006383+00:00,23.600314,released_start,0.000000,0.00000,0.000000,0.00000,HIGH,true,false,true,false,
237,2026-09-11T15:45:07.106083+00:00,23.700294,released_start,0.000000,0.00000,0.000000,0.00000,HIGH,true,false,true,false,
238,2026-09-11T15:45:07.206428+00:00,23.800342,released_start,0.000000,0.00000,0.000000,0.00000,HIGH,true,false,true,false,
239,2026-09-11T15:45:07.306082+00:00,23.900295,released_start,0.000000,0.00000,0.000000,0.00000,HIGH,true,false,true,false,
240,2026-09-11T15:45:07.406412+00:00,24.000336,released_start,0.000000,0.00000,0.000000,0.00000,HIGH,true,false,true,false,
241,2026-09-11T15:45:07.506429+00:00,24.100341,released_start,0.000000,0.00000,0.000000,0.00000,HIGH,true,false,true,false,
242,2026-09-11T15:45:07.606361+00:00,24.200317,released_start,0.000000,0.00000,0.000000,0.00000,HIGH,true,false,true,false,
243,2026-09-11T15:45:07.706073+00:00,24.300289,released_start,0.000000,0.00000,0.000000,0.00000,HIGH,true,false,true,false,
244,2026-09-11T15:45:07.806365+00:00,24.400311,released_start,0.000000,0.00000,0.000000,0.00000,HIGH,true,false,true,false,
245,2026-09-11T15:45:07.906081+00:00,24.500292,released_start,0.000000,0.00000,0.000000,0.00000,HIGH,true,false,true,false,
246,2026-09-11T15:45:08.006370+00:00,24.600312,released_start,0.000000,0.00000,0.000000,0.00000,HIGH,true,false,true,false,
247,2026-09-11T15:45:08.106090+00:00,24.700303,released_start,0.000000,0.00000,0.000000,0.00000,HIGH,true,false,true,false,
248,2026-09-11T15:45:08.206589+00:00,24.800440,released_start,0.000000,0.00000,0.000000,0.00000,HIGH,true,false,true,false,
249,2026-09-11T15:45:08.306099+00:00,24.900312,released_start,0.000000,0.00000,0.000000,0.00000,HIGH,true,false,true,false,
250,2026-09-11T15:45:08.406402+00:00,25.000330,released_start,0.000000,0.00000,0.000000,0.00000,HIGH,true,false,true,false,
251,2026-09-11T15:45:08.506099+00:00,25.100298,released_start,0.000000,0.00000,0.000000,0.00000,HIGH,true,false,true,false,
252,2026-09-11T15:45:08.606366+00:00,25.200316,released_start,0.000000,0.00000,0.000000,0.00000,HIGH,true,false,true,false,
253,2026-09-11T15:45:08.706078+00:00,25.300291,released_start,0.000000,0.00000,0.000000,0.00000,HIGH,true,false,true,false,
254,2026-09-11T15:45:08.806366+00:00,25.400315,released_start,0.000000,0.00000,0.000000,0.00000,HIGH,true,false,true,false,
255,2026-09-11T15:45:08.906214+00:00,25.500364,released_start,0.000000,0.00000,0.000000,0.00000,HIGH,true,false,true,false,
256,2026-09-11T15:45:09.006472+00:00,25.600365,released_start,0.000000,0.00000,0.000000,0.00000,HIGH,true,false,true,false,
257,2026-09-11T15:45:09.106095+00:00,25.700307,released_start,0.000000,0.00000,0.000000,0.00000,HIGH,true,false,true,false,
258,2026-09-11T15:45:09.206414+00:00,25.800338,released_start,0.000000,0.00000,0.000000,0.00000,HIGH,true,false,true,false,
259,2026-09-11T15:45:09.306067+00:00,25.900293,released_start,0.000000,0.00000,0.000000,0.00000,HIGH,true,false,true,false,
260,2026-09-11T15:45:09.406398+00:00,26.000326,released_start,0.000000,0.00000,0.000000,0.00000,HIGH,true,false,true,false,
261,2026-09-11T15:45:09.506088+00:00,26.100300,released_start,0.000000,0.00000,0.000000,0.00000,HIGH,true,false,true,false,
262,2026-09-11T15:45:09.606377+00:00,26.200317,released_start,0.000000,0.00000,0.000000,0.00000,HIGH,true,false,true,false,
263,2026-09-11T15:45:09.706072+00:00,26.300295,released_start,0.000000,0.00000,0.000000,0.00000,HIGH,true,false,true,false,
264,2026-09-11T15:45:09.806376+00:00,26.400318,released_start,0.000000,0.00000,0.000000,0.00000,HIGH,true,false,true,false,
265,2026-09-11T15:45:09.906073+00:00,26.500290,released_start,0.000000,0.00000,0.000000,0.00000,HIGH,true,false,true,false,
266,2026-09-11T15:45:10.006390+00:00,26.600324,released_start,0.000000,0.00000,0.000000,0.00000,HIGH,true,false,true,false,
267,2026-09-11T15:45:10.106272+00:00,26.700406,released_start,0.000000,0.00000,0.000000,0.00000,HIGH,true,false,true,false,
268,2026-09-11T15:45:10.206420+00:00,26.800348,released_start,0.000000,0.00000,0.000000,0.00000,HIGH,true,false,true,false,
269,2026-09-11T15:45:10.306161+00:00,26.900335,released_start,0.000000,0.00000,0.000000,0.00000,HIGH,true,false,true,false,
270,2026-09-11T15:45:10.406391+00:00,27.000331,released_start,0.000000,0.00000,0.000000,0.00000,HIGH,true,false,true,false,
271,2026-09-11T15:45:10.506158+00:00,27.100323,released_start,0.000000,0.00000,0.000000,0.00000,HIGH,true,false,true,false,
272,2026-09-11T15:45:10.606406+00:00,27.200335,released_start,0.000000,0.00000,0.000000,0.00000,HIGH,true,false,true,false,
273,2026-09-11T15:45:10.706076+00:00,27.300298,released_start,0.000000,0.00000,0.000000,0.00000,HIGH,true,false,true,false,
274,2026-09-11T15:45:10.806378+00:00,27.400321,released_start,0.000000,0.00000,0.000000,0.00000,HIGH,true,false,true,false,
275,2026-09-11T15:45:10.906082+00:00,27.500293,released_start,0.000000,0.00000,0.000000,0.00000,HIGH,true,false,true,false,
276,2026-09-11T15:45:11.006380+00:00,27.600322,released_start,0.000000,0.00000,0.000000,0.00000,HIGH,true,false,true,false,
277,2026-09-11T15:45:11.106084+00:00,27.700295,released_start,0.000000,0.00000,0.000000,0.00000,HIGH,true,false,true,false,
278,2026-09-11T15:45:11.206458+00:00,27.800355,released_start,0.000000,0.00000,0.000000,0.00000,HIGH,true,false,true,false,
279,2026-09-11T15:45:11.306099+00:00,27.900305,released_start,0.000000,0.00000,0.000000,0.00000,HIGH,true,false,true,false,
280,2026-09-11T15:45:11.406398+00:00,28.000325,released_start,0.000000,0.00000,0.000000,0.00000,HIGH,true,false,true,false,
281,2026-09-11T15:45:11.506093+00:00,28.100297,released_start,0.000000,0.00000,0.000000,0.00000,HIGH,true,false,true,false,
282,2026-09-11T15:45:11.606386+00:00,28.200324,released_start,0.000000,0.00000,0.000000,0.00000,HIGH,true,false,true,false,
283,2026-09-11T15:45:11.706074+00:00,28.300293,released_start,0.000000,0.00000,0.000000,0.00000,HIGH,true,false,true,false,
284,2026-09-11T15:45:11.806370+00:00,28.400313,released_start,0.000000,0.00000,0.000000,0.00000,HIGH,true,false,true,false,
285,2026-09-11T15:45:11.906081+00:00,28.500291,released_start,0.000000,0.00000,0.000000,0.00000,HIGH,true,false,true,false,
286,2026-09-11T15:45:12.006395+00:00,28.600326,released_start,0.000000,0.00000,0.000000,0.00000,HIGH,true,false,true,false,
287,2026-09-11T15:45:12.106078+00:00,28.700293,released_start,0.000000,0.00000,0.000000,0.00000,HIGH,true,false,true,false,
288,2026-09-11T15:45:12.206377+00:00,28.800316,released_start,0.000000,0.00000,0.000000,0.00000,HIGH,true,false,true,false,
289,2026-09-11T15:45:12.306082+00:00,28.900294,released_start,0.000000,0.00000,0.000000,0.00000,HIGH,true,false,true,false,
290,2026-09-11T15:45:12.406371+00:00,29.000312,released_start,0.000000,0.00000,0.000000,0.00000,HIGH,true,false,true,false,
291,2026-09-11T15:45:12.506107+00:00,29.100305,released_start,0.000000,0.00000,0.000000,0.00000,HIGH,true,false,true,false,
292,2026-09-11T15:45:12.606390+00:00,29.200327,released_start,0.000000,0.00000,0.000000,0.00000,HIGH,true,false,true,false,
293,2026-09-11T15:45:12.706078+00:00,29.300292,released_start,0.000000,0.00000,0.000000,0.00000,HIGH,true,false,true,false,
294,2026-09-11T15:45:12.806375+00:00,29.400314,released_start,0.000000,0.00000,0.000000,0.00000,HIGH,true,false,true,false,
295,2026-09-11T15:45:12.906081+00:00,29.500290,released_start,0.000000,0.00000,0.000000,0.00000,HIGH,true,false,true,false,
296,2026-09-11T15:45:13.006404+00:00,29.600329,released_start,0.000000,0.00000,0.000000,0.00000,HIGH,true,false,true,false,
297,2026-09-11T15:45:13.106081+00:00,29.700295,released_start,0.000000,0.00000,0.000000,0.00000,HIGH,true,false,true,false,
298,2026-09-11T15:45:13.206378+00:00,29.800319,released_start,0.000000,0.00000,0.000000,0.00000,HIGH,true,false,true,false,
299,2026-09-11T15:45:13.306097+00:00,29.900302,released_start,0.000000,0.00000,0.000000,0.00000,HIGH,true,false,true,false,
300,2026-09-11T15:45:13.406379+00:00,30.000318,released_start,0.000000,0.00000,0.000000,0.00000,HIGH,true,false,true,false,
301,2026-09-11T15:45:13.506082+00:00,30.100294,released_start,0.000000,0.00000,0.000000,0.00000,HIGH,true,false,true,false,
302,2026-09-11T15:45:13.606400+00:00,30.200328,released_start,0.000000,0.00000,0.000000,0.00000,HIGH,true,false,true,false,
303,2026-09-11T15:45:13.706064+00:00,30.300290,released_start,0.000000,0.00000,0.000000,0.00000,HIGH,true,false,true,false,
304,2026-09-11T15:45:13.806376+00:00,30.400318,released_start,0.000000,0.00000,0.000000,0.00000,HIGH,true,false,true,false,
305,2026-09-11T15:45:13.906192+00:00,30.500354,released_start,0.000000,0.00000,0.000000,0.00000,HIGH,true,false,true,false,
306,2026-09-11T15:45:14.006541+00:00,30.600402,released_start,0.000000,0.00000,0.000000,0.00000,HIGH,true,false,true,false,
307,2026-09-11T15:45:14.106101+00:00,30.700310,released_start,0.000000,0.00000,0.000000,0.00000,HIGH,true,false,true,false,
308,2026-09-11T15:45:14.206635+00:00,30.800479,released_start,0.000000,0.00000,0.000000,0.00000,HIGH,true,false,true,false,
309,2026-09-11T15:45:14.306103+00:00,30.900313,released_start,0.000000,0.00000,0.000000,0.00000,HIGH,true,false,true,false,
310,2026-09-11T15:45:14.406398+00:00,31.000332,released_start,0.000000,0.00000,0.000000,0.00000,HIGH,true,false,true,false,
311,2026-09-11T15:45:14.506092+00:00,31.100304,released_start,-0.002000,-0.00606,0.000000,0.00000,HIGH,true,false,true,false,
312,2026-09-11T15:45:14.606407+00:00,31.200331,released_start,0.000000,0.00000,0.000000,0.00000,HIGH,true,false,true,false,
313,2026-09-11T15:45:14.706085+00:00,31.300299,released_start,0.000000,0.00000,0.000000,0.00000,HIGH,true,false,true,false,
314,2026-09-11T15:45:14.806387+00:00,31.400325,released_start,0.000000,0.00000,0.000000,0.00000,HIGH,true,false,true,false,
315,2026-09-11T15:45:14.906071+00:00,31.500291,released_start,0.000000,0.00000,0.000000,0.00000,HIGH,true,false,true,false,
316,2026-09-11T15:45:15.006390+00:00,31.600323,released_start,0.000000,0.00000,0.000000,0.00000,HIGH,true,false,true,false,
317,2026-09-11T15:45:15.106086+00:00,31.700294,released_start,0.000000,0.00000,0.000000,0.00000,HIGH,true,false,true,false,
318,2026-09-11T15:45:15.206432+00:00,31.800341,released_start,0.000000,0.00000,0.000000,0.00000,HIGH,true,false,true,false,
319,2026-09-11T15:45:15.306099+00:00,31.900304,released_start,0.000000,0.00000,0.000000,0.00000,HIGH,true,false,true,false,
320,2026-09-11T15:45:15.406382+00:00,32.000323,released_start,0.000000,0.00000,0.000000,0.00000,HIGH,true,false,true,false,
321,2026-09-11T15:45:15.506079+00:00,32.100290,released_start,0.000000,0.00000,0.000000,0.00000,HIGH,true,false,true,false,
322,2026-09-11T15:45:15.606395+00:00,32.200320,released_start,0.000000,0.00000,0.000000,0.00000,HIGH,true,false,true,false,
323,2026-09-11T15:45:15.706074+00:00,32.300289,released_start,0.000000,0.00000,0.000000,0.00000,HIGH,true,false,true,false,
324,2026-09-11T15:45:15.806382+00:00,32.400317,released_start,0.000000,0.00000,0.000000,0.00000,HIGH,true,false,true,false,
325,2026-09-11T15:45:15.906068+00:00,32.500288,released_start,0.000000,0.00000,0.000000,0.00000,HIGH,true,false,true,false,
326,2026-09-11T15:45:16.006377+00:00,32.600312,released_start,0.000000,0.00000,0.000000,0.00000,HIGH,true,false,true,false,
327,2026-09-11T15:45:16.106075+00:00,32.700287,released_start,0.000000,0.00000,0.000000,0.00000,HIGH,true,false,true,false,
328,2026-09-11T15:45:16.206278+00:00,32.800408,released_start,0.000000,0.00000,0.000000,0.00000,HIGH,true,false,true,false,
329,2026-09-11T15:45:16.306397+00:00,32.900337,released_start,0.000000,0.00000,0.000000,0.00000,HIGH,true,false,true,false,
330,2026-09-11T15:45:16.406142+00:00,33.000325,released_start,0.000000,0.00000,0.000000,0.00000,HIGH,true,false,true,false,
331,2026-09-11T15:45:16.506549+00:00,33.100413,released_start,0.000000,0.00000,0.000000,0.00000,HIGH,true,false,true,false,
332,2026-09-11T15:45:16.606123+00:00,33.200315,released_start,0.000000,0.00000,0.000000,0.00000,HIGH,true,false,true,false,
333,2026-09-11T15:45:16.706402+00:00,33.300331,released_start,0.000000,0.00000,0.000000,0.00000,HIGH,true,false,true,false,
334,2026-09-11T15:45:16.806075+00:00,33.400292,released_start,0.000000,0.00000,0.000000,0.00000,HIGH,true,false,true,false,
335,2026-09-11T15:45:16.906372+00:00,33.500314,released_start,0.000000,0.00000,0.000000,0.00000,HIGH,true,false,true,false,
336,2026-09-11T15:45:17.006143+00:00,33.600308,released_start,0.000000,0.00000,0.000000,0.00000,HIGH,true,false,true,false,
337,2026-09-11T15:45:17.106405+00:00,33.700331,released_start,0.000000,0.00000,0.000000,0.00000,HIGH,true,false,true,false,
338,2026-09-11T15:45:17.206081+00:00,33.800297,released_start,0.000000,0.00000,0.000000,0.00000,HIGH,true,false,true,false,
339,2026-09-11T15:45:17.306371+00:00,33.900312,released_start,0.000000,0.00000,0.000000,0.00000,HIGH,true,false,true,false,
340,2026-09-11T15:45:17.406097+00:00,34.000301,released_start,0.000000,0.00000,0.000000,0.00000,HIGH,true,false,true,false,
341,2026-09-11T15:45:17.506380+00:00,34.100322,released_start,0.000000,0.00000,0.000000,0.00000,HIGH,true,false,true,false,
342,2026-09-11T15:45:17.606083+00:00,34.200294,released_start,0.000000,0.00000,0.000000,0.00000,HIGH,true,false,true,false,
343,2026-09-11T15:45:17.706387+00:00,34.300320,released_start,0.000000,0.00000,0.000000,0.00000,HIGH,true,false,true,false,
344,2026-09-11T15:45:17.806411+00:00,34.400333,released_start,0.000000,0.00000,0.000000,0.00000,HIGH,true,false,true,false,
345,2026-09-11T15:45:17.906065+00:00,34.500288,released_start,0.000000,0.00000,0.000000,0.00000,HIGH,true,false,true,false,
346,2026-09-11T15:45:18.006394+00:00,34.600318,released_start,0.000000,0.00000,0.000000,0.00000,HIGH,true,false,true,false,
347,2026-09-11T15:45:18.106084+00:00,34.700297,released_start,0.000000,0.00000,0.000000,0.00000,HIGH,true,false,true,false,
348,2026-09-11T15:45:18.206386+00:00,34.800320,released_start,0.000000,0.00000,0.000000,0.00000,HIGH,true,false,true,false,
349,2026-09-11T15:45:18.306069+00:00,34.900283,released_start,0.000000,0.00000,0.000000,0.00000,HIGH,true,false,true,false,
350,2026-09-11T15:45:18.406314+00:00,35.000429,released_start,0.000000,0.00000,-0.002000,-0.01212,HIGH,true,false,true,false,
351,2026-09-11T15:45:18.506405+00:00,35.100339,released_start,0.000000,0.00000,0.000000,0.00000,HIGH,true,false,true,false,
352,2026-09-11T15:45:18.606088+00:00,35.200297,released_start,0.000000,0.00000,0.000000,0.00000,HIGH,true,false,true,false,
353,2026-09-11T15:45:18.706396+00:00,35.300324,released_start,0.000000,0.00000,0.000000,0.00000,HIGH,true,false,true,false,
354,2026-09-11T15:45:18.806086+00:00,35.400295,released_start,0.000000,0.00000,0.000000,0.00000,HIGH,true,false,true,false,
355,2026-09-11T15:45:18.906373+00:00,35.500312,released_start,0.000000,0.00000,0.000000,0.00000,HIGH,true,false,true,false,
356,2026-09-11T15:45:19.006124+00:00,35.600288,released_start,0.000000,0.00000,0.000000,0.00000,HIGH,true,false,true,false,
357,2026-09-11T15:45:19.106544+00:00,35.700413,released_start,0.000000,0.00000,0.000000,0.00000,HIGH,true,false,true,false,
358,2026-09-11T15:45:19.206143+00:00,35.800330,released_start,0.000000,0.00000,0.000000,0.00000,HIGH,true,false,true,false,
359,2026-09-11T15:45:19.306505+00:00,35.900388,released_start,0.000000,0.00000,0.000000,0.00000,HIGH,true,false,true,false,
360,2026-09-11T15:45:19.406087+00:00,36.000302,released_start,0.000000,0.00000,0.000000,0.00000,HIGH,true,false,true,false,
361,2026-09-11T15:45:19.506379+00:00,36.100321,released_start,0.000000,0.00000,0.000000,0.00000,HIGH,true,false,true,false,
362,2026-09-11T15:45:19.606081+00:00,36.200293,released_start,0.000000,0.00000,0.000000,0.00000,HIGH,true,false,true,false,
363,2026-09-11T15:45:19.706398+00:00,36.300326,released_start,0.000000,0.00000,0.000000,0.00000,HIGH,true,false,true,false,
364,2026-09-11T15:45:19.806079+00:00,36.400296,released_start,0.000000,0.00000,0.000000,0.00000,HIGH,true,false,true,false,
365,2026-09-11T15:45:19.906379+00:00,36.500321,released_start,0.000000,0.00000,0.000000,0.00000,HIGH,true,false,true,false,
366,2026-09-11T15:45:20.006064+00:00,36.600283,released_start,0.000000,0.00000,0.000000,0.00000,HIGH,true,false,true,false,
367,2026-09-11T15:45:20.106380+00:00,36.700317,released_start,0.000000,0.00000,0.000000,0.00000,HIGH,true,false,true,false,
368,2026-09-11T15:45:20.206320+00:00,36.800444,released_start,0.000000,0.00000,0.000000,0.00000,HIGH,true,false,true,false,
369,2026-09-11T15:45:20.306400+00:00,36.900337,released_start,0.000000,0.00000,0.000000,0.00000,HIGH,true,false,true,false,
370,2026-09-11T15:45:20.406084+00:00,37.000296,released_start,0.000000,0.00000,0.000000,0.00000,HIGH,true,false,true,false,
371,2026-09-11T15:45:20.506294+00:00,37.100406,released_start,0.000000,0.00000,0.000000,0.00000,HIGH,true,false,true,false,
372,2026-09-11T15:45:20.606606+00:00,37.200440,released_start,0.000000,0.00000,0.000000,0.00000,HIGH,true,false,true,false,
373,2026-09-11T15:45:20.706293+00:00,37.300426,released_start,0.000000,0.00000,0.000000,0.00000,HIGH,true,false,true,false,
374,2026-09-11T15:45:20.806241+00:00,37.400390,released_start,0.000000,0.00000,0.000000,0.00000,HIGH,true,false,true,false,
375,2026-09-11T15:45:20.906422+00:00,37.500351,released_start,0.000000,0.00000,0.000000,0.00000,HIGH,true,false,true,false,
376,2026-09-11T15:45:21.006347+00:00,37.600415,released_start,0.000000,0.00000,0.000000,0.00000,HIGH,true,false,true,false,
377,2026-09-11T15:45:21.106457+00:00,37.700372,released_start,0.000000,0.00000,0.000000,0.00000,HIGH,true,false,true,false,
378,2026-09-11T15:45:21.206334+00:00,37.800451,released_start,0.000000,0.00000,0.000000,0.00000,HIGH,true,false,true,false,
379,2026-09-11T15:45:21.306498+00:00,37.900405,released_start,0.000000,0.00000,0.000000,0.00000,HIGH,true,false,true,false,
380,2026-09-11T15:45:21.406317+00:00,38.000348,released_start,0.000000,0.00000,0.000000,0.00000,HIGH,true,false,true,false,
381,2026-09-11T15:45:21.506235+00:00,38.100377,released_start,0.000000,0.00000,0.000000,0.00000,HIGH,true,false,true,false,
382,2026-09-11T15:45:21.606416+00:00,38.200358,released_start,0.000000,0.00000,0.000000,0.00000,HIGH,true,false,true,false,
383,2026-09-11T15:45:21.706571+00:00,38.300421,released_start,0.000000,0.00000,0.000000,0.00000,HIGH,true,false,true,false,
384,2026-09-11T15:45:21.806240+00:00,38.400357,released_start,0.000000,0.00000,0.000000,0.00000,HIGH,true,false,true,false,
385,2026-09-11T15:45:21.906306+00:00,38.500300,released_start,0.000000,0.00000,0.000000,0.00000,HIGH,true,false,true,false,
386,2026-09-11T15:45:22.006173+00:00,38.600327,released_start,0.000000,0.00000,0.000000,0.00000,HIGH,true,false,true,false,
387,2026-09-11T15:45:22.106289+00:00,38.700290,released_start,0.000000,0.00000,0.000000,0.00000,HIGH,true,false,true,false,
388,2026-09-11T15:45:22.206248+00:00,38.800353,released_start,0.000000,0.00000,0.000000,0.00000,HIGH,true,false,true,false,
389,2026-09-11T15:45:22.306523+00:00,38.900414,released_start,0.000000,0.00000,0.000000,0.00000,HIGH,true,false,true,false,
390,2026-09-11T15:45:22.406268+00:00,39.000367,released_start,0.000000,0.00000,0.000000,0.00000,HIGH,true,false,true,false,
391,2026-09-11T15:45:22.506321+00:00,39.100310,released_start,0.000000,0.00000,0.000000,0.00000,HIGH,true,false,true,false,
392,2026-09-11T15:45:22.606182+00:00,39.200326,released_start,0.000000,0.00000,0.000000,0.00000,HIGH,true,false,true,false,
393,2026-09-11T15:45:22.706500+00:00,39.300404,released_start,0.000000,0.00000,0.000000,0.00000,HIGH,true,false,true,false,
394,2026-09-11T15:45:22.806212+00:00,39.400348,released_start,0.000000,0.00000,0.000000,0.00000,HIGH,true,false,true,false,
395,2026-09-11T15:45:22.906295+00:00,39.500299,released_start,0.000000,0.00000,0.000000,0.00000,HIGH,true,false,true,false,
396,2026-09-11T15:45:23.006169+00:00,39.600322,released_start,0.000000,0.00000,0.000000,0.00000,HIGH,true,false,true,false,
397,2026-09-11T15:45:23.106277+00:00,39.700288,released_start,0.000000,0.00000,0.000000,0.00000,HIGH,true,false,true,false,
398,2026-09-11T15:45:23.206405+00:00,39.800378,released_start,0.000000,0.00000,0.000000,0.00000,HIGH,true,false,true,false,
399,2026-09-11T15:45:23.306361+00:00,39.900306,released_start,0.000000,0.00000,0.000000,0.00000,HIGH,true,false,true,false,
400,2026-09-11T15:45:23.406363+00:00,40.000361,released_start,0.000000,0.00000,0.000000,0.00000,HIGH,true,false,true,false,
401,2026-09-11T15:45:23.506163+00:00,40.100294,released_start,0.000000,0.00000,0.000000,0.00000,HIGH,true,false,true,false,
402,2026-09-11T15:45:23.606298+00:00,40.200319,released_start,0.000000,0.00000,0.000000,0.00000,HIGH,true,false,true,false,
403,2026-09-11T15:45:23.706148+00:00,40.300287,released_start,0.000000,0.00000,0.000000,0.00000,HIGH,true,false,true,false,
404,2026-09-11T15:45:23.806327+00:00,40.400328,released_start,0.000000,0.00000,0.000000,0.00000,HIGH,true,false,true,false,
405,2026-09-11T15:45:23.906240+00:00,40.500297,released_start,0.000000,0.00000,0.000000,0.00000,HIGH,true,false,true,false,
406,2026-09-11T15:45:24.006341+00:00,40.600321,released_start,0.000000,0.00000,0.000000,0.00000,HIGH,true,false,true,false,
407,2026-09-11T15:45:24.106294+00:00,40.700325,released_start,0.000000,0.00000,0.000000,0.00000,HIGH,true,false,true,false,
408,2026-09-11T15:45:24.206573+00:00,40.800388,released_start,0.000000,0.00000,0.000000,0.00000,HIGH,true,false,true,false,
409,2026-09-11T15:45:24.306175+00:00,40.900307,released_start,0.000000,0.00000,0.000000,0.00000,HIGH,true,false,true,false,
410,2026-09-11T15:45:24.406451+00:00,41.000391,released_start,0.000000,0.00000,0.000000,0.00000,HIGH,true,false,true,false,
411,2026-09-11T15:45:24.506163+00:00,41.100303,released_start,0.000000,0.00000,0.000000,0.00000,HIGH,true,false,true,false,
412,2026-09-11T15:45:24.606517+00:00,41.200446,released_start,0.000000,0.00000,0.000000,0.00000,HIGH,true,false,true,false,
413,2026-09-11T15:45:24.706170+00:00,41.300312,released_start,0.000000,0.00000,0.000000,0.00000,HIGH,true,false,true,false,
414,2026-09-11T15:45:24.806326+00:00,41.400333,released_start,0.000000,0.00000,0.000000,0.00000,HIGH,true,false,true,false,
415,2026-09-11T15:45:24.906154+00:00,41.500288,released_start,0.000000,0.00000,0.000000,0.00000,HIGH,true,false,true,false,
416,2026-09-11T15:45:25.006303+00:00,41.600321,released_start,0.000000,0.00000,-0.002000,-0.01212,HIGH,true,false,true,false,
417,2026-09-11T15:45:25.106203+00:00,41.700315,released_start,0.000000,0.00000,0.000000,0.00000,HIGH,true,false,true,false,
418,2026-09-11T15:45:25.206309+00:00,41.800328,released_start,0.000000,0.00000,0.000000,0.00000,HIGH,true,false,true,false,
419,2026-09-11T15:45:25.306208+00:00,41.900318,released_start,0.000000,0.00000,0.000000,0.00000,HIGH,true,false,true,false,
420,2026-09-11T15:45:25.406309+00:00,42.000324,released_start,0.000000,0.00000,0.000000,0.00000,HIGH,true,false,true,false,
421,2026-09-11T15:45:25.506138+00:00,42.100284,released_start,0.000000,0.00000,0.000000,0.00000,HIGH,true,false,true,false,
422,2026-09-11T15:45:25.606306+00:00,42.200314,released_start,0.000000,0.00000,0.000000,0.00000,HIGH,true,false,true,false,
423,2026-09-11T15:45:25.706140+00:00,42.300284,released_start,0.000000,0.00000,0.000000,0.00000,HIGH,true,false,true,false,
424,2026-09-11T15:45:25.806300+00:00,42.400311,released_start,0.000000,0.00000,0.000000,0.00000,HIGH,true,false,true,false,
425,2026-09-11T15:45:25.906140+00:00,42.500284,released_start,0.000000,0.00000,0.000000,0.00000,HIGH,true,false,true,false,
426,2026-09-11T15:45:26.006301+00:00,42.600316,released_start,0.000000,0.00000,0.000000,0.00000,HIGH,true,false,true,false,
427,2026-09-11T15:45:26.106137+00:00,42.700283,released_start,0.000000,0.00000,0.000000,0.00000,HIGH,true,false,true,false,
428,2026-09-11T15:45:26.206586+00:00,42.800450,released_start,0.000000,0.00000,0.000000,0.00000,HIGH,true,false,true,false,
429,2026-09-11T15:45:26.306113+00:00,42.900305,released_start,0.000000,0.00000,0.000000,0.00000,HIGH,true,false,true,false,
430,2026-09-11T15:45:26.406401+00:00,43.000329,released_start,0.000000,0.00000,0.000000,0.00000,HIGH,true,false,true,false,
431,2026-09-11T15:45:26.506159+00:00,43.100289,released_start,0.000000,0.00000,0.000000,0.00000,HIGH,true,false,true,false,
432,2026-09-11T15:45:26.606470+00:00,43.200320,released_start,0.000000,0.00000,0.000000,0.00000,HIGH,true,false,true,false,
433,2026-09-11T15:45:26.706165+00:00,43.300300,released_start,0.000000,0.00000,0.000000,0.00000,HIGH,true,false,true,false,
434,2026-09-11T15:45:26.806386+00:00,43.400320,released_start,0.000000,0.00000,0.000000,0.00000,HIGH,true,false,true,false,
435,2026-09-11T15:45:26.906091+00:00,43.500295,released_start,0.000000,0.00000,0.000000,0.00000,HIGH,true,false,true,false,
436,2026-09-11T15:45:27.006397+00:00,43.600322,released_start,0.000000,0.00000,0.000000,0.00000,HIGH,true,false,true,false,
437,2026-09-11T15:45:27.106077+00:00,43.700292,released_start,0.000000,0.00000,0.000000,0.00000,HIGH,true,false,true,false,
438,2026-09-11T15:45:27.206447+00:00,43.800350,released_start,0.000000,0.00000,0.000000,0.00000,HIGH,true,false,true,false,
439,2026-09-11T15:45:27.306349+00:00,43.900441,released_start,0.000000,0.00000,0.000000,0.00000,LOW,false,false,true,false,estop_closed_reset_required
440,2026-09-11T15:45:27.406595+00:00,44.000361,released_start,0.000000,0.00000,0.000000,0.00000,LOW,false,false,true,false,
441,2026-09-11T15:45:27.506146+00:00,44.100341,released_start,0.000000,0.00000,0.000000,0.00000,LOW,false,false,true,false,
442,2026-09-11T15:45:27.606396+00:00,44.200333,released_start,0.000000,0.00000,0.000000,0.00000,LOW,false,false,true,false,
443,2026-09-11T15:45:27.706068+00:00,44.300292,released_start,0.000000,0.00000,0.000000,0.00000,LOW,false,false,true,false,
444,2026-09-11T15:45:27.806381+00:00,44.400319,released_start,0.000000,0.00000,0.000000,0.00000,LOW,false,false,true,false,
445,2026-09-11T15:45:27.906122+00:00,44.500301,released_start,0.000000,0.00000,0.000000,0.00000,LOW,false,false,true,false,
446,2026-09-11T15:45:28.006550+00:00,44.600359,released_start,0.000000,0.00000,0.000000,0.00000,LOW,false,false,true,false,
447,2026-09-11T15:45:28.106502+00:00,44.700385,released_start,0.000000,0.00000,0.000000,0.00000,LOW,false,false,true,false,
448,2026-09-11T15:45:28.206203+00:00,44.800332,released_start,0.000000,0.00000,0.000000,0.00000,LOW,false,false,true,false,
449,2026-09-11T15:45:28.306507+00:00,44.900391,released_start,0.000000,0.00000,0.000000,0.00000,LOW,false,false,true,false,
450,2026-09-11T15:45:28.406110+00:00,45.000304,released_start,0.000000,0.00000,0.000000,0.00000,LOW,false,false,true,false,
451,2026-09-11T15:45:28.506418+00:00,45.100344,released_start,0.000000,0.00000,0.000000,0.00000,LOW,false,false,true,false,
452,2026-09-11T15:45:28.606088+00:00,45.200301,released_start,0.000000,0.00000,0.000000,0.00000,LOW,false,false,true,false,
453,2026-09-11T15:45:28.706420+00:00,45.300340,released_start,0.000000,0.00000,0.000000,0.00000,LOW,false,false,true,false,
454,2026-09-11T15:45:28.806073+00:00,45.400292,released_start,0.000000,0.00000,0.000000,0.00000,LOW,false,false,true,false,
455,2026-09-11T15:45:28.906390+00:00,45.500324,released_start,0.000000,0.00000,0.000000,0.00000,LOW,false,false,true,false,
456,2026-09-11T15:45:29.006084+00:00,45.600291,released_start,0.000000,0.00000,0.000000,0.00000,LOW,false,false,true,false,
457,2026-09-11T15:45:29.106398+00:00,45.700328,released_start,0.000000,0.00000,0.000000,0.00000,LOW,false,false,true,false,
458,2026-09-11T15:45:29.206091+00:00,45.800296,released_start,0.000000,0.00000,0.000000,0.00000,LOW,false,false,true,false,
459,2026-09-11T15:45:29.306528+00:00,45.900395,released_start,0.000000,0.00000,0.000000,0.00000,LOW,false,false,true,false,
460,2026-09-11T15:45:29.406098+00:00,46.000308,released_start,0.000000,0.00000,0.000000,0.00000,LOW,false,false,true,false,
461,2026-09-11T15:45:29.506387+00:00,46.100319,released_start,0.000000,0.00000,0.000000,0.00000,LOW,false,false,true,false,
462,2026-09-11T15:45:29.606073+00:00,46.200286,released_start,0.000000,0.00000,0.000000,0.00000,LOW,false,false,true,false,
463,2026-09-11T15:45:29.706405+00:00,46.300325,released_start,0.000000,0.00000,0.000000,0.00000,LOW,false,false,true,false,
464,2026-09-11T15:45:29.806075+00:00,46.400289,released_start,0.000000,0.00000,0.000000,0.00000,LOW,false,false,true,false,
465,2026-09-11T15:45:29.906390+00:00,46.500319,released_start,0.000000,0.00000,0.000000,0.00000,LOW,false,false,true,false,
466,2026-09-11T15:45:30.006080+00:00,46.600293,released_start,0.000000,0.00000,0.000000,0.00000,LOW,false,false,true,false,
467,2026-09-11T15:45:30.106383+00:00,46.700315,released_start,0.000000,0.00000,0.000000,0.00000,LOW,false,false,true,false,
468,2026-09-11T15:45:30.206105+00:00,46.800302,released_start,0.000000,0.00000,0.000000,0.00000,LOW,false,false,true,false,
469,2026-09-11T15:45:30.306396+00:00,46.900320,released_start,0.000000,0.00000,0.000000,0.00000,LOW,false,false,true,false,
470,2026-09-11T15:45:30.406078+00:00,47.000290,released_start,0.000000,0.00000,0.000000,0.00000,LOW,false,false,true,false,
471,2026-09-11T15:45:30.506383+00:00,47.100314,released_start,0.000000,0.00000,0.000000,0.00000,LOW,false,false,true,false,
472,2026-09-11T15:45:30.606100+00:00,47.200298,released_start,-0.002000,-0.00606,-0.002000,-0.01212,LOW,false,false,true,false,
473,2026-09-11T15:45:30.706399+00:00,47.300323,released_start,0.000000,0.00000,0.000000,0.00000,LOW,false,false,true,false,
474,2026-09-11T15:45:30.806085+00:00,47.400293,released_start,0.000000,0.00000,0.000000,0.00000,LOW,false,false,true,false,
475,2026-09-11T15:45:30.906395+00:00,47.500320,released_start,0.000000,0.00000,0.000000,0.00000,LOW,false,false,true,false,
476,2026-09-11T15:45:31.006111+00:00,47.600307,released_start,0.000000,0.00000,0.000000,0.00000,LOW,false,false,true,false,
477,2026-09-11T15:45:31.106399+00:00,47.700327,released_start,0.000000,0.00000,0.000000,0.00000,LOW,false,false,true,false,
478,2026-09-11T15:45:31.206147+00:00,47.800328,released_start,0.000000,0.00000,0.000000,0.00000,LOW,false,false,true,false,
479,2026-09-11T15:45:31.306397+00:00,47.900327,released_start,0.000000,0.00000,0.000000,0.00000,LOW,false,false,true,false,
480,2026-09-11T15:45:31.406085+00:00,48.000295,released_start,0.000000,0.00000,0.000000,0.00000,LOW,false,false,true,false,
481,2026-09-11T15:45:31.506379+00:00,48.100319,released_start,0.000000,0.00000,0.000000,0.00000,LOW,false,false,true,false,
482,2026-09-11T15:45:31.606075+00:00,48.200289,released_start,0.000000,0.00000,0.000000,0.00000,LOW,false,false,true,false,
483,2026-09-11T15:45:31.706385+00:00,48.300318,released_start,0.000000,0.00000,0.000000,0.00000,LOW,false,false,true,false,
484,2026-09-11T15:45:31.806079+00:00,48.400291,released_start,0.000000,0.00000,0.000000,0.00000,LOW,false,false,true,false,
485,2026-09-11T15:45:31.906389+00:00,48.500321,released_start,0.000000,0.00000,0.000000,0.00000,LOW,false,false,true,false,
486,2026-09-11T15:45:32.006103+00:00,48.600305,released_start,0.000000,0.00000,0.000000,0.00000,LOW,false,false,true,false,
487,2026-09-11T15:45:32.106387+00:00,48.700324,released_start,0.000000,0.00000,0.000000,0.00000,LOW,false,false,true,false,
488,2026-09-11T15:45:32.206351+00:00,48.800446,released_start,0.000000,0.00000,0.000000,0.00000,LOW,false,false,true,false,
489,2026-09-11T15:45:32.306112+00:00,48.900322,released_start,0.000000,0.00000,0.000000,0.00000,LOW,false,false,true,false,
490,2026-09-11T15:45:32.406418+00:00,49.000337,released_start,0.000000,0.00000,0.000000,0.00000,LOW,false,false,true,false,
491,2026-09-11T15:45:32.506211+00:00,49.100302,released_start,0.000000,0.00000,0.000000,0.00000,LOW,false,false,true,false,
492,2026-09-11T15:45:32.606493+00:00,49.200378,released_start,0.000000,0.00000,0.000000,0.00000,LOW,false,false,true,false,
493,2026-09-11T15:45:32.706125+00:00,49.300321,released_start,0.000000,0.00000,0.000000,0.00000,LOW,false,false,true,false,
494,2026-09-11T15:45:32.806396+00:00,49.400329,released_start,0.000000,0.00000,0.000000,0.00000,LOW,false,false,true,false,
495,2026-09-11T15:45:32.906083+00:00,49.500295,released_start,0.000000,0.00000,0.000000,0.00000,LOW,false,false,true,false,
496,2026-09-11T15:45:33.006562+00:00,49.600415,released_start,0.000000,0.00000,0.000000,0.00000,LOW,false,false,true,false,
497,2026-09-11T15:45:33.106109+00:00,49.700319,released_start,0.000000,0.00000,0.000000,0.00000,LOW,false,false,true,false,
498,2026-09-11T15:45:33.206554+00:00,49.800418,released_start,0.000000,0.00000,0.000000,0.00000,LOW,false,false,true,false,
499,2026-09-11T15:45:33.306136+00:00,49.900325,released_start,0.000000,0.00000,0.000000,0.00000,LOW,false,false,true,false,
500,2026-09-11T15:45:33.406554+00:00,50.000419,released_start,0.000000,0.00000,0.000000,0.00000,LOW,false,false,true,false,
501,2026-09-11T15:45:33.506136+00:00,50.100325,released_start,0.000000,0.00000,0.000000,0.00000,LOW,false,false,true,false,
502,2026-09-11T15:45:33.606681+00:00,50.200448,released_start,0.000000,0.00000,0.000000,0.00000,LOW,false,false,true,false,
503,2026-09-11T15:45:33.706201+00:00,50.300362,released_start,0.000000,0.00000,0.000000,0.00000,LOW,false,false,true,false,
504,2026-09-11T15:45:33.806579+00:00,50.400428,released_start,0.000000,0.00000,0.000000,0.00000,LOW,false,false,true,false,
505,2026-09-11T15:45:33.906111+00:00,50.500316,released_start,0.000000,0.00000,0.000000,0.00000,LOW,false,false,true,false,
506,2026-09-11T15:45:34.006433+00:00,50.600332,released_start,0.000000,0.00000,0.000000,0.00000,LOW,false,false,true,false,
507,2026-09-11T15:45:34.106540+00:00,50.700403,released_start,0.000000,0.00000,0.000000,0.00000,LOW,false,false,true,false,
508,2026-09-11T15:45:34.206569+00:00,50.800423,released_start,0.000000,0.00000,0.000000,0.00000,LOW,false,false,true,false,
509,2026-09-11T15:45:34.306180+00:00,50.900342,released_start,0.000000,0.00000,0.000000,0.00000,LOW,false,false,true,false,
510,2026-09-11T15:45:34.406581+00:00,51.000435,released_start,0.000000,0.00000,0.000000,0.00000,LOW,false,false,true,false,
511,2026-09-11T15:45:34.506135+00:00,51.100329,released_start,0.000000,0.00000,0.000000,0.00000,LOW,false,false,true,false,
512,2026-09-11T15:45:34.606388+00:00,51.200323,released_start,0.000000,0.00000,0.000000,0.00000,LOW,false,false,true,false,
513,2026-09-11T15:45:34.706068+00:00,51.300292,released_start,0.000000,0.00000,0.000000,0.00000,LOW,false,false,true,false,
514,2026-09-11T15:45:34.806392+00:00,51.400323,released_start,0.000000,0.00000,0.000000,0.00000,LOW,false,false,true,false,
515,2026-09-11T15:45:34.906073+00:00,51.500291,released_start,0.000000,0.00000,0.000000,0.00000,LOW,false,false,true,false,
516,2026-09-11T15:45:35.006585+00:00,51.600432,released_start,0.000000,0.00000,0.000000,0.00000,LOW,false,false,true,false,
517,2026-09-11T15:45:35.106353+00:00,51.700447,released_start,0.000000,0.00000,0.000000,0.00000,HIGH,true,false,true,false,estop_open_forced_safe
518,2026-09-11T15:45:35.206502+00:00,51.800386,released_start,0.000000,0.00000,0.000000,0.00000,HIGH,true,false,true,false,
519,2026-09-11T15:45:35.306103+00:00,51.900309,released_start,0.000000,0.00000,0.000000,0.00000,HIGH,true,false,true,false,
520,2026-09-11T15:45:35.406409+00:00,52.000335,released_start,0.000000,0.00000,0.000000,0.00000,HIGH,true,false,true,false,
521,2026-09-11T15:45:35.506150+00:00,52.100331,released_start,0.000000,0.00000,0.000000,0.00000,HIGH,true,false,true,false,
522,2026-09-11T15:45:35.606585+00:00,52.200436,released_start,0.000000,0.00000,0.000000,0.00000,HIGH,true,false,true,false,
523,2026-09-11T15:45:35.706114+00:00,52.300321,released_start,0.000000,0.00000,0.000000,0.00000,HIGH,true,false,true,false,
524,2026-09-11T15:45:35.806403+00:00,52.400331,released_start,0.000000,0.00000,0.000000,0.00000,HIGH,true,false,true,false,
525,2026-09-11T15:45:35.906078+00:00,52.500294,released_start,0.000000,0.00000,0.000000,0.00000,HIGH,true,false,true,false,
526,2026-09-11T15:45:36.006394+00:00,52.600321,released_start,0.000000,0.00000,0.000000,0.00000,HIGH,true,false,true,false,
527,2026-09-11T15:45:36.106162+00:00,52.700335,released_start,0.000000,0.00000,0.000000,0.00000,HIGH,true,false,true,false,
528,2026-09-11T15:45:36.206406+00:00,52.800332,released_start,0.000000,0.00000,0.000000,0.00000,HIGH,true,false,true,false,
529,2026-09-11T15:45:36.306082+00:00,52.900294,released_start,0.000000,0.00000,0.000000,0.00000,HIGH,true,false,true,false,
530,2026-09-11T15:45:36.406380+00:00,53.000318,released_start,0.000000,0.00000,0.000000,0.00000,HIGH,true,false,true,false,
531,2026-09-11T15:45:36.506082+00:00,53.100288,released_start,0.000000,0.00000,0.000000,0.00000,HIGH,true,false,true,false,
532,2026-09-11T15:45:36.606391+00:00,53.200319,released_start,0.000000,0.00000,0.000000,0.00000,HIGH,true,false,true,false,
533,2026-09-11T15:45:36.706544+00:00,53.300406,released_start,0.000000,0.00000,0.000000,0.00000,HIGH,true,false,true,false,
534,2026-09-11T15:45:36.806133+00:00,53.400308,released_start,0.000000,0.00000,0.000000,0.00000,HIGH,true,false,true,false,
535,2026-09-11T15:45:36.906528+00:00,53.500396,released_start,0.000000,0.00000,0.000000,0.00000,HIGH,true,false,true,false,
536,2026-09-11T15:45:37.006106+00:00,53.600311,released_start,0.000000,0.00000,0.000000,0.00000,HIGH,true,false,true,false,
537,2026-09-11T15:45:37.106416+00:00,53.700337,released_start,0.000000,0.00000,0.000000,0.00000,HIGH,true,false,true,false,
538,2026-09-11T15:45:37.206087+00:00,53.800296,released_start,0.000000,0.00000,0.000000,0.00000,HIGH,true,false,true,false,
539,2026-09-11T15:45:37.306396+00:00,53.900324,released_start,0.000000,0.00000,0.000000,0.00000,HIGH,true,false,true,false,
540,2026-09-11T15:45:37.406114+00:00,54.000310,released_start,0.000000,0.00000,0.000000,0.00000,HIGH,true,false,true,false,
541,2026-09-11T15:45:37.506398+00:00,54.100330,released_start,0.000000,0.00000,0.000000,0.00000,HIGH,true,false,true,false,
542,2026-09-11T15:45:37.606081+00:00,54.200293,released_start,0.000000,0.00000,0.000000,0.00000,HIGH,true,false,true,false,
543,2026-09-11T15:45:37.706378+00:00,54.300318,released_start,0.000000,0.00000,0.000000,0.00000,HIGH,true,false,true,false,
544,2026-09-11T15:45:37.806077+00:00,54.400290,released_start,0.000000,0.00000,0.000000,0.00000,HIGH,true,false,true,false,
545,2026-09-11T15:45:37.906386+00:00,54.500322,released_start,0.000000,0.00000,0.000000,0.00000,HIGH,true,false,true,false,
546,2026-09-11T15:45:38.006074+00:00,54.600295,released_start,0.000000,0.00000,0.000000,0.00000,HIGH,true,false,true,false,
547,2026-09-11T15:45:38.106393+00:00,54.700323,released_start,0.000000,0.00000,0.000000,0.00000,HIGH,true,false,true,false,
548,2026-09-11T15:45:38.206338+00:00,54.800440,released_start,0.000000,0.00000,0.000000,0.00000,HIGH,true,false,true,false,
549,2026-09-11T15:45:38.306094+00:00,54.900306,released_start,0.000000,0.00000,0.000000,0.00000,HIGH,true,false,true,false,
550,2026-09-11T15:45:38.406391+00:00,55.000326,released_start,0.000000,0.00000,0.000000,0.00000,HIGH,true,false,true,false,
551,2026-09-11T15:45:38.506081+00:00,55.100292,released_start,0.000000,0.00000,0.000000,0.00000,HIGH,true,false,true,false,
552,2026-09-11T15:45:38.606649+00:00,55.200438,released_start,0.000000,0.00000,0.000000,0.00000,LOW,false,false,true,false,estop_closed_reset_required
553,2026-09-11T15:45:38.706433+00:00,55.300357,released_start,0.000000,0.00000,0.000000,0.00000,LOW,false,false,true,false,
554,2026-09-11T15:45:38.806098+00:00,55.400305,released_start,0.000000,0.00000,0.000000,0.00000,LOW,false,false,true,false,
555,2026-09-11T15:45:38.906395+00:00,55.500327,released_start,0.000000,0.00000,0.000000,0.00000,LOW,false,false,true,false,
556,2026-09-11T15:45:39.006075+00:00,55.600290,released_start,0.000000,0.00000,0.000000,0.00000,LOW,false,false,true,false,
557,2026-09-11T15:45:39.106413+00:00,55.700329,released_start,0.000000,0.00000,0.000000,0.00000,LOW,false,false,true,false,
558,2026-09-11T15:45:39.206146+00:00,55.800326,released_start,0.000000,0.00000,0.000000,0.00000,LOW,false,false,true,false,
559,2026-09-11T15:45:39.306400+00:00,55.900330,released_start,0.000000,0.00000,0.000000,0.00000,LOW,false,false,true,false,
560,2026-09-11T15:45:39.406084+00:00,56.000294,released_start,0.000000,0.00000,0.000000,0.00000,LOW,false,false,true,false,
561,2026-09-11T15:45:39.506739+00:00,56.100470,released_start,0.000000,0.00000,0.000000,0.00000,LOW,false,false,true,false,
562,2026-09-11T15:45:39.606202+00:00,56.200360,released_start,0.000000,0.00000,0.000000,0.00000,LOW,false,false,true,false,
563,2026-09-11T15:45:39.706401+00:00,56.300333,released_start,0.000000,0.00000,0.000000,0.00000,LOW,false,false,true,false,
564,2026-09-11T15:45:39.806078+00:00,56.400287,released_start,0.000000,0.00000,0.000000,0.00000,LOW,false,false,true,false,
565,2026-09-11T15:45:39.906395+00:00,56.500323,released_start,0.000000,0.00000,0.000000,0.00000,LOW,false,false,true,false,
566,2026-09-11T15:45:40.006088+00:00,56.600290,released_start,0.000000,0.00000,0.000000,0.00000,LOW,false,false,true,false,
567,2026-09-11T15:45:40.106522+00:00,56.700383,released_start,0.000000,0.00000,0.000000,0.00000,LOW,false,false,true,false,
568,2026-09-11T15:45:40.206120+00:00,56.800318,released_start,0.000000,0.00000,0.000000,0.00000,LOW,false,false,true,false,
569,2026-09-11T15:45:40.306558+00:00,56.900413,released_start,0.000000,0.00000,0.000000,0.00000,LOW,false,false,true,false,
570,2026-09-11T15:45:40.406145+00:00,57.000331,released_start,0.000000,0.00000,0.000000,0.00000,LOW,false,false,true,false,
571,2026-09-11T15:45:40.506394+00:00,57.100326,released_start,0.000000,0.00000,0.000000,0.00000,LOW,false,false,true,false,
572,2026-09-11T15:45:40.606156+00:00,57.200326,released_start,0.000000,0.00000,0.000000,0.00000,LOW,false,false,true,false,
573,2026-09-11T15:45:40.706437+00:00,57.300343,released_start,0.000000,0.00000,0.000000,0.00000,LOW,false,false,true,false,
574,2026-09-11T15:45:40.806079+00:00,57.400293,released_start,0.000000,0.00000,0.000000,0.00000,LOW,false,false,true,false,
575,2026-09-11T15:45:40.906385+00:00,57.500318,released_start,0.000000,0.00000,0.000000,0.00000,LOW,false,false,true,false,
576,2026-09-11T15:45:41.006067+00:00,57.600287,released_start,0.000000,0.00000,0.000000,0.00000,LOW,false,false,true,false,
577,2026-09-11T15:45:41.106381+00:00,57.700317,released_start,0.000000,0.00000,0.000000,0.00000,LOW,false,false,true,false,
578,2026-09-11T15:45:41.206097+00:00,57.800303,released_start,0.000000,0.00000,0.000000,0.00000,LOW,false,false,true,false,
579,2026-09-11T15:45:41.306383+00:00,57.900322,released_start,0.000000,0.00000,0.000000,0.00000,LOW,false,false,true,false,
580,2026-09-11T15:45:41.406070+00:00,58.000290,released_start,0.000000,0.00000,0.000000,0.00000,LOW,false,false,true,false,
581,2026-09-11T15:45:41.506381+00:00,58.100318,released_start,0.000000,0.00000,0.000000,0.00000,LOW,false,false,true,false,
582,2026-09-11T15:45:41.606093+00:00,58.200300,released_start,0.000000,0.00000,0.000000,0.00000,LOW,false,false,true,false,
583,2026-09-11T15:45:41.706389+00:00,58.300324,released_start,0.000000,0.00000,0.000000,0.00000,LOW,false,false,true,false,
584,2026-09-11T15:45:41.806071+00:00,58.400290,released_start,0.000000,0.00000,0.000000,0.00000,LOW,false,false,true,false,
585,2026-09-11T15:45:41.906662+00:00,58.500446,released_start,0.000000,0.00000,0.000000,0.00000,HIGH,true,false,true,false,estop_open_forced_safe
586,2026-09-11T15:45:42.006436+00:00,58.600358,released_start,0.000000,0.00000,0.000000,0.00000,HIGH,true,false,true,false,
587,2026-09-11T15:45:42.106109+00:00,58.700312,released_start,0.000000,0.00000,0.000000,0.00000,HIGH,true,false,true,false,
588,2026-09-11T15:45:42.206413+00:00,58.800334,released_start,0.000000,0.00000,0.000000,0.00000,HIGH,true,false,true,false,
589,2026-09-11T15:45:42.306083+00:00,58.900299,released_start,0.000000,0.00000,0.000000,0.00000,HIGH,true,false,true,false,
590,2026-09-11T15:45:42.406380+00:00,59.000317,released_start,0.000000,0.00000,0.000000,0.00000,HIGH,true,false,true,false,
591,2026-09-11T15:45:42.506082+00:00,59.100292,released_start,0.000000,0.00000,0.000000,0.00000,HIGH,true,false,true,false,
592,2026-09-11T15:45:42.606379+00:00,59.200318,released_start,0.000000,0.00000,0.000000,0.00000,HIGH,true,false,true,false,
593,2026-09-11T15:45:42.706092+00:00,59.300301,released_start,0.000000,0.00000,0.000000,0.00000,HIGH,true,false,true,false,
594,2026-09-11T15:45:42.806377+00:00,59.400317,released_start,0.000000,0.00000,0.000000,0.00000,HIGH,true,false,true,false,
595,2026-09-11T15:45:42.906078+00:00,59.500291,released_start,0.000000,0.00000,0.000000,0.00000,HIGH,true,false,true,false,
596,2026-09-11T15:45:43.006381+00:00,59.600314,released_start,0.000000,0.00000,0.000000,0.00000,HIGH,true,false,true,false,
597,2026-09-11T15:45:43.106074+00:00,59.700290,released_start,0.000000,0.00000,0.000000,0.00000,HIGH,true,false,true,false,
598,2026-09-11T15:45:43.206464+00:00,59.800361,released_start,0.000000,0.00000,0.000000,0.00000,HIGH,true,false,true,false,
599,2026-09-11T15:45:43.306104+00:00,59.900306,released_start,0.000000,0.00000,0.000000,0.00000,HIGH,true,false,true,false,
600,2026-09-11T15:45:43.406391+00:00,60.000325,released_start,0.000000,0.00000,0.000000,0.00000,HIGH,true,false,true,false,
601,2026-09-11T15:45:43.506080+00:00,60.100295,released_start,0.000000,0.00000,0.000000,0.00000,HIGH,true,false,true,false,
602,2026-09-11T15:45:43.606385+00:00,60.200319,released_start,0.000000,0.00000,0.000000,0.00000,HIGH,true,false,true,false,
603,2026-09-11T15:45:43.706087+00:00,60.300296,released_start,0.000000,0.00000,0.000000,0.00000,HIGH,true,false,true,false,
604,2026-09-11T15:45:43.806381+00:00,60.400318,released_start,0.000000,0.00000,0.000000,0.00000,HIGH,true,false,true,false,
605,2026-09-11T15:45:43.906071+00:00,60.500289,released_start,0.000000,0.00000,0.000000,0.00000,HIGH,true,false,true,false,
606,2026-09-11T15:45:44.006386+00:00,60.600323,released_start,0.000000,0.00000,0.000000,0.00000,HIGH,true,false,true,false,
607,2026-09-11T15:45:44.106076+00:00,60.700291,released_start,0.000000,0.00000,0.000000,0.00000,HIGH,true,false,true,false,
608,2026-09-11T15:45:44.206319+00:00,60.800421,released_start,0.000000,0.00000,0.000000,0.00000,HIGH,true,false,true,false,
609,2026-09-11T15:45:44.306429+00:00,60.900344,released_start,0.000000,0.00000,0.000000,0.00000,HIGH,true,false,true,false,
610,2026-09-11T15:45:44.406087+00:00,61.000300,released_start,0.000000,0.00000,0.000000,0.00000,HIGH,true,false,true,false,
611,2026-09-11T15:45:44.506391+00:00,61.100324,released_start,0.000000,0.00000,0.000000,0.00000,HIGH,true,false,true,false,
612,2026-09-11T15:45:44.606228+00:00,61.200372,released_start,0.000000,0.00000,0.000000,0.00000,HIGH,true,false,true,false,
613,2026-09-11T15:45:44.706419+00:00,61.300341,released_start,0.000000,0.00000,0.000000,0.00000,HIGH,true,false,true,false,
614,2026-09-11T15:45:44.806090+00:00,61.400301,released_start,0.000000,0.00000,0.000000,0.00000,HIGH,true,false,true,false,
615,2026-09-11T15:45:44.906384+00:00,61.500318,released_start,0.000000,0.00000,-0.002000,-0.01212,HIGH,true,false,true,false,
616,2026-09-11T15:45:45.006096+00:00,61.600301,released_start,0.000000,0.00000,0.000000,0.00000,HIGH,true,false,true,false,
617,2026-09-11T15:45:45.106382+00:00,61.700321,released_start,0.000000,0.00000,0.000000,0.00000,HIGH,true,false,true,false,
618,2026-09-11T15:45:45.206092+00:00,61.800296,released_start,0.000000,0.00000,0.000000,0.00000,HIGH,true,false,true,false,
619,2026-09-11T15:45:45.306403+00:00,61.900330,released_start,0.000000,0.00000,0.000000,0.00000,HIGH,true,false,true,false,
620,2026-09-11T15:45:45.406082+00:00,62.000294,released_start,0.000000,0.00000,0.000000,0.00000,HIGH,true,false,true,false,
621,2026-09-11T15:45:45.506389+00:00,62.100320,released_start,0.000000,0.00000,0.000000,0.00000,HIGH,true,false,true,false,
622,2026-09-11T15:45:45.606094+00:00,62.200293,released_start,0.000000,0.00000,0.000000,0.00000,HIGH,true,false,true,false,
623,2026-09-11T15:45:45.706400+00:00,62.300327,released_start,0.000000,0.00000,0.000000,0.00000,HIGH,true,false,true,false,
624,2026-09-11T15:45:45.806398+00:00,62.400334,released_start,0.000000,0.00000,0.000000,0.00000,HIGH,true,false,true,false,
625,2026-09-11T15:45:45.906709+00:00,62.500511,released_start,0.000000,0.00000,0.000000,0.00000,LOW,false,false,true,false,estop_closed_reset_required
626,2026-09-11T15:45:46.006498+00:00,62.600379,released_start,0.000000,0.00000,0.000000,0.00000,LOW,false,false,true,false,
627,2026-09-11T15:45:46.106565+00:00,62.700414,released_start,0.000000,0.00000,0.000000,0.00000,LOW,false,false,true,false,
628,2026-09-11T15:45:46.206140+00:00,62.800330,released_start,0.000000,0.00000,0.000000,0.00000,LOW,false,false,true,false,
629,2026-09-11T15:45:46.306417+00:00,62.900333,released_start,0.000000,0.00000,0.000000,0.00000,LOW,false,false,true,false,
630,2026-09-11T15:45:46.406131+00:00,63.000319,released_start,0.000000,0.00000,0.000000,0.00000,LOW,false,false,true,false,
631,2026-09-11T15:45:46.506571+00:00,63.100425,released_start,0.000000,0.00000,0.000000,0.00000,LOW,false,false,true,false,
632,2026-09-11T15:45:46.606121+00:00,63.200320,released_start,0.000000,0.00000,0.000000,0.00000,LOW,false,false,true,false,
633,2026-09-11T15:45:46.706380+00:00,63.300317,released_start,0.000000,0.00000,0.000000,0.00000,LOW,false,false,true,false,
634,2026-09-11T15:45:46.806088+00:00,63.400292,released_start,-0.002000,-0.00606,0.000000,0.00000,LOW,false,false,true,false,
635,2026-09-11T15:45:46.906373+00:00,63.500312,released_start,0.000000,0.00000,0.000000,0.00000,LOW,false,false,true,false,
636,2026-09-11T15:45:47.006100+00:00,63.600297,released_start,0.000000,0.00000,0.000000,0.00000,LOW,false,false,true,false,
637,2026-09-11T15:45:47.106384+00:00,63.700320,released_start,0.000000,0.00000,0.000000,0.00000,LOW,false,false,true,false,
638,2026-09-11T15:45:47.206261+00:00,63.800396,released_start,0.000000,0.00000,0.000000,0.00000,LOW,false,false,true,false,
639,2026-09-11T15:45:47.306413+00:00,63.900338,released_start,0.000000,0.00000,0.000000,0.00000,LOW,false,false,true,false,
640,2026-09-11T15:45:47.406407+00:00,64.000330,released_start,0.000000,0.00000,0.000000,0.00000,LOW,false,false,true,false,
641,2026-09-11T15:45:47.506130+00:00,64.100317,released_start,0.000000,0.00000,0.000000,0.00000,LOW,false,false,true,false,
642,2026-09-11T15:45:47.606387+00:00,64.200318,released_start,0.000000,0.00000,0.000000,0.00000,LOW,false,false,true,false,
643,2026-09-11T15:45:47.706084+00:00,64.300290,released_start,0.000000,0.00000,0.000000,0.00000,LOW,false,false,true,false,
644,2026-09-11T15:45:47.806385+00:00,64.400320,released_start,0.000000,0.00000,0.000000,0.00000,LOW,false,false,true,false,
645,2026-09-11T15:45:47.906078+00:00,64.500284,released_start,0.000000,0.00000,0.000000,0.00000,LOW,false,false,true,false,
646,2026-09-11T15:45:48.006393+00:00,64.600318,released_start,0.000000,0.00000,0.000000,0.00000,LOW,false,false,true,false,
647,2026-09-11T15:45:48.106083+00:00,64.700293,released_start,0.000000,0.00000,0.000000,0.00000,LOW,false,false,true,false,
648,2026-09-11T15:45:48.206388+00:00,64.800313,released_start,0.000000,0.00000,0.000000,0.00000,LOW,false,false,true,false,
649,2026-09-11T15:45:48.306084+00:00,64.900294,released_start,0.000000,0.00000,0.000000,0.00000,LOW,false,false,true,false,
650,2026-09-11T15:45:48.406394+00:00,65.000319,released_start,0.000000,0.00000,0.000000,0.00000,LOW,false,false,true,false,
651,2026-09-11T15:45:48.506420+00:00,65.100335,released_start,0.000000,0.00000,0.000000,0.00000,LOW,false,false,true,false,
652,2026-09-11T15:45:48.606371+00:00,65.200311,released_start,0.000000,0.00000,0.000000,0.00000,LOW,false,false,true,false,
653,2026-09-11T15:45:48.706088+00:00,65.300289,released_start,0.000000,0.00000,0.000000,0.00000,LOW,false,false,true,false,
654,2026-09-11T15:45:48.806387+00:00,65.400316,released_start,0.000000,0.00000,0.000000,0.00000,LOW,false,false,true,false,
655,2026-09-11T15:45:48.906079+00:00,65.500288,released_start,0.000000,0.00000,0.000000,0.00000,LOW,false,false,true,false,
656,2026-09-11T15:45:49.006377+00:00,65.600309,released_start,0.000000,0.00000,0.000000,0.00000,LOW,false,false,true,false,
657,2026-09-11T15:45:49.106083+00:00,65.700290,released_start,0.000000,0.00000,0.000000,0.00000,LOW,false,false,true,false,
658,2026-09-11T15:45:49.206372+00:00,65.800308,released_start,0.000000,0.00000,0.000000,0.00000,LOW,false,false,true,false,
659,2026-09-11T15:45:49.306097+00:00,65.900304,released_start,0.000000,0.00000,0.000000,0.00000,LOW,false,false,true,false,
660,2026-09-11T15:45:49.406379+00:00,66.000312,released_start,0.000000,0.00000,0.000000,0.00000,LOW,false,false,true,false,
661,2026-09-11T15:45:49.506054+00:00,66.100278,released_start,0.000000,0.00000,0.000000,0.00000,LOW,false,false,true,false,
662,2026-09-11T15:45:49.606364+00:00,66.200304,released_start,0.000000,0.00000,0.000000,0.00000,LOW,false,false,true,false,
663,2026-09-11T15:45:49.706218+00:00,66.300362,released_start,0.000000,0.00000,0.000000,0.00000,LOW,false,false,true,false,
664,2026-09-11T15:45:49.806400+00:00,66.400331,released_start,0.000000,0.00000,0.000000,0.00000,LOW,false,false,true,false,
665,2026-09-11T15:45:49.906366+00:00,66.500314,released_start,0.000000,0.00000,0.000000,0.00000,LOW,false,false,true,false,
666,2026-09-11T15:45:50.006079+00:00,66.600290,released_start,0.000000,0.00000,0.000000,0.00000,LOW,false,false,true,false,
667,2026-09-11T15:45:50.106384+00:00,66.700316,released_start,0.000000,0.00000,0.000000,0.00000,LOW,false,false,true,false,
668,2026-09-11T15:45:50.206633+00:00,66.800468,released_start,0.000000,0.00000,0.000000,0.00000,LOW,false,false,true,false,
669,2026-09-11T15:45:50.306108+00:00,66.900311,released_start,0.000000,0.00000,0.000000,0.00000,LOW,false,false,true,false,
670,2026-09-11T15:45:50.406642+00:00,67.000459,released_start,0.000000,0.00000,0.000000,0.00000,HIGH,true,false,true,false,estop_open_forced_safe
671,2026-09-11T15:45:50.506192+00:00,67.100357,released_start,0.000000,0.00000,0.000000,0.00000,HIGH,true,false,true,false,
672,2026-09-11T15:45:50.606422+00:00,67.200343,released_start,0.000000,0.00000,0.000000,0.00000,HIGH,true,false,true,false,
673,2026-09-11T15:45:50.706080+00:00,67.300292,released_start,0.000000,0.00000,0.000000,0.00000,HIGH,true,false,true,false,
674,2026-09-11T15:45:50.806392+00:00,67.400323,released_start,0.000000,0.00000,0.000000,0.00000,HIGH,true,false,true,false,
675,2026-09-11T15:45:50.906086+00:00,67.500293,released_start,0.000000,0.00000,0.000000,0.00000,HIGH,true,false,true,false,
676,2026-09-11T15:45:51.006392+00:00,67.600319,released_start,0.000000,0.00000,0.000000,0.00000,HIGH,true,false,true,false,
677,2026-09-11T15:45:51.106077+00:00,67.700287,released_start,0.000000,0.00000,0.000000,0.00000,HIGH,true,false,true,false,
678,2026-09-11T15:45:51.206445+00:00,67.800348,released_start,0.000000,0.00000,0.000000,0.00000,HIGH,true,false,true,false,
679,2026-09-11T15:45:51.306076+00:00,67.900292,released_start,0.000000,0.00000,0.000000,0.00000,HIGH,true,false,true,false,
680,2026-09-11T15:45:51.406409+00:00,68.000334,released_start,0.000000,0.00000,0.000000,0.00000,HIGH,true,false,true,false,
681,2026-09-11T15:45:51.506072+00:00,68.100287,released_start,0.000000,0.00000,0.000000,0.00000,HIGH,true,false,true,false,
682,2026-09-11T15:45:51.606380+00:00,68.200315,released_start,0.000000,0.00000,0.000000,0.00000,HIGH,true,false,true,false,
683,2026-09-11T15:45:51.706073+00:00,68.300288,released_start,0.000000,0.00000,0.000000,0.00000,HIGH,true,false,true,false,
684,2026-09-11T15:45:51.806409+00:00,68.400331,released_start,0.000000,0.00000,0.000000,0.00000,HIGH,true,false,true,false,
685,2026-09-11T15:45:51.906114+00:00,68.500303,released_start,0.000000,0.00000,0.000000,0.00000,HIGH,true,false,true,false,
686,2026-09-11T15:45:52.006398+00:00,68.600323,released_start,0.000000,0.00000,0.000000,0.00000,HIGH,true,false,true,false,
687,2026-09-11T15:45:52.106153+00:00,68.700324,released_start,0.000000,0.00000,0.000000,0.00000,HIGH,true,false,true,false,
688,2026-09-11T15:45:52.206426+00:00,68.800343,released_start,0.000000,0.00000,0.000000,0.00000,HIGH,true,false,true,false,
689,2026-09-11T15:45:52.306094+00:00,68.900303,released_start,0.000000,0.00000,0.000000,0.00000,HIGH,true,false,true,false,
690,2026-09-11T15:45:52.406586+00:00,69.000421,released_start,0.000000,0.00000,0.000000,0.00000,HIGH,true,false,true,false,
691,2026-09-11T15:45:52.506162+00:00,69.100336,released_start,0.000000,0.00000,0.000000,0.00000,HIGH,true,false,true,false,
692,2026-09-11T15:45:52.606392+00:00,69.200328,released_start,0.000000,0.00000,0.000000,0.00000,HIGH,true,false,true,false,
693,2026-09-11T15:45:52.706303+00:00,69.300430,released_start,0.000000,0.00000,0.000000,0.00000,HIGH,true,false,true,false,
694,2026-09-11T15:45:52.806396+00:00,69.400337,released_start,0.000000,0.00000,0.000000,0.00000,HIGH,true,false,true,false,
695,2026-09-11T15:45:52.906082+00:00,69.500295,released_start,0.000000,0.00000,0.000000,0.00000,HIGH,true,false,true,false,
696,2026-09-11T15:45:53.006383+00:00,69.600315,released_start,0.000000,0.00000,0.000000,0.00000,HIGH,true,false,true,false,
697,2026-09-11T15:45:53.106074+00:00,69.700292,released_start,0.000000,0.00000,0.000000,0.00000,HIGH,true,false,true,false,
698,2026-09-11T15:45:53.206385+00:00,69.800317,released_start,0.000000,0.00000,0.000000,0.00000,HIGH,true,false,true,false,
699,2026-09-11T15:45:53.306071+00:00,69.900288,released_start,0.000000,0.00000,0.000000,0.00000,HIGH,true,false,true,false,
700,2026-09-11T15:45:53.406398+00:00,70.000327,released_start,0.000000,0.00000,0.000000,0.00000,HIGH,true,false,true,false,
701,2026-09-11T15:45:53.506093+00:00,70.100295,released_start,0.000000,0.00000,0.000000,0.00000,HIGH,true,false,true,false,
702,2026-09-11T15:45:53.606373+00:00,70.200315,released_start,0.000000,0.00000,0.000000,0.00000,HIGH,true,false,true,false,
703,2026-09-11T15:45:53.706078+00:00,70.300284,released_start,-0.002000,-0.00606,0.000000,0.00000,HIGH,true,false,true,false,
704,2026-09-11T15:45:53.806368+00:00,70.400311,released_start,0.000000,0.00000,0.000000,0.00000,HIGH,true,false,true,false,
705,2026-09-11T15:45:53.906068+00:00,70.500284,released_start,0.000000,0.00000,0.000000,0.00000,HIGH,true,false,true,false,
706,2026-09-11T15:45:54.006375+00:00,70.600306,released_start,0.000000,0.00000,0.000000,0.00000,HIGH,true,false,true,false,
707,2026-09-11T15:45:54.106068+00:00,70.700289,released_start,0.000000,0.00000,0.000000,0.00000,HIGH,true,false,true,false,
708,2026-09-11T15:45:54.206392+00:00,70.800311,released_start,0.000000,0.00000,0.000000,0.00000,HIGH,true,false,true,false,
709,2026-09-11T15:45:54.306379+00:00,70.900318,released_start,0.000000,0.00000,0.000000,0.00000,HIGH,true,false,true,false,
710,2026-09-11T15:45:54.406066+00:00,71.000284,released_start,0.000000,0.00000,0.000000,0.00000,HIGH,true,false,true,false,
711,2026-09-11T15:45:54.506398+00:00,71.100318,released_start,0.000000,0.00000,0.000000,0.00000,HIGH,true,false,true,false,
712,2026-09-11T15:45:54.606078+00:00,71.200287,released_start,0.000000,0.00000,0.000000,0.00000,HIGH,true,false,true,false,
713,2026-09-11T15:45:54.706375+00:00,71.300312,released_start,0.000000,0.00000,0.000000,0.00000,HIGH,true,false,true,false,
714,2026-09-11T15:45:54.806215+00:00,71.400360,released_start,0.000000,0.00000,0.000000,0.00000,HIGH,true,false,true,false,
715,2026-09-11T15:45:54.906392+00:00,71.500331,released_start,0.000000,0.00000,0.000000,0.00000,HIGH,true,false,true,false,
716,2026-09-11T15:45:55.006085+00:00,71.600291,released_start,0.000000,0.00000,0.000000,0.00000,HIGH,true,false,true,false,
717,2026-09-11T15:45:55.106383+00:00,71.700319,released_start,0.000000,0.00000,0.000000,0.00000,HIGH,true,false,true,false,
718,2026-09-11T15:45:55.206120+00:00,71.800313,released_start,0.000000,0.00000,0.000000,0.00000,HIGH,true,false,true,false,
719,2026-09-11T15:45:55.306382+00:00,71.900316,released_start,0.000000,0.00000,0.000000,0.00000,HIGH,true,false,true,false,
720,2026-09-11T15:45:55.406080+00:00,72.000294,released_start,0.000000,0.00000,0.000000,0.00000,HIGH,true,false,true,false,
721,2026-09-11T15:45:55.506377+00:00,72.100322,released_start,0.000000,0.00000,0.000000,0.00000,HIGH,true,false,true,false,
722,2026-09-11T15:45:55.606068+00:00,72.200290,released_start,0.000000,0.00000,0.000000,0.00000,HIGH,true,false,true,false,
723,2026-09-11T15:45:55.706354+00:00,72.300305,released_start,0.000000,0.00000,0.000000,0.00000,HIGH,true,false,true,false,
724,2026-09-11T15:45:55.806081+00:00,72.400297,released_start,0.000000,0.00000,0.000000,0.00000,HIGH,true,false,true,false,
725,2026-09-11T15:45:55.906369+00:00,72.500309,released_start,0.000000,0.00000,0.000000,0.00000,HIGH,true,false,true,false,
726,2026-09-11T15:45:56.006096+00:00,72.600301,released_start,0.000000,0.00000,0.000000,0.00000,HIGH,true,false,true,false,
727,2026-09-11T15:45:56.106366+00:00,72.700314,released_start,0.000000,0.00000,0.000000,0.00000,HIGH,true,false,true,false,
728,2026-09-11T15:45:56.206644+00:00,72.800481,released_start,0.000000,0.00000,0.000000,0.00000,HIGH,true,false,true,false,
729,2026-09-11T15:45:56.306104+00:00,72.900312,released_start,0.000000,0.00000,0.000000,0.00000,HIGH,true,false,true,false,
730,2026-09-11T15:45:56.406389+00:00,73.000322,released_start,0.000000,0.00000,0.000000,0.00000,HIGH,true,false,true,false,
731,2026-09-11T15:45:56.506093+00:00,73.100297,released_start,0.000000,0.00000,0.000000,0.00000,HIGH,true,false,true,false,
732,2026-09-11T15:45:56.606397+00:00,73.200324,released_start,0.000000,0.00000,0.000000,0.00000,HIGH,true,false,true,false,
733,2026-09-11T15:45:56.706077+00:00,73.300290,released_start,0.000000,0.00000,0.000000,0.00000,HIGH,true,false,true,false,
734,2026-09-11T15:45:56.806374+00:00,73.400311,released_start,0.000000,0.00000,0.000000,0.00000,HIGH,true,false,true,false,
735,2026-09-11T15:45:56.906062+00:00,73.500283,released_start,0.000000,0.00000,0.000000,0.00000,HIGH,true,false,true,false,
736,2026-09-11T15:45:57.006389+00:00,73.600316,released_start,0.000000,0.00000,0.000000,0.00000,HIGH,true,false,true,false,
737,2026-09-11T15:45:57.106075+00:00,73.700289,released_start,0.000000,0.00000,0.000000,0.00000,HIGH,true,false,true,false,
738,2026-09-11T15:45:57.206371+00:00,73.800308,released_start,0.000000,0.00000,0.000000,0.00000,HIGH,true,false,true,false,
739,2026-09-11T15:45:57.306080+00:00,73.900292,released_start,0.000000,0.00000,0.000000,0.00000,HIGH,true,false,true,false,
740,2026-09-11T15:45:57.406431+00:00,74.000304,released_start,0.000000,0.00000,0.000000,0.00000,HIGH,true,false,true,false,
741,2026-09-11T15:45:57.506124+00:00,74.100319,released_start,0.000000,0.00000,0.000000,0.00000,HIGH,true,false,true,false,
742,2026-09-11T15:45:57.606398+00:00,74.200323,released_start,0.000000,0.00000,0.000000,0.00000,HIGH,true,false,true,false,
743,2026-09-11T15:45:57.706071+00:00,74.300287,released_start,0.000000,0.00000,0.000000,0.00000,HIGH,true,false,true,false,
744,2026-09-11T15:45:57.806370+00:00,74.400314,released_start,0.000000,0.00000,0.000000,0.00000,HIGH,true,false,true,false,
745,2026-09-11T15:45:57.906062+00:00,74.500285,released_start,0.000000,0.00000,0.000000,0.00000,HIGH,true,false,true,false,
746,2026-09-11T15:45:58.006362+00:00,74.600306,released_start,0.000000,0.00000,0.000000,0.00000,HIGH,true,false,true,false,
747,2026-09-11T15:45:58.106150+00:00,74.700291,released_start,0.000000,0.00000,0.000000,0.00000,HIGH,true,false,true,false,
748,2026-09-11T15:45:58.206181+00:00,74.800348,released_start,0.000000,0.00000,0.000000,0.00000,HIGH,true,false,true,false,
749,2026-09-11T15:45:58.306394+00:00,74.900325,released_start,0.000000,0.00000,0.000000,0.00000,HIGH,true,false,true,false,
750,2026-09-11T15:45:58.406147+00:00,75.000326,released_start,0.000000,0.00000,0.000000,0.00000,HIGH,true,false,true,false,
751,2026-09-11T15:45:58.506445+00:00,75.100345,released_start,0.000000,0.00000,0.000000,0.00000,HIGH,true,false,true,false,
752,2026-09-11T15:45:58.606105+00:00,75.200305,released_start,0.000000,0.00000,0.000000,0.00000,HIGH,true,false,true,false,
753,2026-09-11T15:45:58.706449+00:00,75.300347,released_start,0.000000,0.00000,0.000000,0.00000,HIGH,true,false,true,false,
754,2026-09-11T15:45:58.806099+00:00,75.400306,released_start,0.000000,0.00000,0.000000,0.00000,HIGH,true,false,true,false,
755,2026-09-11T15:45:58.906385+00:00,75.500318,released_start,0.000000,0.00000,0.000000,0.00000,HIGH,true,false,true,false,
756,2026-09-11T15:45:59.006086+00:00,75.600293,released_start,0.000000,0.00000,0.000000,0.00000,HIGH,true,false,true,false,
757,2026-09-11T15:45:59.106411+00:00,75.700332,released_start,0.000000,0.00000,0.000000,0.00000,HIGH,true,false,true,false,
758,2026-09-11T15:45:59.206131+00:00,75.800318,released_start,0.000000,0.00000,0.000000,0.00000,HIGH,true,false,true,false,
759,2026-09-11T15:45:59.306382+00:00,75.900320,released_start,0.000000,0.00000,0.000000,0.00000,HIGH,true,false,true,false,
760,2026-09-11T15:45:59.406080+00:00,76.000294,released_start,0.000000,0.00000,0.000000,0.00000,HIGH,true,false,true,false,
761,2026-09-11T15:45:59.506390+00:00,76.100322,released_start,0.000000,0.00000,0.000000,0.00000,HIGH,true,false,true,false,
762,2026-09-11T15:45:59.606083+00:00,76.200294,released_start,0.000000,0.00000,0.000000,0.00000,HIGH,true,false,true,false,
763,2026-09-11T15:45:59.706384+00:00,76.300319,released_start,0.000000,0.00000,0.000000,0.00000,HIGH,true,false,true,false,
764,2026-09-11T15:45:59.806073+00:00,76.400291,released_start,0.000000,0.00000,0.000000,0.00000,HIGH,true,false,true,false,
765,2026-09-11T15:45:59.906519+00:00,76.500390,released_start,0.000000,0.00000,0.000000,0.00000,HIGH,true,false,true,false,
766,2026-09-11T15:46:00.006102+00:00,76.600310,released_start,0.000000,0.00000,0.000000,0.00000,HIGH,true,false,true,false,
767,2026-09-11T15:46:00.106398+00:00,76.700331,released_start,0.000000,0.00000,0.000000,0.00000,HIGH,true,false,true,false,
768,2026-09-11T15:46:00.206083+00:00,76.800296,released_start,0.000000,0.00000,0.000000,0.00000,HIGH,true,false,true,false,
769,2026-09-11T15:46:00.306375+00:00,76.900318,released_start,0.000000,0.00000,0.000000,0.00000,HIGH,true,false,true,false,
770,2026-09-11T15:46:00.406084+00:00,77.000295,released_start,0.000000,0.00000,0.000000,0.00000,HIGH,true,false,true,false,
771,2026-09-11T15:46:00.506381+00:00,77.100320,released_start,0.000000,0.00000,0.000000,0.00000,HIGH,true,false,true,false,
772,2026-09-11T15:46:00.606110+00:00,77.200307,released_start,0.000000,0.00000,0.000000,0.00000,HIGH,true,false,true,false,
773,2026-09-11T15:46:00.706411+00:00,77.300333,released_start,0.000000,0.00000,0.000000,0.00000,HIGH,true,false,true,false,
774,2026-09-11T15:46:00.806081+00:00,77.400291,released_start,0.000000,0.00000,0.000000,0.00000,HIGH,true,false,true,false,
775,2026-09-11T15:46:00.906380+00:00,77.500318,released_start,0.000000,0.00000,0.000000,0.00000,HIGH,true,false,true,false,
776,2026-09-11T15:46:01.006089+00:00,77.600298,released_start,0.000000,0.00000,0.000000,0.00000,HIGH,true,false,true,false,
777,2026-09-11T15:46:01.106392+00:00,77.700326,released_start,0.000000,0.00000,0.000000,0.00000,HIGH,true,false,true,false,
778,2026-09-11T15:46:01.206074+00:00,77.800291,released_start,0.000000,0.00000,0.000000,0.00000,HIGH,true,false,true,false,
779,2026-09-11T15:46:01.306389+00:00,77.900323,released_start,0.000000,0.00000,0.000000,0.00000,HIGH,true,false,true,false,
780,2026-09-11T15:46:01.406081+00:00,78.000294,released_start,0.000000,0.00000,0.000000,0.00000,HIGH,true,false,true,false,
781,2026-09-11T15:46:01.506396+00:00,78.100324,released_start,0.000000,0.00000,0.000000,0.00000,HIGH,true,false,true,false,
782,2026-09-11T15:46:01.606089+00:00,78.200290,released_start,0.000000,0.00000,0.000000,0.00000,HIGH,true,false,true,false,
783,2026-09-11T15:46:01.706404+00:00,78.300327,released_start,0.000000,0.00000,0.000000,0.00000,HIGH,true,false,true,false,
784,2026-09-11T15:46:01.806124+00:00,78.400311,released_start,0.000000,0.00000,0.000000,0.00000,HIGH,true,false,true,false,
785,2026-09-11T15:46:01.906390+00:00,78.500324,released_start,0.000000,0.00000,0.000000,0.00000,HIGH,true,false,true,false,
786,2026-09-11T15:46:02.006083+00:00,78.600296,released_start,0.000000,0.00000,0.000000,0.00000,HIGH,true,false,true,false,
787,2026-09-11T15:46:02.106389+00:00,78.700318,released_start,0.000000,0.00000,0.000000,0.00000,HIGH,true,false,true,false,
788,2026-09-11T15:46:02.206313+00:00,78.800438,released_start,0.000000,0.00000,0.000000,0.00000,HIGH,true,false,true,false,
789,2026-09-11T15:46:02.306418+00:00,78.900347,released_start,0.000000,0.00000,0.000000,0.00000,HIGH,true,false,true,false,
790,2026-09-11T15:46:02.406092+00:00,79.000300,released_start,0.000000,0.00000,0.000000,0.00000,HIGH,true,false,true,false,
791,2026-09-11T15:46:02.506385+00:00,79.100323,released_start,0.000000,0.00000,0.000000,0.00000,HIGH,true,false,true,false,
792,2026-09-11T15:46:02.606091+00:00,79.200299,released_start,0.000000,0.00000,0.000000,0.00000,HIGH,true,false,true,false,
793,2026-09-11T15:46:02.706405+00:00,79.300336,released_start,0.000000,0.00000,0.000000,0.00000,HIGH,true,false,true,false,
794,2026-09-11T15:46:02.806085+00:00,79.400296,released_start,0.000000,0.00000,0.000000,0.00000,HIGH,true,false,true,false,
795,2026-09-11T15:46:02.906381+00:00,79.500322,released_start,0.000000,0.00000,0.000000,0.00000,HIGH,true,false,true,false,
796,2026-09-11T15:46:03.006078+00:00,79.600291,released_start,0.000000,0.00000,0.000000,0.00000,HIGH,true,false,true,false,
797,2026-09-11T15:46:03.106374+00:00,79.700319,released_start,0.000000,0.00000,0.000000,0.00000,HIGH,true,false,true,false,
798,2026-09-11T15:46:03.206168+00:00,79.800333,released_start,0.000000,0.00000,0.000000,0.00000,HIGH,true,false,true,false,
799,2026-09-11T15:46:03.306384+00:00,79.900326,released_start,0.000000,0.00000,0.000000,0.00000,HIGH,true,false,true,false,
800,2026-09-11T15:46:03.406088+00:00,80.000299,released_start,0.000000,0.00000,0.000000,0.00000,HIGH,true,false,true,false,
801,2026-09-11T15:46:03.506399+00:00,80.100328,released_start,0.000000,0.00000,0.000000,0.00000,HIGH,true,false,true,false,
802,2026-09-11T15:46:03.606087+00:00,80.200296,released_start,0.000000,0.00000,0.000000,0.00000,HIGH,true,false,true,false,
803,2026-09-11T15:46:03.706400+00:00,80.300324,released_start,0.000000,0.00000,0.000000,0.00000,HIGH,true,false,true,false,
804,2026-09-11T15:46:03.806085+00:00,80.400297,released_start,0.000000,0.00000,0.000000,0.00000,HIGH,true,false,true,false,
805,2026-09-11T15:46:03.906312+00:00,80.500435,released_start,0.000000,0.00000,0.000000,0.00000,HIGH,true,false,true,false,
806,2026-09-11T15:46:04.006421+00:00,80.600346,released_start,0.000000,0.00000,0.000000,0.00000,HIGH,true,false,true,false,
807,2026-09-11T15:46:04.106080+00:00,80.700296,released_start,0.000000,0.00000,0.000000,0.00000,HIGH,true,false,true,false,
808,2026-09-11T15:46:04.206409+00:00,80.800333,released_start,0.000000,0.00000,0.000000,0.00000,HIGH,true,false,true,false,
809,2026-09-11T15:46:04.306605+00:00,80.900446,released_start,0.000000,0.00000,0.000000,0.00000,HIGH,true,false,true,false,
810,2026-09-11T15:46:04.406139+00:00,81.000332,released_start,0.000000,0.00000,0.000000,0.00000,HIGH,true,false,true,false,
811,2026-09-11T15:46:04.506409+00:00,81.100338,released_start,0.000000,0.00000,0.000000,0.00000,HIGH,true,false,true,false,
812,2026-09-11T15:46:04.606086+00:00,81.200295,released_start,0.000000,0.00000,0.000000,0.00000,HIGH,true,false,true,false,
813,2026-09-11T15:46:04.706440+00:00,81.300344,released_start,0.000000,0.00000,0.000000,0.00000,HIGH,true,false,true,false,
814,2026-09-11T15:46:04.806094+00:00,81.400303,released_start,0.000000,0.00000,0.000000,0.00000,HIGH,true,false,true,false,
815,2026-09-11T15:46:04.906385+00:00,81.500320,released_start,0.000000,0.00000,0.000000,0.00000,HIGH,true,false,true,false,
816,2026-09-11T15:46:05.006222+00:00,81.600370,released_start,0.000000,0.00000,0.000000,0.00000,HIGH,true,false,true,false,
817,2026-09-11T15:46:05.106407+00:00,81.700334,released_start,0.000000,0.00000,0.000000,0.00000,HIGH,true,false,true,false,
818,2026-09-11T15:46:05.206092+00:00,81.800301,released_start,0.000000,0.00000,0.000000,0.00000,HIGH,true,false,true,false,
819,2026-09-11T15:46:05.306387+00:00,81.900318,released_start,0.000000,0.00000,0.000000,0.00000,HIGH,true,false,true,false,
820,2026-09-11T15:46:05.406092+00:00,82.000297,released_start,0.000000,0.00000,0.000000,0.00000,HIGH,true,false,true,false,
821,2026-09-11T15:46:05.506397+00:00,82.100329,released_start,0.000000,0.00000,0.000000,0.00000,HIGH,true,false,true,false,
822,2026-09-11T15:46:05.606092+00:00,82.200298,released_start,0.000000,0.00000,0.000000,0.00000,HIGH,true,false,true,false,
823,2026-09-11T15:46:05.706390+00:00,82.300329,released_start,0.000000,0.00000,0.000000,0.00000,HIGH,true,false,true,false,
824,2026-09-11T15:46:05.806088+00:00,82.400297,released_start,0.000000,0.00000,0.000000,0.00000,HIGH,true,false,true,false,
825,2026-09-11T15:46:05.906380+00:00,82.500319,released_start,0.000000,0.00000,0.000000,0.00000,HIGH,true,false,true,false,
826,2026-09-11T15:46:06.006090+00:00,82.600299,released_start,0.000000,0.00000,0.000000,0.00000,HIGH,true,false,true,false,
827,2026-09-11T15:46:06.106382+00:00,82.700321,released_start,0.000000,0.00000,0.000000,0.00000,HIGH,true,false,true,false,
828,2026-09-11T15:46:06.206086+00:00,82.800290,released_start,0.000000,0.00000,0.000000,0.00000,HIGH,true,false,true,false,
829,2026-09-11T15:46:06.306381+00:00,82.900321,released_start,0.000000,0.00000,0.000000,0.00000,HIGH,true,false,true,false,
830,2026-09-11T15:46:06.406084+00:00,83.000295,released_start,0.000000,0.00000,0.000000,0.00000,HIGH,true,false,true,false,
831,2026-09-11T15:46:06.506548+00:00,83.100326,released_start,0.000000,0.00000,0.000000,0.00000,HIGH,true,false,true,false,
