sample_index,timestamp_utc,elapsed_s,phase,a0_voltage_v,pressure_emulator_bar,a1_voltage_v,flow_emulator_l_min,gpio24_raw_level,estop_active,permit_requested,trip_latched,gpio23_command_high,event
0,2026-09-11T16:05:00.686478+00:00,0.006868,boot_safe,0.000000,0.00000,0.000000,0.00000,HIGH,true,false,true,false,logger_started_output_safe
1,2026-09-11T16:05:00.779807+00:00,0.100317,boot_safe,0.000000,0.00000,0.000000,0.00000,HIGH,true,false,true,false,
2,2026-09-11T16:05:00.879751+00:00,0.200275,boot_safe,0.000000,0.00000,0.000000,0.00000,HIGH,true,false,true,false,
3,2026-09-11T16:05:00.979775+00:00,0.300278,boot_safe,0.000000,0.00000,0.000000,0.00000,HIGH,true,false,true,false,
4,2026-09-11T16:05:01.079804+00:00,0.400279,boot_safe,0.000000,0.00000,0.000000,0.00000,HIGH,true,false,true,false,
5,2026-09-11T16:05:01.179765+00:00,0.500276,boot_safe,0.000000,0.00000,0.000000,0.00000,HIGH,true,false,true,false,
6,2026-09-11T16:05:01.279768+00:00,0.600279,boot_safe,0.000000,0.00000,0.000000,0.00000,HIGH,true,false,true,false,
7,2026-09-11T16:05:01.379753+00:00,0.700274,boot_safe,0.000000,0.00000,0.000000,0.00000,HIGH,true,false,true,false,
8,2026-09-11T16:05:01.479726+00:00,0.800262,boot_safe,0.000000,0.00000,0.000000,0.00000,HIGH,true,false,true,false,
9,2026-09-11T16:05:01.579748+00:00,0.900274,boot_safe,0.000000,0.00000,0.000000,0.00000,HIGH,true,false,true,false,
10,2026-09-11T16:05:01.679737+00:00,1.000271,boot_safe,0.000000,0.00000,0.000000,0.00000,HIGH,true,false,true,false,
11,2026-09-11T16:05:01.779760+00:00,1.100277,boot_safe,0.000000,0.00000,0.000000,0.00000,HIGH,true,false,true,false,
12,2026-09-11T16:05:01.879744+00:00,1.200267,boot_safe,0.000000,0.00000,0.000000,0.00000,HIGH,true,false,true,false,
13,2026-09-11T16:05:01.979734+00:00,1.300266,boot_safe,0.000000,0.00000,0.000000,0.00000,HIGH,true,false,true,false,
14,2026-09-11T16:05:02.079752+00:00,1.400272,boot_safe,0.000000,0.00000,0.000000,0.00000,HIGH,true,false,true,false,
15,2026-09-11T16:05:02.179747+00:00,1.500270,boot_safe,0.000000,0.00000,0.000000,0.00000,HIGH,true,false,true,false,
16,2026-09-11T16:05:02.279661+00:00,1.600263,boot_safe,0.000000,0.00000,0.000000,0.00000,HIGH,true,false,true,false,
17,2026-09-11T16:05:02.379559+00:00,1.700210,boot_safe,0.000000,0.00000,0.000000,0.00000,HIGH,true,false,true,false,
18,2026-09-11T16:05:02.479517+00:00,1.800187,boot_safe,0.000000,0.00000,0.000000,0.00000,HIGH,true,false,true,false,
19,2026-09-11T16:05:02.579522+00:00,1.900184,boot_safe,0.000000,0.00000,0.000000,0.00000,HIGH,true,false,true,false,
20,2026-09-11T16:05:02.679541+00:00,2.000194,boot_safe,0.000000,0.00000,0.000000,0.00000,HIGH,true,false,true,false,
21,2026-09-11T16:05:02.779530+00:00,2.100197,boot_safe,0.000000,0.00000,0.000000,0.00000,HIGH,true,false,true,false,
22,2026-09-11T16:05:02.879610+00:00,2.200231,boot_safe,0.000000,0.00000,0.000000,0.00000,HIGH,true,false,true,false,
23,2026-09-11T16:05:02.979519+00:00,2.300192,boot_safe,0.000000,0.00000,0.000000,0.00000,HIGH,true,false,true,false,
24,2026-09-11T16:05:03.079514+00:00,2.400182,boot_safe,0.000000,0.00000,0.000000,0.00000,HIGH,true,false,true,false,
25,2026-09-11T16:05:03.179514+00:00,2.500183,boot_safe,0.000000,0.00000,0.000000,0.00000,HIGH,true,false,true,false,
26,2026-09-11T16:05:03.279517+00:00,2.600185,boot_safe,0.000000,0.00000,0.000000,0.00000,HIGH,true,false,true,false,
27,2026-09-11T16:05:03.379504+00:00,2.700176,boot_safe,0.000000,0.00000,0.000000,0.00000,HIGH,true,false,true,false,
28,2026-09-11T16:05:03.479519+00:00,2.800180,boot_safe,0.000000,0.00000,0.000000,0.00000,HIGH,true,false,true,false,
29,2026-09-11T16:05:03.579514+00:00,2.900181,boot_safe,0.000000,0.00000,0.000000,0.00000,HIGH,true,false,true,false,
30,2026-09-11T16:05:03.679520+00:00,3.000186,boot_safe,0.000000,0.00000,0.000000,0.00000,HIGH,true,false,true,false,
31,2026-09-11T16:05:03.779506+00:00,3.100179,boot_safe,0.000000,0.00000,0.000000,0.00000,HIGH,true,false,true,false,
32,2026-09-11T16:05:03.879513+00:00,3.200179,boot_safe,0.000000,0.00000,0.000000,0.00000,HIGH,true,false,true,false,
33,2026-09-11T16:05:03.979518+00:00,3.300183,boot_safe,0.000000,0.00000,0.000000,0.00000,HIGH,true,false,true,false,
34,2026-09-11T16:05:04.079505+00:00,3.400175,boot_safe,0.000000,0.00000,0.000000,0.00000,HIGH,true,false,true,false,
35,2026-09-11T16:05:04.179515+00:00,3.500184,boot_safe,0.000000,0.00000,0.000000,0.00000,HIGH,true,false,true,false,
36,2026-09-11T16:05:04.279505+00:00,3.600178,boot_safe,0.000000,0.00000,0.000000,0.00000,HIGH,true,false,true,false,
37,2026-09-11T16:05:04.379502+00:00,3.700178,boot_safe,0.000000,0.00000,0.000000,0.00000,HIGH,true,false,true,false,
38,2026-09-11T16:05:04.479515+00:00,3.800182,boot_safe,0.000000,0.00000,0.000000,0.00000,HIGH,true,false,true,false,
39,2026-09-11T16:05:04.579513+00:00,3.900181,boot_safe,0.000000,0.00000,0.000000,0.00000,HIGH,true,false,true,false,
40,2026-09-11T16:05:04.679533+00:00,4.000191,boot_safe,0.000000,0.00000,0.000000,0.00000,HIGH,true,false,true,false,
41,2026-09-11T16:05:04.779568+00:00,4.100180,boot_safe,0.000000,0.00000,0.000000,0.00000,HIGH,true,false,true,false,
42,2026-09-11T16:05:04.879644+00:00,4.200258,boot_safe,0.000000,0.00000,0.000000,0.00000,HIGH,true,false,true,false,
43,2026-09-11T16:05:04.979523+00:00,4.300196,boot_safe,0.000000,0.00000,0.000000,0.00000,HIGH,true,false,true,false,
44,2026-09-11T16:05:05.079891+00:00,4.400210,boot_safe,0.000000,0.00000,0.000000,0.00000,HIGH,true,false,true,false,
45,2026-09-11T16:05:05.180849+00:00,4.500310,boot_safe,0.000000,0.00000,0.000000,0.00000,HIGH,true,false,true,false,
46,2026-09-11T16:05:05.280970+00:00,4.600320,boot_safe,0.000000,0.00000,0.000000,0.00000,HIGH,true,false,true,false,
47,2026-09-11T16:05:05.380795+00:00,4.700283,boot_safe,0.000000,0.00000,0.000000,0.00000,HIGH,true,false,true,false,
48,2026-09-11T16:05:05.480951+00:00,4.800313,boot_safe,0.000000,0.00000,0.000000,0.00000,HIGH,true,false,true,false,
49,2026-09-11T16:05:05.580792+00:00,4.900281,boot_safe,0.000000,0.00000,0.000000,0.00000,HIGH,true,false,true,false,
50,2026-09-11T16:05:05.681180+00:00,5.000311,boot_safe,0.000000,0.00000,0.000000,0.00000,HIGH,true,false,true,false,
51,2026-09-11T16:05:05.780898+00:00,5.100379,boot_safe,0.000000,0.00000,0.000000,0.00000,HIGH,true,false,true,false,
52,2026-09-11T16:05:05.880829+00:00,5.200304,boot_safe,0.000000,0.00000,0.000000,0.00000,HIGH,true,false,true,false,
53,2026-09-11T16:05:05.981046+00:00,5.300318,boot_safe,0.000000,0.00000,0.000000,0.00000,HIGH,true,false,true,false,
54,2026-09-11T16:05:06.080716+00:00,5.400282,boot_safe,0.000000,0.00000,0.000000,0.00000,HIGH,true,false,true,false,
55,2026-09-11T16:05:06.181135+00:00,5.500319,boot_safe,0.000000,0.00000,0.000000,0.00000,HIGH,true,false,true,false,
56,2026-09-11T16:05:06.280795+00:00,5.600290,boot_safe,0.000000,0.00000,0.000000,0.00000,HIGH,true,false,true,false,
57,2026-09-11T16:05:06.381142+00:00,5.700325,boot_safe,0.000000,0.00000,0.000000,0.00000,HIGH,true,false,true,false,
58,2026-09-11T16:05:06.480730+00:00,5.800291,boot_safe,0.000000,0.00000,0.000000,0.00000,HIGH,true,false,true,false,
59,2026-09-11T16:05:06.581045+00:00,5.900315,boot_safe,0.000000,0.00000,0.000000,0.00000,HIGH,true,false,true,false,
60,2026-09-11T16:05:06.680771+00:00,6.000292,boot_safe,0.000000,0.00000,0.000000,0.00000,HIGH,true,false,true,false,
61,2026-09-11T16:05:06.781090+00:00,6.100340,boot_safe,0.000000,0.00000,0.000000,0.00000,HIGH,true,false,true,false,
62,2026-09-11T16:05:06.880980+00:00,6.200427,boot_safe,0.000000,0.00000,0.000000,0.00000,HIGH,true,false,true,false,
63,2026-09-11T16:05:06.981088+00:00,6.300337,boot_safe,0.000000,0.00000,0.000000,0.00000,HIGH,true,false,true,false,
64,2026-09-11T16:05:07.080738+00:00,6.400293,boot_safe,0.000000,0.00000,0.000000,0.00000,HIGH,true,false,true,false,
65,2026-09-11T16:05:07.181064+00:00,6.500323,boot_safe,0.000000,0.00000,0.000000,0.00000,HIGH,true,false,true,false,
66,2026-09-11T16:05:07.280745+00:00,6.600299,boot_safe,0.000000,0.00000,0.000000,0.00000,HIGH,true,false,true,false,
67,2026-09-11T16:05:07.381055+00:00,6.700319,boot_safe,0.000000,0.00000,0.000000,0.00000,HIGH,true,false,true,false,
68,2026-09-11T16:05:07.480754+00:00,6.800294,boot_safe,0.000000,0.00000,0.000000,0.00000,HIGH,true,false,true,false,
69,2026-09-11T16:05:07.581032+00:00,6.900314,boot_safe,0.000000,0.00000,0.000000,0.00000,HIGH,true,false,true,false,
70,2026-09-11T16:05:07.680725+00:00,7.000286,boot_safe,0.000000,0.00000,0.000000,0.00000,HIGH,true,false,true,false,
71,2026-09-11T16:05:07.781047+00:00,7.100315,boot_safe,0.000000,0.00000,0.000000,0.00000,HIGH,true,false,true,false,
72,2026-09-11T16:05:07.880838+00:00,7.200338,boot_safe,0.000000,0.00000,0.000000,0.00000,HIGH,true,false,true,false,
73,2026-09-11T16:05:07.981075+00:00,7.300336,boot_safe,0.000000,0.00000,0.000000,0.00000,HIGH,true,false,true,false,
74,2026-09-11T16:05:08.080730+00:00,7.400288,boot_safe,0.000000,0.00000,0.000000,0.00000,HIGH,true,false,true,false,
75,2026-09-11T16:05:08.181033+00:00,7.500313,boot_safe,0.000000,0.00000,0.000000,0.00000,HIGH,true,false,true,false,
76,2026-09-11T16:05:08.280749+00:00,7.600296,boot_safe,0.000000,0.00000,0.000000,0.00000,HIGH,true,false,true,false,
77,2026-09-11T16:05:08.381035+00:00,7.700317,boot_safe,0.000000,0.00000,0.000000,0.00000,HIGH,true,false,true,false,
78,2026-09-11T16:05:08.480728+00:00,7.800287,boot_safe,0.000000,0.00000,0.000000,0.00000,HIGH,true,false,true,false,
79,2026-09-11T16:05:08.581032+00:00,7.900313,boot_safe,0.000000,0.00000,0.000000,0.00000,HIGH,true,false,true,false,
80,2026-09-11T16:05:08.680728+00:00,8.000286,boot_safe,0.000000,0.00000,0.000000,0.00000,HIGH,true,false,true,false,
81,2026-09-11T16:05:08.781065+00:00,8.100321,boot_safe,0.000000,0.00000,0.000000,0.00000,HIGH,true,false,true,false,
82,2026-09-11T16:05:08.881042+00:00,8.200310,boot_safe,0.000000,0.00000,0.000000,0.00000,HIGH,true,false,true,false,
83,2026-09-11T16:05:08.980734+00:00,8.300286,boot_safe,0.000000,0.00000,0.000000,0.00000,HIGH,true,false,true,false,
84,2026-09-11T16:05:09.081043+00:00,8.400307,boot_safe,0.000000,0.00000,0.000000,0.00000,HIGH,true,false,true,false,
85,2026-09-11T16:05:09.180730+00:00,8.500285,boot_safe,0.000000,0.00000,0.000000,0.00000,HIGH,true,false,true,false,
86,2026-09-11T16:05:09.281052+00:00,8.600315,boot_safe,0.000000,0.00000,0.000000,0.00000,HIGH,true,false,true,false,
87,2026-09-11T16:05:09.380733+00:00,8.700287,boot_safe,0.000000,0.00000,0.000000,0.00000,HIGH,true,false,true,false,
88,2026-09-11T16:05:09.481030+00:00,8.800309,boot_safe,0.000000,0.00000,0.000000,0.00000,HIGH,true,false,true,false,
89,2026-09-11T16:05:09.580737+00:00,8.900291,boot_safe,0.000000,0.00000,0.000000,0.00000,HIGH,true,false,true,false,
90,2026-09-11T16:05:09.681042+00:00,9.000307,boot_safe,0.000000,0.00000,0.000000,0.00000,HIGH,true,false,true,false,
91,2026-09-11T16:05:09.780723+00:00,9.100285,boot_safe,0.000000,0.00000,0.000000,0.00000,HIGH,true,false,true,false,
92,2026-09-11T16:05:09.881042+00:00,9.200314,boot_safe,0.000000,0.00000,0.000000,0.00000,HIGH,true,false,true,false,
93,2026-09-11T16:05:09.980726+00:00,9.300283,boot_safe,0.000000,0.00000,0.000000,0.00000,HIGH,true,false,true,false,
94,2026-09-11T16:05:10.081026+00:00,9.400307,boot_safe,0.000000,0.00000,0.000000,0.00000,HIGH,true,false,true,false,
95,2026-09-11T16:05:10.180741+00:00,9.500290,boot_safe,0.000000,0.00000,0.000000,0.00000,HIGH,true,false,true,false,
96,2026-09-11T16:05:10.281040+00:00,9.600314,boot_safe,0.000000,0.00000,0.000000,0.00000,HIGH,true,false,true,false,
97,2026-09-11T16:05:10.380721+00:00,9.700281,boot_safe,0.000000,0.00000,0.000000,0.00000,HIGH,true,false,true,false,
98,2026-09-11T16:05:10.481042+00:00,9.800311,boot_safe,0.000000,0.00000,0.000000,0.00000,HIGH,true,false,true,false,
99,2026-09-11T16:05:10.580719+00:00,9.900280,boot_safe,0.000000,0.00000,0.000000,0.00000,HIGH,true,false,true,false,
100,2026-09-11T16:05:10.681046+00:00,10.000311,boot_safe,0.000000,0.00000,0.000000,0.00000,HIGH,true,false,true,false,
101,2026-09-11T16:05:10.780747+00:00,10.100297,boot_safe,0.000000,0.00000,0.000000,0.00000,HIGH,true,false,true,false,
102,2026-09-11T16:05:10.881163+00:00,10.200385,boot_safe,0.000000,0.00000,0.000000,0.00000,HIGH,true,false,true,false,
103,2026-09-11T16:05:10.980951+00:00,10.300393,boot_safe,0.000000,0.00000,0.000000,0.00000,HIGH,true,false,true,false,
104,2026-09-11T16:05:11.081126+00:00,10.400365,boot_safe,0.000000,0.00000,0.000000,0.00000,HIGH,true,false,true,false,
105,2026-09-11T16:05:11.180735+00:00,10.500295,boot_safe,0.000000,0.00000,0.000000,0.00000,HIGH,true,false,true,false,
106,2026-09-11T16:05:11.281038+00:00,10.600313,boot_safe,0.000000,0.00000,0.000000,0.00000,HIGH,true,false,true,false,
107,2026-09-11T16:05:11.380727+00:00,10.700289,boot_safe,0.000000,0.00000,0.000000,0.00000,HIGH,true,false,true,false,
108,2026-09-11T16:05:11.481075+00:00,10.800333,boot_safe,0.000000,0.00000,0.000000,0.00000,HIGH,true,false,true,false,
109,2026-09-11T16:05:11.580731+00:00,10.900287,boot_safe,0.000000,0.00000,0.000000,0.00000,HIGH,true,false,true,false,
110,2026-09-11T16:05:11.681165+00:00,11.000315,boot_safe,0.000000,0.00000,0.000000,0.00000,HIGH,true,false,true,false,
111,2026-09-11T16:05:11.781118+00:00,11.100361,boot_safe,0.000000,0.00000,0.000000,0.00000,HIGH,true,false,true,false,
112,2026-09-11T16:05:11.880763+00:00,11.200303,boot_safe,0.000000,0.00000,0.000000,0.00000,HIGH,true,false,true,false,
113,2026-09-11T16:05:11.981054+00:00,11.300319,boot_safe,0.000000,0.00000,0.000000,0.00000,HIGH,true,false,true,false,
114,2026-09-11T16:05:12.080731+00:00,11.400287,boot_safe,0.000000,0.00000,0.000000,0.00000,HIGH,true,false,true,false,
115,2026-09-11T16:05:12.181044+00:00,11.500312,boot_safe,0.000000,0.00000,0.000000,0.00000,HIGH,true,false,true,false,
116,2026-09-11T16:05:12.280725+00:00,11.600285,boot_safe,0.000000,0.00000,0.000000,0.00000,HIGH,true,false,true,false,
117,2026-09-11T16:05:12.381077+00:00,11.700329,boot_safe,0.000000,0.00000,0.000000,0.00000,HIGH,true,false,true,false,
118,2026-09-11T16:05:12.480734+00:00,11.800292,boot_safe,0.000000,0.00000,0.000000,0.00000,HIGH,true,false,true,false,
119,2026-09-11T16:05:12.581028+00:00,11.900313,boot_safe,0.000000,0.00000,0.000000,0.00000,HIGH,true,false,true,false,
120,2026-09-11T16:05:12.680751+00:00,12.000295,boot_safe,0.000000,0.00000,0.000000,0.00000,HIGH,true,false,true,false,
121,2026-09-11T16:05:12.781042+00:00,12.100311,boot_safe,0.000000,0.00000,0.000000,0.00000,HIGH,true,false,true,false,
122,2026-09-11T16:05:12.880821+00:00,12.200321,boot_safe,0.000000,0.00000,0.000000,0.00000,HIGH,true,false,true,false,
123,2026-09-11T16:05:12.981103+00:00,12.300344,boot_safe,0.000000,0.00000,0.000000,0.00000,HIGH,true,false,true,false,
124,2026-09-11T16:05:13.080723+00:00,12.400289,boot_safe,0.000000,0.00000,0.000000,0.00000,HIGH,true,false,true,false,
125,2026-09-11T16:05:13.181033+00:00,12.500311,boot_safe,0.000000,0.00000,0.000000,0.00000,HIGH,true,false,true,false,
126,2026-09-11T16:05:13.280722+00:00,12.600282,boot_safe,0.000000,0.00000,0.000000,0.00000,HIGH,true,false,true,false,
127,2026-09-11T16:05:13.381025+00:00,12.700308,boot_safe,0.000000,0.00000,0.000000,0.00000,HIGH,true,false,true,false,
128,2026-09-11T16:05:13.480729+00:00,12.800285,boot_safe,0.000000,0.00000,0.000000,0.00000,HIGH,true,false,true,false,
129,2026-09-11T16:05:13.581034+00:00,12.900308,boot_safe,0.000000,0.00000,0.000000,0.00000,HIGH,true,false,true,false,
130,2026-09-11T16:05:13.680729+00:00,13.000285,boot_safe,0.000000,0.00000,0.000000,0.00000,HIGH,true,false,true,false,
131,2026-09-11T16:05:13.781028+00:00,13.100308,boot_safe,0.000000,0.00000,0.000000,0.00000,HIGH,true,false,true,false,
132,2026-09-11T16:05:13.880736+00:00,13.200290,boot_safe,0.000000,0.00000,0.000000,0.00000,HIGH,true,false,true,false,
133,2026-09-11T16:05:13.981042+00:00,13.300317,boot_safe,0.000000,0.00000,0.000000,0.00000,HIGH,true,false,true,false,
134,2026-09-11T16:05:14.080721+00:00,13.400281,boot_safe,0.000000,0.00000,0.000000,0.00000,HIGH,true,false,true,false,
135,2026-09-11T16:05:14.181022+00:00,13.500306,boot_safe,0.000000,0.00000,0.000000,0.00000,HIGH,true,false,true,false,
136,2026-09-11T16:05:14.280721+00:00,13.600281,boot_safe,0.000000,0.00000,0.000000,0.00000,HIGH,true,false,true,false,
137,2026-09-11T16:05:14.381049+00:00,13.700319,boot_safe,0.000000,0.00000,0.000000,0.00000,HIGH,true,false,true,false,
138,2026-09-11T16:05:14.480723+00:00,13.800282,boot_safe,0.000000,0.00000,0.000000,0.00000,HIGH,true,false,true,false,
139,2026-09-11T16:05:14.581031+00:00,13.900306,boot_safe,0.000000,0.00000,0.000000,0.00000,HIGH,true,false,true,false,
140,2026-09-11T16:05:14.680734+00:00,14.000286,boot_safe,0.000000,0.00000,0.000000,0.00000,HIGH,true,false,true,false,
141,2026-09-11T16:05:14.781059+00:00,14.100328,boot_safe,0.000000,0.00000,0.000000,0.00000,HIGH,true,false,true,false,
142,2026-09-11T16:05:14.880717+00:00,14.200283,boot_safe,0.000000,0.00000,0.000000,0.00000,HIGH,true,false,true,false,
143,2026-09-11T16:05:14.981042+00:00,14.300314,boot_safe,0.000000,0.00000,0.000000,0.00000,HIGH,true,false,true,false,
144,2026-09-11T16:05:15.080771+00:00,14.400302,boot_safe,0.000000,0.00000,0.000000,0.00000,HIGH,true,false,true,false,
145,2026-09-11T16:05:15.181035+00:00,14.500319,boot_safe,0.000000,0.00000,0.000000,0.00000,HIGH,true,false,true,false,
146,2026-09-11T16:05:15.280718+00:00,14.600285,boot_safe,0.000000,0.00000,0.000000,0.00000,HIGH,true,false,true,false,
147,2026-09-11T16:05:15.381051+00:00,14.700310,boot_safe,0.000000,0.00000,0.000000,0.00000,HIGH,true,false,true,false,
148,2026-09-11T16:05:15.480725+00:00,14.800288,boot_safe,0.000000,0.00000,0.000000,0.00000,HIGH,true,false,true,false,
149,2026-09-11T16:05:15.581048+00:00,14.900316,boot_safe,0.000000,0.00000,0.000000,0.00000,HIGH,true,false,true,false,
150,2026-09-11T16:05:15.680750+00:00,15.000292,boot_safe,0.000000,0.00000,0.000000,0.00000,HIGH,true,false,true,false,
151,2026-09-11T16:05:15.781029+00:00,15.100315,boot_safe,0.000000,0.00000,0.000000,0.00000,HIGH,true,false,true,false,
152,2026-09-11T16:05:15.880727+00:00,15.200285,boot_safe,0.000000,0.00000,0.000000,0.00000,HIGH,true,false,true,false,
153,2026-09-11T16:05:15.981175+00:00,15.300388,boot_safe,0.000000,0.00000,0.000000,0.00000,HIGH,true,false,true,false,
154,2026-09-11T16:05:16.080751+00:00,15.400301,boot_safe,0.000000,0.00000,0.000000,0.00000,HIGH,true,false,true,false,
155,2026-09-11T16:05:16.181049+00:00,15.500318,boot_safe,0.000000,0.00000,0.000000,0.00000,HIGH,true,false,true,false,
156,2026-09-11T16:05:16.280726+00:00,15.600286,boot_safe,0.000000,0.00000,0.000000,0.00000,HIGH,true,false,true,false,
157,2026-09-11T16:05:16.381035+00:00,15.700308,boot_safe,0.000000,0.00000,0.000000,0.00000,HIGH,true,false,true,false,
158,2026-09-11T16:05:16.480726+00:00,15.800283,boot_safe,0.000000,0.00000,0.000000,0.00000,HIGH,true,false,true,false,
159,2026-09-11T16:05:16.581034+00:00,15.900308,boot_safe,0.000000,0.00000,0.000000,0.00000,HIGH,true,false,true,false,
160,2026-09-11T16:05:16.680722+00:00,16.000284,boot_safe,0.000000,0.00000,0.000000,0.00000,HIGH,true,false,true,false,
161,2026-09-11T16:05:16.781042+00:00,16.100312,boot_safe,0.000000,0.00000,0.000000,0.00000,HIGH,true,false,true,false,
162,2026-09-11T16:05:16.880881+00:00,16.200291,boot_safe,0.000000,0.00000,0.000000,0.00000,HIGH,true,false,true,false,
163,2026-09-11T16:05:16.981198+00:00,16.300404,boot_safe,0.000000,0.00000,0.000000,0.00000,HIGH,true,false,true,false,
164,2026-09-11T16:05:17.080742+00:00,16.400300,boot_safe,0.000000,0.00000,0.000000,0.00000,HIGH,true,false,true,false,
165,2026-09-11T16:05:17.181080+00:00,16.500331,boot_safe,0.000000,0.00000,0.000000,0.00000,HIGH,true,false,true,false,
166,2026-09-11T16:05:17.280725+00:00,16.600286,boot_safe,0.000000,0.00000,0.000000,0.00000,HIGH,true,false,true,false,
167,2026-09-11T16:05:17.381052+00:00,16.700321,boot_safe,0.000000,0.00000,0.000000,0.00000,HIGH,true,false,true,false,
168,2026-09-11T16:05:17.480733+00:00,16.800290,boot_safe,0.000000,0.00000,0.000000,0.00000,HIGH,true,false,true,false,
169,2026-09-11T16:05:17.581043+00:00,16.900314,boot_safe,0.000000,0.00000,0.000000,0.00000,HIGH,true,false,true,false,
170,2026-09-11T16:05:17.680817+00:00,17.000282,boot_safe,0.000000,0.00000,0.000000,0.00000,HIGH,true,false,true,false,
171,2026-09-11T16:05:17.781142+00:00,17.100370,boot_safe,0.000000,0.00000,0.000000,0.00000,HIGH,true,false,true,false,
172,2026-09-11T16:05:17.880742+00:00,17.200293,boot_safe,0.000000,0.00000,0.000000,0.00000,HIGH,true,false,true,false,
173,2026-09-11T16:05:17.981046+00:00,17.300316,boot_safe,0.000000,0.00000,0.000000,0.00000,HIGH,true,false,true,false,
174,2026-09-11T16:05:18.080729+00:00,17.400287,boot_safe,0.000000,0.00000,0.000000,0.00000,HIGH,true,false,true,false,
175,2026-09-11T16:05:18.181029+00:00,17.500310,boot_safe,0.000000,0.00000,0.000000,0.00000,HIGH,true,false,true,false,
176,2026-09-11T16:05:18.280779+00:00,17.600281,boot_safe,0.000000,0.00000,0.000000,0.00000,HIGH,true,false,true,false,
177,2026-09-11T16:05:18.380796+00:00,17.700327,boot_safe,0.000000,0.00000,0.000000,0.00000,HIGH,true,false,true,false,
178,2026-09-11T16:05:18.481067+00:00,17.800323,boot_safe,0.000000,0.00000,0.000000,0.00000,HIGH,true,false,true,false,
179,2026-09-11T16:05:18.580727+00:00,17.900287,boot_safe,0.000000,0.00000,0.000000,0.00000,HIGH,true,false,true,false,
180,2026-09-11T16:05:18.681057+00:00,18.000321,boot_safe,0.000000,0.00000,0.000000,0.00000,HIGH,true,false,true,false,
181,2026-09-11T16:05:18.780766+00:00,18.100304,boot_safe,0.000000,0.00000,0.000000,0.00000,HIGH,true,false,true,false,
182,2026-09-11T16:05:18.881069+00:00,18.200331,boot_safe,0.000000,0.00000,0.000000,0.00000,HIGH,true,false,true,false,
183,2026-09-11T16:05:18.980739+00:00,18.300290,boot_safe,0.000000,0.00000,0.000000,0.00000,HIGH,true,false,true,false,
184,2026-09-11T16:05:19.081058+00:00,18.400323,boot_safe,0.000000,0.00000,0.000000,0.00000,HIGH,true,false,true,false,
185,2026-09-11T16:05:19.180727+00:00,18.500285,boot_safe,0.000000,0.00000,0.000000,0.00000,HIGH,true,false,true,false,
186,2026-09-11T16:05:19.281035+00:00,18.600304,boot_safe,0.000000,0.00000,0.000000,0.00000,HIGH,true,false,true,false,
187,2026-09-11T16:05:19.380751+00:00,18.700299,boot_safe,0.000000,0.00000,0.000000,0.00000,HIGH,true,false,true,false,
188,2026-09-11T16:05:19.481044+00:00,18.800310,boot_safe,0.000000,0.00000,0.000000,0.00000,HIGH,true,false,true,false,
189,2026-09-11T16:05:19.580734+00:00,18.900289,boot_safe,0.000000,0.00000,0.000000,0.00000,HIGH,true,false,true,false,
190,2026-09-11T16:05:19.681224+00:00,19.000416,boot_safe,0.000000,0.00000,0.000000,0.00000,HIGH,true,false,true,false,
191,2026-09-11T16:05:19.780763+00:00,19.100307,boot_safe,0.000000,0.00000,0.000000,0.00000,HIGH,true,false,true,false,
192,2026-09-11T16:05:19.881029+00:00,19.200313,boot_safe,0.000000,0.00000,0.000000,0.00000,HIGH,true,false,true,false,
193,2026-09-11T16:05:19.980721+00:00,19.300286,boot_safe,0.000000,0.00000,0.000000,0.00000,HIGH,true,false,true,false,
194,2026-09-11T16:05:20.081050+00:00,19.400318,boot_safe,0.000000,0.00000,0.000000,0.00000,HIGH,true,false,true,false,
195,2026-09-11T16:05:20.180726+00:00,19.500287,boot_safe,0.000000,0.00000,0.000000,0.00000,HIGH,true,false,true,false,
196,2026-09-11T16:05:20.281046+00:00,19.600309,boot_safe,0.000000,0.00000,0.000000,0.00000,HIGH,true,false,true,false,
197,2026-09-11T16:05:20.380728+00:00,19.700285,boot_safe,0.000000,0.00000,0.000000,0.00000,HIGH,true,false,true,false,
198,2026-09-11T16:05:20.481030+00:00,19.800304,boot_safe,0.000000,0.00000,0.000000,0.00000,HIGH,true,false,true,false,
199,2026-09-11T16:05:20.580750+00:00,19.900294,boot_safe,0.000000,0.00000,0.000000,0.00000,HIGH,true,false,true,false,
200,2026-09-11T16:05:20.681052+00:00,20.000320,boot_safe,0.000000,0.00000,0.000000,0.00000,HIGH,true,false,true,false,
201,2026-09-11T16:05:20.780725+00:00,20.100285,boot_safe,0.000000,0.00000,0.000000,0.00000,HIGH,true,false,true,false,
202,2026-09-11T16:05:20.881040+00:00,20.200312,boot_safe,0.000000,0.00000,0.000000,0.00000,HIGH,true,false,true,false,
203,2026-09-11T16:05:20.980712+00:00,20.300282,boot_safe,0.000000,0.00000,0.000000,0.00000,HIGH,true,false,true,false,
204,2026-09-11T16:05:21.080849+00:00,20.400344,boot_safe,0.000000,0.00000,0.000000,0.00000,HIGH,true,false,true,false,
205,2026-09-11T16:05:21.181067+00:00,20.500335,boot_safe,0.000000,0.00000,0.000000,0.00000,HIGH,true,false,true,false,
206,2026-09-11T16:05:21.280734+00:00,20.600296,boot_safe,0.000000,0.00000,0.000000,0.00000,HIGH,true,false,true,false,
207,2026-09-11T16:05:21.381029+00:00,20.700313,boot_safe,0.000000,0.00000,0.000000,0.00000,HIGH,true,false,true,false,
208,2026-09-11T16:05:21.480736+00:00,20.800303,boot_safe,0.000000,0.00000,0.000000,0.00000,HIGH,true,false,true,false,
209,2026-09-11T16:05:21.581045+00:00,20.900310,boot_safe,0.000000,0.00000,0.000000,0.00000,HIGH,true,false,true,false,
210,2026-09-11T16:05:21.680813+00:00,21.000306,boot_safe,0.000000,0.00000,0.000000,0.00000,HIGH,true,false,true,false,
211,2026-09-11T16:05:21.780946+00:00,21.100288,boot_safe,0.000000,0.00000,0.000000,0.00000,HIGH,true,false,true,false,
212,2026-09-11T16:05:21.880941+00:00,21.200407,boot_safe,0.000000,0.00000,0.000000,0.00000,HIGH,true,false,true,false,
213,2026-09-11T16:05:21.980938+00:00,21.300283,boot_safe,0.000000,0.00000,0.000000,0.00000,HIGH,true,false,true,false,
214,2026-09-11T16:05:22.080816+00:00,21.400309,boot_safe,0.000000,0.00000,0.000000,0.00000,HIGH,true,false,true,false,
215,2026-09-11T16:05:22.180929+00:00,21.500280,boot_safe,0.000000,0.00000,0.000000,0.00000,HIGH,true,false,true,false,
216,2026-09-11T16:05:22.280803+00:00,21.600309,boot_safe,0.000000,0.00000,0.000000,0.00000,HIGH,true,false,true,false,
217,2026-09-11T16:05:22.380961+00:00,21.700293,boot_safe,0.000000,0.00000,0.000000,0.00000,HIGH,true,false,true,false,
218,2026-09-11T16:05:22.480806+00:00,21.800307,boot_safe,0.000000,0.00000,0.000000,0.00000,HIGH,true,false,true,false,
219,2026-09-11T16:05:22.580940+00:00,21.900283,boot_safe,0.000000,0.00000,0.000000,0.00000,HIGH,true,false,true,false,
220,2026-09-11T16:05:22.681088+00:00,22.000454,boot_safe,0.000000,0.00000,0.000000,0.00000,HIGH,true,false,true,false,
221,2026-09-11T16:05:22.781017+00:00,22.100313,boot_safe,0.000000,0.00000,0.000000,0.00000,HIGH,true,false,true,false,
222,2026-09-11T16:05:22.880966+00:00,22.200379,boot_safe,0.000000,0.00000,0.000000,0.00000,HIGH,true,false,true,false,
223,2026-09-11T16:05:22.980947+00:00,22.300293,boot_safe,0.000000,0.00000,0.000000,0.00000,HIGH,true,false,true,false,
224,2026-09-11T16:05:23.080887+00:00,22.400318,boot_safe,0.000000,0.00000,0.000000,0.00000,HIGH,true,false,true,false,
225,2026-09-11T16:05:23.181069+00:00,22.500349,boot_safe,0.000000,0.00000,0.000000,0.00000,HIGH,true,false,true,false,
226,2026-09-11T16:05:23.280846+00:00,22.600324,boot_safe,0.000000,0.00000,0.000000,0.00000,HIGH,true,false,true,false,
227,2026-09-11T16:05:23.380944+00:00,22.700287,boot_safe,0.000000,0.00000,0.000000,0.00000,HIGH,true,false,true,false,
228,2026-09-11T16:05:23.480862+00:00,22.800327,boot_safe,0.000000,0.00000,0.000000,0.00000,HIGH,true,false,true,false,
229,2026-09-11T16:05:23.580952+00:00,22.900287,boot_safe,0.000000,0.00000,0.000000,0.00000,HIGH,true,false,true,false,
230,2026-09-11T16:05:23.681123+00:00,23.000316,boot_safe,0.000000,0.00000,0.000000,0.00000,HIGH,true,false,true,false,
231,2026-09-11T16:05:23.780810+00:00,23.100329,boot_safe,0.000000,0.00000,0.000000,0.00000,HIGH,true,false,true,false,
232,2026-09-11T16:05:23.880882+00:00,23.200293,boot_safe,0.000000,0.00000,0.000000,0.00000,HIGH,true,false,true,false,
233,2026-09-11T16:05:23.981040+00:00,23.300311,boot_safe,0.000000,0.00000,0.000000,0.00000,HIGH,true,false,true,false,
234,2026-09-11T16:05:24.080803+00:00,23.400283,boot_safe,0.000000,0.00000,-0.002000,-0.01212,HIGH,true,false,true,false,
235,2026-09-11T16:05:24.180969+00:00,23.500320,boot_safe,0.000000,0.00000,0.000000,0.00000,HIGH,true,false,true,false,
236,2026-09-11T16:05:24.280873+00:00,23.600278,boot_safe,0.000000,0.00000,0.000000,0.00000,HIGH,true,false,true,false,
237,2026-09-11T16:05:24.381036+00:00,23.700307,boot_safe,0.000000,0.00000,0.000000,0.00000,HIGH,true,false,true,false,
238,2026-09-11T16:05:24.480778+00:00,23.800277,boot_safe,0.000000,0.00000,0.000000,0.00000,HIGH,true,false,true,false,
239,2026-09-11T16:05:24.580959+00:00,23.900313,boot_safe,0.000000,0.00000,0.000000,0.00000,HIGH,true,false,true,false,
240,2026-09-11T16:05:24.680903+00:00,24.000289,boot_safe,0.000000,0.00000,0.000000,0.00000,HIGH,true,false,true,false,
241,2026-09-11T16:05:24.780970+00:00,24.100317,boot_safe,0.000000,0.00000,0.000000,0.00000,HIGH,true,false,true,false,
242,2026-09-11T16:05:24.880811+00:00,24.200281,boot_safe,0.000000,0.00000,0.000000,0.00000,HIGH,true,false,true,false,
243,2026-09-11T16:05:24.980966+00:00,24.300318,boot_safe,0.000000,0.00000,0.000000,0.00000,HIGH,true,false,true,false,
244,2026-09-11T16:05:25.080795+00:00,24.400283,boot_safe,0.000000,0.00000,0.000000,0.00000,HIGH,true,false,true,false,
245,2026-09-11T16:05:25.180976+00:00,24.500319,boot_safe,0.000000,0.00000,0.000000,0.00000,HIGH,true,false,true,false,
246,2026-09-11T16:05:25.280813+00:00,24.600282,boot_safe,0.000000,0.00000,0.000000,0.00000,HIGH,true,false,true,false,
247,2026-09-11T16:05:25.380977+00:00,24.700326,boot_safe,0.000000,0.00000,0.000000,0.00000,HIGH,true,false,true,false,
248,2026-09-11T16:05:25.480792+00:00,24.800281,boot_safe,0.000000,0.00000,0.000000,0.00000,HIGH,true,false,true,false,
249,2026-09-11T16:05:25.580975+00:00,24.900316,boot_safe,0.000000,0.00000,0.000000,0.00000,HIGH,true,false,true,false,
250,2026-09-11T16:05:25.680793+00:00,25.000281,boot_safe,0.000000,0.00000,0.000000,0.00000,HIGH,true,false,true,false,
251,2026-09-11T16:05:25.780972+00:00,25.100305,boot_safe,0.000000,0.00000,0.000000,0.00000,HIGH,true,false,true,false,
252,2026-09-11T16:05:25.880795+00:00,25.200280,boot_safe,0.000000,0.00000,0.000000,0.00000,HIGH,true,false,true,false,
253,2026-09-11T16:05:25.980989+00:00,25.300312,boot_safe,0.000000,0.00000,0.000000,0.00000,HIGH,true,false,true,false,
254,2026-09-11T16:05:26.080800+00:00,25.400282,boot_safe,0.000000,0.00000,0.000000,0.00000,HIGH,true,false,true,false,
255,2026-09-11T16:05:26.181113+00:00,25.500381,boot_safe,0.000000,0.00000,0.000000,0.00000,HIGH,true,false,true,false,
256,2026-09-11T16:05:26.280803+00:00,25.600301,boot_safe,0.000000,0.00000,0.000000,0.00000,HIGH,true,false,true,false,
257,2026-09-11T16:05:26.381047+00:00,25.700322,boot_safe,0.000000,0.00000,0.000000,0.00000,HIGH,true,false,true,false,
258,2026-09-11T16:05:26.480727+00:00,25.800285,boot_safe,0.000000,0.00000,0.000000,0.00000,HIGH,true,false,true,false,
259,2026-09-11T16:05:26.581118+00:00,25.900312,boot_safe,0.000000,0.00000,0.000000,0.00000,HIGH,true,false,true,false,
260,2026-09-11T16:05:26.680744+00:00,26.000291,boot_safe,0.000000,0.00000,0.000000,0.00000,HIGH,true,false,true,false,
261,2026-09-11T16:05:26.781063+00:00,26.100326,boot_safe,0.000000,0.00000,0.000000,0.00000,HIGH,true,false,true,false,
262,2026-09-11T16:05:26.880733+00:00,26.200290,boot_safe,0.000000,0.00000,0.000000,0.00000,HIGH,true,false,true,false,
263,2026-09-11T16:05:26.981059+00:00,26.300326,boot_safe,0.000000,0.00000,0.000000,0.00000,HIGH,true,false,true,false,
264,2026-09-11T16:05:27.081038+00:00,26.400315,boot_safe,0.000000,0.00000,0.000000,0.00000,HIGH,true,false,true,false,
265,2026-09-11T16:05:27.180734+00:00,26.500286,boot_safe,0.000000,0.00000,0.000000,0.00000,HIGH,true,false,true,false,
266,2026-09-11T16:05:27.281045+00:00,26.600316,boot_safe,0.000000,0.00000,0.000000,0.00000,HIGH,true,false,true,false,
267,2026-09-11T16:05:27.380722+00:00,26.700285,boot_safe,0.000000,0.00000,0.000000,0.00000,HIGH,true,false,true,false,
268,2026-09-11T16:05:27.481035+00:00,26.800305,boot_safe,0.000000,0.00000,0.000000,0.00000,HIGH,true,false,true,false,
269,2026-09-11T16:05:27.580732+00:00,26.900286,boot_safe,0.000000,0.00000,0.000000,0.00000,HIGH,true,false,true,false,
270,2026-09-11T16:05:27.681034+00:00,27.000306,boot_safe,0.000000,0.00000,0.000000,0.00000,HIGH,true,false,true,false,
271,2026-09-11T16:05:27.780722+00:00,27.100283,boot_safe,0.000000,0.00000,0.000000,0.00000,HIGH,true,false,true,false,
272,2026-09-11T16:05:27.881035+00:00,27.200306,boot_safe,0.000000,0.00000,0.000000,0.00000,HIGH,true,false,true,false,
273,2026-09-11T16:05:27.980749+00:00,27.300294,boot_safe,0.000000,0.00000,0.000000,0.00000,HIGH,true,false,true,false,
274,2026-09-11T16:05:28.081043+00:00,27.400311,boot_safe,0.000000,0.00000,0.000000,0.00000,HIGH,true,false,true,false,
275,2026-09-11T16:05:28.180859+00:00,27.500358,boot_safe,0.000000,0.00000,0.000000,0.00000,HIGH,true,false,true,false,
276,2026-09-11T16:05:28.281051+00:00,27.600327,boot_safe,0.000000,0.00000,0.000000,0.00000,HIGH,true,false,true,false,
277,2026-09-11T16:05:28.380716+00:00,27.700284,boot_safe,0.000000,0.00000,0.000000,0.00000,HIGH,true,false,true,false,
278,2026-09-11T16:05:28.481032+00:00,27.800307,boot_safe,0.000000,0.00000,0.000000,0.00000,HIGH,true,false,true,false,
279,2026-09-11T16:05:28.580730+00:00,27.900288,boot_safe,0.000000,0.00000,0.000000,0.00000,HIGH,true,false,true,false,
280,2026-09-11T16:05:28.681044+00:00,28.000313,boot_safe,0.000000,0.00000,0.000000,0.00000,HIGH,true,false,true,false,
281,2026-09-11T16:05:28.780747+00:00,28.100287,boot_safe,0.000000,0.00000,0.000000,0.00000,HIGH,true,false,true,false,
282,2026-09-11T16:05:28.881090+00:00,28.200346,boot_safe,0.000000,0.00000,0.000000,0.00000,HIGH,true,false,true,false,
283,2026-09-11T16:05:28.980872+00:00,28.300337,boot_safe,0.000000,0.00000,0.000000,0.00000,HIGH,true,false,true,false,
284,2026-09-11T16:05:29.080789+00:00,28.400322,boot_safe,0.000000,0.00000,-0.002000,-0.01212,HIGH,true,false,true,false,
285,2026-09-11T16:05:29.181049+00:00,28.500320,boot_safe,0.000000,0.00000,0.000000,0.00000,HIGH,true,false,true,false,
286,2026-09-11T16:05:29.280751+00:00,28.600294,boot_safe,0.000000,0.00000,0.000000,0.00000,HIGH,true,false,true,false,
287,2026-09-11T16:05:29.381042+00:00,28.700310,boot_safe,0.000000,0.00000,0.000000,0.00000,HIGH,true,false,true,false,
288,2026-09-11T16:05:29.480762+00:00,28.800302,boot_safe,0.000000,0.00000,0.000000,0.00000,HIGH,true,false,true,false,
289,2026-09-11T16:05:29.581046+00:00,28.900314,boot_safe,0.000000,0.00000,0.000000,0.00000,HIGH,true,false,true,false,
290,2026-09-11T16:05:29.680967+00:00,29.000280,boot_safe,0.000000,0.00000,0.000000,0.00000,HIGH,true,false,true,false,
291,2026-09-11T16:05:29.781152+00:00,29.100373,boot_safe,0.000000,0.00000,0.000000,0.00000,HIGH,true,false,true,false,
292,2026-09-11T16:05:29.881039+00:00,29.200318,boot_safe,0.000000,0.00000,0.000000,0.00000,HIGH,true,false,true,false,
293,2026-09-11T16:05:29.980739+00:00,29.300292,boot_safe,0.000000,0.00000,0.000000,0.00000,HIGH,true,false,true,false,
294,2026-09-11T16:05:30.081039+00:00,29.400317,boot_safe,0.000000,0.00000,0.000000,0.00000,HIGH,true,false,true,false,
295,2026-09-11T16:05:30.180728+00:00,29.500288,boot_safe,0.000000,0.00000,0.000000,0.00000,HIGH,true,false,true,false,
296,2026-09-11T16:05:30.281040+00:00,29.600313,boot_safe,0.000000,0.00000,0.000000,0.00000,HIGH,true,false,true,false,
297,2026-09-11T16:05:30.380727+00:00,29.700285,boot_safe,0.000000,0.00000,0.000000,0.00000,HIGH,true,false,true,false,
298,2026-09-11T16:05:30.481037+00:00,29.800309,boot_safe,0.000000,0.00000,0.000000,0.00000,HIGH,true,false,true,false,
299,2026-09-11T16:05:30.580741+00:00,29.900290,boot_safe,0.000000,0.00000,0.000000,0.00000,HIGH,true,false,true,false,
300,2026-09-11T16:05:30.681057+00:00,30.000314,boot_safe,0.000000,0.00000,0.000000,0.00000,HIGH,true,false,true,false,
301,2026-09-11T16:05:30.780755+00:00,30.100302,boot_safe,0.000000,0.00000,0.000000,0.00000,HIGH,true,false,true,false,
302,2026-09-11T16:05:30.881044+00:00,30.200314,boot_safe,0.000000,0.00000,0.000000,0.00000,HIGH,true,false,true,false,
303,2026-09-11T16:05:30.980726+00:00,30.300285,boot_safe,0.000000,0.00000,0.000000,0.00000,HIGH,true,false,true,false,
304,2026-09-11T16:05:31.081051+00:00,30.400315,boot_safe,0.000000,0.00000,0.000000,0.00000,HIGH,true,false,true,false,
305,2026-09-11T16:05:31.180721+00:00,30.500283,boot_safe,0.000000,0.00000,0.000000,0.00000,HIGH,true,false,true,false,
306,2026-09-11T16:05:31.281169+00:00,30.600385,boot_safe,0.000000,0.00000,0.000000,0.00000,HIGH,true,false,true,false,
307,2026-09-11T16:05:31.380753+00:00,30.700305,boot_safe,0.000000,0.00000,0.000000,0.00000,HIGH,true,false,true,false,
308,2026-09-11T16:05:31.481186+00:00,30.800393,boot_safe,0.000000,0.00000,0.000000,0.00000,HIGH,true,false,true,false,
309,2026-09-11T16:05:31.580755+00:00,30.900305,boot_safe,0.000000,0.00000,0.000000,0.00000,HIGH,true,false,true,false,
310,2026-09-11T16:05:31.681036+00:00,31.000319,boot_safe,0.000000,0.00000,0.000000,0.00000,HIGH,true,false,true,false,
311,2026-09-11T16:05:31.780735+00:00,31.100287,boot_safe,0.000000,0.00000,0.000000,0.00000,HIGH,true,false,true,false,
312,2026-09-11T16:05:31.881040+00:00,31.200312,boot_safe,0.000000,0.00000,0.000000,0.00000,HIGH,true,false,true,false,
313,2026-09-11T16:05:31.980721+00:00,31.300284,boot_safe,0.000000,0.00000,0.000000,0.00000,HIGH,true,false,true,false,
314,2026-09-11T16:05:32.081052+00:00,31.400319,boot_safe,0.000000,0.00000,0.000000,0.00000,HIGH,true,false,true,false,
315,2026-09-11T16:05:32.180714+00:00,31.500283,boot_safe,0.000000,0.00000,0.000000,0.00000,HIGH,true,false,true,false,
316,2026-09-11T16:05:32.281041+00:00,31.600307,boot_safe,0.000000,0.00000,0.000000,0.00000,HIGH,true,false,true,false,
317,2026-09-11T16:05:32.380771+00:00,31.700305,boot_safe,0.000000,0.00000,0.000000,0.00000,HIGH,true,false,true,false,
318,2026-09-11T16:05:32.481037+00:00,31.800309,boot_safe,0.000000,0.00000,0.000000,0.00000,HIGH,true,false,true,false,
319,2026-09-11T16:05:32.580723+00:00,31.900285,boot_safe,0.000000,0.00000,0.000000,0.00000,HIGH,true,false,true,false,
320,2026-09-11T16:05:32.681039+00:00,32.000309,boot_safe,0.000000,0.00000,0.000000,0.00000,HIGH,true,false,true,false,
321,2026-09-11T16:05:32.780724+00:00,32.100283,boot_safe,0.000000,0.00000,0.000000,0.00000,HIGH,true,false,true,false,
322,2026-09-11T16:05:32.881037+00:00,32.200315,boot_safe,0.000000,0.00000,0.000000,0.00000,HIGH,true,false,true,false,
323,2026-09-11T16:05:32.980728+00:00,32.300288,boot_safe,0.000000,0.00000,0.000000,0.00000,HIGH,true,false,true,false,
324,2026-09-11T16:05:33.081043+00:00,32.400314,boot_safe,0.000000,0.00000,0.000000,0.00000,HIGH,true,false,true,false,
325,2026-09-11T16:05:33.180733+00:00,32.500285,boot_safe,0.000000,0.00000,0.000000,0.00000,HIGH,true,false,true,false,
326,2026-09-11T16:05:33.281038+00:00,32.600310,boot_safe,0.000000,0.00000,0.000000,0.00000,HIGH,true,false,true,false,
327,2026-09-11T16:05:33.380745+00:00,32.700291,boot_safe,0.000000,0.00000,0.000000,0.00000,HIGH,true,false,true,false,
328,2026-09-11T16:05:33.481040+00:00,32.800313,boot_safe,0.000000,0.00000,0.000000,0.00000,HIGH,true,false,true,false,
329,2026-09-11T16:05:33.580733+00:00,32.900286,boot_safe,0.000000,0.00000,0.000000,0.00000,HIGH,true,false,true,false,
330,2026-09-11T16:05:33.681041+00:00,33.000315,boot_safe,0.000000,0.00000,0.000000,0.00000,HIGH,true,false,true,false,
331,2026-09-11T16:05:33.781036+00:00,33.100307,boot_safe,0.000000,0.00000,0.000000,0.00000,HIGH,true,false,true,false,
332,2026-09-11T16:05:33.880728+00:00,33.200283,boot_safe,0.000000,0.00000,0.000000,0.00000,HIGH,true,false,true,false,
333,2026-09-11T16:05:33.981041+00:00,33.300306,boot_safe,0.000000,0.00000,0.000000,0.00000,HIGH,true,false,true,false,
334,2026-09-11T16:05:34.080723+00:00,33.400285,boot_safe,0.000000,0.00000,0.000000,0.00000,HIGH,true,false,true,false,
335,2026-09-11T16:05:34.181044+00:00,33.500311,boot_safe,0.000000,0.00000,0.000000,0.00000,HIGH,true,false,true,false,
336,2026-09-11T16:05:34.280731+00:00,33.600286,boot_safe,0.000000,0.00000,0.000000,0.00000,HIGH,true,false,true,false,
337,2026-09-11T16:05:34.381054+00:00,33.700322,boot_safe,0.000000,0.00000,0.000000,0.00000,HIGH,true,false,true,false,
338,2026-09-11T16:05:34.480725+00:00,33.800286,boot_safe,0.000000,0.00000,0.000000,0.00000,HIGH,true,false,true,false,
339,2026-09-11T16:05:34.581040+00:00,33.900311,boot_safe,0.000000,0.00000,0.000000,0.00000,HIGH,true,false,true,false,
340,2026-09-11T16:05:34.680739+00:00,34.000281,boot_safe,0.000000,0.00000,0.000000,0.00000,HIGH,true,false,true,false,
341,2026-09-11T16:05:34.781061+00:00,34.100325,boot_safe,0.000000,0.00000,0.000000,0.00000,HIGH,true,false,true,false,
342,2026-09-11T16:05:34.880763+00:00,34.200305,boot_safe,0.000000,0.00000,0.000000,0.00000,HIGH,true,false,true,false,
343,2026-09-11T16:05:34.981236+00:00,34.300425,boot_safe,0.000000,0.00000,0.000000,0.00000,HIGH,true,false,true,false,
344,2026-09-11T16:05:35.080813+00:00,34.400330,boot_safe,0.000000,0.00000,0.000000,0.00000,HIGH,true,false,true,false,
345,2026-09-11T16:05:35.181056+00:00,34.500330,boot_safe,0.000000,0.00000,0.000000,0.00000,HIGH,true,false,true,false,
346,2026-09-11T16:05:35.280726+00:00,34.600286,boot_safe,0.000000,0.00000,0.000000,0.00000,HIGH,true,false,true,false,
347,2026-09-11T16:05:35.381039+00:00,34.700312,boot_safe,0.000000,0.00000,0.000000,0.00000,HIGH,true,false,true,false,
348,2026-09-11T16:05:35.481061+00:00,34.800328,boot_safe,0.000000,0.00000,0.000000,0.00000,HIGH,true,false,true,false,
349,2026-09-11T16:05:35.581091+00:00,34.900338,boot_safe,0.000000,0.00000,0.000000,0.00000,HIGH,true,false,true,false,
350,2026-09-11T16:05:35.680922+00:00,35.000289,boot_safe,0.000000,0.00000,0.000000,0.00000,HIGH,true,false,true,false,
351,2026-09-11T16:05:35.780824+00:00,35.100339,boot_safe,0.000000,0.00000,0.000000,0.00000,HIGH,true,false,true,false,
352,2026-09-11T16:05:35.881055+00:00,35.200322,boot_safe,0.000000,0.00000,0.000000,0.00000,HIGH,true,false,true,false,
353,2026-09-11T16:05:35.980732+00:00,35.300287,boot_safe,0.000000,0.00000,0.000000,0.00000,HIGH,true,false,true,false,
354,2026-09-11T16:05:36.081038+00:00,35.400310,boot_safe,0.000000,0.00000,0.000000,0.00000,HIGH,true,false,true,false,
355,2026-09-11T16:05:36.180737+00:00,35.500287,boot_safe,0.000000,0.00000,0.000000,0.00000,HIGH,true,false,true,false,
356,2026-09-11T16:05:36.281039+00:00,35.600305,boot_safe,0.000000,0.00000,0.000000,0.00000,HIGH,true,false,true,false,
357,2026-09-11T16:05:36.381179+00:00,35.700385,boot_safe,0.000000,0.00000,0.000000,0.00000,HIGH,true,false,true,false,
358,2026-09-11T16:05:36.480756+00:00,35.800304,boot_safe,0.000000,0.00000,0.000000,0.00000,HIGH,true,false,true,false,
359,2026-09-11T16:05:36.580855+00:00,35.900353,boot_safe,0.000000,0.00000,0.000000,0.00000,HIGH,true,false,true,false,
360,2026-09-11T16:05:36.681041+00:00,36.000324,boot_safe,0.000000,0.00000,0.000000,0.00000,HIGH,true,false,true,false,
361,2026-09-11T16:05:36.780744+00:00,36.100293,boot_safe,0.000000,0.00000,0.000000,0.00000,HIGH,true,false,true,false,
362,2026-09-11T16:05:36.881045+00:00,36.200315,boot_safe,0.000000,0.00000,0.000000,0.00000,HIGH,true,false,true,false,
363,2026-09-11T16:05:36.980732+00:00,36.300290,boot_safe,0.000000,0.00000,0.000000,0.00000,HIGH,true,false,true,false,
364,2026-09-11T16:05:37.081034+00:00,36.400309,boot_safe,0.000000,0.00000,0.000000,0.00000,HIGH,true,false,true,false,
365,2026-09-11T16:05:37.180723+00:00,36.500284,boot_safe,0.000000,0.00000,0.000000,0.00000,HIGH,true,false,true,false,
366,2026-09-11T16:05:37.281035+00:00,36.600311,boot_safe,0.000000,0.00000,0.000000,0.00000,HIGH,true,false,true,false,
367,2026-09-11T16:05:37.380726+00:00,36.700290,boot_safe,0.000000,0.00000,0.000000,0.00000,HIGH,true,false,true,false,
368,2026-09-11T16:05:37.481056+00:00,36.800319,boot_safe,0.000000,0.00000,0.000000,0.00000,HIGH,true,false,true,false,
369,2026-09-11T16:05:37.580738+00:00,36.900290,boot_safe,0.000000,0.00000,0.000000,0.00000,HIGH,true,false,true,false,
370,2026-09-11T16:05:37.681038+00:00,37.000313,boot_safe,0.000000,0.00000,0.000000,0.00000,HIGH,true,false,true,false,
371,2026-09-11T16:05:37.780725+00:00,37.100284,boot_safe,0.000000,0.00000,0.000000,0.00000,HIGH,true,false,true,false,
372,2026-09-11T16:05:37.881039+00:00,37.200306,boot_safe,0.000000,0.00000,0.000000,0.00000,HIGH,true,false,true,false,
373,2026-09-11T16:05:37.980728+00:00,37.300286,boot_safe,0.000000,0.00000,0.000000,0.00000,HIGH,true,false,true,false,
374,2026-09-11T16:05:38.081036+00:00,37.400310,boot_safe,0.000000,0.00000,0.000000,0.00000,HIGH,true,false,true,false,
375,2026-09-11T16:05:38.180723+00:00,37.500288,boot_safe,0.000000,0.00000,0.000000,0.00000,HIGH,true,false,true,false,
376,2026-09-11T16:05:38.281056+00:00,37.600321,boot_safe,0.000000,0.00000,0.000000,0.00000,HIGH,true,false,true,false,
377,2026-09-11T16:05:38.380729+00:00,37.700287,boot_safe,0.000000,0.00000,0.000000,0.00000,HIGH,true,false,true,false,
378,2026-09-11T16:05:38.481052+00:00,37.800322,boot_safe,0.000000,0.00000,0.000000,0.00000,HIGH,true,false,true,false,
379,2026-09-11T16:05:38.580739+00:00,37.900289,boot_safe,0.000000,0.00000,0.000000,0.00000,HIGH,true,false,true,false,
380,2026-09-11T16:05:38.681045+00:00,38.000308,boot_safe,0.000000,0.00000,0.000000,0.00000,HIGH,true,false,true,false,
381,2026-09-11T16:05:38.780747+00:00,38.100298,boot_safe,0.000000,0.00000,0.000000,0.00000,HIGH,true,false,true,false,
382,2026-09-11T16:05:38.881053+00:00,38.200316,boot_safe,0.000000,0.00000,0.000000,0.00000,HIGH,true,false,true,false,
383,2026-09-11T16:05:38.981035+00:00,38.300311,boot_safe,0.000000,0.00000,0.000000,0.00000,HIGH,true,false,true,false,
384,2026-09-11T16:05:39.080723+00:00,38.400284,boot_safe,0.000000,0.00000,0.000000,0.00000,HIGH,true,false,true,false,
385,2026-09-11T16:05:39.181034+00:00,38.500310,boot_safe,0.000000,0.00000,0.000000,0.00000,HIGH,true,false,true,false,
386,2026-09-11T16:05:39.280737+00:00,38.600287,boot_safe,0.000000,0.00000,0.000000,0.00000,HIGH,true,false,true,false,
387,2026-09-11T16:05:39.381059+00:00,38.700306,boot_safe,0.000000,0.00000,0.000000,0.00000,HIGH,true,false,true,false,
388,2026-09-11T16:05:39.480734+00:00,38.800282,boot_safe,0.000000,0.00000,0.000000,0.00000,HIGH,true,false,true,false,
389,2026-09-11T16:05:39.581049+00:00,38.900317,boot_safe,0.000000,0.00000,0.000000,0.00000,HIGH,true,false,true,false,
390,2026-09-11T16:05:39.680727+00:00,39.000281,boot_safe,0.000000,0.00000,0.000000,0.00000,HIGH,true,false,true,false,
391,2026-09-11T16:05:39.781041+00:00,39.100306,boot_safe,0.000000,0.00000,0.000000,0.00000,HIGH,true,false,true,false,
392,2026-09-11T16:05:39.880725+00:00,39.200282,boot_safe,0.000000,0.00000,0.000000,0.00000,HIGH,true,false,true,false,
393,2026-09-11T16:05:39.981038+00:00,39.300310,boot_safe,0.000000,0.00000,0.000000,0.00000,HIGH,true,false,true,false,
394,2026-09-11T16:05:40.080717+00:00,39.400280,boot_safe,0.000000,0.00000,0.000000,0.00000,HIGH,true,false,true,false,
395,2026-09-11T16:05:40.181038+00:00,39.500302,boot_safe,0.000000,0.00000,0.000000,0.00000,HIGH,true,false,true,false,
396,2026-09-11T16:05:40.280732+00:00,39.600282,boot_safe,0.000000,0.00000,0.000000,0.00000,HIGH,true,false,true,false,
397,2026-09-11T16:05:40.381040+00:00,39.700307,boot_safe,0.000000,0.00000,0.000000,0.00000,HIGH,true,false,true,false,
398,2026-09-11T16:05:40.480819+00:00,39.800308,boot_safe,0.000000,0.00000,0.000000,0.00000,HIGH,true,false,true,false,
399,2026-09-11T16:05:40.580961+00:00,39.900286,boot_safe,0.000000,0.00000,0.000000,0.00000,HIGH,true,false,true,false,
400,2026-09-11T16:05:40.680813+00:00,40.000309,boot_safe,0.000000,0.00000,0.000000,0.00000,HIGH,true,false,true,false,
401,2026-09-11T16:05:40.781038+00:00,40.100359,boot_safe,0.000000,0.00000,0.000000,0.00000,HIGH,true,false,true,false,
402,2026-09-11T16:05:40.880917+00:00,40.200337,boot_safe,0.000000,0.00000,0.000000,0.00000,HIGH,true,false,true,false,
403,2026-09-11T16:05:40.981115+00:00,40.300378,boot_safe,0.000000,0.00000,0.000000,0.00000,HIGH,true,false,true,false,
404,2026-09-11T16:05:41.080850+00:00,40.400335,boot_safe,0.000000,0.00000,0.000000,0.00000,HIGH,true,false,true,false,
405,2026-09-11T16:05:41.180929+00:00,40.500281,boot_safe,0.000000,0.00000,0.000000,0.00000,HIGH,true,false,true,false,
406,2026-09-11T16:05:41.280800+00:00,40.600307,boot_safe,0.000000,0.00000,0.000000,0.00000,HIGH,true,false,true,false,
407,2026-09-11T16:05:41.380923+00:00,40.700279,boot_safe,0.000000,0.00000,0.000000,0.00000,HIGH,true,false,true,false,
408,2026-09-11T16:05:41.481205+00:00,40.800404,boot_safe,0.000000,0.00000,0.000000,0.00000,HIGH,true,false,true,false,
409,2026-09-11T16:05:41.580839+00:00,40.900325,boot_safe,-0.002000,-0.00606,0.000000,0.00000,HIGH,true,false,true,false,
410,2026-09-11T16:05:41.681150+00:00,41.000293,boot_safe,0.000000,0.00000,0.000000,0.00000,HIGH,true,false,true,false,
411,2026-09-11T16:05:41.780955+00:00,41.100366,boot_safe,0.000000,0.00000,0.000000,0.00000,HIGH,true,false,true,false,
412,2026-09-11T16:05:41.880960+00:00,41.200295,boot_safe,0.000000,0.00000,0.000000,0.00000,HIGH,true,false,true,false,
413,2026-09-11T16:05:41.980807+00:00,41.300308,boot_safe,0.000000,0.00000,0.000000,0.00000,HIGH,true,false,true,false,
414,2026-09-11T16:05:42.080934+00:00,41.400279,boot_safe,0.000000,0.00000,0.000000,0.00000,HIGH,true,false,true,false,
415,2026-09-11T16:05:42.180812+00:00,41.500305,boot_safe,0.000000,0.00000,0.000000,0.00000,HIGH,true,false,true,false,
416,2026-09-11T16:05:42.280927+00:00,41.600279,boot_safe,0.000000,0.00000,0.000000,0.00000,HIGH,true,false,true,false,
417,2026-09-11T16:05:42.380884+00:00,41.700320,boot_safe,0.000000,0.00000,0.000000,0.00000,HIGH,true,false,true,false,
418,2026-09-11T16:05:42.480972+00:00,41.800307,boot_safe,0.000000,0.00000,0.000000,0.00000,HIGH,true,false,true,false,
419,2026-09-11T16:05:42.580827+00:00,41.900322,boot_safe,0.000000,0.00000,0.000000,0.00000,HIGH,true,false,true,false,
420,2026-09-11T16:05:42.680942+00:00,42.000281,boot_safe,0.000000,0.00000,0.000000,0.00000,HIGH,true,false,true,false,
421,2026-09-11T16:05:42.780832+00:00,42.100328,boot_safe,0.000000,0.00000,0.000000,0.00000,HIGH,true,false,true,false,
422,2026-09-11T16:05:42.880925+00:00,42.200279,boot_safe,0.000000,0.00000,0.000000,0.00000,HIGH,true,false,true,false,
423,2026-09-11T16:05:42.981075+00:00,42.300466,boot_safe,0.000000,0.00000,0.000000,0.00000,HIGH,true,false,true,false,
424,2026-09-11T16:05:43.080913+00:00,42.400296,boot_safe,0.000000,0.00000,0.000000,0.00000,HIGH,true,false,true,false,
425,2026-09-11T16:05:43.180960+00:00,42.500310,boot_safe,0.000000,0.00000,0.000000,0.00000,HIGH,true,false,true,false,
426,2026-09-11T16:05:43.280896+00:00,42.600282,boot_safe,0.000000,0.00000,0.000000,0.00000,HIGH,true,false,true,false,
427,2026-09-11T16:05:43.381047+00:00,42.700314,boot_safe,0.000000,0.00000,0.000000,0.00000,HIGH,true,false,true,false,
428,2026-09-11T16:05:43.480803+00:00,42.800286,boot_safe,0.000000,0.00000,0.000000,0.00000,HIGH,true,false,true,false,
429,2026-09-11T16:05:43.581039+00:00,42.900311,boot_safe,0.000000,0.00000,0.000000,0.00000,HIGH,true,false,true,false,
430,2026-09-11T16:05:43.680789+00:00,43.000281,boot_safe,0.000000,0.00000,0.000000,0.00000,HIGH,true,false,true,false,
431,2026-09-11T16:05:43.781047+00:00,43.100308,boot_safe,0.000000,0.00000,0.000000,0.00000,HIGH,true,false,true,false,
432,2026-09-11T16:05:43.880789+00:00,43.200279,boot_safe,0.000000,0.00000,0.000000,0.00000,HIGH,true,false,true,false,
433,2026-09-11T16:05:43.981049+00:00,43.300314,boot_safe,0.000000,0.00000,0.000000,0.00000,HIGH,true,false,true,false,
434,2026-09-11T16:05:44.080793+00:00,43.400281,boot_safe,0.000000,0.00000,0.000000,0.00000,HIGH,true,false,true,false,
435,2026-09-11T16:05:44.180961+00:00,43.500308,boot_safe,0.000000,0.00000,0.000000,0.00000,HIGH,true,false,true,false,
436,2026-09-11T16:05:44.280788+00:00,43.600279,boot_safe,0.000000,0.00000,0.000000,0.00000,HIGH,true,false,true,false,
437,2026-09-11T16:05:44.380963+00:00,43.700310,boot_safe,0.000000,0.00000,0.000000,0.00000,HIGH,true,false,true,false,
438,2026-09-11T16:05:44.480785+00:00,43.800279,boot_safe,0.000000,0.00000,0.000000,0.00000,HIGH,true,false,true,false,
439,2026-09-11T16:05:44.580967+00:00,43.900308,boot_safe,0.000000,0.00000,0.000000,0.00000,HIGH,true,false,true,false,
440,2026-09-11T16:05:44.680804+00:00,44.000287,boot_safe,0.000000,0.00000,0.000000,0.00000,HIGH,true,false,true,false,
441,2026-09-11T16:05:44.780958+00:00,44.100307,boot_safe,0.000000,0.00000,0.000000,0.00000,HIGH,true,false,true,false,
442,2026-09-11T16:05:44.880788+00:00,44.200277,boot_safe,0.000000,0.00000,0.000000,0.00000,HIGH,true,false,true,false,
443,2026-09-11T16:05:44.980965+00:00,44.300312,boot_safe,0.000000,0.00000,0.000000,0.00000,HIGH,true,false,true,false,
444,2026-09-11T16:05:45.080810+00:00,44.400286,boot_safe,0.000000,0.00000,0.000000,0.00000,HIGH,true,false,true,false,
445,2026-09-11T16:05:45.180960+00:00,44.500309,boot_safe,0.000000,0.00000,0.000000,0.00000,HIGH,true,false,true,false,
446,2026-09-11T16:05:45.280785+00:00,44.600276,boot_safe,0.000000,0.00000,0.000000,0.00000,HIGH,true,false,true,false,
447,2026-09-11T16:05:45.381028+00:00,44.700307,boot_safe,0.000000,0.00000,0.000000,0.00000,HIGH,true,false,true,false,
448,2026-09-11T16:05:45.480745+00:00,44.800280,boot_safe,0.000000,0.00000,0.000000,0.00000,HIGH,true,false,true,false,
449,2026-09-11T16:05:45.581039+00:00,44.900316,boot_safe,0.000000,0.00000,0.000000,0.00000,HIGH,true,false,true,false,
450,2026-09-11T16:05:45.680821+00:00,45.000291,boot_safe,0.000000,0.00000,0.000000,0.00000,HIGH,true,false,true,false,
451,2026-09-11T16:05:45.781072+00:00,45.100329,boot_safe,0.000000,0.00000,0.000000,0.00000,HIGH,true,false,true,false,
452,2026-09-11T16:05:45.880802+00:00,45.200289,boot_safe,0.000000,0.00000,0.000000,0.00000,HIGH,true,false,true,false,
453,2026-09-11T16:05:45.981113+00:00,45.300310,boot_safe,0.000000,0.00000,0.000000,0.00000,HIGH,true,false,true,false,
454,2026-09-11T16:05:46.080718+00:00,45.400281,boot_safe,0.000000,0.00000,0.000000,0.00000,HIGH,true,false,true,false,
455,2026-09-11T16:05:46.181038+00:00,45.500312,boot_safe,0.000000,0.00000,0.000000,0.00000,HIGH,true,false,true,false,
456,2026-09-11T16:05:46.280724+00:00,45.600282,boot_safe,0.000000,0.00000,0.000000,0.00000,HIGH,true,false,true,false,
457,2026-09-11T16:05:46.381034+00:00,45.700308,boot_safe,0.000000,0.00000,0.000000,0.00000,HIGH,true,false,true,false,
458,2026-09-11T16:05:46.480723+00:00,45.800284,boot_safe,0.000000,0.00000,0.000000,0.00000,HIGH,true,false,true,false,
459,2026-09-11T16:05:46.581191+00:00,45.900392,boot_safe,0.000000,0.00000,0.000000,0.00000,HIGH,true,false,true,false,
460,2026-09-11T16:05:46.680776+00:00,46.000305,boot_safe,0.000000,0.00000,0.000000,0.00000,HIGH,true,false,true,false,
461,2026-09-11T16:05:46.781058+00:00,46.100332,boot_safe,0.000000,0.00000,0.000000,0.00000,HIGH,true,false,true,false,
462,2026-09-11T16:05:46.880731+00:00,46.200294,boot_safe,0.000000,0.00000,0.000000,0.00000,HIGH,true,false,true,false,
463,2026-09-11T16:05:46.981116+00:00,46.300331,boot_safe,0.000000,0.00000,0.000000,0.00000,HIGH,true,false,true,false,
464,2026-09-11T16:05:47.080900+00:00,46.400380,boot_safe,0.000000,0.00000,0.000000,0.00000,HIGH,true,false,true,false,
465,2026-09-11T16:05:47.181051+00:00,46.500329,boot_safe,0.000000,0.00000,0.000000,0.00000,HIGH,true,false,true,false,
466,2026-09-11T16:05:47.280729+00:00,46.600286,boot_safe,0.000000,0.00000,0.000000,0.00000,HIGH,true,false,true,false,
467,2026-09-11T16:05:47.381122+00:00,46.700343,boot_safe,0.000000,0.00000,0.000000,0.00000,HIGH,true,false,true,false,
468,2026-09-11T16:05:47.480831+00:00,46.800343,boot_safe,0.000000,0.00000,0.000000,0.00000,HIGH,true,false,true,false,
469,2026-09-11T16:05:47.581059+00:00,46.900329,boot_safe,0.000000,0.00000,0.000000,0.00000,HIGH,true,false,true,false,
470,2026-09-11T16:05:47.680938+00:00,47.000289,boot_safe,0.000000,0.00000,0.000000,0.00000,HIGH,true,false,true,false,
471,2026-09-11T16:05:47.780812+00:00,47.100334,boot_safe,0.000000,0.00000,0.000000,0.00000,HIGH,true,false,true,false,
472,2026-09-11T16:05:47.881046+00:00,47.200320,boot_safe,0.000000,0.00000,0.000000,0.00000,HIGH,true,false,true,false,
473,2026-09-11T16:05:47.980722+00:00,47.300283,boot_safe,0.000000,0.00000,0.000000,0.00000,HIGH,true,false,true,false,
474,2026-09-11T16:05:48.081050+00:00,47.400310,boot_safe,0.000000,0.00000,0.000000,0.00000,HIGH,true,false,true,false,
475,2026-09-11T16:05:48.180728+00:00,47.500287,boot_safe,0.000000,0.00000,0.000000,0.00000,HIGH,true,false,true,false,
476,2026-09-11T16:05:48.281036+00:00,47.600304,boot_safe,0.000000,0.00000,0.000000,0.00000,HIGH,true,false,true,false,
477,2026-09-11T16:05:48.380719+00:00,47.700282,boot_safe,0.000000,0.00000,0.000000,0.00000,HIGH,true,false,true,false,
478,2026-09-11T16:05:48.481041+00:00,47.800315,boot_safe,0.000000,0.00000,0.000000,0.00000,HIGH,true,false,true,false,
479,2026-09-11T16:05:48.580735+00:00,47.900290,boot_safe,0.000000,0.00000,0.000000,0.00000,HIGH,true,false,true,false,
480,2026-09-11T16:05:48.681045+00:00,48.000315,boot_safe,0.000000,0.00000,0.000000,0.00000,HIGH,true,false,true,false,
481,2026-09-11T16:05:48.780731+00:00,48.100284,boot_safe,0.000000,0.00000,0.000000,0.00000,HIGH,true,false,true,false,
482,2026-09-11T16:05:48.881041+00:00,48.200307,boot_safe,0.000000,0.00000,0.000000,0.00000,HIGH,true,false,true,false,
483,2026-09-11T16:05:48.980760+00:00,48.300284,boot_safe,0.000000,0.00000,0.000000,0.00000,HIGH,true,false,true,false,
484,2026-09-11T16:05:49.081036+00:00,48.400315,boot_safe,0.000000,0.00000,0.000000,0.00000,HIGH,true,false,true,false,
485,2026-09-11T16:05:49.180731+00:00,48.500286,boot_safe,0.000000,0.00000,0.000000,0.00000,HIGH,true,false,true,false,
486,2026-09-11T16:05:49.281034+00:00,48.600312,boot_safe,0.000000,0.00000,0.000000,0.00000,HIGH,true,false,true,false,
487,2026-09-11T16:05:49.380717+00:00,48.700280,boot_safe,0.000000,0.00000,0.000000,0.00000,HIGH,true,false,true,false,
488,2026-09-11T16:05:49.481033+00:00,48.800311,boot_safe,0.000000,0.00000,0.000000,0.00000,HIGH,true,false,true,false,
489,2026-09-11T16:05:49.580746+00:00,48.900288,boot_safe,0.000000,0.00000,0.000000,0.00000,HIGH,true,false,true,false,
490,2026-09-11T16:05:49.681041+00:00,49.000311,boot_safe,0.000000,0.00000,0.000000,0.00000,HIGH,true,false,true,false,
491,2026-09-11T16:05:49.780750+00:00,49.100294,boot_safe,0.000000,0.00000,0.000000,0.00000,HIGH,true,false,true,false,
492,2026-09-11T16:05:49.881050+00:00,49.200311,boot_safe,0.000000,0.00000,0.000000,0.00000,HIGH,true,false,true,false,
493,2026-09-11T16:05:49.980721+00:00,49.300283,boot_safe,0.000000,0.00000,0.000000,0.00000,HIGH,true,false,true,false,
494,2026-09-11T16:05:50.081030+00:00,49.400306,boot_safe,0.000000,0.00000,0.000000,0.00000,HIGH,true,false,true,false,
495,2026-09-11T16:05:50.180719+00:00,49.500281,boot_safe,0.000000,0.00000,0.000000,0.00000,HIGH,true,false,true,false,
496,2026-09-11T16:05:50.281042+00:00,49.600311,boot_safe,0.000000,0.00000,0.000000,0.00000,HIGH,true,false,true,false,
497,2026-09-11T16:05:50.380733+00:00,49.700283,boot_safe,0.000000,0.00000,0.000000,0.00000,HIGH,true,false,true,false,
498,2026-09-11T16:05:50.481043+00:00,49.800306,boot_safe,0.000000,0.00000,0.000000,0.00000,HIGH,true,false,true,false,
499,2026-09-11T16:05:50.580736+00:00,49.900285,boot_safe,0.000000,0.00000,0.000000,0.00000,HIGH,true,false,true,false,
500,2026-09-11T16:05:50.681070+00:00,50.000322,boot_safe,0.000000,0.00000,0.000000,0.00000,HIGH,true,false,true,false,
501,2026-09-11T16:05:50.780764+00:00,50.100306,boot_safe,0.000000,0.00000,0.000000,0.00000,HIGH,true,false,true,false,
502,2026-09-11T16:05:50.881059+00:00,50.200326,boot_safe,0.000000,0.00000,0.000000,0.00000,HIGH,true,false,true,false,
503,2026-09-11T16:05:50.980728+00:00,50.300281,boot_safe,0.000000,0.00000,0.000000,0.00000,HIGH,true,false,true,false,
504,2026-09-11T16:05:51.081034+00:00,50.400311,boot_safe,0.000000,0.00000,0.000000,0.00000,HIGH,true,false,true,false,
505,2026-09-11T16:05:51.180729+00:00,50.500289,boot_safe,0.000000,0.00000,0.000000,0.00000,HIGH,true,false,true,false,
506,2026-09-11T16:05:51.281046+00:00,50.600314,boot_safe,0.000000,0.00000,0.000000,0.00000,HIGH,true,false,true,false,
507,2026-09-11T16:05:51.380729+00:00,50.700278,boot_safe,0.000000,0.00000,0.000000,0.00000,HIGH,true,false,true,false,
508,2026-09-11T16:05:51.481035+00:00,50.800318,boot_safe,0.000000,0.00000,0.000000,0.00000,HIGH,true,false,true,false,
509,2026-09-11T16:05:51.580727+00:00,50.900288,boot_safe,0.000000,0.00000,0.000000,0.00000,HIGH,true,false,true,false,
510,2026-09-11T16:05:51.681194+00:00,51.000398,boot_safe,0.000000,0.00000,0.000000,0.00000,HIGH,true,false,true,false,
511,2026-09-11T16:05:51.781055+00:00,51.100327,boot_safe,0.000000,0.00000,0.000000,0.00000,HIGH,true,false,true,false,
512,2026-09-11T16:05:51.880739+00:00,51.200292,boot_safe,0.000000,0.00000,0.000000,0.00000,HIGH,true,false,true,false,
513,2026-09-11T16:05:51.981039+00:00,51.300316,boot_safe,0.000000,0.00000,0.000000,0.00000,HIGH,true,false,true,false,
514,2026-09-11T16:05:52.080715+00:00,51.400283,boot_safe,0.000000,0.00000,0.000000,0.00000,HIGH,true,false,true,false,
515,2026-09-11T16:05:52.181038+00:00,51.500305,boot_safe,0.000000,0.00000,0.000000,0.00000,HIGH,true,false,true,false,
516,2026-09-11T16:05:52.280728+00:00,51.600284,boot_safe,0.000000,0.00000,0.000000,0.00000,HIGH,true,false,true,false,
517,2026-09-11T16:05:52.381060+00:00,51.700324,boot_safe,0.000000,0.00000,0.000000,0.00000,HIGH,true,false,true,false,
518,2026-09-11T16:05:52.480855+00:00,51.800352,boot_safe,0.000000,0.00000,0.000000,0.00000,HIGH,true,false,true,false,
519,2026-09-11T16:05:52.581059+00:00,51.900330,boot_safe,0.000000,0.00000,0.000000,0.00000,HIGH,true,false,true,false,
520,2026-09-11T16:05:52.680733+00:00,52.000291,boot_safe,0.000000,0.00000,0.000000,0.00000,HIGH,true,false,true,false,
521,2026-09-11T16:05:52.781056+00:00,52.100317,boot_safe,0.000000,0.00000,0.000000,0.00000,HIGH,true,false,true,false,
522,2026-09-11T16:05:52.880813+00:00,52.200329,boot_safe,0.000000,0.00000,0.000000,0.00000,HIGH,true,false,true,false,
523,2026-09-11T16:05:52.981225+00:00,52.300411,boot_safe,0.000000,0.00000,0.000000,0.00000,HIGH,true,false,true,false,
524,2026-09-11T16:05:53.081061+00:00,52.400339,boot_safe,0.000000,0.00000,0.000000,0.00000,HIGH,true,false,true,false,
525,2026-09-11T16:05:53.180737+00:00,52.500294,boot_safe,0.000000,0.00000,0.000000,0.00000,HIGH,true,false,true,false,
526,2026-09-11T16:05:53.281032+00:00,52.600312,boot_safe,0.000000,0.00000,0.000000,0.00000,HIGH,true,false,true,false,
527,2026-09-11T16:05:53.380717+00:00,52.700282,boot_safe,0.000000,0.00000,0.000000,0.00000,HIGH,true,false,true,false,
528,2026-09-11T16:05:53.481075+00:00,52.800333,boot_safe,0.000000,0.00000,0.000000,0.00000,HIGH,true,false,true,false,
529,2026-09-11T16:05:53.580731+00:00,52.900289,boot_safe,0.000000,0.00000,0.000000,0.00000,HIGH,true,false,true,false,
530,2026-09-11T16:05:53.681236+00:00,53.000309,boot_safe,0.000000,0.00000,0.000000,0.00000,HIGH,true,false,true,false,
531,2026-09-11T16:05:53.780824+00:00,53.100337,boot_safe,0.000000,0.00000,0.000000,0.00000,HIGH,true,false,true,false,
532,2026-09-11T16:05:53.881061+00:00,53.200332,boot_safe,0.000000,0.00000,0.000000,0.00000,HIGH,true,false,true,false,
533,2026-09-11T16:05:53.980723+00:00,53.300287,boot_safe,0.000000,0.00000,0.000000,0.00000,HIGH,true,false,true,false,
534,2026-09-11T16:05:54.081038+00:00,53.400310,boot_safe,0.000000,0.00000,0.000000,0.00000,HIGH,true,false,true,false,
535,2026-09-11T16:05:54.180722+00:00,53.500286,boot_safe,0.000000,0.00000,0.000000,0.00000,HIGH,true,false,true,false,
536,2026-09-11T16:05:54.281038+00:00,53.600316,boot_safe,0.000000,0.00000,0.000000,0.00000,HIGH,true,false,true,false,
537,2026-09-11T16:05:54.380725+00:00,53.700281,boot_safe,0.000000,0.00000,0.000000,0.00000,HIGH,true,false,true,false,
538,2026-09-11T16:05:54.481036+00:00,53.800303,boot_safe,0.000000,0.00000,0.000000,0.00000,HIGH,true,false,true,false,
539,2026-09-11T16:05:54.580731+00:00,53.900286,boot_safe,0.000000,0.00000,0.000000,0.00000,HIGH,true,false,true,false,
540,2026-09-11T16:05:54.681110+00:00,54.000358,boot_safe,0.000000,0.00000,0.000000,0.00000,HIGH,true,false,true,false,
541,2026-09-11T16:05:54.780752+00:00,54.100307,boot_safe,0.000000,0.00000,0.000000,0.00000,HIGH,true,false,true,false,
542,2026-09-11T16:05:54.881055+00:00,54.200324,boot_safe,0.000000,0.00000,0.000000,0.00000,HIGH,true,false,true,false,
543,2026-09-11T16:05:54.980732+00:00,54.300288,boot_safe,0.000000,0.00000,0.000000,0.00000,HIGH,true,false,true,false,
544,2026-09-11T16:05:55.081037+00:00,54.400314,boot_safe,0.000000,0.00000,0.000000,0.00000,HIGH,true,false,true,false,
545,2026-09-11T16:05:55.180726+00:00,54.500285,boot_safe,0.000000,0.00000,0.000000,0.00000,HIGH,true,false,true,false,
546,2026-09-11T16:05:55.281035+00:00,54.600313,boot_safe,0.000000,0.00000,0.000000,0.00000,HIGH,true,false,true,false,
547,2026-09-11T16:05:55.380726+00:00,54.700286,boot_safe,0.000000,0.00000,0.000000,0.00000,HIGH,true,false,true,false,
548,2026-09-11T16:05:55.481035+00:00,54.800309,boot_safe,0.000000,0.00000,0.000000,0.00000,HIGH,true,false,true,false,
549,2026-09-11T16:05:55.580747+00:00,54.900288,boot_safe,0.000000,0.00000,0.000000,0.00000,HIGH,true,false,true,false,
550,2026-09-11T16:05:55.681039+00:00,55.000309,boot_safe,0.000000,0.00000,0.000000,0.00000,HIGH,true,false,true,false,
551,2026-09-11T16:05:55.780726+00:00,55.100285,boot_safe,0.000000,0.00000,0.000000,0.00000,HIGH,true,false,true,false,
552,2026-09-11T16:05:55.881039+00:00,55.200314,boot_safe,0.000000,0.00000,0.000000,0.00000,HIGH,true,false,true,false,
553,2026-09-11T16:05:55.980732+00:00,55.300286,boot_safe,0.000000,0.00000,0.000000,0.00000,HIGH,true,false,true,false,
554,2026-09-11T16:05:56.080751+00:00,55.400292,boot_safe,0.000000,0.00000,0.000000,0.00000,HIGH,true,false,true,false,
555,2026-09-11T16:05:56.181039+00:00,55.500310,boot_safe,0.000000,0.00000,0.000000,0.00000,HIGH,true,false,true,false,
556,2026-09-11T16:05:56.280716+00:00,55.600278,boot_safe,0.000000,0.00000,0.000000,0.00000,HIGH,true,false,true,false,
557,2026-09-11T16:05:56.381038+00:00,55.700309,boot_safe,0.000000,0.00000,0.000000,0.00000,HIGH,true,false,true,false,
558,2026-09-11T16:05:56.480719+00:00,55.800283,boot_safe,0.000000,0.00000,0.000000,0.00000,HIGH,true,false,true,false,
559,2026-09-11T16:05:56.581041+00:00,55.900311,boot_safe,0.000000,0.00000,0.000000,0.00000,HIGH,true,false,true,false,
560,2026-09-11T16:05:56.680759+00:00,56.000282,boot_safe,0.000000,0.00000,0.000000,0.00000,HIGH,true,false,true,false,
561,2026-09-11T16:05:56.781194+00:00,56.100396,boot_safe,0.000000,0.00000,0.000000,0.00000,HIGH,true,false,true,false,
562,2026-09-11T16:05:56.880750+00:00,56.200297,boot_safe,0.000000,0.00000,0.000000,0.00000,HIGH,true,false,true,false,
563,2026-09-11T16:05:56.981042+00:00,56.300315,boot_safe,0.000000,0.00000,0.000000,0.00000,HIGH,true,false,true,false,
564,2026-09-11T16:05:57.081074+00:00,56.400317,boot_safe,0.000000,0.00000,0.000000,0.00000,HIGH,true,false,true,false,
565,2026-09-11T16:05:57.181038+00:00,56.500308,boot_safe,0.000000,0.00000,0.000000,0.00000,HIGH,true,false,true,false,
566,2026-09-11T16:05:57.280711+00:00,56.600279,boot_safe,0.000000,0.00000,0.000000,0.00000,HIGH,true,false,true,false,
567,2026-09-11T16:05:57.381039+00:00,56.700312,boot_safe,0.000000,0.00000,0.000000,0.00000,HIGH,true,false,true,false,
568,2026-09-11T16:05:57.480723+00:00,56.800284,boot_safe,0.000000,0.00000,0.000000,0.00000,HIGH,true,false,true,false,
569,2026-09-11T16:05:57.581034+00:00,56.900311,boot_safe,0.000000,0.00000,0.000000,0.00000,HIGH,true,false,true,false,
570,2026-09-11T16:05:57.680727+00:00,57.000285,boot_safe,0.000000,0.00000,0.000000,0.00000,HIGH,true,false,true,false,
571,2026-09-11T16:05:57.781045+00:00,57.100309,boot_safe,0.000000,0.00000,0.000000,0.00000,HIGH,true,false,true,false,
572,2026-09-11T16:05:57.880727+00:00,57.200289,boot_safe,0.000000,0.00000,0.000000,0.00000,HIGH,true,false,true,false,
573,2026-09-11T16:05:57.981058+00:00,57.300320,boot_safe,0.000000,0.00000,0.000000,0.00000,HIGH,true,false,true,false,
574,2026-09-11T16:05:58.080718+00:00,57.400285,boot_safe,0.000000,0.00000,0.000000,0.00000,HIGH,true,false,true,false,
575,2026-09-11T16:05:58.181037+00:00,57.500310,boot_safe,0.000000,0.00000,0.000000,0.00000,HIGH,true,false,true,false,
576,2026-09-11T16:05:58.280713+00:00,57.600280,boot_safe,0.000000,0.00000,0.000000,0.00000,HIGH,true,false,true,false,
577,2026-09-11T16:05:58.381035+00:00,57.700308,boot_safe,0.000000,0.00000,0.000000,0.00000,HIGH,true,false,true,false,
578,2026-09-11T16:05:58.480724+00:00,57.800285,boot_safe,0.000000,0.00000,0.000000,0.00000,HIGH,true,false,true,false,
579,2026-09-11T16:05:58.581036+00:00,57.900311,boot_safe,0.000000,0.00000,0.000000,0.00000,HIGH,true,false,true,false,
580,2026-09-11T16:05:58.680715+00:00,58.000280,boot_safe,0.000000,0.00000,0.000000,0.00000,HIGH,true,false,true,false,
581,2026-09-11T16:05:58.781077+00:00,58.100333,boot_safe,0.000000,0.00000,0.000000,0.00000,HIGH,true,false,true,false,
582,2026-09-11T16:05:58.880866+00:00,58.200307,boot_safe,0.000000,0.00000,0.000000,0.00000,HIGH,true,false,true,false,
583,2026-09-11T16:05:58.980794+00:00,58.300328,boot_safe,0.000000,0.00000,0.000000,0.00000,HIGH,true,false,true,false,
584,2026-09-11T16:05:59.081107+00:00,58.400350,boot_safe,0.000000,0.00000,0.000000,0.00000,HIGH,true,false,true,false,
585,2026-09-11T16:05:59.180784+00:00,58.500316,boot_safe,0.000000,0.00000,0.000000,0.00000,HIGH,true,false,true,false,
586,2026-09-11T16:05:59.281041+00:00,58.600312,boot_safe,0.000000,0.00000,0.000000,0.00000,HIGH,true,false,true,false,
587,2026-09-11T16:05:59.380721+00:00,58.700282,boot_safe,0.000000,0.00000,0.000000,0.00000,HIGH,true,false,true,false,
588,2026-09-11T16:05:59.481038+00:00,58.800310,boot_safe,0.000000,0.00000,0.000000,0.00000,HIGH,true,false,true,false,
589,2026-09-11T16:05:59.580759+00:00,58.900282,boot_safe,0.000000,0.00000,0.000000,0.00000,HIGH,true,false,true,false,
590,2026-09-11T16:05:59.681253+00:00,59.000314,boot_safe,0.000000,0.00000,0.000000,0.00000,HIGH,true,false,true,false,
591,2026-09-11T16:05:59.780947+00:00,59.100371,boot_safe,0.000000,0.00000,0.000000,0.00000,HIGH,true,false,true,false,
592,2026-09-11T16:05:59.881031+00:00,59.200296,boot_safe,0.000000,0.00000,0.000000,0.00000,HIGH,true,false,true,false,
593,2026-09-11T16:05:59.980835+00:00,59.300324,boot_safe,0.000000,0.00000,0.000000,0.00000,HIGH,true,false,true,false,
594,2026-09-11T16:06:00.081037+00:00,59.400368,boot_safe,0.000000,0.00000,0.000000,0.00000,HIGH,true,false,true,false,
595,2026-09-11T16:06:00.180943+00:00,59.500403,boot_safe,0.000000,0.00000,0.000000,0.00000,HIGH,true,false,true,false,
596,2026-09-11T16:06:00.280925+00:00,59.600280,boot_safe,0.000000,0.00000,0.000000,0.00000,HIGH,true,false,true,false,
597,2026-09-11T16:06:00.380808+00:00,59.700308,boot_safe,0.000000,0.00000,-0.002000,-0.01212,HIGH,true,false,true,false,
598,2026-09-11T16:06:00.480938+00:00,59.800283,boot_safe,0.000000,0.00000,0.000000,0.00000,HIGH,true,false,true,false,
599,2026-09-11T16:06:00.580805+00:00,59.900307,boot_safe,0.000000,0.00000,0.000000,0.00000,HIGH,true,false,true,false,
600,2026-09-11T16:06:00.680922+00:00,60.000277,boot_safe,0.000000,0.00000,0.000000,0.00000,HIGH,true,false,true,false,
601,2026-09-11T16:06:00.780811+00:00,60.100308,boot_safe,0.000000,0.00000,0.000000,0.00000,HIGH,true,false,true,false,
602,2026-09-11T16:06:00.880927+00:00,60.200279,boot_safe,0.000000,0.00000,0.000000,0.00000,HIGH,true,false,true,false,
603,2026-09-11T16:06:00.980815+00:00,60.300309,boot_safe,0.000000,0.00000,0.000000,0.00000,HIGH,true,false,true,false,
604,2026-09-11T16:06:01.080946+00:00,60.400285,boot_safe,0.000000,0.00000,0.000000,0.00000,HIGH,true,false,true,false,
605,2026-09-11T16:06:01.180817+00:00,60.500310,boot_safe,0.000000,0.00000,0.000000,0.00000,HIGH,true,false,true,false,
606,2026-09-11T16:06:01.280932+00:00,60.600279,boot_safe,0.000000,0.00000,0.000000,0.00000,HIGH,true,false,true,false,
607,2026-09-11T16:06:01.380829+00:00,60.700306,boot_safe,0.000000,0.00000,0.000000,0.00000,HIGH,true,false,true,false,
608,2026-09-11T16:06:01.480941+00:00,60.800290,boot_safe,0.000000,0.00000,0.000000,0.00000,HIGH,true,false,true,false,
609,2026-09-11T16:06:01.580820+00:00,60.900313,boot_safe,0.000000,0.00000,0.000000,0.00000,HIGH,true,false,true,false,
610,2026-09-11T16:06:01.680922+00:00,61.000277,boot_safe,0.000000,0.00000,0.000000,0.00000,HIGH,true,false,true,false,
611,2026-09-11T16:06:01.780819+00:00,61.100314,boot_safe,0.000000,0.00000,0.000000,0.00000,HIGH,true,false,true,false,
612,2026-09-11T16:06:01.881068+00:00,61.200341,boot_safe,0.000000,0.00000,0.000000,0.00000,HIGH,true,false,true,false,
613,2026-09-11T16:06:01.980832+00:00,61.300322,boot_safe,0.000000,0.00000,0.000000,0.00000,HIGH,true,false,true,false,
614,2026-09-11T16:06:02.080969+00:00,61.400292,boot_safe,0.000000,0.00000,0.000000,0.00000,HIGH,true,false,true,false,
615,2026-09-11T16:06:02.180992+00:00,61.500399,boot_safe,0.000000,0.00000,0.000000,0.00000,HIGH,true,false,true,false,
616,2026-09-11T16:06:02.280920+00:00,61.600298,boot_safe,0.000000,0.00000,0.000000,0.00000,HIGH,true,false,true,false,
617,2026-09-11T16:06:02.380981+00:00,61.700320,boot_safe,0.000000,0.00000,0.000000,0.00000,HIGH,true,false,true,false,
618,2026-09-11T16:06:02.480809+00:00,61.800282,boot_safe,0.000000,0.00000,0.000000,0.00000,HIGH,true,false,true,false,
619,2026-09-11T16:06:02.581072+00:00,61.900316,boot_safe,0.000000,0.00000,0.000000,0.00000,HIGH,true,false,true,false,
620,2026-09-11T16:06:02.680813+00:00,62.000286,boot_safe,0.000000,0.00000,0.000000,0.00000,HIGH,true,false,true,false,
621,2026-09-11T16:06:02.781069+00:00,62.100324,boot_safe,0.000000,0.00000,0.000000,0.00000,HIGH,true,false,true,false,
622,2026-09-11T16:06:02.880805+00:00,62.200286,boot_safe,0.000000,0.00000,0.000000,0.00000,HIGH,true,false,true,false,
623,2026-09-11T16:06:02.981056+00:00,62.300318,boot_safe,0.000000,0.00000,0.000000,0.00000,HIGH,true,false,true,false,
624,2026-09-11T16:06:03.080832+00:00,62.400295,boot_safe,0.000000,0.00000,0.000000,0.00000,HIGH,true,false,true,false,
625,2026-09-11T16:06:03.180971+00:00,62.500313,boot_safe,0.000000,0.00000,0.000000,0.00000,HIGH,true,false,true,false,
626,2026-09-11T16:06:03.280796+00:00,62.600283,boot_safe,0.000000,0.00000,0.000000,0.00000,HIGH,true,false,true,false,
627,2026-09-11T16:06:03.380968+00:00,62.700314,boot_safe,0.000000,0.00000,0.000000,0.00000,HIGH,true,false,true,false,
628,2026-09-11T16:06:03.480789+00:00,62.800276,boot_safe,0.000000,0.00000,0.000000,0.00000,HIGH,true,false,true,false,
629,2026-09-11T16:06:03.580968+00:00,62.900316,boot_safe,0.000000,0.00000,0.000000,0.00000,HIGH,true,false,true,false,
630,2026-09-11T16:06:03.680788+00:00,63.000278,boot_safe,0.000000,0.00000,0.000000,0.00000,HIGH,true,false,true,false,
631,2026-09-11T16:06:03.780970+00:00,63.100308,boot_safe,0.000000,0.00000,0.000000,0.00000,HIGH,true,false,true,false,
632,2026-09-11T16:06:03.880800+00:00,63.200281,boot_safe,0.000000,0.00000,0.000000,0.00000,HIGH,true,false,true,false,
633,2026-09-11T16:06:03.980961+00:00,63.300308,boot_safe,0.000000,0.00000,0.000000,0.00000,HIGH,true,false,true,false,
634,2026-09-11T16:06:04.080810+00:00,63.400288,boot_safe,0.000000,0.00000,0.000000,0.00000,HIGH,true,false,true,false,
635,2026-09-11T16:06:04.180966+00:00,63.500311,boot_safe,0.000000,0.00000,0.000000,0.00000,HIGH,true,false,true,false,
636,2026-09-11T16:06:04.280796+00:00,63.600281,boot_safe,0.000000,0.00000,0.000000,0.00000,HIGH,true,false,true,false,
637,2026-09-11T16:06:04.380983+00:00,63.700305,boot_safe,0.000000,0.00000,0.000000,0.00000,HIGH,true,false,true,false,
638,2026-09-11T16:06:04.480776+00:00,63.800275,boot_safe,0.000000,0.00000,0.000000,0.00000,HIGH,true,false,true,false,
639,2026-09-11T16:06:04.581048+00:00,63.900315,boot_safe,0.000000,0.00000,0.000000,0.00000,HIGH,true,false,true,false,
640,2026-09-11T16:06:04.680716+00:00,64.000284,boot_safe,0.000000,0.00000,0.000000,0.00000,HIGH,true,false,true,false,
641,2026-09-11T16:06:04.781126+00:00,64.100308,boot_safe,0.000000,0.00000,0.000000,0.00000,HIGH,true,false,true,false,
642,2026-09-11T16:06:04.880803+00:00,64.200286,boot_safe,0.000000,0.00000,0.000000,0.00000,HIGH,true,false,true,false,
643,2026-09-11T16:06:04.981117+00:00,64.300312,boot_safe,0.000000,0.00000,0.000000,0.00000,HIGH,true,false,true,false,
644,2026-09-11T16:06:05.080948+00:00,64.400393,boot_safe,0.000000,0.00000,0.000000,0.00000,HIGH,true,false,true,false,
645,2026-09-11T16:06:05.180730+00:00,64.500300,boot_safe,0.000000,0.00000,0.000000,0.00000,HIGH,true,false,true,false,
646,2026-09-11T16:06:05.281128+00:00,64.600357,boot_safe,0.000000,0.00000,0.000000,0.00000,HIGH,true,false,true,false,
647,2026-09-11T16:06:05.380751+00:00,64.700297,boot_safe,0.000000,0.00000,-0.002000,-0.01212,HIGH,true,false,true,false,
648,2026-09-11T16:06:05.481084+00:00,64.800337,boot_safe,0.000000,0.00000,0.000000,0.00000,HIGH,true,false,true,false,
649,2026-09-11T16:06:05.580764+00:00,64.900302,boot_safe,0.000000,0.00000,0.000000,0.00000,HIGH,true,false,true,false,
650,2026-09-11T16:06:05.681302+00:00,65.000315,boot_safe,0.000000,0.00000,0.000000,0.00000,HIGH,true,false,true,false,
651,2026-09-11T16:06:05.780831+00:00,65.100343,boot_safe,0.000000,0.00000,0.000000,0.00000,HIGH,true,false,true,false,
652,2026-09-11T16:06:05.881043+00:00,65.200321,boot_safe,0.000000,0.00000,0.000000,0.00000,HIGH,true,false,true,false,
653,2026-09-11T16:06:05.980726+00:00,65.300285,boot_safe,0.000000,0.00000,0.000000,0.00000,HIGH,true,false,true,false,
654,2026-09-11T16:06:06.081049+00:00,65.400307,boot_safe,0.000000,0.00000,0.000000,0.00000,HIGH,true,false,true,false,
655,2026-09-11T16:06:06.180764+00:00,65.500300,boot_safe,0.000000,0.00000,0.000000,0.00000,HIGH,true,false,true,false,
656,2026-09-11T16:06:06.281100+00:00,65.600330,boot_safe,0.000000,0.00000,0.000000,0.00000,HIGH,true,false,true,false,
657,2026-09-11T16:06:06.381037+00:00,65.700313,boot_safe,0.000000,0.00000,0.000000,0.00000,HIGH,true,false,true,false,
658,2026-09-11T16:06:06.480718+00:00,65.800280,boot_safe,0.000000,0.00000,0.000000,0.00000,HIGH,true,false,true,false,
659,2026-09-11T16:06:06.581047+00:00,65.900316,boot_safe,0.000000,0.00000,0.000000,0.00000,HIGH,true,false,true,false,
660,2026-09-11T16:06:06.680719+00:00,66.000283,boot_safe,0.000000,0.00000,0.000000,0.00000,HIGH,true,false,true,false,
661,2026-09-11T16:06:06.781052+00:00,66.100324,boot_safe,0.000000,0.00000,0.000000,0.00000,HIGH,true,false,true,false,
662,2026-09-11T16:06:06.880721+00:00,66.200288,boot_safe,0.000000,0.00000,0.000000,0.00000,HIGH,true,false,true,false,
663,2026-09-11T16:06:06.981177+00:00,66.300387,boot_safe,0.000000,0.00000,0.000000,0.00000,HIGH,true,false,true,false,
664,2026-09-11T16:06:07.080728+00:00,66.400295,boot_safe,0.000000,0.00000,0.000000,0.00000,HIGH,true,false,true,false,
665,2026-09-11T16:06:07.181060+00:00,66.500322,boot_safe,0.000000,0.00000,0.000000,0.00000,HIGH,true,false,true,false,
666,2026-09-11T16:06:07.280736+00:00,66.600290,boot_safe,0.000000,0.00000,0.000000,0.00000,HIGH,true,false,true,false,
667,2026-09-11T16:06:07.381041+00:00,66.700309,boot_safe,0.000000,0.00000,0.000000,0.00000,HIGH,true,false,true,false,
668,2026-09-11T16:06:07.480717+00:00,66.800280,boot_safe,0.000000,0.00000,0.000000,0.00000,HIGH,true,false,true,false,
669,2026-09-11T16:06:07.581053+00:00,66.900321,boot_safe,0.000000,0.00000,0.000000,0.00000,HIGH,true,false,true,false,
670,2026-09-11T16:06:07.680978+00:00,67.000288,boot_safe,0.000000,0.00000,0.000000,0.00000,HIGH,true,false,true,false,
671,2026-09-11T16:06:07.781116+00:00,67.100370,boot_safe,0.000000,0.00000,0.000000,0.00000,HIGH,true,false,true,false,
672,2026-09-11T16:06:07.880737+00:00,67.200295,boot_safe,0.000000,0.00000,0.000000,0.00000,HIGH,true,false,true,false,
673,2026-09-11T16:06:07.981041+00:00,67.300317,boot_safe,0.000000,0.00000,0.000000,0.00000,HIGH,true,false,true,false,
674,2026-09-11T16:06:08.080744+00:00,67.400293,boot_safe,0.000000,0.00000,0.000000,0.00000,HIGH,true,false,true,false,
675,2026-09-11T16:06:08.181053+00:00,67.500322,boot_safe,0.000000,0.00000,0.000000,0.00000,HIGH,true,false,true,false,
676,2026-09-11T16:06:08.280726+00:00,67.600286,boot_safe,0.000000,0.00000,0.000000,0.00000,HIGH,true,false,true,false,
677,2026-09-11T16:06:08.381039+00:00,67.700315,boot_safe,0.000000,0.00000,0.000000,0.00000,HIGH,true,false,true,false,
678,2026-09-11T16:06:08.480716+00:00,67.800282,boot_safe,0.000000,0.00000,0.000000,0.00000,HIGH,true,false,true,false,
679,2026-09-11T16:06:08.581045+00:00,67.900310,boot_safe,0.000000,0.00000,0.000000,0.00000,HIGH,true,false,true,false,
680,2026-09-11T16:06:08.680728+00:00,68.000281,boot_safe,0.000000,0.00000,0.000000,0.00000,HIGH,true,false,true,false,
681,2026-09-11T16:06:08.781038+00:00,68.100311,boot_safe,0.000000,0.00000,0.000000,0.00000,HIGH,true,false,true,false,
682,2026-09-11T16:06:08.880713+00:00,68.200281,boot_safe,0.000000,0.00000,0.000000,0.00000,HIGH,true,false,true,false,
683,2026-09-11T16:06:08.981040+00:00,68.300319,boot_safe,0.000000,0.00000,0.000000,0.00000,HIGH,true,false,true,false,
684,2026-09-11T16:06:09.080726+00:00,68.400285,boot_safe,0.000000,0.00000,0.000000,0.00000,HIGH,true,false,true,false,
685,2026-09-11T16:06:09.181159+00:00,68.500376,boot_safe,0.000000,0.00000,0.000000,0.00000,HIGH,true,false,true,false,
686,2026-09-11T16:06:09.281041+00:00,68.600320,boot_safe,0.000000,0.00000,0.000000,0.00000,HIGH,true,false,true,false,
687,2026-09-11T16:06:09.380733+00:00,68.700289,boot_safe,0.000000,0.00000,0.000000,0.00000,HIGH,true,false,true,false,
688,2026-09-11T16:06:09.481037+00:00,68.800309,boot_safe,0.000000,0.00000,0.000000,0.00000,HIGH,true,false,true,false,
689,2026-09-11T16:06:09.580735+00:00,68.900288,boot_safe,0.000000,0.00000,0.000000,0.00000,HIGH,true,false,true,false,
690,2026-09-11T16:06:09.681230+00:00,69.000417,boot_safe,0.000000,0.00000,0.000000,0.00000,HIGH,true,false,true,false,
691,2026-09-11T16:06:09.781221+00:00,69.100417,boot_safe,0.000000,0.00000,0.000000,0.00000,HIGH,true,false,true,false,
692,2026-09-11T16:06:09.881174+00:00,69.200389,boot_safe,0.000000,0.00000,0.000000,0.00000,HIGH,true,false,true,false,
693,2026-09-11T16:06:09.980779+00:00,69.300312,boot_safe,0.000000,0.00000,0.000000,0.00000,HIGH,true,false,true,false,
694,2026-09-11T16:06:10.081058+00:00,69.400326,boot_safe,0.000000,0.00000,0.000000,0.00000,HIGH,true,false,true,false,
695,2026-09-11T16:06:10.180908+00:00,69.500385,boot_safe,0.000000,0.00000,0.000000,0.00000,HIGH,true,false,true,false,
696,2026-09-11T16:06:10.281118+00:00,69.600360,boot_safe,0.000000,0.00000,0.000000,0.00000,HIGH,true,false,true,false,
697,2026-09-11T16:06:10.380939+00:00,69.700389,boot_safe,0.000000,0.00000,0.000000,0.00000,HIGH,true,false,true,false,
698,2026-09-11T16:06:10.481112+00:00,69.800349,boot_safe,0.000000,0.00000,0.000000,0.00000,HIGH,true,false,true,false,
699,2026-09-11T16:06:10.580956+00:00,69.900398,boot_safe,0.000000,0.00000,0.000000,0.00000,HIGH,true,false,true,false,
700,2026-09-11T16:06:10.680871+00:00,70.000361,boot_safe,0.000000,0.00000,0.000000,0.00000,HIGH,true,false,true,false,
701,2026-09-11T16:06:10.781203+00:00,70.100346,boot_safe,0.000000,0.00000,0.000000,0.00000,HIGH,true,false,true,false,
702,2026-09-11T16:06:10.880950+00:00,70.200400,boot_safe,0.000000,0.00000,0.000000,0.00000,HIGH,true,false,true,false,
703,2026-09-11T16:06:10.981117+00:00,70.300360,boot_safe,0.000000,0.00000,0.000000,0.00000,HIGH,true,false,true,false,
704,2026-09-11T16:06:11.080792+00:00,70.400321,boot_safe,0.000000,0.00000,0.000000,0.00000,HIGH,true,false,true,false,
705,2026-09-11T16:06:11.181090+00:00,70.500343,boot_safe,0.000000,0.00000,0.000000,0.00000,HIGH,true,false,true,false,
706,2026-09-11T16:06:11.280754+00:00,70.600297,boot_safe,0.000000,0.00000,0.000000,0.00000,HIGH,true,false,true,false,
707,2026-09-11T16:06:11.381075+00:00,70.700333,boot_safe,0.000000,0.00000,0.000000,0.00000,HIGH,true,false,true,false,
708,2026-09-11T16:06:11.480729+00:00,70.800291,boot_safe,0.000000,0.00000,0.000000,0.00000,HIGH,true,false,true,false,
709,2026-09-11T16:06:11.581074+00:00,70.900328,boot_safe,0.000000,0.00000,0.000000,0.00000,HIGH,true,false,true,false,
710,2026-09-11T16:06:11.680945+00:00,71.000289,boot_safe,0.000000,0.00000,0.000000,0.00000,HIGH,true,false,true,false,
711,2026-09-11T16:06:11.780815+00:00,71.100335,boot_safe,0.000000,0.00000,0.000000,0.00000,HIGH,true,false,true,false,
712,2026-09-11T16:06:11.881221+00:00,71.200414,boot_safe,0.000000,0.00000,0.000000,0.00000,HIGH,true,false,true,false,
713,2026-09-11T16:06:11.980742+00:00,71.300299,boot_safe,0.000000,0.00000,0.000000,0.00000,HIGH,true,false,true,false,
714,2026-09-11T16:06:12.081180+00:00,71.400386,boot_safe,0.000000,0.00000,0.000000,0.00000,HIGH,true,false,true,false,
715,2026-09-11T16:06:12.180748+00:00,71.500300,boot_safe,0.000000,0.00000,0.000000,0.00000,HIGH,true,false,true,false,
716,2026-09-11T16:06:12.281062+00:00,71.600322,boot_safe,0.000000,0.00000,0.000000,0.00000,HIGH,true,false,true,false,
717,2026-09-11T16:06:12.380971+00:00,71.700324,boot_safe,0.000000,0.00000,0.000000,0.00000,HIGH,true,false,true,false,
718,2026-09-11T16:06:12.481074+00:00,71.800342,boot_safe,0.000000,0.00000,0.000000,0.00000,HIGH,true,false,true,false,
719,2026-09-11T16:06:12.580969+00:00,71.900378,boot_safe,0.000000,0.00000,0.000000,0.00000,HIGH,true,false,true,false,
720,2026-09-11T16:06:12.681059+00:00,72.000333,boot_safe,0.000000,0.00000,0.000000,0.00000,HIGH,true,false,true,false,
721,2026-09-11T16:06:12.780754+00:00,72.100293,boot_safe,0.000000,0.00000,0.000000,0.00000,HIGH,true,false,true,false,
722,2026-09-11T16:06:12.881052+00:00,72.200312,boot_safe,0.000000,0.00000,0.000000,0.00000,HIGH,true,false,true,false,
723,2026-09-11T16:06:12.980734+00:00,72.300289,boot_safe,0.000000,0.00000,0.000000,0.00000,HIGH,true,false,true,false,
724,2026-09-11T16:06:13.081077+00:00,72.400331,boot_safe,0.000000,0.00000,0.000000,0.00000,HIGH,true,false,true,false,
725,2026-09-11T16:06:13.180741+00:00,72.500291,boot_safe,0.000000,0.00000,0.000000,0.00000,HIGH,true,false,true,false,
726,2026-09-11T16:06:13.281043+00:00,72.600315,boot_safe,0.000000,0.00000,0.000000,0.00000,HIGH,true,false,true,false,
727,2026-09-11T16:06:13.380723+00:00,72.700287,boot_safe,0.000000,0.00000,0.000000,0.00000,HIGH,true,false,true,false,
728,2026-09-11T16:06:13.481037+00:00,72.800313,boot_safe,0.000000,0.00000,0.000000,0.00000,HIGH,true,false,true,false,
729,2026-09-11T16:06:13.580731+00:00,72.900287,boot_safe,0.000000,0.00000,0.000000,0.00000,HIGH,true,false,true,false,
730,2026-09-11T16:06:13.681035+00:00,73.000311,boot_safe,0.000000,0.00000,0.000000,0.00000,HIGH,true,false,true,false,
731,2026-09-11T16:06:13.780724+00:00,73.100286,boot_safe,0.000000,0.00000,0.000000,0.00000,HIGH,true,false,true,false,
732,2026-09-11T16:06:13.880908+00:00,73.200379,boot_safe,0.000000,0.00000,0.000000,0.00000,HIGH,true,false,true,false,
733,2026-09-11T16:06:13.981049+00:00,73.300325,boot_safe,0.000000,0.00000,0.000000,0.00000,HIGH,true,false,true,false,
734,2026-09-11T16:06:14.080727+00:00,73.400287,boot_safe,0.000000,0.00000,0.000000,0.00000,HIGH,true,false,true,false,
735,2026-09-11T16:06:14.181156+00:00,73.500365,boot_safe,0.000000,0.00000,0.000000,0.00000,HIGH,true,false,true,false,
736,2026-09-11T16:06:14.281091+00:00,73.600347,boot_safe,0.000000,0.00000,0.000000,0.00000,HIGH,true,false,true,false,
737,2026-09-11T16:06:14.380792+00:00,73.700319,boot_safe,0.000000,0.00000,0.000000,0.00000,HIGH,true,false,true,false,
738,2026-09-11T16:06:14.481046+00:00,73.800320,boot_safe,0.000000,0.00000,0.000000,0.00000,HIGH,true,false,true,false,
739,2026-09-11T16:06:14.580758+00:00,73.900298,boot_safe,0.000000,0.00000,0.000000,0.00000,HIGH,true,false,true,false,
740,2026-09-11T16:06:14.681056+00:00,74.000316,boot_safe,0.000000,0.00000,0.000000,0.00000,HIGH,true,false,true,false,
741,2026-09-11T16:06:14.780739+00:00,74.100300,boot_safe,0.000000,0.00000,0.000000,0.00000,HIGH,true,false,true,false,
742,2026-09-11T16:06:14.881042+00:00,74.200310,boot_safe,0.000000,0.00000,0.000000,0.00000,HIGH,true,false,true,false,
743,2026-09-11T16:06:14.980720+00:00,74.300284,boot_safe,0.000000,0.00000,0.000000,0.00000,HIGH,true,false,true,false,
744,2026-09-11T16:06:15.081043+00:00,74.400309,boot_safe,0.000000,0.00000,0.000000,0.00000,HIGH,true,false,true,false,
745,2026-09-11T16:06:15.180726+00:00,74.500284,boot_safe,0.000000,0.00000,0.000000,0.00000,HIGH,true,false,true,false,
746,2026-09-11T16:06:15.281041+00:00,74.600308,boot_safe,0.000000,0.00000,0.000000,0.00000,HIGH,true,false,true,false,
747,2026-09-11T16:06:15.380755+00:00,74.700299,boot_safe,0.000000,0.00000,0.000000,0.00000,HIGH,true,false,true,false,
748,2026-09-11T16:06:15.481038+00:00,74.800312,boot_safe,0.000000,0.00000,0.000000,0.00000,HIGH,true,false,true,false,
749,2026-09-11T16:06:15.580734+00:00,74.900288,boot_safe,0.000000,0.00000,-0.002000,-0.01212,HIGH,true,false,true,false,
750,2026-09-11T16:06:15.681039+00:00,75.000311,boot_safe,0.000000,0.00000,0.000000,0.00000,HIGH,true,false,true,false,
751,2026-09-11T16:06:15.780745+00:00,75.100294,boot_safe,0.000000,0.00000,0.000000,0.00000,HIGH,true,false,true,false,
752,2026-09-11T16:06:15.881036+00:00,75.200310,boot_safe,0.000000,0.00000,0.000000,0.00000,HIGH,true,false,true,false,
753,2026-09-11T16:06:15.980720+00:00,75.300281,boot_safe,0.000000,0.00000,0.000000,0.00000,HIGH,true,false,true,false,
754,2026-09-11T16:06:16.081041+00:00,75.400308,boot_safe,0.000000,0.00000,0.000000,0.00000,HIGH,true,false,true,false,
755,2026-09-11T16:06:16.180731+00:00,75.500286,boot_safe,0.000000,0.00000,0.000000,0.00000,HIGH,true,false,true,false,
756,2026-09-11T16:06:16.281037+00:00,75.600307,boot_safe,0.000000,0.00000,0.000000,0.00000,HIGH,true,false,true,false,
757,2026-09-11T16:06:16.380745+00:00,75.700292,boot_safe,0.000000,0.00000,0.000000,0.00000,HIGH,true,false,true,false,
758,2026-09-11T16:06:16.481055+00:00,75.800309,boot_safe,0.000000,0.00000,0.000000,0.00000,HIGH,true,false,true,false,
759,2026-09-11T16:06:16.581040+00:00,75.900319,boot_safe,0.000000,0.00000,0.000000,0.00000,HIGH,true,false,true,false,
760,2026-09-11T16:06:16.680761+00:00,76.000292,boot_safe,0.000000,0.00000,0.000000,0.00000,HIGH,true,false,true,false,
761,2026-09-11T16:06:16.781194+00:00,76.100400,boot_safe,0.000000,0.00000,0.000000,0.00000,HIGH,true,false,true,false,
762,2026-09-11T16:06:16.880758+00:00,76.200301,boot_safe,0.000000,0.00000,0.000000,0.00000,HIGH,true,false,true,false,
763,2026-09-11T16:06:16.980931+00:00,76.300385,boot_safe,0.000000,0.00000,0.000000,0.00000,HIGH,true,false,true,false,
764,2026-09-11T16:06:17.081064+00:00,76.400332,boot_safe,0.000000,0.00000,0.000000,0.00000,HIGH,true,false,true,false,
765,2026-09-11T16:06:17.181203+00:00,76.500404,boot_safe,0.000000,0.00000,0.000000,0.00000,HIGH,true,false,true,false,
766,2026-09-11T16:06:17.280914+00:00,76.600381,boot_safe,0.000000,0.00000,0.000000,0.00000,HIGH,true,false,true,false,
767,2026-09-11T16:06:17.381085+00:00,76.700342,boot_safe,0.000000,0.00000,0.000000,0.00000,HIGH,true,false,true,false,
768,2026-09-11T16:06:17.480727+00:00,76.800291,boot_safe,0.000000,0.00000,0.000000,0.00000,HIGH,true,false,true,false,
769,2026-09-11T16:06:17.581068+00:00,76.900328,boot_safe,0.000000,0.00000,0.000000,0.00000,HIGH,true,false,true,false,
770,2026-09-11T16:06:17.680914+00:00,77.000288,boot_safe,0.000000,0.00000,0.000000,0.00000,HIGH,true,false,true,false,
771,2026-09-11T16:06:17.780846+00:00,77.100348,boot_safe,0.000000,0.00000,0.000000,0.00000,HIGH,true,false,true,false,
772,2026-09-11T16:06:17.881055+00:00,77.200332,boot_safe,0.000000,0.00000,0.000000,0.00000,HIGH,true,false,true,false,
773,2026-09-11T16:06:17.980731+00:00,77.300285,boot_safe,0.000000,0.00000,0.000000,0.00000,HIGH,true,false,true,false,
774,2026-09-11T16:06:18.081035+00:00,77.400310,boot_safe,0.000000,0.00000,0.000000,0.00000,HIGH,true,false,true,false,
775,2026-09-11T16:06:18.180727+00:00,77.500286,boot_safe,0.000000,0.00000,0.000000,0.00000,HIGH,true,false,true,false,
776,2026-09-11T16:06:18.281066+00:00,77.600327,boot_safe,0.000000,0.00000,0.000000,0.00000,HIGH,true,false,true,false,
777,2026-09-11T16:06:18.380734+00:00,77.700288,boot_safe,0.000000,0.00000,0.000000,0.00000,HIGH,true,false,true,false,
778,2026-09-11T16:06:18.481038+00:00,77.800315,boot_safe,0.000000,0.00000,0.000000,0.00000,HIGH,true,false,true,false,
779,2026-09-11T16:06:18.580734+00:00,77.900288,boot_safe,0.000000,0.00000,0.000000,0.00000,HIGH,true,false,true,false,
780,2026-09-11T16:06:18.681055+00:00,78.000314,boot_safe,0.000000,0.00000,0.000000,0.00000,HIGH,true,false,true,false,
781,2026-09-11T16:06:18.780744+00:00,78.100296,boot_safe,0.000000,0.00000,0.000000,0.00000,HIGH,true,false,true,false,
782,2026-09-11T16:06:18.881034+00:00,78.200307,boot_safe,0.000000,0.00000,0.000000,0.00000,HIGH,true,false,true,false,
783,2026-09-11T16:06:18.980721+00:00,78.300283,boot_safe,0.000000,0.00000,0.000000,0.00000,HIGH,true,false,true,false,
784,2026-09-11T16:06:19.081033+00:00,78.400307,boot_safe,0.000000,0.00000,0.000000,0.00000,HIGH,true,false,true,false,
785,2026-09-11T16:06:19.180739+00:00,78.500291,boot_safe,0.000000,0.00000,0.000000,0.00000,HIGH,true,false,true,false,
786,2026-09-11T16:06:19.281041+00:00,78.600310,boot_safe,0.000000,0.00000,0.000000,0.00000,HIGH,true,false,true,false,
787,2026-09-11T16:06:19.380803+00:00,78.700307,boot_safe,0.000000,0.00000,0.000000,0.00000,HIGH,true,false,true,false,
788,2026-09-11T16:06:19.480964+00:00,78.800284,boot_safe,0.000000,0.00000,0.000000,0.00000,HIGH,true,false,true,false,
789,2026-09-11T16:06:19.580827+00:00,78.900313,boot_safe,0.000000,0.00000,0.000000,0.00000,HIGH,true,false,true,false,
790,2026-09-11T16:06:19.681129+00:00,79.000383,boot_safe,0.000000,0.00000,0.000000,0.00000,HIGH,true,false,true,false,
791,2026-09-11T16:06:19.780951+00:00,79.100429,boot_safe,0.000000,0.00000,0.000000,0.00000,HIGH,true,false,true,false,
792,2026-09-11T16:06:19.880946+00:00,79.200286,boot_safe,0.000000,0.00000,0.000000,0.00000,HIGH,true,false,true,false,
793,2026-09-11T16:06:19.980808+00:00,79.300310,boot_safe,0.000000,0.00000,0.000000,0.00000,HIGH,true,false,true,false,
794,2026-09-11T16:06:20.080917+00:00,79.400276,boot_safe,0.000000,0.00000,0.000000,0.00000,HIGH,true,false,true,false,
795,2026-09-11T16:06:20.180806+00:00,79.500306,boot_safe,0.000000,0.00000,0.000000,0.00000,HIGH,true,false,true,false,
796,2026-09-11T16:06:20.280932+00:00,79.600282,boot_safe,0.000000,0.00000,0.000000,0.00000,HIGH,true,false,true,false,
797,2026-09-11T16:06:20.380805+00:00,79.700306,boot_safe,0.000000,0.00000,0.000000,0.00000,HIGH,true,false,true,false,
798,2026-09-11T16:06:20.480948+00:00,79.800281,boot_safe,0.000000,0.00000,0.000000,0.00000,HIGH,true,false,true,false,
799,2026-09-11T16:06:20.580804+00:00,79.900309,boot_safe,0.000000,0.00000,0.000000,0.00000,HIGH,true,false,true,false,
800,2026-09-11T16:06:20.680926+00:00,80.000277,boot_safe,0.000000,0.00000,0.000000,0.00000,HIGH,true,false,true,false,
801,2026-09-11T16:06:20.780797+00:00,80.100308,boot_safe,0.000000,0.00000,0.000000,0.00000,HIGH,true,false,true,false,
802,2026-09-11T16:06:20.880921+00:00,80.200278,boot_safe,0.000000,0.00000,0.000000,0.00000,HIGH,true,false,true,false,
803,2026-09-11T16:06:20.980810+00:00,80.300308,boot_safe,0.000000,0.00000,0.000000,0.00000,HIGH,true,false,true,false,
804,2026-09-11T16:06:21.080927+00:00,80.400281,boot_safe,0.000000,0.00000,0.000000,0.00000,HIGH,true,false,true,false,
805,2026-09-11T16:06:21.180799+00:00,80.500307,boot_safe,0.000000,0.00000,0.000000,0.00000,HIGH,true,false,true,false,
806,2026-09-11T16:06:21.280937+00:00,80.600282,boot_safe,0.000000,0.00000,0.000000,0.00000,HIGH,true,false,true,false,
807,2026-09-11T16:06:21.380807+00:00,80.700308,boot_safe,0.000000,0.00000,0.000000,0.00000,HIGH,true,false,true,false,
808,2026-09-11T16:06:21.480952+00:00,80.800288,boot_safe,0.000000,0.00000,0.000000,0.00000,HIGH,true,false,true,false,
809,2026-09-11T16:06:21.580943+00:00,80.900308,boot_safe,0.000000,0.00000,0.000000,0.00000,HIGH,true,false,true,false,
810,2026-09-11T16:06:21.680903+00:00,81.000285,boot_safe,0.000000,0.00000,0.000000,0.00000,HIGH,true,false,true,false,
811,2026-09-11T16:06:21.781037+00:00,81.100307,boot_safe,0.000000,0.00000,0.000000,0.00000,HIGH,true,false,true,false,
812,2026-09-11T16:06:21.880792+00:00,81.200281,boot_safe,0.000000,0.00000,0.000000,0.00000,HIGH,true,false,true,false,
813,2026-09-11T16:06:21.981057+00:00,81.300309,boot_safe,0.000000,0.00000,0.000000,0.00000,HIGH,true,false,true,false,
814,2026-09-11T16:06:22.080794+00:00,81.400279,boot_safe,0.000000,0.00000,0.000000,0.00000,HIGH,true,false,true,false,
815,2026-09-11T16:06:22.180960+00:00,81.500305,boot_safe,0.000000,0.00000,0.000000,0.00000,HIGH,true,false,true,false,
816,2026-09-11T16:06:22.280935+00:00,81.600350,boot_safe,0.000000,0.00000,0.000000,0.00000,HIGH,true,false,true,false,
817,2026-09-11T16:06:22.380992+00:00,81.700330,boot_safe,0.000000,0.00000,0.000000,0.00000,HIGH,true,false,true,false,
818,2026-09-11T16:06:22.480801+00:00,81.800282,boot_safe,0.000000,0.00000,0.000000,0.00000,HIGH,true,false,true,false,
819,2026-09-11T16:06:22.580983+00:00,81.900320,boot_safe,0.000000,0.00000,0.000000,0.00000,HIGH,true,false,true,false,
820,2026-09-11T16:06:22.680851+00:00,82.000300,boot_safe,0.000000,0.00000,0.000000,0.00000,HIGH,true,false,true,false,
821,2026-09-11T16:06:22.780991+00:00,82.100331,boot_safe,0.000000,0.00000,0.000000,0.00000,HIGH,true,false,true,false,
822,2026-09-11T16:06:22.880808+00:00,82.200285,boot_safe,0.000000,0.00000,0.000000,0.00000,HIGH,true,false,true,false,
823,2026-09-11T16:06:22.980962+00:00,82.300310,boot_safe,0.000000,0.00000,0.000000,0.00000,HIGH,true,false,true,false,
824,2026-09-11T16:06:23.080948+00:00,82.400391,boot_safe,0.000000,0.00000,0.000000,0.00000,HIGH,true,false,true,false,
825,2026-09-11T16:06:23.180828+00:00,82.500305,boot_safe,0.000000,0.00000,0.000000,0.00000,HIGH,true,false,true,false,
826,2026-09-11T16:06:23.280989+00:00,82.600322,boot_safe,0.000000,0.00000,0.000000,0.00000,HIGH,true,false,true,false,
827,2026-09-11T16:06:23.380775+00:00,82.700281,boot_safe,0.000000,0.00000,0.000000,0.00000,HIGH,true,false,true,false,
828,2026-09-11T16:06:23.481106+00:00,82.800332,boot_safe,0.000000,0.00000,0.000000,0.00000,HIGH,true,false,true,false,
829,2026-09-11T16:06:23.580745+00:00,82.900296,boot_safe,0.000000,0.00000,0.000000,0.00000,HIGH,true,false,true,false,
830,2026-09-11T16:06:23.681330+00:00,83.000319,boot_safe,0.000000,0.00000,0.000000,0.00000,HIGH,true,false,true,false,
831,2026-09-11T16:06:23.780824+00:00,83.100339,boot_safe,0.000000,0.00000,0.000000,0.00000,HIGH,true,false,true,false,
832,2026-09-11T16:06:23.881054+00:00,83.200324,boot_safe,0.000000,0.00000,0.000000,0.00000,HIGH,true,false,true,false,
833,2026-09-11T16:06:23.980735+00:00,83.300291,boot_safe,0.000000,0.00000,0.000000,0.00000,HIGH,true,false,true,false,
834,2026-09-11T16:06:24.081054+00:00,83.400317,boot_safe,0.000000,0.00000,0.000000,0.00000,HIGH,true,false,true,false,
835,2026-09-11T16:06:24.180723+00:00,83.500279,boot_safe,0.000000,0.00000,0.000000,0.00000,HIGH,true,false,true,false,
836,2026-09-11T16:06:24.281296+00:00,83.600463,boot_safe,0.000000,0.00000,0.000000,0.00000,HIGH,true,false,true,false,
837,2026-09-11T16:06:24.380766+00:00,83.700317,boot_safe,0.000000,0.00000,0.000000,0.00000,HIGH,true,false,true,false,
838,2026-09-11T16:06:24.481038+00:00,83.800315,boot_safe,0.000000,0.00000,0.000000,0.00000,HIGH,true,false,true,false,
839,2026-09-11T16:06:24.580740+00:00,83.900293,boot_safe,0.000000,0.00000,0.000000,0.00000,HIGH,true,false,true,false,
840,2026-09-11T16:06:24.681041+00:00,84.000316,boot_safe,0.000000,0.00000,0.000000,0.00000,HIGH,true,false,true,false,
841,2026-09-11T16:06:24.780729+00:00,84.100290,boot_safe,0.000000,0.00000,0.000000,0.00000,HIGH,true,false,true,false,
842,2026-09-11T16:06:24.881029+00:00,84.200312,boot_safe,0.000000,0.00000,0.000000,0.00000,HIGH,true,false,true,false,
843,2026-09-11T16:06:24.980713+00:00,84.300279,boot_safe,0.000000,0.00000,0.000000,0.00000,HIGH,true,false,true,false,
844,2026-09-11T16:06:25.081037+00:00,84.400314,boot_safe,0.000000,0.00000,0.000000,0.00000,HIGH,true,false,true,false,
845,2026-09-11T16:06:25.180711+00:00,84.500280,boot_safe,0.000000,0.00000,0.000000,0.00000,HIGH,true,false,true,false,
846,2026-09-11T16:06:25.281047+00:00,84.600313,boot_safe,0.000000,0.00000,0.000000,0.00000,HIGH,true,false,true,false,
847,2026-09-11T16:06:25.380725+00:00,84.700282,boot_safe,0.000000,0.00000,0.000000,0.00000,HIGH,true,false,true,false,
848,2026-09-11T16:06:25.481040+00:00,84.800308,boot_safe,0.000000,0.00000,0.000000,0.00000,HIGH,true,false,true,false,
849,2026-09-11T16:06:25.580741+00:00,84.900287,boot_safe,0.000000,0.00000,0.000000,0.00000,HIGH,true,false,true,false,
850,2026-09-11T16:06:25.681042+00:00,85.000313,boot_safe,0.000000,0.00000,0.000000,0.00000,HIGH,true,false,true,false,
851,2026-09-11T16:06:25.780724+00:00,85.100284,boot_safe,0.000000,0.00000,0.000000,0.00000,HIGH,true,false,true,false,
852,2026-09-11T16:06:25.881043+00:00,85.200309,boot_safe,0.000000,0.00000,0.000000,0.00000,HIGH,true,false,true,false,
853,2026-09-11T16:06:25.980728+00:00,85.300284,boot_safe,0.000000,0.00000,0.000000,0.00000,HIGH,true,false,true,false,
854,2026-09-11T16:06:26.081063+00:00,85.400322,boot_safe,0.000000,0.00000,0.000000,0.00000,HIGH,true,false,true,false,
855,2026-09-11T16:06:26.180716+00:00,85.500281,boot_safe,0.000000,0.00000,0.000000,0.00000,HIGH,true,false,true,false,
856,2026-09-11T16:06:26.281044+00:00,85.600307,boot_safe,0.000000,0.00000,0.000000,0.00000,HIGH,true,false,true,false,
857,2026-09-11T16:06:26.380727+00:00,85.700283,boot_safe,0.000000,0.00000,0.000000,0.00000,HIGH,true,false,true,false,
858,2026-09-11T16:06:26.481038+00:00,85.800311,boot_safe,0.000000,0.00000,0.000000,0.00000,HIGH,true,false,true,false,
859,2026-09-11T16:06:26.580744+00:00,85.900290,boot_safe,0.000000,0.00000,0.000000,0.00000,HIGH,true,false,true,false,
860,2026-09-11T16:06:26.681051+00:00,86.000318,boot_safe,0.000000,0.00000,0.000000,0.00000,HIGH,true,false,true,false,
861,2026-09-11T16:06:26.780800+00:00,86.100323,boot_safe,0.000000,0.00000,0.000000,0.00000,HIGH,true,false,true,false,
862,2026-09-11T16:06:26.881047+00:00,86.200315,boot_safe,0.000000,0.00000,0.000000,0.00000,HIGH,true,false,true,false,
863,2026-09-11T16:06:26.980724+00:00,86.300284,boot_safe,0.000000,0.00000,0.000000,0.00000,HIGH,true,false,true,false,
864,2026-09-11T16:06:27.081041+00:00,86.400311,boot_safe,0.000000,0.00000,0.000000,0.00000,HIGH,true,false,true,false,
865,2026-09-11T16:06:27.180726+00:00,86.500282,boot_safe,0.000000,0.00000,0.000000,0.00000,HIGH,true,false,true,false,
866,2026-09-11T16:06:27.281042+00:00,86.600311,boot_safe,0.000000,0.00000,0.000000,0.00000,HIGH,true,false,true,false,
867,2026-09-11T16:06:27.380860+00:00,86.700353,boot_safe,0.000000,0.00000,0.000000,0.00000,HIGH,true,false,true,false,
868,2026-09-11T16:06:27.481038+00:00,86.800322,boot_safe,0.000000,0.00000,0.000000,0.00000,HIGH,true,false,true,false,
869,2026-09-11T16:06:27.580721+00:00,86.900287,boot_safe,0.000000,0.00000,0.000000,0.00000,HIGH,true,false,true,false,
870,2026-09-11T16:06:27.681062+00:00,87.000324,boot_safe,0.000000,0.00000,0.000000,0.00000,HIGH,true,false,true,false,
871,2026-09-11T16:06:27.780745+00:00,87.100295,boot_safe,0.000000,0.00000,0.000000,0.00000,HIGH,true,false,true,false,
872,2026-09-11T16:06:27.881039+00:00,87.200317,boot_safe,0.000000,0.00000,0.000000,0.00000,HIGH,true,false,true,false,
873,2026-09-11T16:06:27.980719+00:00,87.300282,boot_safe,0.000000,0.00000,0.000000,0.00000,HIGH,true,false,true,false,
874,2026-09-11T16:06:28.081030+00:00,87.400314,boot_safe,0.000000,0.00000,0.000000,0.00000,HIGH,true,false,true,false,
875,2026-09-11T16:06:28.180719+00:00,87.500286,boot_safe,0.000000,0.00000,0.000000,0.00000,HIGH,true,false,true,false,
876,2026-09-11T16:06:28.281042+00:00,87.600316,boot_safe,0.000000,0.00000,0.000000,0.00000,HIGH,true,false,true,false,
877,2026-09-11T16:06:28.380719+00:00,87.700283,boot_safe,0.000000,0.00000,0.000000,0.00000,HIGH,true,false,true,false,
878,2026-09-11T16:06:28.481037+00:00,87.800311,boot_safe,0.000000,0.00000,0.000000,0.00000,HIGH,true,false,true,false,
879,2026-09-11T16:06:28.580726+00:00,87.900287,boot_safe,0.000000,0.00000,0.000000,0.00000,HIGH,true,false,true,false,
880,2026-09-11T16:06:28.681058+00:00,88.000325,boot_safe,0.000000,0.00000,0.000000,0.00000,HIGH,true,false,true,false,
881,2026-09-11T16:06:28.781029+00:00,88.100310,boot_safe,0.000000,0.00000,0.000000,0.00000,HIGH,true,false,true,false,
882,2026-09-11T16:06:28.880719+00:00,88.200282,boot_safe,0.000000,0.00000,0.000000,0.00000,HIGH,true,false,true,false,
883,2026-09-11T16:06:28.981169+00:00,88.300311,boot_safe,0.000000,0.00000,0.000000,0.00000,HIGH,true,false,true,false,
884,2026-09-11T16:06:29.080839+00:00,88.400352,boot_safe,0.000000,0.00000,0.000000,0.00000,HIGH,true,false,true,false,
885,2026-09-11T16:06:29.181107+00:00,88.500352,boot_safe,0.000000,0.00000,0.000000,0.00000,HIGH,true,false,true,false,
886,2026-09-11T16:06:29.280742+00:00,88.600298,boot_safe,0.000000,0.00000,0.000000,0.00000,HIGH,true,false,true,false,
887,2026-09-11T16:06:29.381046+00:00,88.700316,boot_safe,0.000000,0.00000,0.000000,0.00000,HIGH,true,false,true,false,
888,2026-09-11T16:06:29.480794+00:00,88.800316,boot_safe,0.000000,0.00000,0.000000,0.00000,HIGH,true,false,true,false,
889,2026-09-11T16:06:29.581047+00:00,88.900315,boot_safe,0.000000,0.00000,0.000000,0.00000,HIGH,true,false,true,false,
890,2026-09-11T16:06:29.680902+00:00,89.000292,boot_safe,0.000000,0.00000,0.000000,0.00000,HIGH,true,false,true,false,
891,2026-09-11T16:06:29.781141+00:00,89.100371,boot_safe,0.000000,0.00000,0.000000,0.00000,HIGH,true,false,true,false,
892,2026-09-11T16:06:29.880740+00:00,89.200299,boot_safe,0.000000,0.00000,0.000000,0.00000,HIGH,true,false,true,false,
893,2026-09-11T16:06:29.981033+00:00,89.300313,boot_safe,0.000000,0.00000,0.000000,0.00000,HIGH,true,false,true,false,
894,2026-09-11T16:06:30.080723+00:00,89.400286,boot_safe,0.000000,0.00000,0.000000,0.00000,HIGH,true,false,true,false,
895,2026-09-11T16:06:30.181045+00:00,89.500313,boot_safe,0.000000,0.00000,0.000000,0.00000,HIGH,true,false,true,false,
896,2026-09-11T16:06:30.280716+00:00,89.600282,boot_safe,0.000000,0.00000,0.000000,0.00000,HIGH,true,false,true,false,
897,2026-09-11T16:06:30.381028+00:00,89.700308,boot_safe,0.000000,0.00000,0.000000,0.00000,HIGH,true,false,true,false,
898,2026-09-11T16:06:30.480724+00:00,89.800281,boot_safe,0.000000,0.00000,0.000000,0.00000,HIGH,true,false,true,false,
899,2026-09-11T16:06:30.581038+00:00,89.900316,boot_safe,0.000000,0.00000,0.000000,0.00000,HIGH,true,false,true,false,
900,2026-09-11T16:06:30.680736+00:00,90.000287,boot_safe,0.000000,0.00000,0.000000,0.00000,HIGH,true,false,true,false,
901,2026-09-11T16:06:30.781055+00:00,90.100327,boot_safe,0.000000,0.00000,0.000000,0.00000,HIGH,true,false,true,false,
902,2026-09-11T16:06:30.880724+00:00,90.200286,boot_safe,0.000000,0.00000,0.000000,0.00000,HIGH,true,false,true,false,
903,2026-09-11T16:06:30.981029+00:00,90.300308,boot_safe,0.000000,0.00000,0.000000,0.00000,HIGH,true,false,true,false,
904,2026-09-11T16:06:31.080719+00:00,90.400283,boot_safe,0.000000,0.00000,0.000000,0.00000,HIGH,true,false,true,false,
905,2026-09-11T16:06:31.181040+00:00,90.500313,boot_safe,0.000000,0.00000,0.000000,0.00000,HIGH,true,false,true,false,
906,2026-09-11T16:06:31.280717+00:00,90.600282,boot_safe,0.000000,0.00000,0.000000,0.00000,HIGH,true,false,true,false,
907,2026-09-11T16:06:31.381049+00:00,90.700309,boot_safe,0.000000,0.00000,0.000000,0.00000,HIGH,true,false,true,false,
908,2026-09-11T16:06:31.480727+00:00,90.800282,boot_safe,0.000000,0.00000,0.000000,0.00000,HIGH,true,false,true,false,
909,2026-09-11T16:06:31.581041+00:00,90.900310,boot_safe,0.000000,0.00000,0.000000,0.00000,HIGH,true,false,true,false,
910,2026-09-11T16:06:31.680719+00:00,91.000283,boot_safe,0.000000,0.00000,0.000000,0.00000,HIGH,true,false,true,false,
911,2026-09-11T16:06:31.781054+00:00,91.100320,boot_safe,0.000000,0.00000,0.000000,0.00000,HIGH,true,false,true,false,
912,2026-09-11T16:06:31.880742+00:00,91.200290,boot_safe,0.000000,0.00000,0.000000,0.00000,HIGH,true,false,true,false,
913,2026-09-11T16:06:31.981046+00:00,91.300311,boot_safe,0.000000,0.00000,0.000000,0.00000,HIGH,true,false,true,false,
914,2026-09-11T16:06:32.080731+00:00,91.400284,boot_safe,0.000000,0.00000,0.000000,0.00000,HIGH,true,false,true,false,
915,2026-09-11T16:06:32.181055+00:00,91.500308,boot_safe,0.000000,0.00000,0.000000,0.00000,HIGH,true,false,true,false,
916,2026-09-11T16:06:32.280729+00:00,91.600286,boot_safe,0.000000,0.00000,0.000000,0.00000,HIGH,true,false,true,false,
917,2026-09-11T16:06:32.381055+00:00,91.700318,boot_safe,0.000000,0.00000,0.000000,0.00000,HIGH,true,false,true,false,
918,2026-09-11T16:06:32.480864+00:00,91.800349,boot_safe,0.000000,0.00000,0.000000,0.00000,HIGH,true,false,true,false,
919,2026-09-11T16:06:32.581062+00:00,91.900328,boot_safe,0.000000,0.00000,0.000000,0.00000,HIGH,true,false,true,false,
920,2026-09-11T16:06:32.680732+00:00,92.000288,boot_safe,0.000000,0.00000,0.000000,0.00000,HIGH,true,false,true,false,
921,2026-09-11T16:06:32.781054+00:00,92.100320,boot_safe,0.000000,0.00000,0.000000,0.00000,HIGH,true,false,true,false,
922,2026-09-11T16:06:32.880886+00:00,92.200352,boot_safe,0.000000,0.00000,0.000000,0.00000,HIGH,true,false,true,false,
923,2026-09-11T16:06:32.981054+00:00,92.300324,boot_safe,0.000000,0.00000,0.000000,0.00000,HIGH,true,false,true,false,
924,2026-09-11T16:06:33.080733+00:00,92.400289,boot_safe,0.000000,0.00000,0.000000,0.00000,HIGH,true,false,true,false,
925,2026-09-11T16:06:33.181043+00:00,92.500307,boot_safe,0.000000,0.00000,0.000000,0.00000,HIGH,true,false,true,false,
926,2026-09-11T16:06:33.280734+00:00,92.600293,boot_safe,0.000000,0.00000,0.000000,0.00000,HIGH,true,false,true,false,
927,2026-09-11T16:06:33.381044+00:00,92.700312,boot_safe,0.000000,0.00000,0.000000,0.00000,HIGH,true,false,true,false,
928,2026-09-11T16:06:33.480719+00:00,92.800281,boot_safe,0.000000,0.00000,0.000000,0.00000,HIGH,true,false,true,false,
929,2026-09-11T16:06:33.581049+00:00,92.900318,boot_safe,0.000000,0.00000,0.000000,0.00000,HIGH,true,false,true,false,
930,2026-09-11T16:06:33.680728+00:00,93.000287,boot_safe,0.000000,0.00000,0.000000,0.00000,HIGH,true,false,true,false,
931,2026-09-11T16:06:33.781053+00:00,93.100323,boot_safe,0.000000,0.00000,0.000000,0.00000,HIGH,true,false,true,false,
932,2026-09-11T16:06:33.880720+00:00,93.200283,boot_safe,0.000000,0.00000,0.000000,0.00000,HIGH,true,false,true,false,
933,2026-09-11T16:06:33.981045+00:00,93.300315,boot_safe,0.000000,0.00000,0.000000,0.00000,HIGH,true,false,true,false,
934,2026-09-11T16:06:34.080721+00:00,93.400282,boot_safe,0.000000,0.00000,0.000000,0.00000,HIGH,true,false,true,false,
935,2026-09-11T16:06:34.181037+00:00,93.500313,boot_safe,0.000000,0.00000,0.000000,0.00000,HIGH,true,false,true,false,
936,2026-09-11T16:06:34.280733+00:00,93.600285,boot_safe,0.000000,0.00000,0.000000,0.00000,HIGH,true,false,true,false,
937,2026-09-11T16:06:34.381028+00:00,93.700313,boot_safe,0.000000,0.00000,0.000000,0.00000,HIGH,true,false,true,false,
938,2026-09-11T16:06:34.480715+00:00,93.800283,boot_safe,0.000000,0.00000,0.000000,0.00000,HIGH,true,false,true,false,
939,2026-09-11T16:06:34.581046+00:00,93.900316,boot_safe,0.000000,0.00000,0.000000,0.00000,HIGH,true,false,true,false,
940,2026-09-11T16:06:34.680717+00:00,94.000278,boot_safe,0.000000,0.00000,0.000000,0.00000,HIGH,true,false,true,false,
941,2026-09-11T16:06:34.781074+00:00,94.100333,boot_safe,0.000000,0.00000,0.000000,0.00000,HIGH,true,false,true,false,
942,2026-09-11T16:06:34.880731+00:00,94.200289,boot_safe,0.000000,0.00000,0.000000,0.00000,HIGH,true,false,true,false,
943,2026-09-11T16:06:34.981263+00:00,94.300447,boot_safe,0.000000,0.00000,0.000000,0.00000,HIGH,true,false,true,false,
944,2026-09-11T16:06:35.081056+00:00,94.400328,boot_safe,0.000000,0.00000,0.000000,0.00000,HIGH,true,false,true,false,
945,2026-09-11T16:06:35.180754+00:00,94.500286,boot_safe,0.000000,0.00000,0.000000,0.00000,HIGH,true,false,true,false,
946,2026-09-11T16:06:35.281133+00:00,94.600350,boot_safe,0.000000,0.00000,0.000000,0.00000,HIGH,true,false,true,false,
947,2026-09-11T16:06:35.380752+00:00,94.700296,boot_safe,0.000000,0.00000,0.000000,0.00000,HIGH,true,false,true,false,
948,2026-09-11T16:06:35.481103+00:00,94.800345,boot_safe,0.000000,0.00000,0.000000,0.00000,HIGH,true,false,true,false,
949,2026-09-11T16:06:35.580742+00:00,94.900292,boot_safe,0.000000,0.00000,0.000000,0.00000,HIGH,true,false,true,false,
950,2026-09-11T16:06:35.681225+00:00,95.000312,boot_safe,0.000000,0.00000,0.000000,0.00000,HIGH,true,false,true,false,
951,2026-09-11T16:06:35.780836+00:00,95.100344,boot_safe,0.000000,0.00000,0.000000,0.00000,HIGH,true,false,true,false,
952,2026-09-11T16:06:35.881071+00:00,95.200332,boot_safe,0.000000,0.00000,0.000000,0.00000,HIGH,true,false,true,false,
953,2026-09-11T16:06:35.980748+00:00,95.300298,boot_safe,0.000000,0.00000,0.000000,0.00000,HIGH,true,false,true,false,
954,2026-09-11T16:06:36.081042+00:00,95.400315,boot_safe,0.000000,0.00000,0.000000,0.00000,HIGH,true,false,true,false,
955,2026-09-11T16:06:36.180731+00:00,95.500286,boot_safe,0.000000,0.00000,0.000000,0.00000,HIGH,true,false,true,false,
956,2026-09-11T16:06:36.281063+00:00,95.600324,boot_safe,0.000000,0.00000,0.000000,0.00000,HIGH,true,false,true,false,
957,2026-09-11T16:06:36.380723+00:00,95.700287,boot_safe,0.000000,0.00000,0.000000,0.00000,HIGH,true,false,true,false,
958,2026-09-11T16:06:36.481040+00:00,95.800309,boot_safe,0.000000,0.00000,0.000000,0.00000,HIGH,true,false,true,false,
959,2026-09-11T16:06:36.580721+00:00,95.900283,boot_safe,0.000000,0.00000,0.000000,0.00000,HIGH,true,false,true,false,
960,2026-09-11T16:06:36.681055+00:00,96.000318,boot_safe,0.000000,0.00000,0.000000,0.00000,HIGH,true,false,true,false,
961,2026-09-11T16:06:36.780718+00:00,96.100280,boot_safe,0.000000,0.00000,0.000000,0.00000,HIGH,true,false,true,false,
962,2026-09-11T16:06:36.881054+00:00,96.200318,boot_safe,0.000000,0.00000,0.000000,0.00000,HIGH,true,false,true,false,
963,2026-09-11T16:06:36.980797+00:00,96.300304,boot_safe,0.000000,0.00000,0.000000,0.00000,HIGH,true,false,true,false,
964,2026-09-11T16:06:37.081048+00:00,96.400319,boot_safe,0.000000,0.00000,0.000000,0.00000,HIGH,true,false,true,false,
965,2026-09-11T16:06:37.180725+00:00,96.500285,boot_safe,0.000000,0.00000,0.000000,0.00000,HIGH,true,false,true,false,
966,2026-09-11T16:06:37.281040+00:00,96.600312,boot_safe,0.000000,0.00000,0.000000,0.00000,HIGH,true,false,true,false,
967,2026-09-11T16:06:37.380771+00:00,96.700313,boot_safe,0.000000,0.00000,0.000000,0.00000,HIGH,true,false,true,false,
968,2026-09-11T16:06:37.481045+00:00,96.800312,boot_safe,0.000000,0.00000,0.000000,0.00000,HIGH,true,false,true,false,
969,2026-09-11T16:06:37.581349+00:00,96.900394,boot_safe,0.000000,0.00000,0.000000,0.00000,HIGH,true,false,true,false,
970,2026-09-11T16:06:37.681129+00:00,97.000363,boot_safe,0.000000,0.00000,0.000000,0.00000,HIGH,true,false,true,false,
971,2026-09-11T16:06:37.781022+00:00,97.100433,boot_safe,0.000000,0.00000,0.000000,0.00000,HIGH,true,false,true,false,
972,2026-09-11T16:06:37.881052+00:00,97.200336,boot_safe,0.000000,0.00000,0.000000,0.00000,HIGH,true,false,true,false,
973,2026-09-11T16:06:37.980888+00:00,97.300316,boot_safe,0.000000,0.00000,0.000000,0.00000,HIGH,true,false,true,false,
974,2026-09-11T16:06:38.081044+00:00,97.400328,boot_safe,0.000000,0.00000,0.000000,0.00000,HIGH,true,false,true,false,
975,2026-09-11T16:06:38.180852+00:00,97.500331,boot_safe,0.000000,0.00000,0.000000,0.00000,HIGH,true,false,true,false,
976,2026-09-11T16:06:38.281124+00:00,97.600380,boot_safe,0.000000,0.00000,0.000000,0.00000,HIGH,true,false,true,false,
977,2026-09-11T16:06:38.380872+00:00,97.700341,boot_safe,0.000000,0.00000,0.000000,0.00000,HIGH,true,false,true,false,
978,2026-09-11T16:06:38.481168+00:00,97.800324,boot_safe,0.000000,0.00000,0.000000,0.00000,HIGH,true,false,true,false,
979,2026-09-11T16:06:38.580898+00:00,97.900360,boot_safe,0.000000,0.00000,0.000000,0.00000,HIGH,true,false,true,false,
980,2026-09-11T16:06:38.681139+00:00,98.000369,boot_safe,0.000000,0.00000,0.000000,0.00000,HIGH,true,false,true,false,
981,2026-09-11T16:06:38.780840+00:00,98.100331,boot_safe,0.000000,0.00000,0.000000,0.00000,HIGH,true,false,true,false,
982,2026-09-11T16:06:38.880950+00:00,98.200288,boot_safe,0.000000,0.00000,0.000000,0.00000,HIGH,true,false,true,false,
983,2026-09-11T16:06:38.980824+00:00,98.300311,boot_safe,0.000000,0.00000,0.000000,0.00000,HIGH,true,false,true,false,
984,2026-09-11T16:06:39.080957+00:00,98.400295,boot_safe,0.000000,0.00000,0.000000,0.00000,HIGH,true,false,true,false,
985,2026-09-11T16:06:39.180854+00:00,98.500325,boot_safe,0.000000,0.00000,0.000000,0.00000,HIGH,true,false,true,false,
986,2026-09-11T16:06:39.280956+00:00,98.600291,boot_safe,0.000000,0.00000,0.000000,0.00000,HIGH,true,false,true,false,
987,2026-09-11T16:06:39.380820+00:00,98.700312,boot_safe,0.000000,0.00000,0.000000,0.00000,HIGH,true,false,true,false,
988,2026-09-11T16:06:39.480945+00:00,98.800280,boot_safe,0.000000,0.00000,0.000000,0.00000,HIGH,true,false,true,false,
989,2026-09-11T16:06:39.580833+00:00,98.900325,boot_safe,0.000000,0.00000,0.000000,0.00000,HIGH,true,false,true,false,
990,2026-09-11T16:06:39.681139+00:00,99.000366,boot_safe,0.000000,0.00000,0.000000,0.00000,HIGH,true,false,true,false,
991,2026-09-11T16:06:39.780890+00:00,99.100338,boot_safe,0.000000,0.00000,0.000000,0.00000,HIGH,true,false,true,false,
992,2026-09-11T16:06:39.880867+00:00,99.200289,boot_safe,0.000000,0.00000,0.000000,0.00000,HIGH,true,false,true,false,
993,2026-09-11T16:06:39.980978+00:00,99.300320,boot_safe,0.000000,0.00000,0.000000,0.00000,HIGH,true,false,true,false,
994,2026-09-11T16:06:40.080791+00:00,99.400283,boot_safe,0.000000,0.00000,0.000000,0.00000,HIGH,true,false,true,false,
995,2026-09-11T16:06:40.181096+00:00,99.500327,boot_safe,0.000000,0.00000,0.000000,0.00000,HIGH,true,false,true,false,
996,2026-09-11T16:06:40.280803+00:00,99.600287,boot_safe,0.000000,0.00000,0.000000,0.00000,HIGH,true,false,true,false,
997,2026-09-11T16:06:40.380964+00:00,99.700314,boot_safe,0.000000,0.00000,0.000000,0.00000,HIGH,true,false,true,false,
998,2026-09-11T16:06:40.480786+00:00,99.800282,boot_safe,0.000000,0.00000,0.000000,0.00000,HIGH,true,false,true,false,
999,2026-09-11T16:06:40.580964+00:00,99.900317,boot_safe,0.000000,0.00000,0.000000,0.00000,HIGH,true,false,true,false,
1000,2026-09-11T16:06:40.680792+00:00,100.000280,boot_safe,0.000000,0.00000,0.000000,0.00000,HIGH,true,false,true,false,
1001,2026-09-11T16:06:40.780964+00:00,100.100310,boot_safe,0.000000,0.00000,0.000000,0.00000,HIGH,true,false,true,false,
1002,2026-09-11T16:06:40.880875+00:00,100.200313,boot_safe,0.000000,0.00000,0.000000,0.00000,HIGH,true,false,true,false,
1003,2026-09-11T16:06:40.980987+00:00,100.300327,boot_safe,0.000000,0.00000,0.000000,0.00000,HIGH,true,false,true,false,
1004,2026-09-11T16:06:41.080806+00:00,100.400287,boot_safe,0.000000,0.00000,0.000000,0.00000,HIGH,true,false,true,false,
1005,2026-09-11T16:06:41.181020+00:00,100.500342,boot_safe,0.000000,0.00000,0.000000,0.00000,HIGH,true,false,true,false,
1006,2026-09-11T16:06:41.280799+00:00,100.600290,boot_safe,0.000000,0.00000,0.000000,0.00000,HIGH,true,false,true,false,
1007,2026-09-11T16:06:41.380966+00:00,100.700313,boot_safe,0.000000,0.00000,0.000000,0.00000,HIGH,true,false,true,false,
1008,2026-09-11T16:06:41.480975+00:00,100.800285,boot_safe,0.000000,0.00000,0.000000,0.00000,HIGH,true,false,true,false,
1009,2026-09-11T16:06:41.581085+00:00,100.900386,boot_safe,0.000000,0.00000,0.000000,0.00000,HIGH,true,false,true,false,
1010,2026-09-11T16:06:41.681046+00:00,101.000296,boot_safe,0.000000,0.00000,0.000000,0.00000,HIGH,true,false,true,false,
1011,2026-09-11T16:06:41.780844+00:00,101.100334,boot_safe,0.000000,0.00000,0.000000,0.00000,HIGH,true,false,true,false,
1012,2026-09-11T16:06:41.881056+00:00,101.200327,boot_safe,0.000000,0.00000,0.000000,0.00000,HIGH,true,false,true,false,
1013,2026-09-11T16:06:41.980914+00:00,101.300337,boot_safe,0.000000,0.00000,0.000000,0.00000,HIGH,true,false,true,false,
1014,2026-09-11T16:06:42.081140+00:00,101.400328,boot_safe,0.000000,0.00000,-0.002000,-0.01212,HIGH,true,false,true,false,
1015,2026-09-11T16:06:42.180812+00:00,101.500289,boot_safe,0.000000,0.00000,0.000000,0.00000,HIGH,true,false,true,false,
1016,2026-09-11T16:06:42.281143+00:00,101.600327,boot_safe,0.000000,0.00000,0.000000,0.00000,HIGH,true,false,true,false,
1017,2026-09-11T16:06:42.380749+00:00,101.700284,boot_safe,0.000000,0.00000,0.000000,0.00000,HIGH,true,false,true,false,
1018,2026-09-11T16:06:42.481083+00:00,101.800335,boot_safe,0.000000,0.00000,0.000000,0.00000,HIGH,true,false,true,false,
1019,2026-09-11T16:06:42.580729+00:00,101.900290,boot_safe,0.000000,0.00000,0.000000,0.00000,HIGH,true,false,true,false,
1020,2026-09-11T16:06:42.681174+00:00,102.000379,boot_safe,0.000000,0.00000,0.000000,0.00000,HIGH,true,false,true,false,
1021,2026-09-11T16:06:42.781014+00:00,102.100450,boot_safe,0.000000,0.00000,0.000000,0.00000,LOW,false,false,true,false,estop_closed_reset_required
1022,2026-09-11T16:06:42.881145+00:00,102.200379,boot_safe,0.000000,0.00000,0.000000,0.00000,LOW,false,false,true,false,
1023,2026-09-11T16:06:42.980758+00:00,102.300306,boot_safe,0.000000,0.00000,0.000000,0.00000,LOW,false,false,true,false,
1024,2026-09-11T16:06:43.081053+00:00,102.400325,boot_safe,0.000000,0.00000,0.000000,0.00000,LOW,false,false,true,false,
1025,2026-09-11T16:06:43.180727+00:00,102.500287,boot_safe,0.000000,0.00000,0.000000,0.00000,LOW,false,false,true,false,
1026,2026-09-11T16:06:43.281033+00:00,102.600309,boot_safe,0.000000,0.00000,0.000000,0.00000,LOW,false,false,true,false,
1027,2026-09-11T16:06:43.380724+00:00,102.700284,boot_safe,0.000000,0.00000,0.000000,0.00000,LOW,false,false,true,false,
1028,2026-09-11T16:06:43.481042+00:00,102.800315,boot_safe,0.000000,0.00000,-0.002000,-0.01212,LOW,false,false,true,false,
1029,2026-09-11T16:06:43.580749+00:00,102.900290,boot_safe,0.000000,0.00000,0.000000,0.00000,LOW,false,false,true,false,
1030,2026-09-11T16:06:43.681036+00:00,103.000310,boot_safe,0.000000,0.00000,0.000000,0.00000,LOW,false,false,true,false,
1031,2026-09-11T16:06:43.780727+00:00,103.100284,boot_safe,0.000000,0.00000,0.000000,0.00000,LOW,false,false,true,false,
1032,2026-09-11T16:06:43.881031+00:00,103.200306,boot_safe,0.000000,0.00000,0.000000,0.00000,LOW,false,false,true,false,
1033,2026-09-11T16:06:43.980723+00:00,103.300281,boot_safe,0.000000,0.00000,0.000000,0.00000,LOW,false,false,true,false,
1034,2026-09-11T16:06:44.081036+00:00,103.400313,boot_safe,0.000000,0.00000,0.000000,0.00000,LOW,false,false,true,false,
1035,2026-09-11T16:06:44.180737+00:00,103.500286,boot_safe,0.000000,0.00000,0.000000,0.00000,LOW,false,false,true,false,
1036,2026-09-11T16:06:44.281044+00:00,103.600312,boot_safe,0.000000,0.00000,0.000000,0.00000,LOW,false,false,true,false,
1037,2026-09-11T16:06:44.380730+00:00,103.700282,boot_safe,0.000000,0.00000,0.000000,0.00000,LOW,false,false,true,false,
1038,2026-09-11T16:06:44.481043+00:00,103.800311,boot_safe,0.000000,0.00000,0.000000,0.00000,LOW,false,false,true,false,
1039,2026-09-11T16:06:44.580939+00:00,103.900389,boot_safe,0.000000,0.00000,0.000000,0.00000,LOW,false,false,true,false,
1040,2026-09-11T16:06:44.680731+00:00,104.000298,boot_safe,0.000000,0.00000,0.000000,0.00000,LOW,false,false,true,false,
1041,2026-09-11T16:06:44.781039+00:00,104.100313,boot_safe,0.000000,0.00000,0.000000,0.00000,LOW,false,false,true,false,
1042,2026-09-11T16:06:44.880715+00:00,104.200284,boot_safe,0.000000,0.00000,0.000000,0.00000,LOW,false,false,true,false,
1043,2026-09-11T16:06:44.981040+00:00,104.300310,boot_safe,0.000000,0.00000,0.000000,0.00000,LOW,false,false,true,false,
1044,2026-09-11T16:06:45.080788+00:00,104.400317,boot_safe,0.000000,0.00000,0.000000,0.00000,LOW,false,false,true,false,
1045,2026-09-11T16:06:45.181039+00:00,104.500319,boot_safe,0.000000,0.00000,0.000000,0.00000,LOW,false,false,true,false,
1046,2026-09-11T16:06:45.280721+00:00,104.600284,boot_safe,0.000000,0.00000,0.000000,0.00000,LOW,false,false,true,false,
1047,2026-09-11T16:06:45.381035+00:00,104.700308,boot_safe,0.000000,0.00000,0.000000,0.00000,LOW,false,false,true,false,
1048,2026-09-11T16:06:45.480741+00:00,104.800290,boot_safe,0.000000,0.00000,0.000000,0.00000,LOW,false,false,true,false,
1049,2026-09-11T16:06:45.581086+00:00,104.900333,boot_safe,0.000000,0.00000,0.000000,0.00000,LOW,false,false,true,false,
1050,2026-09-11T16:06:45.680741+00:00,105.000296,boot_safe,0.000000,0.00000,0.000000,0.00000,LOW,false,false,true,false,
1051,2026-09-11T16:06:45.781038+00:00,105.100308,boot_safe,0.000000,0.00000,0.000000,0.00000,LOW,false,false,true,false,
1052,2026-09-11T16:06:45.880728+00:00,105.200286,boot_safe,0.000000,0.00000,0.000000,0.00000,LOW,false,false,true,false,
1053,2026-09-11T16:06:45.981040+00:00,105.300314,boot_safe,0.000000,0.00000,0.000000,0.00000,LOW,false,false,true,false,
1054,2026-09-11T16:06:46.080750+00:00,105.400295,boot_safe,0.000000,0.00000,0.000000,0.00000,LOW,false,false,true,false,
1055,2026-09-11T16:06:46.181041+00:00,105.500310,boot_safe,0.000000,0.00000,0.000000,0.00000,LOW,false,false,true,false,
1056,2026-09-11T16:06:46.280730+00:00,105.600286,boot_safe,0.000000,0.00000,0.000000,0.00000,LOW,false,false,true,false,
1057,2026-09-11T16:06:46.381057+00:00,105.700324,boot_safe,0.000000,0.00000,0.000000,0.00000,LOW,false,false,true,false,
1058,2026-09-11T16:06:46.480732+00:00,105.800286,boot_safe,0.000000,0.00000,0.000000,0.00000,LOW,false,false,true,false,
1059,2026-09-11T16:06:46.581058+00:00,105.900320,boot_safe,0.000000,0.00000,0.000000,0.00000,LOW,false,false,true,false,
1060,2026-09-11T16:06:46.680735+00:00,106.000285,boot_safe,0.000000,0.00000,0.000000,0.00000,LOW,false,false,true,false,
1061,2026-09-11T16:06:46.781063+00:00,106.100325,boot_safe,0.000000,0.00000,0.000000,0.00000,LOW,false,false,true,false,
1062,2026-09-11T16:06:46.880736+00:00,106.200287,boot_safe,0.000000,0.00000,0.000000,0.00000,LOW,false,false,true,false,
1063,2026-09-11T16:06:46.981039+00:00,106.300310,boot_safe,0.000000,0.00000,0.000000,0.00000,LOW,false,false,true,false,
1064,2026-09-11T16:06:47.080963+00:00,106.400424,boot_safe,0.000000,0.00000,0.000000,0.00000,LOW,false,false,true,false,
1065,2026-09-11T16:06:47.181142+00:00,106.500364,boot_safe,0.000000,0.00000,0.000000,0.00000,LOW,false,false,true,false,
1066,2026-09-11T16:06:47.281074+00:00,106.600335,boot_safe,0.000000,0.00000,0.000000,0.00000,LOW,false,false,true,false,
1067,2026-09-11T16:06:47.380737+00:00,106.700290,boot_safe,0.000000,0.00000,0.000000,0.00000,LOW,false,false,true,false,
1068,2026-09-11T16:06:47.481098+00:00,106.800347,boot_safe,0.000000,0.00000,0.000000,0.00000,LOW,false,false,true,false,
1069,2026-09-11T16:06:47.580750+00:00,106.900297,boot_safe,0.000000,0.00000,0.000000,0.00000,LOW,false,false,true,false,
1070,2026-09-11T16:06:47.681229+00:00,107.000312,boot_safe,0.000000,0.00000,0.000000,0.00000,LOW,false,false,true,false,
1071,2026-09-11T16:06:47.780938+00:00,107.100384,boot_safe,0.000000,0.00000,0.000000,0.00000,LOW,false,false,true,false,
1072,2026-09-11T16:06:47.881068+00:00,107.200334,boot_safe,0.000000,0.00000,0.000000,0.00000,LOW,false,false,true,false,
1073,2026-09-11T16:06:47.980784+00:00,107.300314,boot_safe,0.000000,0.00000,0.000000,0.00000,LOW,false,false,true,false,
1074,2026-09-11T16:06:48.081173+00:00,107.400379,boot_safe,0.000000,0.00000,0.000000,0.00000,LOW,false,false,true,false,
1075,2026-09-11T16:06:48.180743+00:00,107.500299,boot_safe,0.000000,0.00000,0.000000,0.00000,LOW,false,false,true,false,
1076,2026-09-11T16:06:48.281284+00:00,107.600465,boot_safe,0.000000,0.00000,0.000000,0.00000,LOW,false,false,true,false,
1077,2026-09-11T16:06:48.381041+00:00,107.700326,boot_safe,0.000000,0.00000,0.000000,0.00000,LOW,false,false,true,false,
1078,2026-09-11T16:06:48.480732+00:00,107.800288,boot_safe,0.000000,0.00000,0.000000,0.00000,LOW,false,false,true,false,
1079,2026-09-11T16:06:48.581055+00:00,107.900320,boot_safe,0.000000,0.00000,0.000000,0.00000,LOW,false,false,true,false,
1080,2026-09-11T16:06:48.680716+00:00,108.000281,boot_safe,0.000000,0.00000,0.000000,0.00000,LOW,false,false,true,false,
1081,2026-09-11T16:06:48.781063+00:00,108.100321,boot_safe,0.000000,0.00000,0.000000,0.00000,LOW,false,false,true,false,
1082,2026-09-11T16:06:48.880731+00:00,108.200284,boot_safe,0.000000,0.00000,0.000000,0.00000,LOW,false,false,true,false,
1083,2026-09-11T16:06:48.981039+00:00,108.300312,boot_safe,0.000000,0.00000,0.000000,0.00000,LOW,false,false,true,false,
1084,2026-09-11T16:06:49.080720+00:00,108.400281,boot_safe,0.000000,0.00000,0.000000,0.00000,LOW,false,false,true,false,
1085,2026-09-11T16:06:49.181054+00:00,108.500318,boot_safe,0.000000,0.00000,0.000000,0.00000,LOW,false,false,true,false,
1086,2026-09-11T16:06:49.280718+00:00,108.600286,boot_safe,0.000000,0.00000,0.000000,0.00000,LOW,false,false,true,false,
1087,2026-09-11T16:06:49.381038+00:00,108.700309,boot_safe,0.000000,0.00000,0.000000,0.00000,LOW,false,false,true,false,
1088,2026-09-11T16:06:49.480743+00:00,108.800290,boot_safe,0.000000,0.00000,0.000000,0.00000,LOW,false,false,true,false,
1089,2026-09-11T16:06:49.581038+00:00,108.900320,boot_safe,0.000000,0.00000,0.000000,0.00000,LOW,false,false,true,false,
1090,2026-09-11T16:06:49.680730+00:00,109.000287,boot_safe,0.000000,0.00000,0.000000,0.00000,LOW,false,false,true,false,
1091,2026-09-11T16:06:49.781053+00:00,109.100319,boot_safe,0.000000,0.00000,0.000000,0.00000,LOW,false,false,true,false,
1092,2026-09-11T16:06:49.880730+00:00,109.200281,boot_safe,0.000000,0.00000,0.000000,0.00000,LOW,false,false,true,false,
1093,2026-09-11T16:06:49.981043+00:00,109.300313,boot_safe,0.000000,0.00000,0.000000,0.00000,LOW,false,false,true,false,
1094,2026-09-11T16:06:50.080719+00:00,109.400280,boot_safe,0.000000,0.00000,0.000000,0.00000,LOW,false,false,true,false,
1095,2026-09-11T16:06:50.181070+00:00,109.500331,boot_safe,0.000000,0.00000,0.000000,0.00000,LOW,false,false,true,false,
1096,2026-09-11T16:06:50.281025+00:00,109.600306,boot_safe,0.000000,0.00000,0.000000,0.00000,LOW,false,false,true,false,
1097,2026-09-11T16:06:50.380730+00:00,109.700286,boot_safe,0.000000,0.00000,0.000000,0.00000,LOW,false,false,true,false,
1098,2026-09-11T16:06:50.481042+00:00,109.800314,boot_safe,0.000000,0.00000,0.000000,0.00000,LOW,false,false,true,false,
1099,2026-09-11T16:06:50.580742+00:00,109.900291,boot_safe,0.000000,0.00000,0.000000,0.00000,LOW,false,false,true,false,
1100,2026-09-11T16:06:50.681149+00:00,110.000314,boot_safe,0.000000,0.00000,0.000000,0.00000,LOW,false,false,true,false,
1101,2026-09-11T16:06:50.780820+00:00,110.100338,boot_safe,0.000000,0.00000,0.000000,0.00000,LOW,false,false,true,false,
1102,2026-09-11T16:06:50.881045+00:00,110.200317,boot_safe,0.000000,0.00000,0.000000,0.00000,LOW,false,false,true,false,
1103,2026-09-11T16:06:50.980743+00:00,110.300290,boot_safe,0.000000,0.00000,0.000000,0.00000,LOW,false,false,true,false,
1104,2026-09-11T16:06:51.081041+00:00,110.400310,boot_safe,0.000000,0.00000,0.000000,0.00000,LOW,false,false,true,false,
1105,2026-09-11T16:06:51.180737+00:00,110.500291,boot_safe,0.000000,0.00000,0.000000,0.00000,LOW,false,false,true,false,
1106,2026-09-11T16:06:51.281045+00:00,110.600313,boot_safe,0.000000,0.00000,0.000000,0.00000,LOW,false,false,true,false,
1107,2026-09-11T16:06:51.380726+00:00,110.700283,boot_safe,0.000000,0.00000,0.000000,0.00000,LOW,false,false,true,false,
1108,2026-09-11T16:06:51.481063+00:00,110.800322,boot_safe,0.000000,0.00000,0.000000,0.00000,LOW,false,false,true,false,
1109,2026-09-11T16:06:51.580720+00:00,110.900285,boot_safe,0.000000,0.00000,0.000000,0.00000,LOW,false,false,true,false,
1110,2026-09-11T16:06:51.681036+00:00,111.000310,boot_safe,0.000000,0.00000,0.000000,0.00000,LOW,false,false,true,false,
1111,2026-09-11T16:06:51.780727+00:00,111.100282,boot_safe,0.000000,0.00000,0.000000,0.00000,LOW,false,false,true,false,
1112,2026-09-11T16:06:51.881038+00:00,111.200309,boot_safe,0.000000,0.00000,0.000000,0.00000,LOW,false,false,true,false,
1113,2026-09-11T16:06:51.980725+00:00,111.300286,boot_safe,0.000000,0.00000,0.000000,0.00000,LOW,false,false,true,false,
1114,2026-09-11T16:06:52.081038+00:00,111.400308,boot_safe,0.000000,0.00000,0.000000,0.00000,LOW,false,false,true,false,
1115,2026-09-11T16:06:52.180739+00:00,111.500279,boot_safe,0.000000,0.00000,0.000000,0.00000,LOW,false,false,true,false,
1116,2026-09-11T16:06:52.281043+00:00,111.600318,boot_safe,0.000000,0.00000,0.000000,0.00000,LOW,false,false,true,false,
1117,2026-09-11T16:06:52.380755+00:00,111.700289,boot_safe,0.000000,0.00000,0.000000,0.00000,LOW,false,false,true,false,
1118,2026-09-11T16:06:52.481046+00:00,111.800322,boot_safe,0.000000,0.00000,0.000000,0.00000,LOW,false,false,true,false,
1119,2026-09-11T16:06:52.580734+00:00,111.900286,boot_safe,0.000000,0.00000,0.000000,0.00000,LOW,false,false,true,false,
1120,2026-09-11T16:06:52.681058+00:00,112.000311,boot_safe,0.000000,0.00000,0.000000,0.00000,LOW,false,false,true,false,
1121,2026-09-11T16:06:52.780741+00:00,112.100282,boot_safe,0.000000,0.00000,0.000000,0.00000,LOW,false,false,true,false,
1122,2026-09-11T16:06:52.881179+00:00,112.200386,boot_safe,0.000000,0.00000,0.000000,0.00000,LOW,false,false,true,false,
1123,2026-09-11T16:06:52.980829+00:00,112.300333,boot_safe,0.000000,0.00000,0.000000,0.00000,LOW,false,false,true,false,
1124,2026-09-11T16:06:53.081127+00:00,112.400358,boot_safe,0.000000,0.00000,0.000000,0.00000,LOW,false,false,true,false,
1125,2026-09-11T16:06:53.180748+00:00,112.500295,boot_safe,0.000000,0.00000,0.000000,0.00000,LOW,false,false,true,false,
1126,2026-09-11T16:06:53.281258+00:00,112.600444,boot_safe,0.000000,0.00000,0.000000,0.00000,LOW,false,false,true,false,
1127,2026-09-11T16:06:53.381047+00:00,112.700330,boot_safe,0.000000,0.00000,0.000000,0.00000,LOW,false,false,true,false,
1128,2026-09-11T16:06:53.480738+00:00,112.800290,boot_safe,0.000000,0.00000,0.000000,0.00000,LOW,false,false,true,false,
1129,2026-09-11T16:06:53.581055+00:00,112.900319,boot_safe,0.000000,0.00000,0.000000,0.00000,LOW,false,false,true,false,
1130,2026-09-11T16:06:53.680902+00:00,113.000313,boot_safe,0.000000,0.00000,0.000000,0.00000,LOW,false,false,true,false,
1131,2026-09-11T16:06:53.780804+00:00,113.100330,boot_safe,0.000000,0.00000,0.000000,0.00000,LOW,false,false,true,false,
1132,2026-09-11T16:06:53.881056+00:00,113.200320,boot_safe,0.000000,0.00000,0.000000,0.00000,LOW,false,false,true,false,
1133,2026-09-11T16:06:53.980731+00:00,113.300287,boot_safe,0.000000,0.00000,0.000000,0.00000,LOW,false,false,true,false,
1134,2026-09-11T16:06:54.081054+00:00,113.400316,boot_safe,0.000000,0.00000,0.000000,0.00000,LOW,false,false,true,false,
1135,2026-09-11T16:06:54.180719+00:00,113.500282,boot_safe,0.000000,0.00000,0.000000,0.00000,LOW,false,false,true,false,
1136,2026-09-11T16:06:54.281062+00:00,113.600325,boot_safe,0.000000,0.00000,0.000000,0.00000,LOW,false,false,true,false,
1137,2026-09-11T16:06:54.380725+00:00,113.700288,boot_safe,0.000000,0.00000,0.000000,0.00000,LOW,false,false,true,false,
1138,2026-09-11T16:06:54.481044+00:00,113.800311,boot_safe,0.000000,0.00000,0.000000,0.00000,LOW,false,false,true,false,
1139,2026-09-11T16:06:54.580727+00:00,113.900288,boot_safe,0.000000,0.00000,0.000000,0.00000,LOW,false,false,true,false,
1140,2026-09-11T16:06:54.681044+00:00,114.000312,boot_safe,0.000000,0.00000,0.000000,0.00000,LOW,false,false,true,false,
1141,2026-09-11T16:06:54.780763+00:00,114.100300,boot_safe,0.000000,0.00000,0.000000,0.00000,LOW,false,false,true,false,
1142,2026-09-11T16:06:54.881032+00:00,114.200316,boot_safe,0.000000,0.00000,0.000000,0.00000,LOW,false,false,true,false,
1143,2026-09-11T16:06:54.980722+00:00,114.300284,boot_safe,0.000000,0.00000,0.000000,0.00000,LOW,false,false,true,false,
1144,2026-09-11T16:06:55.081034+00:00,114.400312,boot_safe,0.000000,0.00000,0.000000,0.00000,LOW,false,false,true,false,
1145,2026-09-11T16:06:55.180730+00:00,114.500284,boot_safe,0.000000,0.00000,0.000000,0.00000,LOW,false,false,true,false,
1146,2026-09-11T16:06:55.281053+00:00,114.600319,boot_safe,0.000000,0.00000,0.000000,0.00000,LOW,false,false,true,false,
1147,2026-09-11T16:06:55.380720+00:00,114.700281,boot_safe,0.000000,0.00000,0.000000,0.00000,LOW,false,false,true,false,
1148,2026-09-11T16:06:55.481035+00:00,114.800311,boot_safe,0.000000,0.00000,0.000000,0.00000,LOW,false,false,true,false,
1149,2026-09-11T16:06:55.580731+00:00,114.900282,boot_safe,0.000000,0.00000,0.000000,0.00000,LOW,false,false,true,false,
1150,2026-09-11T16:06:55.681039+00:00,115.000309,boot_safe,0.000000,0.00000,0.000000,0.00000,LOW,false,false,true,false,
1151,2026-09-11T16:06:55.781050+00:00,115.100312,boot_safe,0.000000,0.00000,0.000000,0.00000,LOW,false,false,true,false,
1152,2026-09-11T16:06:55.880733+00:00,115.200285,boot_safe,0.000000,0.00000,0.000000,0.00000,LOW,false,false,true,false,
1153,2026-09-11T16:06:55.981033+00:00,115.300311,boot_safe,0.000000,0.00000,0.000000,0.00000,LOW,false,false,true,false,
1154,2026-09-11T16:06:56.080730+00:00,115.400284,boot_safe,0.000000,0.00000,0.000000,0.00000,LOW,false,false,true,false,
1155,2026-09-11T16:06:56.181035+00:00,115.500310,boot_safe,0.000000,0.00000,0.000000,0.00000,LOW,false,false,true,false,
1156,2026-09-11T16:06:56.280743+00:00,115.600300,boot_safe,0.000000,0.00000,0.000000,0.00000,LOW,false,false,true,false,
1157,2026-09-11T16:06:56.381034+00:00,115.700307,boot_safe,0.000000,0.00000,0.000000,0.00000,LOW,false,false,true,false,
1158,2026-09-11T16:06:56.480826+00:00,115.800316,boot_safe,0.000000,0.00000,0.000000,0.00000,LOW,false,false,true,false,
1159,2026-09-11T16:06:56.580954+00:00,115.900288,boot_safe,0.000000,0.00000,0.000000,0.00000,LOW,false,false,true,false,
1160,2026-09-11T16:06:56.680944+00:00,116.000405,boot_safe,0.000000,0.00000,0.000000,0.00000,LOW,false,false,true,false,
1161,2026-09-11T16:06:56.780947+00:00,116.100282,boot_safe,0.000000,0.00000,0.000000,0.00000,LOW,false,false,true,false,
1162,2026-09-11T16:06:56.880816+00:00,116.200312,boot_safe,0.000000,0.00000,0.000000,0.00000,LOW,false,false,true,false,
1163,2026-09-11T16:06:56.980931+00:00,116.300277,boot_safe,0.000000,0.00000,0.000000,0.00000,LOW,false,false,true,false,
1164,2026-09-11T16:06:57.080816+00:00,116.400307,boot_safe,0.000000,0.00000,0.000000,0.00000,LOW,false,false,true,false,
1165,2026-09-11T16:06:57.180922+00:00,116.500275,boot_safe,0.000000,0.00000,0.000000,0.00000,LOW,false,false,true,false,
1166,2026-09-11T16:06:57.280802+00:00,116.600300,boot_safe,0.000000,0.00000,0.000000,0.00000,LOW,false,false,true,false,
1167,2026-09-11T16:06:57.380945+00:00,116.700285,boot_safe,0.000000,0.00000,0.000000,0.00000,LOW,false,false,true,false,
1168,2026-09-11T16:06:57.481075+00:00,116.800328,boot_safe,0.000000,0.00000,0.000000,0.00000,LOW,false,false,true,false,
1169,2026-09-11T16:06:57.580820+00:00,116.900313,boot_safe,0.000000,0.00000,0.000000,0.00000,LOW,false,false,true,false,
1170,2026-09-11T16:06:57.680929+00:00,117.000280,boot_safe,0.000000,0.00000,0.000000,0.00000,LOW,false,false,true,false,
1171,2026-09-11T16:06:57.780802+00:00,117.100303,boot_safe,0.000000,0.00000,0.000000,0.00000,LOW,false,false,true,false,
1172,2026-09-11T16:06:57.880930+00:00,117.200277,boot_safe,0.000000,0.00000,0.000000,0.00000,LOW,false,false,true,false,
1173,2026-09-11T16:06:57.981162+00:00,117.300377,boot_safe,0.000000,0.00000,0.000000,0.00000,LOW,false,false,true,false,
1174,2026-09-11T16:06:58.080832+00:00,117.400315,boot_safe,0.000000,0.00000,0.000000,0.00000,LOW,false,false,true,false,
1175,2026-09-11T16:06:58.180925+00:00,117.500280,boot_safe,0.000000,0.00000,0.000000,0.00000,LOW,false,false,true,false,
1176,2026-09-11T16:06:58.280806+00:00,117.600310,boot_safe,0.000000,0.00000,0.000000,0.00000,LOW,false,false,true,false,
1177,2026-09-11T16:06:58.380945+00:00,117.700285,boot_safe,0.000000,0.00000,0.000000,0.00000,LOW,false,false,true,false,
1178,2026-09-11T16:06:58.480824+00:00,117.800311,boot_safe,0.000000,0.00000,0.000000,0.00000,LOW,false,false,true,false,
1179,2026-09-11T16:06:58.580957+00:00,117.900285,boot_safe,0.000000,0.00000,0.000000,0.00000,LOW,false,false,true,false,
1180,2026-09-11T16:06:58.680829+00:00,118.000312,boot_safe,0.000000,0.00000,0.000000,0.00000,LOW,false,false,true,false,
1181,2026-09-11T16:06:58.780950+00:00,118.100295,boot_safe,0.000000,0.00000,0.000000,0.00000,LOW,false,false,true,false,
1182,2026-09-11T16:06:58.880967+00:00,118.200315,boot_safe,0.000000,0.00000,0.000000,0.00000,LOW,false,false,true,false,
1183,2026-09-11T16:06:58.980808+00:00,118.300328,boot_safe,0.000000,0.00000,0.000000,0.00000,LOW,false,false,true,false,
1184,2026-09-11T16:06:59.080934+00:00,118.400283,boot_safe,0.000000,0.00000,0.000000,0.00000,LOW,false,false,true,false,
1185,2026-09-11T16:06:59.180970+00:00,118.500327,boot_safe,0.000000,0.00000,0.000000,0.00000,LOW,false,false,true,false,
1186,2026-09-11T16:06:59.280921+00:00,118.600305,boot_safe,0.000000,0.00000,0.000000,0.00000,LOW,false,false,true,false,
1187,2026-09-11T16:06:59.381073+00:00,118.700323,boot_safe,0.000000,0.00000,0.000000,0.00000,LOW,false,false,true,false,
1188,2026-09-11T16:06:59.480789+00:00,118.800281,boot_safe,0.000000,0.00000,0.000000,0.00000,LOW,false,false,true,false,
1189,2026-09-11T16:06:59.581056+00:00,118.900316,boot_safe,0.000000,0.00000,0.000000,0.00000,LOW,false,false,true,false,
1190,2026-09-11T16:06:59.680994+00:00,119.000279,boot_safe,0.000000,0.00000,0.000000,0.00000,LOW,false,false,true,false,
1191,2026-09-11T16:06:59.781054+00:00,119.100360,boot_safe,0.000000,0.00000,0.000000,0.00000,LOW,false,false,true,false,
1192,2026-09-11T16:06:59.880823+00:00,119.200301,boot_safe,0.000000,0.00000,0.000000,0.00000,LOW,false,false,true,false,
1193,2026-09-11T16:06:59.980965+00:00,119.300312,boot_safe,0.000000,0.00000,0.000000,0.00000,LOW,false,false,true,false,
1194,2026-09-11T16:07:00.080779+00:00,119.400279,boot_safe,0.000000,0.00000,0.000000,0.00000,LOW,false,false,true,false,
1195,2026-09-11T16:07:00.180962+00:00,119.500311,boot_safe,0.000000,0.00000,-0.002000,-0.01212,LOW,false,false,true,false,
1196,2026-09-11T16:07:00.280793+00:00,119.600279,boot_safe,0.000000,0.00000,0.000000,0.00000,LOW,false,false,true,false,
1197,2026-09-11T16:07:00.380954+00:00,119.700310,boot_safe,0.000000,0.00000,0.000000,0.00000,LOW,false,false,true,false,
1198,2026-09-11T16:07:00.480787+00:00,119.800282,boot_safe,0.000000,0.00000,0.000000,0.00000,LOW,false,false,true,false,
1199,2026-09-11T16:07:00.580958+00:00,119.900311,boot_safe,0.000000,0.00000,0.000000,0.00000,LOW,false,false,true,false,
1200,2026-09-11T16:07:00.680790+00:00,120.000278,boot_safe,0.000000,0.00000,0.000000,0.00000,LOW,false,false,true,false,
1201,2026-09-11T16:07:00.780959+00:00,120.100308,boot_safe,0.000000,0.00000,0.000000,0.00000,LOW,false,false,true,false,
1202,2026-09-11T16:07:00.880797+00:00,120.200282,boot_safe,0.000000,0.00000,0.000000,0.00000,LOW,false,false,true,false,
1203,2026-09-11T16:07:00.980978+00:00,120.300306,boot_safe,0.000000,0.00000,0.000000,0.00000,LOW,false,false,true,false,
1204,2026-09-11T16:07:01.080784+00:00,120.400277,boot_safe,0.000000,0.00000,0.000000,0.00000,LOW,false,false,true,false,
1205,2026-09-11T16:07:01.180976+00:00,120.500310,boot_safe,0.000000,0.00000,0.000000,0.00000,LOW,false,false,true,false,
1206,2026-09-11T16:07:01.280771+00:00,120.600277,boot_safe,0.000000,0.00000,0.000000,0.00000,LOW,false,false,true,false,
1207,2026-09-11T16:07:01.381040+00:00,120.700318,boot_safe,0.000000,0.00000,0.000000,0.00000,LOW,false,false,true,false,
1208,2026-09-11T16:07:01.480843+00:00,120.800301,boot_safe,0.000000,0.00000,0.000000,0.00000,LOW,false,false,true,false,
1209,2026-09-11T16:07:01.581135+00:00,120.900324,boot_safe,0.000000,0.00000,0.000000,0.00000,LOW,false,false,true,false,
1210,2026-09-11T16:07:01.680723+00:00,121.000286,boot_safe,0.000000,0.00000,0.000000,0.00000,LOW,false,false,true,false,
1211,2026-09-11T16:07:01.781042+00:00,121.100308,boot_safe,0.000000,0.00000,0.000000,0.00000,LOW,false,false,true,false,
1212,2026-09-11T16:07:01.880717+00:00,121.200283,boot_safe,0.000000,0.00000,0.000000,0.00000,LOW,false,false,true,false,
1213,2026-09-11T16:07:01.981037+00:00,121.300310,boot_safe,0.000000,0.00000,0.000000,0.00000,LOW,false,false,true,false,
1214,2026-09-11T16:07:02.080714+00:00,121.400283,boot_safe,0.000000,0.00000,0.000000,0.00000,LOW,false,false,true,false,
1215,2026-09-11T16:07:02.181036+00:00,121.500308,boot_safe,0.000000,0.00000,0.000000,0.00000,LOW,false,false,true,false,
1216,2026-09-11T16:07:02.280725+00:00,121.600284,boot_safe,0.000000,0.00000,0.000000,0.00000,LOW,false,false,true,false,
1217,2026-09-11T16:07:02.381038+00:00,121.700310,boot_safe,0.000000,0.00000,0.000000,0.00000,LOW,false,false,true,false,
1218,2026-09-11T16:07:02.480740+00:00,121.800293,boot_safe,0.000000,0.00000,0.000000,0.00000,LOW,false,false,true,false,
1219,2026-09-11T16:07:02.581039+00:00,121.900312,boot_safe,0.000000,0.00000,0.000000,0.00000,LOW,false,false,true,false,
1220,2026-09-11T16:07:02.680731+00:00,122.000279,boot_safe,0.000000,0.00000,0.000000,0.00000,LOW,false,false,true,false,
1221,2026-09-11T16:07:02.781072+00:00,122.100331,boot_safe,0.000000,0.00000,0.000000,0.00000,LOW,false,false,true,false,
1222,2026-09-11T16:07:02.880725+00:00,122.200291,boot_safe,0.000000,0.00000,0.000000,0.00000,LOW,false,false,true,false,
1223,2026-09-11T16:07:02.981037+00:00,122.300313,boot_safe,0.000000,0.00000,0.000000,0.00000,LOW,false,false,true,false,
1224,2026-09-11T16:07:03.080870+00:00,122.400359,boot_safe,0.000000,0.00000,0.000000,0.00000,LOW,false,false,true,false,
1225,2026-09-11T16:07:03.181091+00:00,122.500329,boot_safe,0.000000,0.00000,0.000000,0.00000,LOW,false,false,true,false,
1226,2026-09-11T16:07:03.280771+00:00,122.600311,boot_safe,0.000000,0.00000,0.000000,0.00000,LOW,false,false,true,false,
1227,2026-09-11T16:07:03.381038+00:00,122.700314,boot_safe,0.000000,0.00000,0.000000,0.00000,LOW,false,false,true,false,
1228,2026-09-11T16:07:03.480746+00:00,122.800293,boot_safe,0.000000,0.00000,0.000000,0.00000,LOW,false,false,true,false,
1229,2026-09-11T16:07:03.581155+00:00,122.900323,boot_safe,0.000000,0.00000,0.000000,0.00000,LOW,false,false,true,false,
1230,2026-09-11T16:07:03.681221+00:00,123.000421,boot_safe,0.000000,0.00000,0.000000,0.00000,LOW,false,false,true,false,
1231,2026-09-11T16:07:03.780773+00:00,123.100312,boot_safe,0.000000,0.00000,0.000000,0.00000,LOW,false,false,true,false,
1232,2026-09-11T16:07:03.881064+00:00,123.200317,boot_safe,0.000000,0.00000,0.000000,0.00000,LOW,false,false,true,false,
1233,2026-09-11T16:07:03.980808+00:00,123.300292,boot_safe,0.000000,0.00000,0.000000,0.00000,LOW,false,false,true,false,
1234,2026-09-11T16:07:04.081088+00:00,123.400324,boot_safe,0.000000,0.00000,0.000000,0.00000,LOW,false,false,true,false,
1235,2026-09-11T16:07:04.180797+00:00,123.500318,boot_safe,0.000000,0.00000,0.000000,0.00000,LOW,false,false,true,false,
1236,2026-09-11T16:07:04.281040+00:00,123.600318,boot_safe,0.000000,0.00000,0.000000,0.00000,LOW,false,false,true,false,
1237,2026-09-11T16:07:04.380730+00:00,123.700288,boot_safe,0.000000,0.00000,0.000000,0.00000,LOW,false,false,true,false,
1238,2026-09-11T16:07:04.481039+00:00,123.800310,boot_safe,0.000000,0.00000,0.000000,0.00000,LOW,false,false,true,false,
1239,2026-09-11T16:07:04.580752+00:00,123.900298,boot_safe,0.000000,0.00000,0.000000,0.00000,LOW,false,false,true,false,
1240,2026-09-11T16:07:04.681109+00:00,124.000346,boot_safe,0.000000,0.00000,0.000000,0.00000,LOW,false,false,true,false,
1241,2026-09-11T16:07:04.780734+00:00,124.100288,boot_safe,0.000000,0.00000,0.000000,0.00000,LOW,false,false,true,false,
1242,2026-09-11T16:07:04.881112+00:00,124.200348,boot_safe,0.000000,0.00000,0.000000,0.00000,LOW,false,false,true,false,
1243,2026-09-11T16:07:04.980794+00:00,124.300317,boot_safe,0.000000,0.00000,0.000000,0.00000,LOW,false,false,true,false,
1244,2026-09-11T16:07:05.081244+00:00,124.400427,boot_safe,0.000000,0.00000,0.000000,0.00000,LOW,false,false,true,false,
1245,2026-09-11T16:07:05.180745+00:00,124.500301,boot_safe,0.000000,0.00000,0.000000,0.00000,LOW,false,false,true,false,
1246,2026-09-11T16:07:05.281039+00:00,124.600317,boot_safe,0.000000,0.00000,0.000000,0.00000,LOW,false,false,true,false,
1247,2026-09-11T16:07:05.380727+00:00,124.700286,boot_safe,0.000000,0.00000,0.000000,0.00000,LOW,false,false,true,false,
1248,2026-09-11T16:07:05.481098+00:00,124.800345,boot_safe,0.000000,0.00000,0.000000,0.00000,LOW,false,false,true,false,
1249,2026-09-11T16:07:05.580751+00:00,124.900295,boot_safe,0.000000,0.00000,0.000000,0.00000,LOW,false,false,true,false,
1250,2026-09-11T16:07:05.681220+00:00,125.000307,boot_safe,0.000000,0.00000,0.000000,0.00000,LOW,false,false,true,false,
1251,2026-09-11T16:07:05.780837+00:00,125.100345,boot_safe,0.000000,0.00000,0.000000,0.00000,LOW,false,false,true,false,
1252,2026-09-11T16:07:05.881046+00:00,125.200320,boot_safe,0.000000,0.00000,0.000000,0.00000,LOW,false,false,true,false,
1253,2026-09-11T16:07:05.980723+00:00,125.300287,boot_safe,0.000000,0.00000,0.000000,0.00000,LOW,false,false,true,false,
1254,2026-09-11T16:07:06.081040+00:00,125.400309,boot_safe,0.000000,0.00000,0.000000,0.00000,LOW,false,false,true,false,
1255,2026-09-11T16:07:06.180724+00:00,125.500287,boot_safe,0.000000,0.00000,0.000000,0.00000,LOW,false,false,true,false,
1256,2026-09-11T16:07:06.281037+00:00,125.600311,boot_safe,0.000000,0.00000,0.000000,0.00000,LOW,false,false,true,false,
1257,2026-09-11T16:07:06.380721+00:00,125.700280,boot_safe,0.000000,0.00000,0.000000,0.00000,LOW,false,false,true,false,
1258,2026-09-11T16:07:06.481043+00:00,125.800311,boot_safe,0.000000,0.00000,0.000000,0.00000,LOW,false,false,true,false,
1259,2026-09-11T16:07:06.580769+00:00,125.900304,boot_safe,0.000000,0.00000,0.000000,0.00000,LOW,false,false,true,false,
1260,2026-09-11T16:07:06.681059+00:00,126.000316,boot_safe,0.000000,0.00000,0.000000,0.00000,LOW,false,false,true,false,
1261,2026-09-11T16:07:06.780746+00:00,126.100298,boot_safe,0.000000,0.00000,0.000000,0.00000,LOW,false,false,true,false,
1262,2026-09-11T16:07:06.881043+00:00,126.200310,boot_safe,0.000000,0.00000,0.000000,0.00000,LOW,false,false,true,false,
1263,2026-09-11T16:07:06.980723+00:00,126.300280,boot_safe,0.000000,0.00000,0.000000,0.00000,LOW,false,false,true,false,
1264,2026-09-11T16:07:07.081034+00:00,126.400313,boot_safe,0.000000,0.00000,0.000000,0.00000,LOW,false,false,true,false,
1265,2026-09-11T16:07:07.180721+00:00,126.500280,boot_safe,0.000000,0.00000,0.000000,0.00000,LOW,false,false,true,false,
1266,2026-09-11T16:07:07.281042+00:00,126.600306,boot_safe,0.000000,0.00000,0.000000,0.00000,LOW,false,false,true,false,
1267,2026-09-11T16:07:07.380728+00:00,126.700285,boot_safe,0.000000,0.00000,0.000000,0.00000,LOW,false,false,true,false,
1268,2026-09-11T16:07:07.481074+00:00,126.800306,boot_safe,0.000000,0.00000,0.000000,0.00000,LOW,false,false,true,false,
1269,2026-09-11T16:07:07.580737+00:00,126.900289,boot_safe,0.000000,0.00000,0.000000,0.00000,LOW,false,false,true,false,
1270,2026-09-11T16:07:07.681058+00:00,127.000314,boot_safe,0.000000,0.00000,0.000000,0.00000,LOW,false,false,true,false,
1271,2026-09-11T16:07:07.780749+00:00,127.100295,boot_safe,0.000000,0.00000,0.000000,0.00000,LOW,false,false,true,false,
1272,2026-09-11T16:07:07.881038+00:00,127.200308,boot_safe,0.000000,0.00000,0.000000,0.00000,LOW,false,false,true,false,
1273,2026-09-11T16:07:07.980728+00:00,127.300282,boot_safe,0.000000,0.00000,0.000000,0.00000,LOW,false,false,true,false,
1274,2026-09-11T16:07:08.081042+00:00,127.400313,boot_safe,0.000000,0.00000,0.000000,0.00000,LOW,false,false,true,false,
1275,2026-09-11T16:07:08.181232+00:00,127.500424,boot_safe,0.000000,0.00000,0.000000,0.00000,LOW,false,false,true,false,
1276,2026-09-11T16:07:08.280752+00:00,127.600302,boot_safe,0.000000,0.00000,0.000000,0.00000,LOW,false,false,true,false,
1277,2026-09-11T16:07:08.381045+00:00,127.700321,boot_safe,0.000000,0.00000,0.000000,0.00000,LOW,false,false,true,false,
1278,2026-09-11T16:07:08.480728+00:00,127.800287,boot_safe,0.000000,0.00000,0.000000,0.00000,LOW,false,false,true,false,
1279,2026-09-11T16:07:08.581042+00:00,127.900317,boot_safe,0.000000,0.00000,0.000000,0.00000,LOW,false,false,true,false,
1280,2026-09-11T16:07:08.680728+00:00,128.000286,boot_safe,0.000000,0.00000,0.000000,0.00000,LOW,false,false,true,false,
1281,2026-09-11T16:07:08.781047+00:00,128.100317,boot_safe,0.000000,0.00000,0.000000,0.00000,LOW,false,false,true,false,
1282,2026-09-11T16:07:08.880722+00:00,128.200282,boot_safe,0.000000,0.00000,0.000000,0.00000,LOW,false,false,true,false,
1283,2026-09-11T16:07:08.981053+00:00,128.300319,boot_safe,0.000000,0.00000,0.000000,0.00000,LOW,false,false,true,false,
1284,2026-09-11T16:07:09.080739+00:00,128.400290,boot_safe,0.000000,0.00000,0.000000,0.00000,LOW,false,false,true,false,
1285,2026-09-11T16:07:09.181042+00:00,128.500306,boot_safe,0.000000,0.00000,0.000000,0.00000,LOW,false,false,true,false,
1286,2026-09-11T16:07:09.280728+00:00,128.600286,boot_safe,0.000000,0.00000,0.000000,0.00000,LOW,false,false,true,false,
1287,2026-09-11T16:07:09.381065+00:00,128.700328,boot_safe,0.000000,0.00000,0.000000,0.00000,LOW,false,false,true,false,
1288,2026-09-11T16:07:09.481038+00:00,128.800307,boot_safe,0.000000,0.00000,0.000000,0.00000,LOW,false,false,true,false,
1289,2026-09-11T16:07:09.580757+00:00,128.900290,boot_safe,0.000000,0.00000,0.000000,0.00000,LOW,false,false,true,false,
1290,2026-09-11T16:07:09.681054+00:00,129.000319,boot_safe,0.000000,0.00000,0.000000,0.00000,LOW,false,false,true,false,
1291,2026-09-11T16:07:09.780742+00:00,129.100299,boot_safe,0.000000,0.00000,0.000000,0.00000,LOW,false,false,true,false,
1292,2026-09-11T16:07:09.881053+00:00,129.200320,boot_safe,0.000000,0.00000,0.000000,0.00000,LOW,false,false,true,false,
1293,2026-09-11T16:07:09.980728+00:00,129.300284,boot_safe,0.000000,0.00000,0.000000,0.00000,LOW,false,false,true,false,
1294,2026-09-11T16:07:10.081035+00:00,129.400311,boot_safe,0.000000,0.00000,0.000000,0.00000,LOW,false,false,true,false,
1295,2026-09-11T16:07:10.180730+00:00,129.500285,boot_safe,0.000000,0.00000,0.000000,0.00000,LOW,false,false,true,false,
1296,2026-09-11T16:07:10.281052+00:00,129.600313,boot_safe,0.000000,0.00000,0.000000,0.00000,LOW,false,false,true,false,
1297,2026-09-11T16:07:10.380721+00:00,129.700283,boot_safe,0.000000,0.00000,0.000000,0.00000,LOW,false,false,true,false,
1298,2026-09-11T16:07:10.481031+00:00,129.800312,boot_safe,0.000000,0.00000,0.000000,0.00000,LOW,false,false,true,false,
1299,2026-09-11T16:07:10.580728+00:00,129.900286,boot_safe,0.000000,0.00000,0.000000,0.00000,LOW,false,false,true,false,
1300,2026-09-11T16:07:10.681070+00:00,130.000316,boot_safe,0.000000,0.00000,0.000000,0.00000,LOW,false,false,true,false,
1301,2026-09-11T16:07:10.781040+00:00,130.100325,boot_safe,0.000000,0.00000,0.000000,0.00000,LOW,false,false,true,false,
1302,2026-09-11T16:07:10.880726+00:00,130.200289,boot_safe,0.000000,0.00000,0.000000,0.00000,LOW,false,false,true,false,
1303,2026-09-11T16:07:10.981111+00:00,130.300348,boot_safe,0.000000,0.00000,0.000000,0.00000,LOW,false,false,true,false,
1304,2026-09-11T16:07:11.081080+00:00,130.400340,boot_safe,0.000000,0.00000,0.000000,0.00000,LOW,false,false,true,false,
1305,2026-09-11T16:07:11.180957+00:00,130.500397,boot_safe,0.000000,0.00000,0.000000,0.00000,LOW,false,false,true,false,
1306,2026-09-11T16:07:11.281050+00:00,130.600327,boot_safe,0.000000,0.00000,0.000000,0.00000,LOW,false,false,true,false,
1307,2026-09-11T16:07:11.380723+00:00,130.700287,boot_safe,0.000000,0.00000,0.000000,0.00000,LOW,false,false,true,false,
1308,2026-09-11T16:07:11.481092+00:00,130.800342,boot_safe,0.000000,0.00000,0.000000,0.00000,LOW,false,false,true,false,
1309,2026-09-11T16:07:11.580741+00:00,130.900291,boot_safe,0.000000,0.00000,0.000000,0.00000,LOW,false,false,true,false,
1310,2026-09-11T16:07:11.681230+00:00,131.000321,boot_safe,0.000000,0.00000,0.000000,0.00000,LOW,false,false,true,false,
1311,2026-09-11T16:07:11.780844+00:00,131.100342,boot_safe,-0.002000,-0.00606,0.000000,0.00000,LOW,false,false,true,false,
1312,2026-09-11T16:07:11.881039+00:00,131.200320,boot_safe,0.000000,0.00000,0.000000,0.00000,LOW,false,false,true,false,
1313,2026-09-11T16:07:11.980723+00:00,131.300283,boot_safe,0.000000,0.00000,0.000000,0.00000,LOW,false,false,true,false,
1314,2026-09-11T16:07:12.081041+00:00,131.400310,boot_safe,0.000000,0.00000,0.000000,0.00000,LOW,false,false,true,false,
1315,2026-09-11T16:07:12.180729+00:00,131.500287,boot_safe,0.000000,0.00000,0.000000,0.00000,LOW,false,false,true,false,
1316,2026-09-11T16:07:12.281035+00:00,131.600315,boot_safe,0.000000,0.00000,0.000000,0.00000,LOW,false,false,true,false,
1317,2026-09-11T16:07:12.380727+00:00,131.700285,boot_safe,0.000000,0.00000,0.000000,0.00000,LOW,false,false,true,false,
1318,2026-09-11T16:07:12.481062+00:00,131.800324,boot_safe,0.000000,0.00000,0.000000,0.00000,LOW,false,false,true,false,
1319,2026-09-11T16:07:12.580720+00:00,131.900287,boot_safe,0.000000,0.00000,0.000000,0.00000,LOW,false,false,true,false,
1320,2026-09-11T16:07:12.681049+00:00,132.000316,boot_safe,0.000000,0.00000,0.000000,0.00000,LOW,false,false,true,false,
1321,2026-09-11T16:07:12.780716+00:00,132.100284,boot_safe,0.000000,0.00000,0.000000,0.00000,LOW,false,false,true,false,
1322,2026-09-11T16:07:12.881039+00:00,132.200311,boot_safe,0.000000,0.00000,0.000000,0.00000,LOW,false,false,true,false,
1323,2026-09-11T16:07:12.980722+00:00,132.300282,boot_safe,0.000000,0.00000,0.000000,0.00000,LOW,false,false,true,false,
1324,2026-09-11T16:07:13.081221+00:00,132.400375,boot_safe,0.000000,0.00000,0.000000,0.00000,LOW,false,false,true,false,
1325,2026-09-11T16:07:13.180792+00:00,132.500328,boot_safe,0.000000,0.00000,0.000000,0.00000,LOW,false,false,true,false,
1326,2026-09-11T16:07:13.280856+00:00,132.600352,boot_safe,0.000000,0.00000,0.000000,0.00000,LOW,false,false,true,false,
1327,2026-09-11T16:07:13.381182+00:00,132.700390,boot_safe,0.000000,0.00000,0.000000,0.00000,LOW,false,false,true,false,
1328,2026-09-11T16:07:13.480745+00:00,132.800297,boot_safe,0.000000,0.00000,0.000000,0.00000,LOW,false,false,true,false,
1329,2026-09-11T16:07:13.581056+00:00,132.900313,boot_safe,0.000000,0.00000,0.000000,0.00000,LOW,false,false,true,false,
1330,2026-09-11T16:07:13.680753+00:00,133.000299,boot_safe,0.000000,0.00000,0.000000,0.00000,LOW,false,false,true,false,
1331,2026-09-11T16:07:13.781038+00:00,133.100319,boot_safe,0.000000,0.00000,-0.002000,-0.01212,LOW,false,false,true,false,
1332,2026-09-11T16:07:13.881067+00:00,133.200311,boot_safe,0.000000,0.00000,0.000000,0.00000,LOW,false,false,true,false,
1333,2026-09-11T16:07:13.981039+00:00,133.300303,boot_safe,0.000000,0.00000,0.000000,0.00000,LOW,false,false,true,false,
1334,2026-09-11T16:07:14.081148+00:00,133.400317,boot_safe,0.000000,0.00000,0.000000,0.00000,LOW,false,false,true,false,
1335,2026-09-11T16:07:14.180791+00:00,133.500324,boot_safe,0.000000,0.00000,0.000000,0.00000,LOW,false,false,true,false,
1336,2026-09-11T16:07:14.281045+00:00,133.600319,boot_safe,0.000000,0.00000,0.000000,0.00000,LOW,false,false,true,false,
1337,2026-09-11T16:07:14.380730+00:00,133.700287,boot_safe,0.000000,0.00000,0.000000,0.00000,LOW,false,false,true,false,
1338,2026-09-11T16:07:14.481050+00:00,133.800309,boot_safe,0.000000,0.00000,0.000000,0.00000,LOW,false,false,true,false,
1339,2026-09-11T16:07:14.580744+00:00,133.900287,boot_safe,0.000000,0.00000,0.000000,0.00000,LOW,false,false,true,false,
1340,2026-09-11T16:07:14.681058+00:00,134.000319,boot_safe,0.000000,0.00000,0.000000,0.00000,LOW,false,false,true,false,
1341,2026-09-11T16:07:14.781078+00:00,134.100320,boot_safe,0.000000,0.00000,0.000000,0.00000,LOW,false,false,true,false,
1342,2026-09-11T16:07:14.880738+00:00,134.200292,boot_safe,0.000000,0.00000,0.000000,0.00000,LOW,false,false,true,false,
1343,2026-09-11T16:07:14.981037+00:00,134.300312,boot_safe,0.000000,0.00000,0.000000,0.00000,LOW,false,false,true,false,
1344,2026-09-11T16:07:15.080727+00:00,134.400283,boot_safe,0.000000,0.00000,0.000000,0.00000,LOW,false,false,true,false,
1345,2026-09-11T16:07:15.181036+00:00,134.500307,boot_safe,0.000000,0.00000,0.000000,0.00000,LOW,false,false,true,false,
1346,2026-09-11T16:07:15.280735+00:00,134.600285,boot_safe,0.000000,0.00000,0.000000,0.00000,LOW,false,false,true,false,
1347,2026-09-11T16:07:15.381036+00:00,134.700305,boot_safe,0.000000,0.00000,0.000000,0.00000,LOW,false,false,true,false,
1348,2026-09-11T16:07:15.480731+00:00,134.800282,boot_safe,0.000000,0.00000,0.000000,0.00000,LOW,false,false,true,false,
1349,2026-09-11T16:07:15.581040+00:00,134.900308,boot_safe,0.000000,0.00000,0.000000,0.00000,LOW,false,false,true,false,
1350,2026-09-11T16:07:15.680737+00:00,135.000289,boot_safe,0.000000,0.00000,0.000000,0.00000,LOW,false,false,true,false,
1351,2026-09-11T16:07:15.781053+00:00,135.100319,boot_safe,0.000000,0.00000,0.000000,0.00000,LOW,false,false,true,false,
1352,2026-09-11T16:07:15.880725+00:00,135.200286,boot_safe,0.000000,0.00000,0.000000,0.00000,LOW,false,false,true,false,
1353,2026-09-11T16:07:15.981028+00:00,135.300308,boot_safe,0.000000,0.00000,0.000000,0.00000,LOW,false,false,true,false,
1354,2026-09-11T16:07:16.080720+00:00,135.400282,boot_safe,0.000000,0.00000,0.000000,0.00000,LOW,false,false,true,false,
1355,2026-09-11T16:07:16.181095+00:00,135.500307,boot_safe,0.000000,0.00000,0.000000,0.00000,LOW,false,false,true,false,
1356,2026-09-11T16:07:16.280816+00:00,135.600335,boot_safe,0.000000,0.00000,0.000000,0.00000,LOW,false,false,true,false,
1357,2026-09-11T16:07:16.381051+00:00,135.700316,boot_safe,0.000000,0.00000,0.000000,0.00000,LOW,false,false,true,false,
1358,2026-09-11T16:07:16.480735+00:00,135.800290,boot_safe,0.000000,0.00000,0.000000,0.00000,LOW,false,false,true,false,
1359,2026-09-11T16:07:16.581062+00:00,135.900321,boot_safe,0.000000,0.00000,0.000000,0.00000,LOW,false,false,true,false,
1360,2026-09-11T16:07:16.680743+00:00,136.000284,boot_safe,0.000000,0.00000,0.000000,0.00000,LOW,false,false,true,false,
1361,2026-09-11T16:07:16.781075+00:00,136.100327,boot_safe,0.000000,0.00000,0.000000,0.00000,LOW,false,false,true,false,
1362,2026-09-11T16:07:16.880813+00:00,136.200312,boot_safe,0.000000,0.00000,0.000000,0.00000,LOW,false,false,true,false,
1363,2026-09-11T16:07:16.981015+00:00,136.300282,boot_safe,0.000000,0.00000,0.000000,0.00000,LOW,false,false,true,false,
1364,2026-09-11T16:07:17.081037+00:00,136.400440,boot_safe,0.000000,0.00000,0.000000,0.00000,LOW,false,false,true,false,
1365,2026-09-11T16:07:17.181065+00:00,136.500388,boot_safe,0.000000,0.00000,0.000000,0.00000,LOW,false,false,true,false,
1366,2026-09-11T16:07:17.280827+00:00,136.600318,boot_safe,0.000000,0.00000,0.000000,0.00000,LOW,false,false,true,false,
1367,2026-09-11T16:07:17.380933+00:00,136.700282,boot_safe,0.000000,0.00000,0.000000,0.00000,LOW,false,false,true,false,
1368,2026-09-11T16:07:17.480852+00:00,136.800325,boot_safe,0.000000,0.00000,0.000000,0.00000,LOW,false,false,true,false,
1369,2026-09-11T16:07:17.580939+00:00,136.900286,boot_safe,0.000000,0.00000,0.000000,0.00000,LOW,false,false,true,false,
1370,2026-09-11T16:07:17.681011+00:00,137.000309,boot_safe,0.000000,0.00000,0.000000,0.00000,LOW,false,false,true,false,
1371,2026-09-11T16:07:17.780858+00:00,137.100329,boot_safe,0.000000,0.00000,0.000000,0.00000,LOW,false,false,true,false,
1372,2026-09-11T16:07:17.880936+00:00,137.200287,boot_safe,0.000000,0.00000,0.000000,0.00000,LOW,false,false,true,false,
1373,2026-09-11T16:07:17.981083+00:00,137.300335,boot_safe,0.000000,0.00000,0.000000,0.00000,LOW,false,false,true,false,
1374,2026-09-11T16:07:18.080803+00:00,137.400308,boot_safe,0.000000,0.00000,0.000000,0.00000,LOW,false,false,true,false,
1375,2026-09-11T16:07:18.180916+00:00,137.500275,boot_safe,0.000000,0.00000,0.000000,0.00000,LOW,false,false,true,false,
1376,2026-09-11T16:07:18.280835+00:00,137.600314,boot_safe,0.000000,0.00000,0.000000,0.00000,LOW,false,false,true,false,
1377,2026-09-11T16:07:18.380930+00:00,137.700387,boot_safe,0.000000,0.00000,0.000000,0.00000,LOW,false,false,true,false,
1378,2026-09-11T16:07:18.480939+00:00,137.800290,boot_safe,0.000000,0.00000,0.000000,0.00000,LOW,false,false,true,false,
1379,2026-09-11T16:07:18.580843+00:00,137.900320,boot_safe,0.000000,0.00000,0.000000,0.00000,LOW,false,false,true,false,
1380,2026-09-11T16:07:18.680937+00:00,138.000279,boot_safe,0.000000,0.00000,0.000000,0.00000,LOW,false,false,true,false,
1381,2026-09-11T16:07:18.780833+00:00,138.100321,boot_safe,0.000000,0.00000,0.000000,0.00000,LOW,false,false,true,false,
1382,2026-09-11T16:07:18.880953+00:00,138.200288,boot_safe,0.000000,0.00000,0.000000,0.00000,LOW,false,false,true,false,
1383,2026-09-11T16:07:18.980819+00:00,138.300310,boot_safe,0.000000,0.00000,0.000000,0.00000,LOW,false,false,true,false,
1384,2026-09-11T16:07:19.080924+00:00,138.400279,boot_safe,0.000000,0.00000,0.000000,0.00000,LOW,false,false,true,false,
1385,2026-09-11T16:07:19.180808+00:00,138.500306,boot_safe,0.000000,0.00000,0.000000,0.00000,LOW,false,false,true,false,
1386,2026-09-11T16:07:19.280931+00:00,138.600278,boot_safe,0.000000,0.00000,0.000000,0.00000,LOW,false,false,true,false,
1387,2026-09-11T16:07:19.380936+00:00,138.700307,boot_safe,0.000000,0.00000,0.000000,0.00000,LOW,false,false,true,false,
1388,2026-09-11T16:07:19.480858+00:00,138.800279,boot_safe,0.000000,0.00000,0.000000,0.00000,LOW,false,false,true,false,
1389,2026-09-11T16:07:19.581053+00:00,138.900308,boot_safe,0.000000,0.00000,0.000000,0.00000,LOW,false,false,true,false,
1390,2026-09-11T16:07:19.681035+00:00,139.000390,boot_safe,0.000000,0.00000,0.000000,0.00000,LOW,false,false,true,false,
1391,2026-09-11T16:07:19.780974+00:00,139.100333,boot_safe,0.000000,0.00000,0.000000,0.00000,LOW,false,false,true,false,
1392,2026-09-11T16:07:19.880820+00:00,139.200293,boot_safe,0.000000,0.00000,0.000000,0.00000,LOW,false,false,true,false,
1393,2026-09-11T16:07:19.981069+00:00,139.300323,boot_safe,0.000000,0.00000,0.000000,0.00000,LOW,false,false,true,false,
1394,2026-09-11T16:07:20.080906+00:00,139.400280,boot_safe,0.000000,0.00000,0.000000,0.00000,LOW,false,false,true,false,
1395,2026-09-11T16:07:20.181122+00:00,139.500353,boot_safe,0.000000,0.00000,0.000000,0.00000,LOW,false,false,true,false,
1396,2026-09-11T16:07:20.280890+00:00,139.600287,boot_safe,0.000000,0.00000,0.000000,0.00000,LOW,false,false,true,false,
1397,2026-09-11T16:07:20.380954+00:00,139.700313,boot_safe,0.000000,0.00000,0.000000,0.00000,LOW,false,false,true,false,
1398,2026-09-11T16:07:20.480795+00:00,139.800282,boot_safe,0.000000,0.00000,0.000000,0.00000,LOW,false,false,true,false,
1399,2026-09-11T16:07:20.580979+00:00,139.900309,boot_safe,0.000000,0.00000,0.000000,0.00000,LOW,false,false,true,false,
1400,2026-09-11T16:07:20.680818+00:00,140.000293,boot_safe,0.000000,0.00000,0.000000,0.00000,LOW,false,false,true,false,
1401,2026-09-11T16:07:20.780951+00:00,140.100309,boot_safe,0.000000,0.00000,0.000000,0.00000,LOW,false,false,true,false,
1402,2026-09-11T16:07:20.880837+00:00,140.200295,boot_safe,0.000000,0.00000,0.000000,0.00000,LOW,false,false,true,false,
1403,2026-09-11T16:07:20.980975+00:00,140.300313,boot_safe,0.000000,0.00000,0.000000,0.00000,LOW,false,false,true,false,
1404,2026-09-11T16:07:21.080796+00:00,140.400280,boot_safe,0.000000,0.00000,0.000000,0.00000,LOW,false,false,true,false,
1405,2026-09-11T16:07:21.180970+00:00,140.500308,boot_safe,0.000000,0.00000,0.000000,0.00000,LOW,false,false,true,false,
1406,2026-09-11T16:07:21.280796+00:00,140.600282,boot_safe,0.000000,0.00000,0.000000,0.00000,LOW,false,false,true,false,
1407,2026-09-11T16:07:21.380973+00:00,140.700311,boot_safe,0.000000,0.00000,0.000000,0.00000,LOW,false,false,true,false,
1408,2026-09-11T16:07:21.480792+00:00,140.800280,boot_safe,0.000000,0.00000,0.000000,0.00000,LOW,false,false,true,false,
1409,2026-09-11T16:07:21.580985+00:00,140.900308,boot_safe,0.000000,0.00000,0.000000,0.00000,LOW,false,false,true,false,
1410,2026-09-11T16:07:21.680803+00:00,141.000285,boot_safe,0.000000,0.00000,0.000000,0.00000,LOW,false,false,true,false,
1411,2026-09-11T16:07:21.781025+00:00,141.100307,boot_safe,0.000000,0.00000,0.000000,0.00000,LOW,false,false,true,false,
1412,2026-09-11T16:07:21.880785+00:00,141.200283,boot_safe,0.000000,0.00000,0.000000,0.00000,LOW,false,false,true,false,
1413,2026-09-11T16:07:21.981033+00:00,141.300318,boot_safe,0.000000,0.00000,0.000000,0.00000,LOW,false,false,true,false,
1414,2026-09-11T16:07:22.080714+00:00,141.400281,boot_safe,0.000000,0.00000,0.000000,0.00000,LOW,false,false,true,false,
1415,2026-09-11T16:07:22.181121+00:00,141.500304,boot_safe,0.000000,0.00000,0.000000,0.00000,LOW,false,false,true,false,
1416,2026-09-11T16:07:22.280717+00:00,141.600281,boot_safe,0.000000,0.00000,0.000000,0.00000,LOW,false,false,true,false,
1417,2026-09-11T16:07:22.381040+00:00,141.700307,boot_safe,0.000000,0.00000,0.000000,0.00000,LOW,false,false,true,false,
1418,2026-09-11T16:07:22.480752+00:00,141.800291,boot_safe,0.000000,0.00000,0.000000,0.00000,LOW,false,false,true,false,
1419,2026-09-11T16:07:22.581044+00:00,141.900317,boot_safe,0.000000,0.00000,0.000000,0.00000,LOW,false,false,true,false,
1420,2026-09-11T16:07:22.680738+00:00,142.000288,boot_safe,0.000000,0.00000,0.000000,0.00000,LOW,false,false,true,false,
1421,2026-09-11T16:07:22.781053+00:00,142.100326,boot_safe,0.000000,0.00000,0.000000,0.00000,LOW,false,false,true,false,
1422,2026-09-11T16:07:22.880722+00:00,142.200289,boot_safe,0.000000,0.00000,0.000000,0.00000,LOW,false,false,true,false,
1423,2026-09-11T16:07:22.981127+00:00,142.300355,boot_safe,0.000000,0.00000,0.000000,0.00000,LOW,false,false,true,false,
1424,2026-09-11T16:07:23.080739+00:00,142.400296,boot_safe,0.000000,0.00000,0.000000,0.00000,LOW,false,false,true,false,
1425,2026-09-11T16:07:23.181234+00:00,142.500379,boot_safe,0.000000,0.00000,0.000000,0.00000,LOW,false,false,true,false,
1426,2026-09-11T16:07:23.280818+00:00,142.600342,boot_safe,0.000000,0.00000,0.000000,0.00000,LOW,false,false,true,false,
1427,2026-09-11T16:07:23.381064+00:00,142.700323,boot_safe,0.000000,0.00000,0.000000,0.00000,LOW,false,false,true,false,
1428,2026-09-11T16:07:23.480873+00:00,142.800351,boot_safe,0.000000,0.00000,0.000000,0.00000,LOW,false,false,true,false,
1429,2026-09-11T16:07:23.581065+00:00,142.900330,boot_safe,0.000000,0.00000,0.000000,0.00000,LOW,false,false,true,false,
1430,2026-09-11T16:07:23.680956+00:00,143.000308,boot_safe,0.000000,0.00000,0.000000,0.00000,LOW,false,false,true,false,
1431,2026-09-11T16:07:23.780836+00:00,143.100337,boot_safe,0.000000,0.00000,0.000000,0.00000,LOW,false,false,true,false,
1432,2026-09-11T16:07:23.881054+00:00,143.200324,boot_safe,0.000000,0.00000,0.000000,0.00000,LOW,false,false,true,false,
1433,2026-09-11T16:07:23.980749+00:00,143.300296,boot_safe,0.000000,0.00000,0.000000,0.00000,LOW,false,false,true,false,
1434,2026-09-11T16:07:24.081166+00:00,143.400375,boot_safe,0.000000,0.00000,0.000000,0.00000,LOW,false,false,true,false,
1435,2026-09-11T16:07:24.181043+00:00,143.500315,boot_safe,0.000000,0.00000,0.000000,0.00000,LOW,false,false,true,false,
1436,2026-09-11T16:07:24.280738+00:00,143.600289,boot_safe,0.000000,0.00000,0.000000,0.00000,LOW,false,false,true,false,
1437,2026-09-11T16:07:24.381045+00:00,143.700314,boot_safe,0.000000,0.00000,0.000000,0.00000,LOW,false,false,true,false,
1438,2026-09-11T16:07:24.480739+00:00,143.800288,boot_safe,0.000000,0.00000,0.000000,0.00000,LOW,false,false,true,false,
1439,2026-09-11T16:07:24.581050+00:00,143.900316,boot_safe,0.000000,0.00000,0.000000,0.00000,LOW,false,false,true,false,
1440,2026-09-11T16:07:24.680723+00:00,144.000283,boot_safe,0.000000,0.00000,0.000000,0.00000,LOW,false,false,true,false,
1441,2026-09-11T16:07:24.781043+00:00,144.100312,boot_safe,0.000000,0.00000,0.000000,0.00000,LOW,false,false,true,false,
1442,2026-09-11T16:07:24.880732+00:00,144.200284,boot_safe,0.000000,0.00000,0.000000,0.00000,LOW,false,false,true,false,
1443,2026-09-11T16:07:24.981067+00:00,144.300322,boot_safe,0.000000,0.00000,0.000000,0.00000,LOW,false,false,true,false,
1444,2026-09-11T16:07:25.080736+00:00,144.400290,boot_safe,0.000000,0.00000,0.000000,0.00000,LOW,false,false,true,false,
1445,2026-09-11T16:07:25.181037+00:00,144.500314,boot_safe,0.000000,0.00000,0.000000,0.00000,LOW,false,false,true,false,
1446,2026-09-11T16:07:25.280724+00:00,144.600282,boot_safe,0.000000,0.00000,0.000000,0.00000,LOW,false,false,true,false,
1447,2026-09-11T16:07:25.381036+00:00,144.700310,boot_safe,0.000000,0.00000,0.000000,0.00000,LOW,false,false,true,false,
1448,2026-09-11T16:07:25.480746+00:00,144.800290,boot_safe,0.000000,0.00000,0.000000,0.00000,LOW,false,false,true,false,
1449,2026-09-11T16:07:25.581041+00:00,144.900309,boot_safe,0.000000,0.00000,0.000000,0.00000,LOW,false,false,true,false,
1450,2026-09-11T16:07:25.680732+00:00,145.000283,boot_safe,0.000000,0.00000,0.000000,0.00000,LOW,false,false,true,false,
1451,2026-09-11T16:07:25.781052+00:00,145.100316,boot_safe,0.000000,0.00000,0.000000,0.00000,LOW,false,false,true,false,
1452,2026-09-11T16:07:25.880723+00:00,145.200286,boot_safe,0.000000,0.00000,0.000000,0.00000,LOW,false,false,true,false,
1453,2026-09-11T16:07:25.981052+00:00,145.300318,boot_safe,0.000000,0.00000,0.000000,0.00000,LOW,false,false,true,false,
1454,2026-09-11T16:07:26.080731+00:00,145.400291,boot_safe,0.000000,0.00000,0.000000,0.00000,LOW,false,false,true,false,
1455,2026-09-11T16:07:26.181030+00:00,145.500312,boot_safe,0.000000,0.00000,0.000000,0.00000,LOW,false,false,true,false,
1456,2026-09-11T16:07:26.280722+00:00,145.600286,boot_safe,0.000000,0.00000,0.000000,0.00000,LOW,false,false,true,false,
1457,2026-09-11T16:07:26.381026+00:00,145.700307,boot_safe,0.000000,0.00000,0.000000,0.00000,LOW,false,false,true,false,
1458,2026-09-11T16:07:26.480722+00:00,145.800284,boot_safe,0.000000,0.00000,0.000000,0.00000,LOW,false,false,true,false,
1459,2026-09-11T16:07:26.581041+00:00,145.900313,boot_safe,0.000000,0.00000,0.000000,0.00000,LOW,false,false,true,false,
1460,2026-09-11T16:07:26.680750+00:00,146.000291,boot_safe,0.000000,0.00000,0.000000,0.00000,LOW,false,false,true,false,
1461,2026-09-11T16:07:26.781079+00:00,146.100334,boot_safe,0.000000,0.00000,0.000000,0.00000,LOW,false,false,true,false,
1462,2026-09-11T16:07:26.880728+00:00,146.200291,boot_safe,0.000000,0.00000,0.000000,0.00000,LOW,false,false,true,false,
1463,2026-09-11T16:07:26.981043+00:00,146.300311,boot_safe,0.000000,0.00000,0.000000,0.00000,LOW,false,false,true,false,
1464,2026-09-11T16:07:27.080736+00:00,146.400287,boot_safe,0.000000,0.00000,0.000000,0.00000,LOW,false,false,true,false,
1465,2026-09-11T16:07:27.181027+00:00,146.500313,boot_safe,0.000000,0.00000,0.000000,0.00000,LOW,false,false,true,false,
1466,2026-09-11T16:07:27.280973+00:00,146.600415,boot_safe,0.000000,0.00000,0.000000,0.00000,LOW,false,false,true,false,
1467,2026-09-11T16:07:27.381069+00:00,146.700333,boot_safe,0.000000,0.00000,0.000000,0.00000,LOW,false,false,true,false,
1468,2026-09-11T16:07:27.480733+00:00,146.800292,boot_safe,0.000000,0.00000,0.000000,0.00000,LOW,false,false,true,false,
1469,2026-09-11T16:07:27.581047+00:00,146.900313,boot_safe,0.000000,0.00000,0.000000,0.00000,LOW,false,false,true,false,
1470,2026-09-11T16:07:27.680731+00:00,147.000285,boot_safe,0.000000,0.00000,0.000000,0.00000,LOW,false,false,true,false,
1471,2026-09-11T16:07:27.781049+00:00,147.100309,boot_safe,0.000000,0.00000,0.000000,0.00000,LOW,false,false,true,false,
1472,2026-09-11T16:07:27.880732+00:00,147.200286,boot_safe,0.000000,0.00000,0.000000,0.00000,LOW,false,false,true,false,
1473,2026-09-11T16:07:27.981032+00:00,147.300307,boot_safe,0.000000,0.00000,0.000000,0.00000,LOW,false,false,true,false,
1474,2026-09-11T16:07:28.080747+00:00,147.400293,boot_safe,0.000000,0.00000,0.000000,0.00000,LOW,false,false,true,false,
1475,2026-09-11T16:07:28.181078+00:00,147.500333,boot_safe,0.000000,0.00000,0.000000,0.00000,LOW,false,false,true,false,
1476,2026-09-11T16:07:28.281027+00:00,147.600310,boot_safe,0.000000,0.00000,0.000000,0.00000,LOW,false,false,true,false,
1477,2026-09-11T16:07:28.380723+00:00,147.700287,boot_safe,0.000000,0.00000,0.000000,0.00000,LOW,false,false,true,false,
1478,2026-09-11T16:07:28.481030+00:00,147.800307,boot_safe,0.000000,0.00000,0.000000,0.00000,LOW,false,false,true,false,
1479,2026-09-11T16:07:28.581175+00:00,147.900387,boot_safe,0.000000,0.00000,0.000000,0.00000,LOW,false,false,true,false,
1480,2026-09-11T16:07:28.681029+00:00,148.000317,boot_safe,0.000000,0.00000,0.000000,0.00000,LOW,false,false,true,false,
1481,2026-09-11T16:07:28.780724+00:00,148.100286,boot_safe,0.000000,0.00000,0.000000,0.00000,LOW,false,false,true,false,
1482,2026-09-11T16:07:28.881159+00:00,148.200315,boot_safe,0.000000,0.00000,0.000000,0.00000,LOW,false,false,true,false,
1483,2026-09-11T16:07:28.980856+00:00,148.300364,boot_safe,0.000000,0.00000,0.000000,0.00000,LOW,false,false,true,false,
1484,2026-09-11T16:07:29.081075+00:00,148.400334,boot_safe,0.000000,0.00000,0.000000,0.00000,LOW,false,false,true,false,
1485,2026-09-11T16:07:29.180815+00:00,148.500330,boot_safe,0.000000,0.00000,0.000000,0.00000,LOW,false,false,true,false,
1486,2026-09-11T16:07:29.281058+00:00,148.600331,boot_safe,0.000000,0.00000,0.000000,0.00000,LOW,false,false,true,false,
1487,2026-09-11T16:07:29.380730+00:00,148.700288,boot_safe,0.000000,0.00000,0.000000,0.00000,LOW,false,false,true,false,
1488,2026-09-11T16:07:29.481035+00:00,148.800311,boot_safe,0.000000,0.00000,0.000000,0.00000,LOW,false,false,true,false,
1489,2026-09-11T16:07:29.580729+00:00,148.900287,boot_safe,0.000000,0.00000,0.000000,0.00000,LOW,false,false,true,false,
1490,2026-09-11T16:07:29.681248+00:00,149.000314,boot_safe,0.000000,0.00000,0.000000,0.00000,LOW,false,false,true,false,
1491,2026-09-11T16:07:29.780824+00:00,149.100340,boot_safe,0.000000,0.00000,0.000000,0.00000,LOW,false,false,true,false,
1492,2026-09-11T16:07:29.881043+00:00,149.200327,boot_safe,0.000000,0.00000,0.000000,0.00000,LOW,false,false,true,false,
1493,2026-09-11T16:07:29.980726+00:00,149.300290,boot_safe,0.000000,0.00000,0.000000,0.00000,LOW,false,false,true,false,
1494,2026-09-11T16:07:30.081055+00:00,149.400326,boot_safe,0.000000,0.00000,0.000000,0.00000,LOW,false,false,true,false,
1495,2026-09-11T16:07:30.180733+00:00,149.500290,boot_safe,0.000000,0.00000,0.000000,0.00000,LOW,false,false,true,false,
1496,2026-09-11T16:07:30.281040+00:00,149.600313,boot_safe,0.000000,0.00000,0.000000,0.00000,LOW,false,false,true,false,
1497,2026-09-11T16:07:30.380719+00:00,149.700283,boot_safe,0.000000,0.00000,0.000000,0.00000,LOW,false,false,true,false,
1498,2026-09-11T16:07:30.481036+00:00,149.800307,boot_safe,0.000000,0.00000,0.000000,0.00000,LOW,false,false,true,false,
1499,2026-09-11T16:07:30.580728+00:00,149.900288,boot_safe,0.000000,0.00000,0.000000,0.00000,LOW,false,false,true,false,
1500,2026-09-11T16:07:30.681118+00:00,150.000320,boot_safe,0.000000,0.00000,0.000000,0.00000,LOW,false,false,true,false,
1501,2026-09-11T16:07:30.781040+00:00,150.100325,boot_safe,0.000000,0.00000,0.000000,0.00000,LOW,false,false,true,false,
1502,2026-09-11T16:07:30.880733+00:00,150.200288,boot_safe,0.000000,0.00000,0.000000,0.00000,LOW,false,false,true,false,
1503,2026-09-11T16:07:30.981038+00:00,150.300308,boot_safe,0.000000,0.00000,0.000000,0.00000,LOW,false,false,true,false,
1504,2026-09-11T16:07:31.080732+00:00,150.400284,boot_safe,0.000000,0.00000,0.000000,0.00000,LOW,false,false,true,false,
1505,2026-09-11T16:07:31.181043+00:00,150.500315,boot_safe,0.000000,0.00000,0.000000,0.00000,LOW,false,false,true,false,
1506,2026-09-11T16:07:31.280732+00:00,150.600285,boot_safe,0.000000,0.00000,0.000000,0.00000,LOW,false,false,true,false,
1507,2026-09-11T16:07:31.381036+00:00,150.700310,boot_safe,0.000000,0.00000,0.000000,0.00000,LOW,false,false,true,false,
1508,2026-09-11T16:07:31.480721+00:00,150.800282,boot_safe,0.000000,0.00000,0.000000,0.00000,LOW,false,false,true,false,
1509,2026-09-11T16:07:31.581038+00:00,150.900307,boot_safe,0.000000,0.00000,0.000000,0.00000,LOW,false,false,true,false,
1510,2026-09-11T16:07:31.680730+00:00,151.000287,boot_safe,0.000000,0.00000,0.000000,0.00000,LOW,false,false,true,false,
1511,2026-09-11T16:07:31.781040+00:00,151.100306,boot_safe,0.000000,0.00000,0.000000,0.00000,LOW,false,false,true,false,
1512,2026-09-11T16:07:31.880727+00:00,151.200283,boot_safe,0.000000,0.00000,0.000000,0.00000,LOW,false,false,true,false,
1513,2026-09-11T16:07:31.981037+00:00,151.300313,boot_safe,0.000000,0.00000,0.000000,0.00000,LOW,false,false,true,false,
1514,2026-09-11T16:07:32.080735+00:00,151.400283,boot_safe,0.000000,0.00000,0.000000,0.00000,LOW,false,false,true,false,
1515,2026-09-11T16:07:32.181052+00:00,151.500316,boot_safe,0.000000,0.00000,0.000000,0.00000,LOW,false,false,true,false,
1516,2026-09-11T16:07:32.280723+00:00,151.600282,boot_safe,0.000000,0.00000,0.000000,0.00000,LOW,false,false,true,false,
1517,2026-09-11T16:07:32.381040+00:00,151.700307,boot_safe,0.000000,0.00000,0.000000,0.00000,LOW,false,false,true,false,
1518,2026-09-11T16:07:32.480748+00:00,151.800298,boot_safe,0.000000,0.00000,0.000000,0.00000,LOW,false,false,true,false,
1519,2026-09-11T16:07:32.581039+00:00,151.900315,boot_safe,0.000000,0.00000,0.000000,0.00000,LOW,false,false,true,false,
1520,2026-09-11T16:07:32.680724+00:00,152.000283,boot_safe,0.000000,0.00000,0.000000,0.00000,LOW,false,false,true,false,
1521,2026-09-11T16:07:32.781036+00:00,152.100315,boot_safe,0.000000,0.00000,0.000000,0.00000,LOW,false,false,true,false,
1522,2026-09-11T16:07:32.880714+00:00,152.200280,boot_safe,0.000000,0.00000,0.000000,0.00000,LOW,false,false,true,false,
1523,2026-09-11T16:07:32.981037+00:00,152.300312,boot_safe,0.000000,0.00000,0.000000,0.00000,LOW,false,false,true,false,
1524,2026-09-11T16:07:33.080723+00:00,152.400282,boot_safe,0.000000,0.00000,0.000000,0.00000,LOW,false,false,true,false,
1525,2026-09-11T16:07:33.181052+00:00,152.500319,boot_safe,0.000000,0.00000,0.000000,0.00000,LOW,false,false,true,false,
1526,2026-09-11T16:07:33.280722+00:00,152.600285,boot_safe,0.000000,0.00000,0.000000,0.00000,LOW,false,false,true,false,
1527,2026-09-11T16:07:33.381061+00:00,152.700322,boot_safe,0.000000,0.00000,0.000000,0.00000,LOW,false,false,true,false,
1528,2026-09-11T16:07:33.480717+00:00,152.800279,boot_safe,0.000000,0.00000,0.000000,0.00000,LOW,false,false,true,false,
1529,2026-09-11T16:07:33.581039+00:00,152.900315,boot_safe,0.000000,0.00000,0.000000,0.00000,LOW,false,false,true,false,
1530,2026-09-11T16:07:33.681172+00:00,153.000378,boot_safe,0.000000,0.00000,0.000000,0.00000,LOW,false,false,true,false,
1531,2026-09-11T16:07:33.781105+00:00,153.100321,boot_safe,0.000000,0.00000,0.000000,0.00000,LOW,false,false,true,false,
1532,2026-09-11T16:07:33.880732+00:00,153.200288,boot_safe,0.000000,0.00000,0.000000,0.00000,LOW,false,false,true,false,
1533,2026-09-11T16:07:33.981039+00:00,153.300315,boot_safe,0.000000,0.00000,0.000000,0.00000,LOW,false,false,true,false,
1534,2026-09-11T16:07:34.080725+00:00,153.400285,boot_safe,0.000000,0.00000,0.000000,0.00000,LOW,false,false,true,false,
1535,2026-09-11T16:07:34.181056+00:00,153.500317,boot_safe,0.000000,0.00000,0.000000,0.00000,LOW,false,false,true,false,
1536,2026-09-11T16:07:34.280736+00:00,153.600285,boot_safe,0.000000,0.00000,0.000000,0.00000,LOW,false,false,true,false,
1537,2026-09-11T16:07:34.380854+00:00,153.700348,boot_safe,0.000000,0.00000,0.000000,0.00000,LOW,false,false,true,false,
1538,2026-09-11T16:07:34.481045+00:00,153.800321,boot_safe,0.000000,0.00000,0.000000,0.00000,LOW,false,false,true,false,
1539,2026-09-11T16:07:34.581040+00:00,153.900310,boot_safe,0.000000,0.00000,0.000000,0.00000,LOW,false,false,true,false,
1540,2026-09-11T16:07:34.681053+00:00,154.000307,boot_safe,0.000000,0.00000,0.000000,0.00000,LOW,false,false,true,false,
1541,2026-09-11T16:07:34.780750+00:00,154.100294,boot_safe,0.000000,0.00000,0.000000,0.00000,LOW,false,false,true,false,
1542,2026-09-11T16:07:34.881039+00:00,154.200313,boot_safe,0.000000,0.00000,0.000000,0.00000,LOW,false,false,true,false,
1543,2026-09-11T16:07:34.980731+00:00,154.300288,boot_safe,0.000000,0.00000,0.000000,0.00000,LOW,false,false,true,false,
1544,2026-09-11T16:07:35.080952+00:00,154.400392,boot_safe,0.000000,0.00000,0.000000,0.00000,LOW,false,false,true,false,
1545,2026-09-11T16:07:35.181101+00:00,154.500346,boot_safe,0.000000,0.00000,0.000000,0.00000,LOW,false,false,true,false,
1546,2026-09-11T16:07:35.280782+00:00,154.600314,boot_safe,0.000000,0.00000,0.000000,0.00000,LOW,false,false,true,false,
1547,2026-09-11T16:07:35.381088+00:00,154.700313,boot_safe,0.000000,0.00000,0.000000,0.00000,LOW,false,false,true,false,
1548,2026-09-11T16:07:35.480804+00:00,154.800335,boot_safe,0.000000,0.00000,0.000000,0.00000,LOW,false,false,true,false,
1549,2026-09-11T16:07:35.581023+00:00,154.900290,boot_safe,0.000000,0.00000,0.000000,0.00000,LOW,false,false,true,false,
1550,2026-09-11T16:07:35.680997+00:00,155.000313,boot_safe,0.000000,0.00000,0.000000,0.00000,LOW,false,false,true,false,
1551,2026-09-11T16:07:35.780872+00:00,155.100390,boot_safe,0.000000,0.00000,0.000000,0.00000,LOW,false,false,true,false,
1552,2026-09-11T16:07:35.880945+00:00,155.200286,boot_safe,0.000000,0.00000,0.000000,0.00000,LOW,false,false,true,false,
1553,2026-09-11T16:07:35.980818+00:00,155.300313,boot_safe,0.000000,0.00000,0.000000,0.00000,LOW,false,false,true,false,
1554,2026-09-11T16:07:36.080935+00:00,155.400281,boot_safe,0.000000,0.00000,0.000000,0.00000,LOW,false,false,true,false,
1555,2026-09-11T16:07:36.180814+00:00,155.500310,boot_safe,0.000000,0.00000,0.000000,0.00000,LOW,false,false,true,false,
1556,2026-09-11T16:07:36.280958+00:00,155.600288,boot_safe,0.000000,0.00000,0.000000,0.00000,LOW,false,false,true,false,
1557,2026-09-11T16:07:36.380808+00:00,155.700309,boot_safe,0.000000,0.00000,0.000000,0.00000,LOW,false,false,true,false,
1558,2026-09-11T16:07:36.480939+00:00,155.800280,boot_safe,0.000000,0.00000,0.000000,0.00000,LOW,false,false,true,false,
1559,2026-09-11T16:07:36.581034+00:00,155.900430,boot_safe,0.000000,0.00000,0.000000,0.00000,LOW,false,false,true,false,
1560,2026-09-11T16:07:36.681028+00:00,156.000320,boot_safe,0.000000,0.00000,0.000000,0.00000,LOW,false,false,true,false,
1561,2026-09-11T16:07:36.780847+00:00,156.100330,boot_safe,0.000000,0.00000,0.000000,0.00000,LOW,false,false,true,false,
1562,2026-09-11T16:07:36.881093+00:00,156.200357,boot_safe,0.000000,0.00000,0.000000,0.00000,LOW,false,false,true,false,
1563,2026-09-11T16:07:36.980828+00:00,156.300324,boot_safe,0.000000,0.00000,0.000000,0.00000,LOW,false,false,true,false,
1564,2026-09-11T16:07:37.081115+00:00,156.400310,boot_safe,0.000000,0.00000,0.000000,0.00000,LOW,false,false,true,false,
1565,2026-09-11T16:07:37.180913+00:00,156.500353,boot_safe,0.000000,0.00000,0.000000,0.00000,LOW,false,false,true,false,
1566,2026-09-11T16:07:37.281106+00:00,156.600306,boot_safe,0.000000,0.00000,0.000000,0.00000,LOW,false,false,true,false,
1567,2026-09-11T16:07:37.380905+00:00,156.700364,boot_safe,0.000000,0.00000,0.000000,0.00000,LOW,false,false,true,false,
1568,2026-09-11T16:07:37.480963+00:00,156.800303,boot_safe,0.000000,0.00000,0.000000,0.00000,LOW,false,false,true,false,
1569,2026-09-11T16:07:37.581099+00:00,156.900348,boot_safe,0.000000,0.00000,0.000000,0.00000,LOW,false,false,true,false,
1570,2026-09-11T16:07:37.680806+00:00,157.000319,boot_safe,0.000000,0.00000,0.000000,0.00000,LOW,false,false,true,false,
1571,2026-09-11T16:07:37.780940+00:00,157.100288,boot_safe,0.000000,0.00000,0.000000,0.00000,LOW,false,false,true,false,
1572,2026-09-11T16:07:37.880877+00:00,157.200312,boot_safe,0.000000,0.00000,0.000000,0.00000,LOW,false,false,true,false,
1573,2026-09-11T16:07:37.980906+00:00,157.300280,boot_safe,0.000000,0.00000,0.000000,0.00000,LOW,false,false,true,false,
1574,2026-09-11T16:07:38.080963+00:00,157.400308,boot_safe,0.000000,0.00000,0.000000,0.00000,LOW,false,false,true,false,
1575,2026-09-11T16:07:38.180894+00:00,157.500279,boot_safe,0.000000,0.00000,0.000000,0.00000,LOW,false,false,true,false,
1576,2026-09-11T16:07:38.280984+00:00,157.600318,boot_safe,0.000000,0.00000,0.000000,0.00000,LOW,false,false,true,false,
1577,2026-09-11T16:07:38.381055+00:00,157.700330,boot_safe,0.000000,0.00000,0.000000,0.00000,LOW,false,false,true,false,
1578,2026-09-11T16:07:38.481093+00:00,157.800334,boot_safe,0.000000,0.00000,0.000000,0.00000,LOW,false,false,true,false,
1579,2026-09-11T16:07:38.580821+00:00,157.900293,boot_safe,0.000000,0.00000,0.000000,0.00000,LOW,false,false,true,false,
1580,2026-09-11T16:07:38.681056+00:00,158.000313,boot_safe,0.000000,0.00000,0.000000,0.00000,LOW,false,false,true,false,
1581,2026-09-11T16:07:38.780947+00:00,158.100358,boot_safe,0.000000,0.00000,0.000000,0.00000,LOW,false,false,true,false,
1582,2026-09-11T16:07:38.880979+00:00,158.200327,boot_safe,0.000000,0.00000,0.000000,0.00000,LOW,false,false,true,false,
1583,2026-09-11T16:07:38.980790+00:00,158.300281,boot_safe,0.000000,0.00000,0.000000,0.00000,LOW,false,false,true,false,
1584,2026-09-11T16:07:39.081062+00:00,158.400314,boot_safe,0.000000,0.00000,0.000000,0.00000,LOW,false,false,true,false,
1585,2026-09-11T16:07:39.181006+00:00,158.500411,boot_safe,0.000000,0.00000,0.000000,0.00000,LOW,false,false,true,false,
1586,2026-09-11T16:07:39.280987+00:00,158.600376,boot_safe,0.000000,0.00000,0.000000,0.00000,LOW,false,false,true,false,
1587,2026-09-11T16:07:39.380987+00:00,158.700337,boot_safe,0.000000,0.00000,0.000000,0.00000,LOW,false,false,true,false,
1588,2026-09-11T16:07:39.480805+00:00,158.800287,boot_safe,0.000000,0.00000,0.000000,0.00000,LOW,false,false,true,false,
1589,2026-09-11T16:07:39.581138+00:00,158.900407,boot_safe,0.000000,0.00000,0.000000,0.00000,LOW,false,false,true,false,
1590,2026-09-11T16:07:39.680812+00:00,159.000295,boot_safe,0.000000,0.00000,0.000000,0.00000,LOW,false,false,true,false,
1591,2026-09-11T16:07:39.781036+00:00,159.100349,boot_safe,0.000000,0.00000,0.000000,0.00000,LOW,false,false,true,false,
1592,2026-09-11T16:07:39.880843+00:00,159.200304,boot_safe,0.000000,0.00000,0.000000,0.00000,LOW,false,false,true,false,
1593,2026-09-11T16:07:39.980964+00:00,159.300314,boot_safe,0.000000,0.00000,0.000000,0.00000,LOW,false,false,true,false,
1594,2026-09-11T16:07:40.080850+00:00,159.400303,boot_safe,0.000000,0.00000,0.000000,0.00000,LOW,false,false,true,false,
1595,2026-09-11T16:07:40.180966+00:00,159.500314,boot_safe,0.000000,0.00000,0.000000,0.00000,LOW,false,false,true,false,
1596,2026-09-11T16:07:40.280798+00:00,159.600283,boot_safe,0.000000,0.00000,0.000000,0.00000,LOW,false,false,true,false,
1597,2026-09-11T16:07:40.380963+00:00,159.700319,boot_safe,0.000000,0.00000,0.000000,0.00000,LOW,false,false,true,false,
1598,2026-09-11T16:07:40.480811+00:00,159.800285,boot_safe,0.000000,0.00000,0.000000,0.00000,LOW,false,false,true,false,
1599,2026-09-11T16:07:40.580966+00:00,159.900316,boot_safe,0.000000,0.00000,0.000000,0.00000,LOW,false,false,true,false,
1600,2026-09-11T16:07:40.680795+00:00,160.000282,boot_safe,0.000000,0.00000,0.000000,0.00000,LOW,false,false,true,false,
1601,2026-09-11T16:07:40.781137+00:00,160.100392,boot_safe,0.000000,0.00000,0.000000,0.00000,LOW,false,false,true,false,
1602,2026-09-11T16:07:40.880823+00:00,160.200305,boot_safe,0.000000,0.00000,0.000000,0.00000,LOW,false,false,true,false,
1603,2026-09-11T16:07:40.981318+00:00,160.300410,boot_safe,0.000000,0.00000,0.000000,0.00000,LOW,false,false,true,false,
1604,2026-09-11T16:07:41.080831+00:00,160.400339,boot_safe,0.000000,0.00000,0.000000,0.00000,LOW,false,false,true,false,
1605,2026-09-11T16:07:41.180726+00:00,160.500300,boot_safe,0.000000,0.00000,0.000000,0.00000,LOW,false,false,true,false,
1606,2026-09-11T16:07:41.281051+00:00,160.600312,boot_safe,0.000000,0.00000,0.000000,0.00000,LOW,false,false,true,false,
1607,2026-09-11T16:07:41.380835+00:00,160.700297,boot_safe,0.000000,0.00000,0.000000,0.00000,LOW,false,false,true,false,
1608,2026-09-11T16:07:41.481209+00:00,160.800352,boot_safe,0.000000,0.00000,0.000000,0.00000,LOW,false,false,true,false,
1609,2026-09-11T16:07:41.580818+00:00,160.900304,boot_safe,0.000000,0.00000,0.000000,0.00000,LOW,false,false,true,false,
1610,2026-09-11T16:07:41.681339+00:00,161.000314,boot_safe,0.000000,0.00000,0.000000,0.00000,LOW,false,false,true,false,
1611,2026-09-11T16:07:41.780833+00:00,161.100342,boot_safe,0.000000,0.00000,0.000000,0.00000,LOW,false,false,true,false,
1612,2026-09-11T16:07:41.881087+00:00,161.200327,boot_safe,0.000000,0.00000,0.000000,0.00000,LOW,false,false,true,false,
1613,2026-09-11T16:07:41.981045+00:00,161.300317,boot_safe,0.000000,0.00000,0.000000,0.00000,LOW,false,false,true,false,
1614,2026-09-11T16:07:42.080725+00:00,161.400285,boot_safe,0.000000,0.00000,0.000000,0.00000,LOW,false,false,true,false,
1615,2026-09-11T16:07:42.181035+00:00,161.500311,boot_safe,0.000000,0.00000,0.000000,0.00000,LOW,false,false,true,false,
1616,2026-09-11T16:07:42.280727+00:00,161.600287,boot_safe,0.000000,0.00000,0.000000,0.00000,LOW,false,false,true,false,
1617,2026-09-11T16:07:42.381058+00:00,161.700318,boot_safe,0.000000,0.00000,0.000000,0.00000,LOW,false,false,true,false,
1618,2026-09-11T16:07:42.480771+00:00,161.800306,boot_safe,0.000000,0.00000,0.000000,0.00000,LOW,false,false,true,false,
1619,2026-09-11T16:07:42.581041+00:00,161.900312,boot_safe,0.000000,0.00000,0.000000,0.00000,LOW,false,false,true,false,
1620,2026-09-11T16:07:42.680724+00:00,162.000283,boot_safe,0.000000,0.00000,0.000000,0.00000,LOW,false,false,true,false,
1621,2026-09-11T16:07:42.781062+00:00,162.100327,boot_safe,0.000000,0.00000,0.000000,0.00000,LOW,false,false,true,false,
1622,2026-09-11T16:07:42.880732+00:00,162.200288,boot_safe,0.000000,0.00000,0.000000,0.00000,LOW,false,false,true,false,
1623,2026-09-11T16:07:42.981039+00:00,162.300310,boot_safe,0.000000,0.00000,0.000000,0.00000,LOW,false,false,true,false,
1624,2026-09-11T16:07:43.080730+00:00,162.400287,boot_safe,0.000000,0.00000,0.000000,0.00000,LOW,false,false,true,false,
1625,2026-09-11T16:07:43.181037+00:00,162.500310,boot_safe,0.000000,0.00000,0.000000,0.00000,LOW,false,false,true,false,
1626,2026-09-11T16:07:43.280728+00:00,162.600283,boot_safe,0.000000,0.00000,0.000000,0.00000,LOW,false,false,true,false,
1627,2026-09-11T16:07:43.381057+00:00,162.700313,boot_safe,0.000000,0.00000,0.000000,0.00000,LOW,false,false,true,false,
1628,2026-09-11T16:07:43.480749+00:00,162.800299,boot_safe,0.000000,0.00000,0.000000,0.00000,LOW,false,false,true,false,
1629,2026-09-11T16:07:43.581194+00:00,162.900398,boot_safe,0.000000,0.00000,0.000000,0.00000,LOW,false,false,true,false,
1630,2026-09-11T16:07:43.680890+00:00,163.000371,boot_safe,0.000000,0.00000,0.000000,0.00000,LOW,false,false,true,false,
1631,2026-09-11T16:07:43.781057+00:00,163.100330,boot_safe,0.000000,0.00000,0.000000,0.00000,LOW,false,false,true,false,
1632,2026-09-11T16:07:43.880975+00:00,163.200430,boot_safe,0.000000,0.00000,0.000000,0.00000,LOW,false,false,true,false,
1633,2026-09-11T16:07:43.981072+00:00,163.300337,boot_safe,0.000000,0.00000,0.000000,0.00000,LOW,false,false,true,false,
1634,2026-09-11T16:07:44.080738+00:00,163.400292,boot_safe,0.000000,0.00000,0.000000,0.00000,LOW,false,false,true,false,
1635,2026-09-11T16:07:44.181115+00:00,163.500347,boot_safe,0.000000,0.00000,0.000000,0.00000,LOW,false,false,true,false,
1636,2026-09-11T16:07:44.280733+00:00,163.600294,boot_safe,0.000000,0.00000,0.000000,0.00000,LOW,false,false,true,false,
1637,2026-09-11T16:07:44.381103+00:00,163.700343,boot_safe,0.000000,0.00000,0.000000,0.00000,LOW,false,false,true,false,
1638,2026-09-11T16:07:44.480756+00:00,163.800305,boot_safe,0.000000,0.00000,0.000000,0.00000,LOW,false,false,true,false,
1639,2026-09-11T16:07:44.581065+00:00,163.900328,boot_safe,0.000000,0.00000,0.000000,0.00000,LOW,false,false,true,false,
1640,2026-09-11T16:07:44.680786+00:00,164.000315,boot_safe,0.000000,0.00000,0.000000,0.00000,LOW,false,false,true,false,
1641,2026-09-11T16:07:44.781037+00:00,164.100314,boot_safe,0.000000,0.00000,0.000000,0.00000,LOW,false,false,true,false,
1642,2026-09-11T16:07:44.880786+00:00,164.200315,boot_safe,0.000000,0.00000,0.000000,0.00000,LOW,false,false,true,false,
1643,2026-09-11T16:07:44.981042+00:00,164.300318,boot_safe,0.000000,0.00000,0.000000,0.00000,LOW,false,false,true,false,
1644,2026-09-11T16:07:45.080728+00:00,164.400287,boot_safe,0.000000,0.00000,0.000000,0.00000,LOW,false,false,true,false,
1645,2026-09-11T16:07:45.181041+00:00,164.500306,boot_safe,0.000000,0.00000,0.000000,0.00000,LOW,false,false,true,false,
1646,2026-09-11T16:07:45.280728+00:00,164.600288,boot_safe,0.000000,0.00000,0.000000,0.00000,LOW,false,false,true,false,
1647,2026-09-11T16:07:45.381040+00:00,164.700306,boot_safe,0.000000,0.00000,0.000000,0.00000,LOW,false,false,true,false,
1648,2026-09-11T16:07:45.480754+00:00,164.800295,boot_safe,0.000000,0.00000,0.000000,0.00000,LOW,false,false,true,false,
1649,2026-09-11T16:07:45.581039+00:00,164.900315,boot_safe,0.000000,0.00000,0.000000,0.00000,LOW,false,false,true,false,
1650,2026-09-11T16:07:45.680735+00:00,165.000289,boot_safe,0.000000,0.00000,0.000000,0.00000,LOW,false,false,true,false,
1651,2026-09-11T16:07:45.781039+00:00,165.100306,boot_safe,0.000000,0.00000,0.000000,0.00000,LOW,false,false,true,false,
1652,2026-09-11T16:07:45.880731+00:00,165.200286,boot_safe,0.000000,0.00000,0.000000,0.00000,LOW,false,false,true,false,
1653,2026-09-11T16:07:45.981057+00:00,165.300313,boot_safe,0.000000,0.00000,0.000000,0.00000,LOW,false,false,true,false,
1654,2026-09-11T16:07:46.081028+00:00,165.400308,boot_safe,0.000000,0.00000,0.000000,0.00000,LOW,false,false,true,false,
1655,2026-09-11T16:07:46.180721+00:00,165.500278,boot_safe,0.000000,0.00000,0.000000,0.00000,LOW,false,false,true,false,
1656,2026-09-11T16:07:46.281037+00:00,165.600314,boot_safe,0.000000,0.00000,0.000000,0.00000,LOW,false,false,true,false,
1657,2026-09-11T16:07:46.380714+00:00,165.700286,boot_safe,0.000000,0.00000,0.000000,0.00000,LOW,false,false,true,false,
1658,2026-09-11T16:07:46.481056+00:00,165.800319,boot_safe,0.000000,0.00000,0.000000,0.00000,LOW,false,false,true,false,
1659,2026-09-11T16:07:46.580735+00:00,165.900291,boot_safe,0.000000,0.00000,0.000000,0.00000,LOW,false,false,true,false,
1660,2026-09-11T16:07:46.681036+00:00,166.000310,boot_safe,0.000000,0.00000,0.000000,0.00000,LOW,false,false,true,false,
1661,2026-09-11T16:07:46.780754+00:00,166.100304,boot_safe,0.000000,0.00000,0.000000,0.00000,LOW,false,false,true,false,
1662,2026-09-11T16:07:46.881035+00:00,166.200314,boot_safe,0.000000,0.00000,0.000000,0.00000,LOW,false,false,true,false,
1663,2026-09-11T16:07:46.980954+00:00,166.300407,boot_safe,0.000000,0.00000,0.000000,0.00000,LOW,false,false,true,false,
1664,2026-09-11T16:07:47.081128+00:00,166.400366,boot_safe,0.000000,0.00000,0.000000,0.00000,LOW,false,false,true,false,
1665,2026-09-11T16:07:47.180776+00:00,166.500310,boot_safe,0.000000,0.00000,0.000000,0.00000,LOW,false,false,true,false,
1666,2026-09-11T16:07:47.281037+00:00,166.600318,boot_safe,0.000000,0.00000,0.000000,0.00000,LOW,false,false,true,false,
1667,2026-09-11T16:07:47.380726+00:00,166.700285,boot_safe,0.000000,0.00000,0.000000,0.00000,LOW,false,false,true,false,
1668,2026-09-11T16:07:47.481048+00:00,166.800315,boot_safe,0.000000,0.00000,0.000000,0.00000,LOW,false,false,true,false,
1669,2026-09-11T16:07:47.580741+00:00,166.900292,boot_safe,0.000000,0.00000,0.000000,0.00000,LOW,false,false,true,false,
1670,2026-09-11T16:07:47.681228+00:00,167.000313,boot_safe,0.000000,0.00000,0.000000,0.00000,LOW,false,false,true,false,
1671,2026-09-11T16:07:47.781138+00:00,167.100367,boot_safe,0.000000,0.00000,0.000000,0.00000,LOW,false,false,true,false,
1672,2026-09-11T16:07:47.880744+00:00,167.200297,boot_safe,0.000000,0.00000,0.000000,0.00000,LOW,false,false,true,false,
1673,2026-09-11T16:07:47.981062+00:00,167.300327,boot_safe,0.000000,0.00000,0.000000,0.00000,LOW,false,false,true,false,
1674,2026-09-11T16:07:48.080726+00:00,167.400288,boot_safe,0.000000,0.00000,0.000000,0.00000,LOW,false,false,true,false,
1675,2026-09-11T16:07:48.181047+00:00,167.500315,boot_safe,0.000000,0.00000,0.000000,0.00000,LOW,false,false,true,false,
1676,2026-09-11T16:07:48.280745+00:00,167.600293,boot_safe,0.000000,0.00000,0.000000,0.00000,LOW,false,false,true,false,
1677,2026-09-11T16:07:48.381049+00:00,167.700314,boot_safe,0.000000,0.00000,0.000000,0.00000,LOW,false,false,true,false,
1678,2026-09-11T16:07:48.480736+00:00,167.800285,boot_safe,0.000000,0.00000,0.000000,0.00000,LOW,false,false,true,false,
1679,2026-09-11T16:07:48.581062+00:00,167.900330,boot_safe,0.000000,0.00000,0.000000,0.00000,LOW,false,false,true,false,
1680,2026-09-11T16:07:48.680775+00:00,168.000308,boot_safe,0.000000,0.00000,0.000000,0.00000,LOW,false,false,true,false,
1681,2026-09-11T16:07:48.781047+00:00,168.100320,boot_safe,0.000000,0.00000,0.000000,0.00000,LOW,false,false,true,false,
1682,2026-09-11T16:07:48.880713+00:00,168.200282,boot_safe,0.000000,0.00000,0.000000,0.00000,LOW,false,false,true,false,
1683,2026-09-11T16:07:48.980839+00:00,168.300342,boot_safe,0.000000,0.00000,0.000000,0.00000,LOW,false,false,true,false,
1684,2026-09-11T16:07:49.081047+00:00,168.400324,boot_safe,0.000000,0.00000,0.000000,0.00000,LOW,false,false,true,false,
1685,2026-09-11T16:07:49.180727+00:00,168.500286,boot_safe,0.000000,0.00000,0.000000,0.00000,LOW,false,false,true,false,
1686,2026-09-11T16:07:49.281051+00:00,168.600316,boot_safe,0.000000,0.00000,0.000000,0.00000,LOW,false,false,true,false,
1687,2026-09-11T16:07:49.380719+00:00,168.700288,boot_safe,0.000000,0.00000,0.000000,0.00000,LOW,false,false,true,false,
1688,2026-09-11T16:07:49.481027+00:00,168.800308,boot_safe,0.000000,0.00000,0.000000,0.00000,LOW,false,false,true,false,
1689,2026-09-11T16:07:49.580751+00:00,168.900297,boot_safe,0.000000,0.00000,0.000000,0.00000,LOW,false,false,true,false,
1690,2026-09-11T16:07:49.681046+00:00,169.000320,boot_safe,0.000000,0.00000,0.000000,0.00000,LOW,false,false,true,false,
1691,2026-09-11T16:07:49.780837+00:00,169.100284,boot_safe,0.000000,0.00000,0.000000,0.00000,LOW,false,false,true,false,
1692,2026-09-11T16:07:49.880776+00:00,169.200321,boot_safe,0.000000,0.00000,0.000000,0.00000,LOW,false,false,true,false,
1693,2026-09-11T16:07:49.981059+00:00,169.300327,boot_safe,0.000000,0.00000,0.000000,0.00000,LOW,false,false,true,false,
1694,2026-09-11T16:07:50.080738+00:00,169.400291,boot_safe,0.000000,0.00000,0.000000,0.00000,LOW,false,false,true,false,
1695,2026-09-11T16:07:50.181055+00:00,169.500321,boot_safe,0.000000,0.00000,0.000000,0.00000,LOW,false,false,true,false,
1696,2026-09-11T16:07:50.280725+00:00,169.600285,boot_safe,0.000000,0.00000,0.000000,0.00000,LOW,false,false,true,false,
1697,2026-09-11T16:07:50.381044+00:00,169.700314,boot_safe,0.000000,0.00000,0.000000,0.00000,LOW,false,false,true,false,
1698,2026-09-11T16:07:50.480735+00:00,169.800283,boot_safe,0.000000,0.00000,0.000000,0.00000,LOW,false,false,true,false,
1699,2026-09-11T16:07:50.581078+00:00,169.900332,boot_safe,0.000000,0.00000,0.000000,0.00000,LOW,false,false,true,false,
1700,2026-09-11T16:07:50.680759+00:00,170.000291,boot_safe,0.000000,0.00000,0.000000,0.00000,LOW,false,false,true,false,
1701,2026-09-11T16:07:50.781054+00:00,170.100326,boot_safe,0.000000,0.00000,0.000000,0.00000,LOW,false,false,true,false,
1702,2026-09-11T16:07:50.880729+00:00,170.200284,boot_safe,0.000000,0.00000,0.000000,0.00000,LOW,false,false,true,false,
1703,2026-09-11T16:07:50.981044+00:00,170.300310,boot_safe,0.000000,0.00000,0.000000,0.00000,LOW,false,false,true,false,
1704,2026-09-11T16:07:51.080730+00:00,170.400284,boot_safe,0.000000,0.00000,0.000000,0.00000,LOW,false,false,true,false,
1705,2026-09-11T16:07:51.181039+00:00,170.500315,boot_safe,0.000000,0.00000,0.000000,0.00000,LOW,false,false,true,false,
1706,2026-09-11T16:07:51.280726+00:00,170.600282,boot_safe,0.000000,0.00000,0.000000,0.00000,LOW,false,false,true,false,
1707,2026-09-11T16:07:51.381038+00:00,170.700310,boot_safe,0.000000,0.00000,0.000000,0.00000,LOW,false,false,true,false,
1708,2026-09-11T16:07:51.480741+00:00,170.800279,boot_safe,0.000000,0.00000,0.000000,0.00000,LOW,false,false,true,false,
1709,2026-09-11T16:07:51.581062+00:00,170.900317,boot_safe,0.000000,0.00000,0.000000,0.00000,LOW,false,false,true,false,
1710,2026-09-11T16:07:51.680740+00:00,171.000283,boot_safe,0.000000,0.00000,0.000000,0.00000,LOW,false,false,true,false,
1711,2026-09-11T16:07:51.781034+00:00,171.100314,boot_safe,0.000000,0.00000,0.000000,0.00000,LOW,false,false,true,false,
1712,2026-09-11T16:07:51.880734+00:00,171.200276,boot_safe,0.000000,0.00000,0.000000,0.00000,LOW,false,false,true,false,
1713,2026-09-11T16:07:51.981042+00:00,171.300317,boot_safe,0.000000,0.00000,0.000000,0.00000,LOW,false,false,true,false,
1714,2026-09-11T16:07:52.080732+00:00,171.400286,boot_safe,0.000000,0.00000,0.000000,0.00000,LOW,false,false,true,false,
1715,2026-09-11T16:07:52.181045+00:00,171.500312,boot_safe,0.000000,0.00000,0.000000,0.00000,LOW,false,false,true,false,
1716,2026-09-11T16:07:52.280724+00:00,171.600284,boot_safe,0.000000,0.00000,0.000000,0.00000,LOW,false,false,true,false,
1717,2026-09-11T16:07:52.381046+00:00,171.700312,boot_safe,0.000000,0.00000,0.000000,0.00000,LOW,false,false,true,false,
1718,2026-09-11T16:07:52.480751+00:00,171.800299,boot_safe,0.000000,0.00000,0.000000,0.00000,LOW,false,false,true,false,
1719,2026-09-11T16:07:52.581038+00:00,171.900312,boot_safe,0.000000,0.00000,0.000000,0.00000,LOW,false,false,true,false,
1720,2026-09-11T16:07:52.680736+00:00,172.000294,boot_safe,0.000000,0.00000,0.000000,0.00000,LOW,false,false,true,false,
1721,2026-09-11T16:07:52.781043+00:00,172.100309,boot_safe,0.000000,0.00000,0.000000,0.00000,LOW,false,false,true,false,
1722,2026-09-11T16:07:52.880725+00:00,172.200284,boot_safe,0.000000,0.00000,0.000000,0.00000,LOW,false,false,true,false,
1723,2026-09-11T16:07:52.981036+00:00,172.300309,boot_safe,0.000000,0.00000,0.000000,0.00000,LOW,false,false,true,false,
1724,2026-09-11T16:07:53.080965+00:00,172.400413,boot_safe,0.000000,0.00000,0.000000,0.00000,LOW,false,false,true,false,
1725,2026-09-11T16:07:53.181086+00:00,172.500344,boot_safe,0.000000,0.00000,0.000000,0.00000,LOW,false,false,true,false,
1726,2026-09-11T16:07:53.280774+00:00,172.600306,boot_safe,0.000000,0.00000,0.000000,0.00000,LOW,false,false,true,false,
1727,2026-09-11T16:07:53.381053+00:00,172.700321,boot_safe,0.000000,0.00000,0.000000,0.00000,LOW,false,false,true,false,
1728,2026-09-11T16:07:53.480778+00:00,172.800311,boot_safe,0.000000,0.00000,0.000000,0.00000,LOW,false,false,true,false,
1729,2026-09-11T16:07:53.581058+00:00,172.900327,boot_safe,0.000000,0.00000,0.000000,0.00000,LOW,false,false,true,false,
1730,2026-09-11T16:07:53.680938+00:00,173.000298,boot_safe,0.000000,0.00000,0.000000,0.00000,LOW,false,false,true,false,
1731,2026-09-11T16:07:53.780819+00:00,173.100336,boot_safe,0.000000,0.00000,0.000000,0.00000,LOW,false,false,true,false,
1732,2026-09-11T16:07:53.881045+00:00,173.200326,boot_safe,0.000000,0.00000,0.000000,0.00000,LOW,false,false,true,false,
1733,2026-09-11T16:07:53.980759+00:00,173.300281,boot_safe,0.000000,0.00000,0.000000,0.00000,LOW,false,false,true,false,
1734,2026-09-11T16:07:54.081201+00:00,173.400400,boot_safe,0.000000,0.00000,0.000000,0.00000,LOW,false,false,true,false,
1735,2026-09-11T16:07:54.180748+00:00,173.500300,boot_safe,0.000000,0.00000,0.000000,0.00000,LOW,false,false,true,false,
1736,2026-09-11T16:07:54.281055+00:00,173.600319,boot_safe,0.000000,0.00000,0.000000,0.00000,LOW,false,false,true,false,
1737,2026-09-11T16:07:54.380726+00:00,173.700283,boot_safe,0.000000,0.00000,0.000000,0.00000,LOW,false,false,true,false,
1738,2026-09-11T16:07:54.481043+00:00,173.800312,boot_safe,0.000000,0.00000,0.000000,0.00000,LOW,false,false,true,false,
1739,2026-09-11T16:07:54.580727+00:00,173.900282,boot_safe,0.000000,0.00000,0.000000,0.00000,LOW,false,false,true,false,
1740,2026-09-11T16:07:54.681070+00:00,174.000327,boot_safe,0.000000,0.00000,0.000000,0.00000,LOW,false,false,true,false,
1741,2026-09-11T16:07:54.780753+00:00,174.100299,boot_safe,0.000000,0.00000,0.000000,0.00000,LOW,false,false,true,false,
1742,2026-09-11T16:07:54.881040+00:00,174.200315,boot_safe,0.000000,0.00000,0.000000,0.00000,LOW,false,false,true,false,
1743,2026-09-11T16:07:54.980730+00:00,174.300275,boot_safe,0.000000,0.00000,0.000000,0.00000,LOW,false,false,true,false,
1744,2026-09-11T16:07:55.081039+00:00,174.400311,boot_safe,0.000000,0.00000,0.000000,0.00000,LOW,false,false,true,false,
1745,2026-09-11T16:07:55.180730+00:00,174.500287,boot_safe,0.000000,0.00000,0.000000,0.00000,LOW,false,false,true,false,
1746,2026-09-11T16:07:55.281040+00:00,174.600312,boot_safe,0.000000,0.00000,0.000000,0.00000,LOW,false,false,true,false,
1747,2026-09-11T16:07:55.380748+00:00,174.700305,boot_safe,0.000000,0.00000,0.000000,0.00000,LOW,false,false,true,false,
1748,2026-09-11T16:07:55.481038+00:00,174.800310,boot_safe,0.000000,0.00000,0.000000,0.00000,LOW,false,false,true,false,
1749,2026-09-11T16:07:55.580829+00:00,174.900314,boot_safe,0.000000,0.00000,0.000000,0.00000,LOW,false,false,true,false,
1750,2026-09-11T16:07:55.680955+00:00,175.000286,boot_safe,0.000000,0.00000,0.000000,0.00000,LOW,false,false,true,false,
1751,2026-09-11T16:07:55.781092+00:00,175.100367,boot_safe,0.000000,0.00000,0.000000,0.00000,LOW,false,false,true,false,
1752,2026-09-11T16:07:55.880796+00:00,175.200299,boot_safe,0.000000,0.00000,0.000000,0.00000,LOW,false,false,true,false,
1753,2026-09-11T16:07:55.980931+00:00,175.300281,boot_safe,0.000000,0.00000,0.000000,0.00000,LOW,false,false,true,false,
1754,2026-09-11T16:07:56.080808+00:00,175.400308,boot_safe,0.000000,0.00000,0.000000,0.00000,LOW,false,false,true,false,
1755,2026-09-11T16:07:56.180932+00:00,175.500283,boot_safe,0.000000,0.00000,0.000000,0.00000,LOW,false,false,true,false,
1756,2026-09-11T16:07:56.280801+00:00,175.600308,boot_safe,0.000000,0.00000,0.000000,0.00000,LOW,false,false,true,false,
1757,2026-09-11T16:07:56.380929+00:00,175.700280,boot_safe,0.000000,0.00000,0.000000,0.00000,LOW,false,false,true,false,
1758,2026-09-11T16:07:56.480809+00:00,175.800308,boot_safe,0.000000,0.00000,0.000000,0.00000,LOW,false,false,true,false,
1759,2026-09-11T16:07:56.580932+00:00,175.900284,boot_safe,0.000000,0.00000,0.000000,0.00000,LOW,false,false,true,false,
1760,2026-09-11T16:07:56.680808+00:00,176.000308,boot_safe,0.000000,0.00000,0.000000,0.00000,LOW,false,false,true,false,
1761,2026-09-11T16:07:56.780937+00:00,176.100282,boot_safe,0.000000,0.00000,0.000000,0.00000,LOW,false,false,true,false,
1762,2026-09-11T16:07:56.880826+00:00,176.200320,boot_safe,0.000000,0.00000,0.000000,0.00000,LOW,false,false,true,false,
1763,2026-09-11T16:07:56.980928+00:00,176.300281,boot_safe,0.000000,0.00000,0.000000,0.00000,LOW,false,false,true,false,
1764,2026-09-11T16:07:57.080801+00:00,176.400308,boot_safe,0.000000,0.00000,0.000000,0.00000,LOW,false,false,true,false,
1765,2026-09-11T16:07:57.180925+00:00,176.500277,boot_safe,0.000000,0.00000,0.000000,0.00000,LOW,false,false,true,false,
1766,2026-09-11T16:07:57.280801+00:00,176.600305,boot_safe,0.000000,0.00000,0.000000,0.00000,LOW,false,false,true,false,
1767,2026-09-11T16:07:57.380915+00:00,176.700277,boot_safe,0.000000,0.00000,0.000000,0.00000,LOW,false,false,true,false,
1768,2026-09-11T16:07:57.480809+00:00,176.800305,boot_safe,0.000000,0.00000,0.000000,0.00000,LOW,false,false,true,false,
1769,2026-09-11T16:07:57.580921+00:00,176.900277,boot_safe,0.000000,0.00000,0.000000,0.00000,LOW,false,false,true,false,
1770,2026-09-11T16:07:57.680932+00:00,177.000310,boot_safe,0.000000,0.00000,0.000000,0.00000,LOW,false,false,true,false,
1771,2026-09-11T16:07:57.780875+00:00,177.100287,boot_safe,0.000000,0.00000,0.000000,0.00000,LOW,false,false,true,false,
1772,2026-09-11T16:07:57.881041+00:00,177.200310,boot_safe,0.000000,0.00000,0.000000,0.00000,LOW,false,false,true,false,
1773,2026-09-11T16:07:57.980861+00:00,177.300280,boot_safe,0.000000,0.00000,0.000000,0.00000,LOW,false,false,true,false,
1774,2026-09-11T16:07:58.081038+00:00,177.400308,boot_safe,0.000000,0.00000,0.000000,0.00000,LOW,false,false,true,false,
1775,2026-09-11T16:07:58.180792+00:00,177.500281,boot_safe,0.000000,0.00000,0.000000,0.00000,LOW,false,false,true,false,
1776,2026-09-11T16:07:58.280968+00:00,177.600309,boot_safe,0.000000,0.00000,0.000000,0.00000,LOW,false,false,true,false,
1777,2026-09-11T16:07:58.380804+00:00,177.700286,boot_safe,0.000000,0.00000,0.000000,0.00000,LOW,false,false,true,false,
1778,2026-09-11T16:07:58.480967+00:00,177.800307,boot_safe,0.000000,0.00000,0.000000,0.00000,LOW,false,false,true,false,
1779,2026-09-11T16:07:58.580806+00:00,177.900287,boot_safe,0.000000,0.00000,0.000000,0.00000,LOW,false,false,true,false,
1780,2026-09-11T16:07:58.680973+00:00,178.000309,boot_safe,0.000000,0.00000,0.000000,0.00000,LOW,false,false,true,false,
1781,2026-09-11T16:07:58.780831+00:00,178.100297,boot_safe,0.000000,0.00000,-0.002000,-0.01212,LOW,false,false,true,false,
1782,2026-09-11T16:07:58.880966+00:00,178.200313,boot_safe,0.000000,0.00000,0.000000,0.00000,LOW,false,false,true,false,
1783,2026-09-11T16:07:58.980904+00:00,178.300329,boot_safe,0.000000,0.00000,0.000000,0.00000,LOW,false,false,true,false,
1784,2026-09-11T16:07:59.081137+00:00,178.400417,boot_safe,0.000000,0.00000,0.000000,0.00000,LOW,false,false,true,false,
1785,2026-09-11T16:07:59.180947+00:00,178.500359,boot_safe,0.000000,0.00000,0.000000,0.00000,LOW,false,false,true,false,
1786,2026-09-11T16:07:59.280974+00:00,178.600326,boot_safe,0.000000,0.00000,0.000000,0.00000,LOW,false,false,true,false,
1787,2026-09-11T16:07:59.380799+00:00,178.700285,boot_safe,0.000000,0.00000,0.000000,0.00000,LOW,false,false,true,false,
1788,2026-09-11T16:07:59.480992+00:00,178.800337,boot_safe,0.000000,0.00000,0.000000,0.00000,LOW,false,false,true,false,
1789,2026-09-11T16:07:59.580811+00:00,178.900292,boot_safe,0.000000,0.00000,0.000000,0.00000,LOW,false,false,true,false,
1790,2026-09-11T16:07:59.681150+00:00,179.000311,boot_safe,0.000000,0.00000,0.000000,0.00000,LOW,false,false,true,false,
1791,2026-09-11T16:07:59.780899+00:00,179.100334,boot_safe,0.000000,0.00000,0.000000,0.00000,LOW,false,false,true,false,
1792,2026-09-11T16:07:59.880985+00:00,179.200321,boot_safe,0.000000,0.00000,0.000000,0.00000,LOW,false,false,true,false,
1793,2026-09-11T16:07:59.980915+00:00,179.300334,boot_safe,0.000000,0.00000,0.000000,0.00000,LOW,false,false,true,false,
1794,2026-09-11T16:08:00.080993+00:00,179.400322,boot_safe,0.000000,0.00000,0.000000,0.00000,LOW,false,false,true,false,
1795,2026-09-11T16:08:00.180786+00:00,179.500287,boot_safe,0.000000,0.00000,0.000000,0.00000,LOW,false,false,true,false,
1796,2026-09-11T16:08:00.281076+00:00,179.600318,boot_safe,0.000000,0.00000,0.000000,0.00000,LOW,false,false,true,false,
1797,2026-09-11T16:08:00.380719+00:00,179.700287,boot_safe,0.000000,0.00000,0.000000,0.00000,LOW,false,false,true,false,
1798,2026-09-11T16:08:00.481043+00:00,179.800312,boot_safe,0.000000,0.00000,0.000000,0.00000,LOW,false,false,true,false,
1799,2026-09-11T16:08:00.580824+00:00,179.900299,boot_safe,0.000000,0.00000,0.000000,0.00000,LOW,false,false,true,false,
1800,2026-09-11T16:08:00.681118+00:00,180.000316,boot_safe,0.000000,0.00000,0.000000,0.00000,LOW,false,false,true,false,
1801,2026-09-11T16:08:00.780719+00:00,180.100284,boot_safe,0.000000,0.00000,0.000000,0.00000,LOW,false,false,true,false,
1802,2026-09-11T16:08:00.881123+00:00,180.200315,boot_safe,0.000000,0.00000,0.000000,0.00000,LOW,false,false,true,false,
1803,2026-09-11T16:08:00.980719+00:00,180.300285,boot_safe,0.000000,0.00000,0.000000,0.00000,LOW,false,false,true,false,
1804,2026-09-11T16:08:01.081038+00:00,180.400309,boot_safe,0.000000,0.00000,0.000000,0.00000,LOW,false,false,true,false,
1805,2026-09-11T16:08:01.180708+00:00,180.500281,boot_safe,0.000000,0.00000,0.000000,0.00000,LOW,false,false,true,false,
1806,2026-09-11T16:08:01.281039+00:00,180.600312,boot_safe,0.000000,0.00000,0.000000,0.00000,LOW,false,false,true,false,
1807,2026-09-11T16:08:01.380735+00:00,180.700283,boot_safe,0.000000,0.00000,0.000000,0.00000,LOW,false,false,true,false,
1808,2026-09-11T16:08:01.481043+00:00,180.800323,boot_safe,0.000000,0.00000,0.000000,0.00000,LOW,false,false,true,false,
1809,2026-09-11T16:08:01.580726+00:00,180.900285,boot_safe,0.000000,0.00000,0.000000,0.00000,LOW,false,false,true,false,
1810,2026-09-11T16:08:01.681042+00:00,181.000314,boot_safe,0.000000,0.00000,0.000000,0.00000,LOW,false,false,true,false,
1811,2026-09-11T16:08:01.780713+00:00,181.100281,boot_safe,0.000000,0.00000,0.000000,0.00000,LOW,false,false,true,false,
1812,2026-09-11T16:08:01.881040+00:00,181.200314,boot_safe,0.000000,0.00000,0.000000,0.00000,LOW,false,false,true,false,
1813,2026-09-11T16:08:01.980711+00:00,181.300284,boot_safe,0.000000,0.00000,0.000000,0.00000,LOW,false,false,true,false,
1814,2026-09-11T16:08:02.081035+00:00,181.400312,boot_safe,0.000000,0.00000,0.000000,0.00000,LOW,false,false,true,false,
1815,2026-09-11T16:08:02.180721+00:00,181.500279,boot_safe,0.000000,0.00000,0.000000,0.00000,LOW,false,false,true,false,
1816,2026-09-11T16:08:02.281039+00:00,181.600307,boot_safe,0.000000,0.00000,0.000000,0.00000,LOW,false,false,true,false,
1817,2026-09-11T16:08:02.380732+00:00,181.700286,boot_safe,0.000000,0.00000,0.000000,0.00000,LOW,false,false,true,false,
1818,2026-09-11T16:08:02.481077+00:00,181.800315,boot_safe,0.000000,0.00000,0.000000,0.00000,LOW,false,false,true,false,
1819,2026-09-11T16:08:02.581065+00:00,181.900308,boot_safe,0.000000,0.00000,0.000000,0.00000,LOW,false,false,true,false,
1820,2026-09-11T16:08:02.680736+00:00,182.000288,boot_safe,0.000000,0.00000,0.000000,0.00000,LOW,false,false,true,false,
1821,2026-09-11T16:08:02.781055+00:00,182.100321,boot_safe,0.000000,0.00000,0.000000,0.00000,LOW,false,false,true,false,
1822,2026-09-11T16:08:02.880740+00:00,182.200291,boot_safe,0.000000,0.00000,0.000000,0.00000,LOW,false,false,true,false,
1823,2026-09-11T16:08:02.981037+00:00,182.300309,boot_safe,0.000000,0.00000,0.000000,0.00000,LOW,false,false,true,false,
1824,2026-09-11T16:08:03.080732+00:00,182.400283,boot_safe,0.000000,0.00000,0.000000,0.00000,LOW,false,false,true,false,
1825,2026-09-11T16:08:03.181034+00:00,182.500308,boot_safe,0.000000,0.00000,0.000000,0.00000,LOW,false,false,true,false,
1826,2026-09-11T16:08:03.280723+00:00,182.600278,boot_safe,0.000000,0.00000,0.000000,0.00000,LOW,false,false,true,false,
1827,2026-09-11T16:08:03.381037+00:00,182.700311,boot_safe,0.000000,0.00000,0.000000,0.00000,LOW,false,false,true,false,
1828,2026-09-11T16:08:03.480727+00:00,182.800280,boot_safe,0.000000,0.00000,0.000000,0.00000,LOW,false,false,true,false,
1829,2026-09-11T16:08:03.581057+00:00,182.900317,boot_safe,0.000000,0.00000,0.000000,0.00000,LOW,false,false,true,false,
1830,2026-09-11T16:08:03.680761+00:00,183.000308,boot_safe,0.000000,0.00000,0.000000,0.00000,LOW,false,false,true,false,
1831,2026-09-11T16:08:03.781041+00:00,183.100317,boot_safe,0.000000,0.00000,0.000000,0.00000,LOW,false,false,true,false,
1832,2026-09-11T16:08:03.880738+00:00,183.200292,boot_safe,0.000000,0.00000,0.000000,0.00000,LOW,false,false,true,false,
1833,2026-09-11T16:08:03.981038+00:00,183.300308,boot_safe,0.000000,0.00000,0.000000,0.00000,LOW,false,false,true,false,
1834,2026-09-11T16:08:04.080739+00:00,183.400288,boot_safe,0.000000,0.00000,0.000000,0.00000,LOW,false,false,true,false,
1835,2026-09-11T16:08:04.181032+00:00,183.500309,boot_safe,0.000000,0.00000,0.000000,0.00000,LOW,false,false,true,false,
1836,2026-09-11T16:08:04.280874+00:00,183.600358,boot_safe,0.000000,0.00000,0.000000,0.00000,LOW,false,false,true,false,
1837,2026-09-11T16:08:04.381052+00:00,183.700327,boot_safe,0.000000,0.00000,0.000000,0.00000,LOW,false,false,true,false,
1838,2026-09-11T16:08:04.480721+00:00,183.800284,boot_safe,0.000000,0.00000,0.000000,0.00000,LOW,false,false,true,false,
1839,2026-09-11T16:08:04.581035+00:00,183.900311,boot_safe,0.000000,0.00000,0.000000,0.00000,LOW,false,false,true,false,
1840,2026-09-11T16:08:04.680734+00:00,184.000287,boot_safe,0.000000,0.00000,0.000000,0.00000,LOW,false,false,true,false,
1841,2026-09-11T16:08:04.781035+00:00,184.100313,boot_safe,0.000000,0.00000,0.000000,0.00000,LOW,false,false,true,false,
1842,2026-09-11T16:08:04.880730+00:00,184.200284,boot_safe,0.000000,0.00000,0.000000,0.00000,LOW,false,false,true,false,
1843,2026-09-11T16:08:04.981250+00:00,184.300428,boot_safe,0.000000,0.00000,0.000000,0.00000,LOW,false,false,true,false,
1844,2026-09-11T16:08:05.081163+00:00,184.400381,boot_safe,0.000000,0.00000,0.000000,0.00000,LOW,false,false,true,false,
1845,2026-09-11T16:08:05.180805+00:00,184.500327,boot_safe,0.000000,0.00000,0.000000,0.00000,LOW,false,false,true,false,
1846,2026-09-11T16:08:05.281063+00:00,184.600330,boot_safe,0.000000,0.00000,0.000000,0.00000,LOW,false,false,true,false,
1847,2026-09-11T16:08:05.380735+00:00,184.700291,boot_safe,0.000000,0.00000,0.000000,0.00000,LOW,false,false,true,false,
1848,2026-09-11T16:08:05.481080+00:00,184.800334,boot_safe,0.000000,0.00000,0.000000,0.00000,LOW,false,false,true,false,
1849,2026-09-11T16:08:05.580748+00:00,184.900295,boot_safe,0.000000,0.00000,0.000000,0.00000,LOW,false,false,true,false,
1850,2026-09-11T16:08:05.681242+00:00,185.000317,boot_safe,0.000000,0.00000,0.000000,0.00000,LOW,false,false,true,false,
1851,2026-09-11T16:08:05.780840+00:00,185.100348,boot_safe,0.000000,0.00000,0.000000,0.00000,LOW,false,false,true,false,
1852,2026-09-11T16:08:05.881058+00:00,185.200326,boot_safe,0.000000,0.00000,0.000000,0.00000,LOW,false,false,true,false,
1853,2026-09-11T16:08:05.980749+00:00,185.300297,boot_safe,0.000000,0.00000,0.000000,0.00000,LOW,false,false,true,false,
1854,2026-09-11T16:08:06.081061+00:00,185.400320,boot_safe,0.000000,0.00000,0.000000,0.00000,LOW,false,false,true,false,
1855,2026-09-11T16:08:06.180735+00:00,185.500289,boot_safe,0.000000,0.00000,0.000000,0.00000,LOW,false,false,true,false,
1856,2026-09-11T16:08:06.281058+00:00,185.600320,boot_safe,0.000000,0.00000,0.000000,0.00000,LOW,false,false,true,false,
1857,2026-09-11T16:08:06.380725+00:00,185.700285,boot_safe,-0.002000,-0.00606,0.000000,0.00000,LOW,false,false,true,false,
1858,2026-09-11T16:08:06.481044+00:00,185.800311,boot_safe,0.000000,0.00000,0.000000,0.00000,LOW,false,false,true,false,
1859,2026-09-11T16:08:06.580752+00:00,185.900295,boot_safe,0.000000,0.00000,0.000000,0.00000,LOW,false,false,true,false,
1860,2026-09-11T16:08:06.681057+00:00,186.000318,boot_safe,0.000000,0.00000,0.000000,0.00000,LOW,false,false,true,false,
1861,2026-09-11T16:08:06.780758+00:00,186.100299,boot_safe,0.000000,0.00000,0.000000,0.00000,LOW,false,false,true,false,
1862,2026-09-11T16:08:06.881040+00:00,186.200315,boot_safe,0.000000,0.00000,0.000000,0.00000,LOW,false,false,true,false,
1863,2026-09-11T16:08:06.980758+00:00,186.300297,boot_safe,0.000000,0.00000,0.000000,0.00000,LOW,false,false,true,false,
1864,2026-09-11T16:08:07.081042+00:00,186.400315,boot_safe,0.000000,0.00000,0.000000,0.00000,LOW,false,false,true,false,
1865,2026-09-11T16:08:07.180724+00:00,186.500284,boot_safe,0.000000,0.00000,0.000000,0.00000,LOW,false,false,true,false,
1866,2026-09-11T16:08:07.281039+00:00,186.600309,boot_safe,0.000000,0.00000,0.000000,0.00000,LOW,false,false,true,false,
1867,2026-09-11T16:08:07.380724+00:00,186.700283,boot_safe,0.000000,0.00000,0.000000,0.00000,LOW,false,false,true,false,
1868,2026-09-11T16:08:07.481039+00:00,186.800313,boot_safe,0.000000,0.00000,0.000000,0.00000,LOW,false,false,true,false,
1869,2026-09-11T16:08:07.580731+00:00,186.900285,boot_safe,0.000000,0.00000,0.000000,0.00000,LOW,false,false,true,false,
1870,2026-09-11T16:08:07.681040+00:00,187.000308,boot_safe,0.000000,0.00000,0.000000,0.00000,LOW,false,false,true,false,
1871,2026-09-11T16:08:07.780727+00:00,187.100284,boot_safe,0.000000,0.00000,0.000000,0.00000,LOW,false,false,true,false,
1872,2026-09-11T16:08:07.881043+00:00,187.200312,boot_safe,0.000000,0.00000,0.000000,0.00000,LOW,false,false,true,false,
1873,2026-09-11T16:08:07.980744+00:00,187.300293,boot_safe,0.000000,0.00000,0.000000,0.00000,LOW,false,false,true,false,
1874,2026-09-11T16:08:08.081042+00:00,187.400314,boot_safe,0.000000,0.00000,0.000000,0.00000,LOW,false,false,true,false,
1875,2026-09-11T16:08:08.180728+00:00,187.500285,boot_safe,0.000000,0.00000,0.000000,0.00000,LOW,false,false,true,false,
1876,2026-09-11T16:08:08.281039+00:00,187.600308,boot_safe,0.000000,0.00000,0.000000,0.00000,LOW,false,false,true,false,
1877,2026-09-11T16:08:08.380721+00:00,187.700282,boot_safe,0.000000,0.00000,0.000000,0.00000,LOW,false,false,true,false,
1878,2026-09-11T16:08:08.481043+00:00,187.800306,boot_safe,0.000000,0.00000,0.000000,0.00000,LOW,false,false,true,false,
1879,2026-09-11T16:08:08.580725+00:00,187.900283,boot_safe,0.000000,0.00000,0.000000,0.00000,LOW,false,false,true,false,
1880,2026-09-11T16:08:08.681045+00:00,188.000306,boot_safe,0.000000,0.00000,0.000000,0.00000,LOW,false,false,true,false,
1881,2026-09-11T16:08:08.780727+00:00,188.100284,boot_safe,0.000000,0.00000,0.000000,0.00000,LOW,false,false,true,false,
1882,2026-09-11T16:08:08.881045+00:00,188.200311,boot_safe,0.000000,0.00000,0.000000,0.00000,LOW,false,false,true,false,
1883,2026-09-11T16:08:08.980722+00:00,188.300282,boot_safe,0.000000,0.00000,0.000000,0.00000,LOW,false,false,true,false,
1884,2026-09-11T16:08:09.081046+00:00,188.400317,boot_safe,0.000000,0.00000,0.000000,0.00000,LOW,false,false,true,false,
1885,2026-09-11T16:08:09.181081+00:00,188.500334,boot_safe,0.000000,0.00000,0.000000,0.00000,LOW,false,false,true,false,
1886,2026-09-11T16:08:09.281036+00:00,188.600310,boot_safe,0.000000,0.00000,0.000000,0.00000,LOW,false,false,true,false,
1887,2026-09-11T16:08:09.380852+00:00,188.700352,boot_safe,0.000000,0.00000,0.000000,0.00000,LOW,false,false,true,false,
1888,2026-09-11T16:08:09.481053+00:00,188.800323,boot_safe,0.000000,0.00000,0.000000,0.00000,LOW,false,false,true,false,
1889,2026-09-11T16:08:09.580734+00:00,188.900288,boot_safe,0.000000,0.00000,0.000000,0.00000,LOW,false,false,true,false,
1890,2026-09-11T16:08:09.681034+00:00,189.000313,boot_safe,0.000000,0.00000,0.000000,0.00000,LOW,false,false,true,false,
1891,2026-09-11T16:08:09.780758+00:00,189.100302,boot_safe,0.000000,0.00000,0.000000,0.00000,LOW,false,false,true,false,
1892,2026-09-11T16:08:09.881078+00:00,189.200313,boot_safe,0.000000,0.00000,0.000000,0.00000,LOW,false,false,true,false,
1893,2026-09-11T16:08:09.980727+00:00,189.300288,boot_safe,0.000000,0.00000,0.000000,0.00000,LOW,false,false,true,false,
1894,2026-09-11T16:08:10.081058+00:00,189.400316,boot_safe,0.000000,0.00000,0.000000,0.00000,LOW,false,false,true,false,
1895,2026-09-11T16:08:10.180740+00:00,189.500289,boot_safe,0.000000,0.00000,0.000000,0.00000,LOW,false,false,true,false,
1896,2026-09-11T16:08:10.281061+00:00,189.600320,boot_safe,0.000000,0.00000,0.000000,0.00000,LOW,false,false,true,false,
1897,2026-09-11T16:08:10.380725+00:00,189.700284,boot_safe,0.000000,0.00000,0.000000,0.00000,LOW,false,false,true,false,
1898,2026-09-11T16:08:10.481040+00:00,189.800314,boot_safe,0.000000,0.00000,0.000000,0.00000,LOW,false,false,true,false,
1899,2026-09-11T16:08:10.581057+00:00,189.900306,boot_safe,0.000000,0.00000,0.000000,0.00000,LOW,false,false,true,false,
1900,2026-09-11T16:08:10.681035+00:00,190.000304,boot_safe,0.000000,0.00000,0.000000,0.00000,LOW,false,false,true,false,
1901,2026-09-11T16:08:10.780749+00:00,190.100296,boot_safe,0.000000,0.00000,0.000000,0.00000,LOW,false,false,true,false,
1902,2026-09-11T16:08:10.881043+00:00,190.200314,boot_safe,0.000000,0.00000,0.000000,0.00000,LOW,false,false,true,false,
1903,2026-09-11T16:08:10.980885+00:00,190.300303,boot_safe,0.000000,0.00000,0.000000,0.00000,LOW,false,false,true,false,
1904,2026-09-11T16:08:11.081170+00:00,190.400391,boot_safe,0.000000,0.00000,0.000000,0.00000,LOW,false,false,true,false,
1905,2026-09-11T16:08:11.181052+00:00,190.500318,boot_safe,0.000000,0.00000,-0.002000,-0.01212,LOW,false,false,true,false,
1906,2026-09-11T16:08:11.280728+00:00,190.600286,boot_safe,0.000000,0.00000,0.000000,0.00000,LOW,false,false,true,false,
1907,2026-09-11T16:08:11.381043+00:00,190.700310,boot_safe,0.000000,0.00000,0.000000,0.00000,LOW,false,false,true,false,
1908,2026-09-11T16:08:11.480772+00:00,190.800302,boot_safe,0.000000,0.00000,0.000000,0.00000,LOW,false,false,true,false,
1909,2026-09-11T16:08:11.581040+00:00,190.900315,boot_safe,0.000000,0.00000,0.000000,0.00000,LOW,false,false,true,false,
1910,2026-09-11T16:08:11.680901+00:00,191.000282,boot_safe,0.000000,0.00000,0.000000,0.00000,LOW,false,false,true,false,
1911,2026-09-11T16:08:11.780821+00:00,191.100336,boot_safe,0.000000,0.00000,0.000000,0.00000,LOW,false,false,true,false,
1912,2026-09-11T16:08:11.881036+00:00,191.200320,boot_safe,0.000000,0.00000,0.000000,0.00000,LOW,false,false,true,false,
1913,2026-09-11T16:08:11.980735+00:00,191.300285,boot_safe,0.000000,0.00000,0.000000,0.00000,LOW,false,false,true,false,
1914,2026-09-11T16:08:12.081047+00:00,191.400321,boot_safe,0.000000,0.00000,0.000000,0.00000,LOW,false,false,true,false,
1915,2026-09-11T16:08:12.180731+00:00,191.500291,boot_safe,0.000000,0.00000,0.000000,0.00000,LOW,false,false,true,false,
1916,2026-09-11T16:08:12.281037+00:00,191.600312,boot_safe,0.000000,0.00000,0.000000,0.00000,LOW,false,false,true,false,
1917,2026-09-11T16:08:12.380716+00:00,191.700280,boot_safe,0.000000,0.00000,0.000000,0.00000,LOW,false,false,true,false,
1918,2026-09-11T16:08:12.481070+00:00,191.800331,boot_safe,0.000000,0.00000,0.000000,0.00000,LOW,false,false,true,false,
1919,2026-09-11T16:08:12.580736+00:00,191.900290,boot_safe,0.000000,0.00000,0.000000,0.00000,LOW,false,false,true,false,
1920,2026-09-11T16:08:12.681285+00:00,192.000446,boot_safe,0.000000,0.00000,0.000000,0.00000,LOW,false,false,true,false,
1921,2026-09-11T16:08:12.781042+00:00,192.100323,boot_safe,0.000000,0.00000,0.000000,0.00000,LOW,false,false,true,false,
1922,2026-09-11T16:08:12.880738+00:00,192.200293,boot_safe,0.000000,0.00000,0.000000,0.00000,LOW,false,false,true,false,
1923,2026-09-11T16:08:12.981041+00:00,192.300310,boot_safe,0.000000,0.00000,0.000000,0.00000,LOW,false,false,true,false,
1924,2026-09-11T16:08:13.080740+00:00,192.400288,boot_safe,0.000000,0.00000,0.000000,0.00000,LOW,false,false,true,false,
1925,2026-09-11T16:08:13.181042+00:00,192.500316,boot_safe,0.000000,0.00000,0.000000,0.00000,LOW,false,false,true,false,
1926,2026-09-11T16:08:13.280742+00:00,192.600281,boot_safe,0.000000,0.00000,0.000000,0.00000,LOW,false,false,true,false,
1927,2026-09-11T16:08:13.381056+00:00,192.700313,boot_safe,0.000000,0.00000,0.000000,0.00000,LOW,false,false,true,false,
1928,2026-09-11T16:08:13.480724+00:00,192.800283,boot_safe,0.000000,0.00000,0.000000,0.00000,LOW,false,false,true,false,
1929,2026-09-11T16:08:13.581040+00:00,192.900310,boot_safe,0.000000,0.00000,0.000000,0.00000,LOW,false,false,true,false,
1930,2026-09-11T16:08:13.680737+00:00,193.000289,boot_safe,0.000000,0.00000,0.000000,0.00000,LOW,false,false,true,false,
1931,2026-09-11T16:08:13.781039+00:00,193.100313,boot_safe,0.000000,0.00000,0.000000,0.00000,LOW,false,false,true,false,
1932,2026-09-11T16:08:13.880722+00:00,193.200282,boot_safe,0.000000,0.00000,0.000000,0.00000,LOW,false,false,true,false,
1933,2026-09-11T16:08:13.981036+00:00,193.300306,boot_safe,0.000000,0.00000,0.000000,0.00000,LOW,false,false,true,false,
1934,2026-09-11T16:08:14.080732+00:00,193.400285,boot_safe,0.000000,0.00000,0.000000,0.00000,LOW,false,false,true,false,
1935,2026-09-11T16:08:14.181040+00:00,193.500315,boot_safe,0.000000,0.00000,0.000000,0.00000,LOW,false,false,true,false,
1936,2026-09-11T16:08:14.280719+00:00,193.600284,boot_safe,0.000000,0.00000,0.000000,0.00000,LOW,false,false,true,false,
1937,2026-09-11T16:08:14.381034+00:00,193.700306,boot_safe,0.000000,0.00000,0.000000,0.00000,LOW,false,false,true,false,
1938,2026-09-11T16:08:14.480854+00:00,193.800350,boot_safe,0.000000,0.00000,0.000000,0.00000,LOW,false,false,true,false,
1939,2026-09-11T16:08:14.581045+00:00,193.900323,boot_safe,0.000000,0.00000,0.000000,0.00000,LOW,false,false,true,false,
1940,2026-09-11T16:08:14.680732+00:00,194.000289,boot_safe,0.000000,0.00000,0.000000,0.00000,LOW,false,false,true,false,
1941,2026-09-11T16:08:14.781060+00:00,194.100329,boot_safe,0.000000,0.00000,0.000000,0.00000,LOW,false,false,true,false,
1942,2026-09-11T16:08:14.880725+00:00,194.200288,boot_safe,0.000000,0.00000,0.000000,0.00000,LOW,false,false,true,false,
1943,2026-09-11T16:08:14.981046+00:00,194.300313,boot_safe,0.000000,0.00000,0.000000,0.00000,LOW,false,false,true,false,
1944,2026-09-11T16:08:15.080728+00:00,194.400284,boot_safe,0.000000,0.00000,0.000000,0.00000,LOW,false,false,true,false,
1945,2026-09-11T16:08:15.181062+00:00,194.500319,boot_safe,0.000000,0.00000,0.000000,0.00000,LOW,false,false,true,false,
1946,2026-09-11T16:08:15.280754+00:00,194.600288,boot_safe,0.000000,0.00000,0.000000,0.00000,LOW,false,false,true,false,
1947,2026-09-11T16:08:15.381044+00:00,194.700313,boot_safe,0.000000,0.00000,0.000000,0.00000,LOW,false,false,true,false,
1948,2026-09-11T16:08:15.480727+00:00,194.800284,boot_safe,0.000000,0.00000,0.000000,0.00000,LOW,false,false,true,false,
1949,2026-09-11T16:08:15.581044+00:00,194.900314,boot_safe,0.000000,0.00000,0.000000,0.00000,LOW,false,false,true,false,
1950,2026-09-11T16:08:15.680729+00:00,195.000289,boot_safe,0.000000,0.00000,0.000000,0.00000,LOW,false,false,true,false,
1951,2026-09-11T16:08:15.781037+00:00,195.100304,boot_safe,0.000000,0.00000,0.000000,0.00000,LOW,false,false,true,false,
1952,2026-09-11T16:08:15.880738+00:00,195.200300,boot_safe,0.000000,0.00000,0.000000,0.00000,LOW,false,false,true,false,
1953,2026-09-11T16:08:15.981039+00:00,195.300307,boot_safe,0.000000,0.00000,0.000000,0.00000,LOW,false,false,true,false,
1954,2026-09-11T16:08:16.080809+00:00,195.400310,boot_safe,0.000000,0.00000,0.000000,0.00000,LOW,false,false,true,false,
1955,2026-09-11T16:08:16.180968+00:00,195.500290,boot_safe,0.000000,0.00000,0.000000,0.00000,LOW,false,false,true,false,
1956,2026-09-11T16:08:16.280937+00:00,195.600404,boot_safe,0.000000,0.00000,0.000000,0.00000,LOW,false,false,true,false,
1957,2026-09-11T16:08:16.380930+00:00,195.700277,boot_safe,0.000000,0.00000,0.000000,0.00000,LOW,false,false,true,false,
1958,2026-09-11T16:08:16.480808+00:00,195.800308,boot_safe,0.000000,0.00000,0.000000,0.00000,LOW,false,false,true,false,
1959,2026-09-11T16:08:16.580929+00:00,195.900281,boot_safe,0.000000,0.00000,0.000000,0.00000,LOW,false,false,true,false,
1960,2026-09-11T16:08:16.680813+00:00,196.000308,boot_safe,0.000000,0.00000,0.000000,0.00000,LOW,false,false,true,false,
1961,2026-09-11T16:08:16.780916+00:00,196.100275,boot_safe,0.000000,0.00000,0.000000,0.00000,LOW,false,false,true,false,
1962,2026-09-11T16:08:16.880809+00:00,196.200306,boot_safe,0.000000,0.00000,0.000000,0.00000,LOW,false,false,true,false,
1963,2026-09-11T16:08:16.981186+00:00,196.300418,boot_safe,0.000000,0.00000,0.000000,0.00000,LOW,false,false,true,false,
1964,2026-09-11T16:08:17.080846+00:00,196.400335,boot_safe,0.000000,0.00000,0.000000,0.00000,LOW,false,false,true,false,
1965,2026-09-11T16:08:17.180951+00:00,196.500286,boot_safe,0.000000,0.00000,0.000000,0.00000,LOW,false,false,true,false,
1966,2026-09-11T16:08:17.280893+00:00,196.600349,boot_safe,0.000000,0.00000,0.000000,0.00000,LOW,false,false,true,false,
1967,2026-09-11T16:08:17.380939+00:00,196.700291,boot_safe,0.000000,0.00000,0.000000,0.00000,LOW,false,false,true,false,
1968,2026-09-11T16:08:17.480863+00:00,196.800330,boot_safe,0.000000,0.00000,0.000000,0.00000,LOW,false,false,true,false,
1969,2026-09-11T16:08:17.580933+00:00,196.900287,boot_safe,0.000000,0.00000,0.000000,0.00000,LOW,false,false,true,false,
1970,2026-09-11T16:08:17.681020+00:00,197.000322,boot_safe,0.000000,0.00000,0.000000,0.00000,LOW,false,false,true,false,
1971,2026-09-11T16:08:17.780815+00:00,197.100333,boot_safe,0.000000,0.00000,0.000000,0.00000,LOW,false,false,true,false,
1972,2026-09-11T16:08:17.880921+00:00,197.200283,boot_safe,0.000000,0.00000,0.000000,0.00000,LOW,false,false,true,false,
1973,2026-09-11T16:08:17.980816+00:00,197.300312,boot_safe,0.000000,0.00000,0.000000,0.00000,LOW,false,false,true,false,
1974,2026-09-11T16:08:18.080922+00:00,197.400280,boot_safe,0.000000,0.00000,0.000000,0.00000,LOW,false,false,true,false,
1975,2026-09-11T16:08:18.181055+00:00,197.500321,boot_safe,0.000000,0.00000,0.000000,0.00000,LOW,false,false,true,false,
1976,2026-09-11T16:08:18.280831+00:00,197.600317,boot_safe,0.000000,0.00000,0.000000,0.00000,LOW,false,false,true,false,
1977,2026-09-11T16:08:18.380934+00:00,197.700281,boot_safe,0.000000,0.00000,0.000000,0.00000,LOW,false,false,true,false,
1978,2026-09-11T16:08:18.480933+00:00,197.800309,boot_safe,0.000000,0.00000,0.000000,0.00000,LOW,false,false,true,false,
1979,2026-09-11T16:08:18.580869+00:00,197.900282,boot_safe,0.000000,0.00000,0.000000,0.00000,LOW,false,false,true,false,
1980,2026-09-11T16:08:18.681071+00:00,198.000310,boot_safe,0.000000,0.00000,0.000000,0.00000,LOW,false,false,true,false,
1981,2026-09-11T16:08:18.780899+00:00,198.100294,boot_safe,0.000000,0.00000,0.000000,0.00000,LOW,false,false,true,false,
1982,2026-09-11T16:08:18.881037+00:00,198.200308,boot_safe,0.000000,0.00000,0.000000,0.00000,LOW,false,false,true,false,
1983,2026-09-11T16:08:18.980803+00:00,198.300279,boot_safe,0.000000,0.00000,0.000000,0.00000,LOW,false,false,true,false,
1984,2026-09-11T16:08:19.081049+00:00,198.400310,boot_safe,0.000000,0.00000,0.000000,0.00000,LOW,false,false,true,false,
1985,2026-09-11T16:08:19.180797+00:00,198.500281,boot_safe,0.000000,0.00000,0.000000,0.00000,LOW,false,false,true,false,
1986,2026-09-11T16:08:19.280963+00:00,198.600314,boot_safe,0.000000,0.00000,0.000000,0.00000,LOW,false,false,true,false,
1987,2026-09-11T16:08:19.380855+00:00,198.700308,boot_safe,0.000000,0.00000,0.000000,0.00000,LOW,false,false,true,false,
1988,2026-09-11T16:08:19.480969+00:00,198.800313,boot_safe,0.000000,0.00000,0.000000,0.00000,LOW,false,false,true,false,
1989,2026-09-11T16:08:19.580848+00:00,198.900343,boot_safe,0.000000,0.00000,0.000000,0.00000,LOW,false,false,true,false,
1990,2026-09-11T16:08:19.681037+00:00,199.000405,boot_safe,0.000000,0.00000,0.000000,0.00000,LOW,false,false,true,false,
1991,2026-09-11T16:08:19.780988+00:00,199.100332,boot_safe,0.000000,0.00000,0.000000,0.00000,LOW,false,false,true,false,
1992,2026-09-11T16:08:19.880803+00:00,199.200289,boot_safe,0.000000,0.00000,0.000000,0.00000,LOW,false,false,true,false,
1993,2026-09-11T16:08:19.980983+00:00,199.300315,boot_safe,0.000000,0.00000,0.000000,0.00000,LOW,false,false,true,false,
1994,2026-09-11T16:08:20.080797+00:00,199.400285,boot_safe,0.000000,0.00000,0.000000,0.00000,LOW,false,false,true,false,
1995,2026-09-11T16:08:20.180969+00:00,199.500313,boot_safe,0.000000,0.00000,0.000000,0.00000,LOW,false,false,true,false,
1996,2026-09-11T16:08:20.280810+00:00,199.600288,boot_safe,0.000000,0.00000,0.000000,0.00000,LOW,false,false,true,false,
1997,2026-09-11T16:08:20.380966+00:00,199.700322,boot_safe,0.000000,0.00000,0.000000,0.00000,LOW,false,false,true,false,
1998,2026-09-11T16:08:20.481045+00:00,199.800423,boot_safe,0.000000,0.00000,0.000000,0.00000,LOW,false,false,true,false,
1999,2026-09-11T16:08:20.581016+00:00,199.900332,boot_safe,0.000000,0.00000,0.000000,0.00000,LOW,false,false,true,false,
2000,2026-09-11T16:08:20.680794+00:00,200.000291,boot_safe,0.000000,0.00000,0.000000,0.00000,LOW,false,false,true,false,
2001,2026-09-11T16:08:20.781037+00:00,200.100317,boot_safe,0.000000,0.00000,0.000000,0.00000,LOW,false,false,true,false,
2002,2026-09-11T16:08:20.880719+00:00,200.200282,boot_safe,0.000000,0.00000,0.000000,0.00000,LOW,false,false,true,false,
2003,2026-09-11T16:08:20.981126+00:00,200.300307,boot_safe,0.000000,0.00000,0.000000,0.00000,LOW,false,false,true,false,
2004,2026-09-11T16:08:21.080728+00:00,200.400288,boot_safe,0.000000,0.00000,0.000000,0.00000,LOW,false,false,true,false,
2005,2026-09-11T16:08:21.181038+00:00,200.500312,boot_safe,0.000000,0.00000,0.000000,0.00000,LOW,false,false,true,false,
2006,2026-09-11T16:08:21.280726+00:00,200.600283,boot_safe,0.000000,0.00000,0.000000,0.00000,LOW,false,false,true,false,
2007,2026-09-11T16:08:21.381125+00:00,200.700314,boot_safe,0.000000,0.00000,0.000000,0.00000,LOW,false,false,true,false,
2008,2026-09-11T16:08:21.480725+00:00,200.800287,boot_safe,0.000000,0.00000,0.000000,0.00000,LOW,false,false,true,false,
2009,2026-09-11T16:08:21.581039+00:00,200.900309,boot_safe,0.000000,0.00000,0.000000,0.00000,LOW,false,false,true,false,
2010,2026-09-11T16:08:21.680730+00:00,201.000289,boot_safe,0.000000,0.00000,0.000000,0.00000,LOW,false,false,true,false,
2011,2026-09-11T16:08:21.781038+00:00,201.100315,boot_safe,0.000000,0.00000,0.000000,0.00000,LOW,false,false,true,false,
2012,2026-09-11T16:08:21.880715+00:00,201.200284,boot_safe,0.000000,0.00000,0.000000,0.00000,LOW,false,false,true,false,
2013,2026-09-11T16:08:21.981035+00:00,201.300305,boot_safe,0.000000,0.00000,0.000000,0.00000,LOW,false,false,true,false,
2014,2026-09-11T16:08:22.080718+00:00,201.400283,boot_safe,0.000000,0.00000,0.000000,0.00000,LOW,false,false,true,false,
2015,2026-09-11T16:08:22.181053+00:00,201.500318,boot_safe,0.000000,0.00000,0.000000,0.00000,LOW,false,false,true,false,
2016,2026-09-11T16:08:22.280728+00:00,201.600285,boot_safe,0.000000,0.00000,0.000000,0.00000,LOW,false,false,true,false,
2017,2026-09-11T16:08:22.381056+00:00,201.700318,boot_safe,0.000000,0.00000,0.000000,0.00000,LOW,false,false,true,false,
2018,2026-09-11T16:08:22.480754+00:00,201.800299,boot_safe,0.000000,0.00000,0.000000,0.00000,LOW,false,false,true,false,
2019,2026-09-11T16:08:22.581054+00:00,201.900315,boot_safe,0.000000,0.00000,0.000000,0.00000,LOW,false,false,true,false,
2020,2026-09-11T16:08:22.680752+00:00,202.000294,boot_safe,0.000000,0.00000,0.000000,0.00000,LOW,false,false,true,false,
2021,2026-09-11T16:08:22.781059+00:00,202.100331,boot_safe,0.000000,0.00000,0.000000,0.00000,LOW,false,false,true,false,
2022,2026-09-11T16:08:22.880731+00:00,202.200290,boot_safe,0.000000,0.00000,0.000000,0.00000,LOW,false,false,true,false,
2023,2026-09-11T16:08:22.981041+00:00,202.300310,boot_safe,0.000000,0.00000,0.000000,0.00000,LOW,false,false,true,false,
2024,2026-09-11T16:08:23.080954+00:00,202.400400,boot_safe,0.000000,0.00000,0.000000,0.00000,LOW,false,false,true,false,
2025,2026-09-11T16:08:23.180798+00:00,202.500325,boot_safe,0.000000,0.00000,0.000000,0.00000,LOW,false,false,true,false,
2026,2026-09-11T16:08:23.281063+00:00,202.600331,boot_safe,0.000000,0.00000,0.000000,0.00000,LOW,false,false,true,false,
2027,2026-09-11T16:08:23.380751+00:00,202.700300,boot_safe,0.000000,0.00000,0.000000,0.00000,LOW,false,false,true,false,
2028,2026-09-11T16:08:23.480761+00:00,202.800302,boot_safe,0.000000,0.00000,0.000000,0.00000,LOW,false,false,true,false,
2029,2026-09-11T16:08:23.581043+00:00,202.900316,boot_safe,0.000000,0.00000,0.000000,0.00000,LOW,false,false,true,false,
2030,2026-09-11T16:08:23.680833+00:00,203.000290,boot_safe,0.000000,0.00000,0.000000,0.00000,LOW,false,false,true,false,
2031,2026-09-11T16:08:23.781140+00:00,203.100372,boot_safe,0.000000,0.00000,0.000000,0.00000,LOW,false,false,true,false,
2032,2026-09-11T16:08:23.880741+00:00,203.200300,boot_safe,0.000000,0.00000,0.000000,0.00000,LOW,false,false,true,false,
2033,2026-09-11T16:08:23.981105+00:00,203.300340,boot_safe,0.000000,0.00000,0.000000,0.00000,LOW,false,false,true,false,
2034,2026-09-11T16:08:24.080759+00:00,203.400300,boot_safe,0.000000,0.00000,0.000000,0.00000,LOW,false,false,true,false,
2035,2026-09-11T16:08:24.181042+00:00,203.500319,boot_safe,0.000000,0.00000,0.000000,0.00000,LOW,false,false,true,false,
2036,2026-09-11T16:08:24.280743+00:00,203.600300,boot_safe,0.000000,0.00000,0.000000,0.00000,LOW,false,false,true,false,
2037,2026-09-11T16:08:24.381045+00:00,203.700318,boot_safe,0.000000,0.00000,0.000000,0.00000,LOW,false,false,true,false,
2038,2026-09-11T16:08:24.480738+00:00,203.800293,boot_safe,0.000000,0.00000,0.000000,0.00000,LOW,false,false,true,false,
2039,2026-09-11T16:08:24.581049+00:00,203.900307,boot_safe,0.000000,0.00000,0.000000,0.00000,LOW,false,false,true,false,
2040,2026-09-11T16:08:24.680876+00:00,204.000366,boot_safe,0.000000,0.00000,0.000000,0.00000,LOW,false,false,true,false,
2041,2026-09-11T16:08:24.781075+00:00,204.100329,boot_safe,0.000000,0.00000,0.000000,0.00000,LOW,false,false,true,false,
2042,2026-09-11T16:08:24.880743+00:00,204.200291,boot_safe,0.000000,0.00000,0.000000,0.00000,LOW,false,false,true,false,
2043,2026-09-11T16:08:24.981044+00:00,204.300309,boot_safe,0.000000,0.00000,0.000000,0.00000,LOW,false,false,true,false,
2044,2026-09-11T16:08:25.080724+00:00,204.400284,boot_safe,0.000000,0.00000,0.000000,0.00000,LOW,false,false,true,false,
2045,2026-09-11T16:08:25.181043+00:00,204.500313,boot_safe,0.000000,0.00000,0.000000,0.00000,LOW,false,false,true,false,
2046,2026-09-11T16:08:25.280722+00:00,204.600282,boot_safe,0.000000,0.00000,0.000000,0.00000,LOW,false,false,true,false,
2047,2026-09-11T16:08:25.381040+00:00,204.700316,boot_safe,0.000000,0.00000,0.000000,0.00000,LOW,false,false,true,false,
2048,2026-09-11T16:08:25.480730+00:00,204.800290,boot_safe,0.000000,0.00000,0.000000,0.00000,LOW,false,false,true,false,
2049,2026-09-11T16:08:25.581180+00:00,204.900388,boot_safe,0.000000,0.00000,0.000000,0.00000,LOW,false,false,true,false,
2050,2026-09-11T16:08:25.680742+00:00,205.000297,boot_safe,0.000000,0.00000,0.000000,0.00000,LOW,false,false,true,false,
2051,2026-09-11T16:08:25.781038+00:00,205.100322,boot_safe,0.000000,0.00000,0.000000,0.00000,LOW,false,false,true,false,
2052,2026-09-11T16:08:25.880730+00:00,205.200283,boot_safe,0.000000,0.00000,0.000000,0.00000,LOW,false,false,true,false,
2053,2026-09-11T16:08:25.981041+00:00,205.300306,boot_safe,0.000000,0.00000,0.000000,0.00000,LOW,false,false,true,false,
2054,2026-09-11T16:08:26.080729+00:00,205.400285,boot_safe,0.000000,0.00000,0.000000,0.00000,LOW,false,false,true,false,
2055,2026-09-11T16:08:26.181041+00:00,205.500314,boot_safe,0.000000,0.00000,0.000000,0.00000,LOW,false,false,true,false,
2056,2026-09-11T16:08:26.280739+00:00,205.600291,boot_safe,0.000000,0.00000,0.000000,0.00000,LOW,false,false,true,false,
2057,2026-09-11T16:08:26.381040+00:00,205.700313,boot_safe,0.000000,0.00000,0.000000,0.00000,LOW,false,false,true,false,
2058,2026-09-11T16:08:26.480723+00:00,205.800287,boot_safe,0.000000,0.00000,0.000000,0.00000,LOW,false,false,true,false,
2059,2026-09-11T16:08:26.581056+00:00,205.900323,boot_safe,0.000000,0.00000,0.000000,0.00000,LOW,false,false,true,false,
2060,2026-09-11T16:08:26.681047+00:00,206.000310,boot_safe,0.000000,0.00000,0.000000,0.00000,LOW,false,false,true,false,
2061,2026-09-11T16:08:26.780765+00:00,206.100307,boot_safe,0.000000,0.00000,0.000000,0.00000,LOW,false,false,true,false,
2062,2026-09-11T16:08:26.881047+00:00,206.200314,boot_safe,0.000000,0.00000,0.000000,0.00000,LOW,false,false,true,false,
2063,2026-09-11T16:08:26.980726+00:00,206.300287,boot_safe,0.000000,0.00000,0.000000,0.00000,LOW,false,false,true,false,
2064,2026-09-11T16:08:27.081041+00:00,206.400314,boot_safe,0.000000,0.00000,0.000000,0.00000,LOW,false,false,true,false,
2065,2026-09-11T16:08:27.180722+00:00,206.500285,boot_safe,0.000000,0.00000,0.000000,0.00000,LOW,false,false,true,false,
2066,2026-09-11T16:08:27.281046+00:00,206.600309,boot_safe,0.000000,0.00000,0.000000,0.00000,LOW,false,false,true,false,
2067,2026-09-11T16:08:27.380724+00:00,206.700282,boot_safe,0.000000,0.00000,0.000000,0.00000,LOW,false,false,true,false,
2068,2026-09-11T16:08:27.481054+00:00,206.800327,boot_safe,0.000000,0.00000,0.000000,0.00000,LOW,false,false,true,false,
2069,2026-09-11T16:08:27.581040+00:00,206.900309,boot_safe,0.000000,0.00000,0.000000,0.00000,LOW,false,false,true,false,
2070,2026-09-11T16:08:27.680742+00:00,207.000291,boot_safe,0.000000,0.00000,0.000000,0.00000,LOW,false,false,true,false,
2071,2026-09-11T16:08:27.781043+00:00,207.100313,boot_safe,0.000000,0.00000,0.000000,0.00000,LOW,false,false,true,false,
2072,2026-09-11T16:08:27.880731+00:00,207.200286,boot_safe,0.000000,0.00000,0.000000,0.00000,LOW,false,false,true,false,
2073,2026-09-11T16:08:27.981047+00:00,207.300311,boot_safe,0.000000,0.00000,0.000000,0.00000,LOW,false,false,true,false,
2074,2026-09-11T16:08:28.080728+00:00,207.400284,boot_safe,0.000000,0.00000,0.000000,0.00000,LOW,false,false,true,false,
2075,2026-09-11T16:08:28.181040+00:00,207.500309,boot_safe,0.000000,0.00000,0.000000,0.00000,LOW,false,false,true,false,
2076,2026-09-11T16:08:28.280745+00:00,207.600289,boot_safe,0.000000,0.00000,0.000000,0.00000,LOW,false,false,true,false,
2077,2026-09-11T16:08:28.381039+00:00,207.700313,boot_safe,0.000000,0.00000,0.000000,0.00000,LOW,false,false,true,false,
2078,2026-09-11T16:08:28.480741+00:00,207.800292,boot_safe,0.000000,0.00000,0.000000,0.00000,LOW,false,false,true,false,
2079,2026-09-11T16:08:28.581039+00:00,207.900314,boot_safe,0.000000,0.00000,0.000000,0.00000,LOW,false,false,true,false,
2080,2026-09-11T16:08:28.680741+00:00,208.000291,boot_safe,0.000000,0.00000,0.000000,0.00000,LOW,false,false,true,false,
2081,2026-09-11T16:08:28.781042+00:00,208.100310,boot_safe,0.000000,0.00000,0.000000,0.00000,LOW,false,false,true,false,
2082,2026-09-11T16:08:28.880725+00:00,208.200285,boot_safe,0.000000,0.00000,0.000000,0.00000,LOW,false,false,true,false,
2083,2026-09-11T16:08:28.981044+00:00,208.300310,boot_safe,0.000000,0.00000,0.000000,0.00000,LOW,false,false,true,false,
2084,2026-09-11T16:08:29.080957+00:00,208.400408,boot_safe,0.000000,0.00000,0.000000,0.00000,LOW,false,false,true,false,
2085,2026-09-11T16:08:29.181105+00:00,208.500355,boot_safe,0.000000,0.00000,0.000000,0.00000,LOW,false,false,true,false,
2086,2026-09-11T16:08:29.280752+00:00,208.600300,boot_safe,0.000000,0.00000,0.000000,0.00000,LOW,false,false,true,false,
2087,2026-09-11T16:08:29.381031+00:00,208.700315,boot_safe,0.000000,0.00000,0.000000,0.00000,LOW,false,false,true,false,
2088,2026-09-11T16:08:29.480785+00:00,208.800311,boot_safe,0.000000,0.00000,0.000000,0.00000,LOW,false,false,true,false,
2089,2026-09-11T16:08:29.581040+00:00,208.900314,boot_safe,0.000000,0.00000,0.000000,0.00000,LOW,false,false,true,false,
2090,2026-09-11T16:08:29.680947+00:00,209.000306,boot_safe,0.000000,0.00000,0.000000,0.00000,LOW,false,false,true,false,
2091,2026-09-11T16:08:29.780902+00:00,209.100382,boot_safe,0.000000,0.00000,0.000000,0.00000,LOW,false,false,true,false,
2092,2026-09-11T16:08:29.881061+00:00,209.200335,boot_safe,0.000000,0.00000,0.000000,0.00000,LOW,false,false,true,false,
2093,2026-09-11T16:08:29.980732+00:00,209.300293,boot_safe,0.000000,0.00000,0.000000,0.00000,LOW,false,false,true,false,
2094,2026-09-11T16:08:30.081040+00:00,209.400314,boot_safe,0.000000,0.00000,0.000000,0.00000,LOW,false,false,true,false,
2095,2026-09-11T16:08:30.180717+00:00,209.500287,boot_safe,0.000000,0.00000,0.000000,0.00000,LOW,false,false,true,false,
2096,2026-09-11T16:08:30.281042+00:00,209.600314,boot_safe,0.000000,0.00000,0.000000,0.00000,LOW,false,false,true,false,
2097,2026-09-11T16:08:30.380728+00:00,209.700286,boot_safe,0.000000,0.00000,0.000000,0.00000,LOW,false,false,true,false,
2098,2026-09-11T16:08:30.481058+00:00,209.800323,boot_safe,-0.002000,-0.00606,0.000000,0.00000,LOW,false,false,true,false,
2099,2026-09-11T16:08:30.580736+00:00,209.900292,boot_safe,0.000000,0.00000,0.000000,0.00000,LOW,false,false,true,false,
2100,2026-09-11T16:08:30.681072+00:00,210.000326,boot_safe,0.000000,0.00000,0.000000,0.00000,LOW,false,false,true,false,
2101,2026-09-11T16:08:30.780767+00:00,210.100307,boot_safe,0.000000,0.00000,0.000000,0.00000,LOW,false,false,true,false,
2102,2026-09-11T16:08:30.881057+00:00,210.200318,boot_safe,0.000000,0.00000,0.000000,0.00000,LOW,false,false,true,false,
2103,2026-09-11T16:08:30.980741+00:00,210.300288,boot_safe,0.000000,0.00000,0.000000,0.00000,LOW,false,false,true,false,
2104,2026-09-11T16:08:31.081056+00:00,210.400313,boot_safe,0.000000,0.00000,0.000000,0.00000,LOW,false,false,true,false,
2105,2026-09-11T16:08:31.180736+00:00,210.500284,boot_safe,0.000000,0.00000,0.000000,0.00000,LOW,false,false,true,false,
2106,2026-09-11T16:08:31.281043+00:00,210.600307,boot_safe,0.000000,0.00000,0.000000,0.00000,LOW,false,false,true,false,
2107,2026-09-11T16:08:31.380725+00:00,210.700283,boot_safe,0.000000,0.00000,0.000000,0.00000,LOW,false,false,true,false,
2108,2026-09-11T16:08:31.481076+00:00,210.800310,boot_safe,0.000000,0.00000,0.000000,0.00000,LOW,false,false,true,false,
2109,2026-09-11T16:08:31.580754+00:00,210.900298,boot_safe,0.000000,0.00000,0.000000,0.00000,LOW,false,false,true,false,
2110,2026-09-11T16:08:31.681042+00:00,211.000316,boot_safe,0.000000,0.00000,0.000000,0.00000,LOW,false,false,true,false,
2111,2026-09-11T16:08:31.780738+00:00,211.100289,boot_safe,0.000000,0.00000,0.000000,0.00000,LOW,false,false,true,false,
2112,2026-09-11T16:08:31.881040+00:00,211.200306,boot_safe,0.000000,0.00000,0.000000,0.00000,LOW,false,false,true,false,
2113,2026-09-11T16:08:31.980733+00:00,211.300285,boot_safe,0.000000,0.00000,0.000000,0.00000,LOW,false,false,true,false,
2114,2026-09-11T16:08:32.081036+00:00,211.400311,boot_safe,0.000000,0.00000,0.000000,0.00000,LOW,false,false,true,false,
2115,2026-09-11T16:08:32.180728+00:00,211.500285,boot_safe,0.000000,0.00000,0.000000,0.00000,LOW,false,false,true,false,
2116,2026-09-11T16:08:32.281041+00:00,211.600309,boot_safe,0.000000,0.00000,0.000000,0.00000,LOW,false,false,true,false,
2117,2026-09-11T16:08:32.380727+00:00,211.700286,boot_safe,0.000000,0.00000,0.000000,0.00000,LOW,false,false,true,false,
2118,2026-09-11T16:08:32.481067+00:00,211.800327,boot_safe,0.000000,0.00000,0.000000,0.00000,LOW,false,false,true,false,
2119,2026-09-11T16:08:32.580748+00:00,211.900296,boot_safe,0.000000,0.00000,0.000000,0.00000,LOW,false,false,true,false,
2120,2026-09-11T16:08:32.681044+00:00,212.000313,boot_safe,0.000000,0.00000,0.000000,0.00000,LOW,false,false,true,false,
2121,2026-09-11T16:08:32.780740+00:00,212.100289,boot_safe,0.000000,0.00000,0.000000,0.00000,LOW,false,false,true,false,
2122,2026-09-11T16:08:32.881049+00:00,212.200315,boot_safe,0.000000,0.00000,0.000000,0.00000,LOW,false,false,true,false,
2123,2026-09-11T16:08:32.980726+00:00,212.300286,boot_safe,0.000000,0.00000,0.000000,0.00000,LOW,false,false,true,false,
2124,2026-09-11T16:08:33.081046+00:00,212.400321,boot_safe,0.000000,0.00000,0.000000,0.00000,LOW,false,false,true,false,
2125,2026-09-11T16:08:33.180724+00:00,212.500282,boot_safe,0.000000,0.00000,0.000000,0.00000,LOW,false,false,true,false,
2126,2026-09-11T16:08:33.281045+00:00,212.600307,boot_safe,0.000000,0.00000,0.000000,0.00000,LOW,false,false,true,false,
2127,2026-09-11T16:08:33.380734+00:00,212.700285,boot_safe,0.000000,0.00000,0.000000,0.00000,LOW,false,false,true,false,
2128,2026-09-11T16:08:33.481036+00:00,212.800307,boot_safe,0.000000,0.00000,0.000000,0.00000,LOW,false,false,true,false,
2129,2026-09-11T16:08:33.581281+00:00,212.900439,boot_safe,0.000000,0.00000,0.000000,0.00000,LOW,false,false,true,false,
2130,2026-09-11T16:08:33.680753+00:00,213.000304,boot_safe,0.000000,0.00000,0.000000,0.00000,LOW,false,false,true,false,
2131,2026-09-11T16:08:33.781057+00:00,213.100325,boot_safe,0.000000,0.00000,0.000000,0.00000,LOW,false,false,true,false,
2132,2026-09-11T16:08:33.880731+00:00,213.200284,boot_safe,0.000000,0.00000,0.000000,0.00000,LOW,false,false,true,false,
2133,2026-09-11T16:08:33.981042+00:00,213.300314,boot_safe,0.000000,0.00000,0.000000,0.00000,LOW,false,false,true,false,
2134,2026-09-11T16:08:34.080735+00:00,213.400289,boot_safe,0.000000,0.00000,0.000000,0.00000,LOW,false,false,true,false,
2135,2026-09-11T16:08:34.181038+00:00,213.500309,boot_safe,0.000000,0.00000,0.000000,0.00000,LOW,false,false,true,false,
2136,2026-09-11T16:08:34.280724+00:00,213.600284,boot_safe,0.000000,0.00000,0.000000,0.00000,LOW,false,false,true,false,
2137,2026-09-11T16:08:34.381036+00:00,213.700310,boot_safe,0.000000,0.00000,0.000000,0.00000,LOW,false,false,true,false,
2138,2026-09-11T16:08:34.480742+00:00,213.800289,boot_safe,0.000000,0.00000,0.000000,0.00000,LOW,false,false,true,false,
2139,2026-09-11T16:08:34.581107+00:00,213.900313,boot_safe,0.000000,0.00000,0.000000,0.00000,LOW,false,false,true,false,
2140,2026-09-11T16:08:34.680725+00:00,214.000284,boot_safe,0.000000,0.00000,0.000000,0.00000,LOW,false,false,true,false,
2141,2026-09-11T16:08:34.781060+00:00,214.100325,boot_safe,0.000000,0.00000,0.000000,0.00000,LOW,false,false,true,false,
2142,2026-09-11T16:08:34.881194+00:00,214.200393,boot_safe,0.000000,0.00000,0.000000,0.00000,LOW,false,false,true,false,
2143,2026-09-11T16:08:34.981234+00:00,214.300421,boot_safe,0.000000,0.00000,0.000000,0.00000,LOW,false,false,true,false,
2144,2026-09-11T16:08:35.080906+00:00,214.400364,boot_safe,0.000000,0.00000,0.000000,0.00000,LOW,false,false,true,false,
2145,2026-09-11T16:08:35.180953+00:00,214.500295,boot_safe,0.000000,0.00000,0.000000,0.00000,LOW,false,false,true,false,
2146,2026-09-11T16:08:35.280940+00:00,214.600404,boot_safe,0.000000,0.00000,0.000000,0.00000,LOW,false,false,true,false,
2147,2026-09-11T16:08:35.380933+00:00,214.700279,boot_safe,0.000000,0.00000,0.000000,0.00000,LOW,false,false,true,false,
2148,2026-09-11T16:08:35.480877+00:00,214.800337,boot_safe,0.000000,0.00000,0.000000,0.00000,LOW,false,false,true,false,
2149,2026-09-11T16:08:35.580746+00:00,214.900297,boot_safe,0.000000,0.00000,0.000000,0.00000,LOW,false,false,true,false,
2150,2026-09-11T16:08:35.681124+00:00,215.000286,boot_safe,0.000000,0.00000,0.000000,0.00000,LOW,false,false,true,false,
2151,2026-09-11T16:08:35.781014+00:00,215.100418,boot_safe,0.000000,0.00000,0.000000,0.00000,LOW,false,false,true,false,
2152,2026-09-11T16:08:35.880960+00:00,215.200304,boot_safe,0.000000,0.00000,0.000000,0.00000,LOW,false,false,true,false,
2153,2026-09-11T16:08:35.980829+00:00,215.300316,boot_safe,0.000000,0.00000,0.000000,0.00000,LOW,false,false,true,false,
2154,2026-09-11T16:08:36.080940+00:00,215.400287,boot_safe,0.000000,0.00000,0.000000,0.00000,LOW,false,false,true,false,
2155,2026-09-11T16:08:36.180808+00:00,215.500312,boot_safe,0.000000,0.00000,0.000000,0.00000,LOW,false,false,true,false,
2156,2026-09-11T16:08:36.280939+00:00,215.600284,boot_safe,-0.002000,-0.00606,0.000000,0.00000,LOW,false,false,true,false,
2157,2026-09-11T16:08:36.380817+00:00,215.700312,boot_safe,0.000000,0.00000,0.000000,0.00000,LOW,false,false,true,false,
2158,2026-09-11T16:08:36.480937+00:00,215.800282,boot_safe,0.000000,0.00000,0.000000,0.00000,LOW,false,false,true,false,
2159,2026-09-11T16:08:36.580817+00:00,215.900310,boot_safe,0.000000,0.00000,0.000000,0.00000,LOW,false,false,true,false,
2160,2026-09-11T16:08:36.680959+00:00,216.000293,boot_safe,0.000000,0.00000,0.000000,0.00000,LOW,false,false,true,false,
2161,2026-09-11T16:08:36.780821+00:00,216.100310,boot_safe,0.000000,0.00000,0.000000,0.00000,LOW,false,false,true,false,
2162,2026-09-11T16:08:36.880931+00:00,216.200281,boot_safe,0.000000,0.00000,0.000000,0.00000,LOW,false,false,true,false,
2163,2026-09-11T16:08:36.980809+00:00,216.300310,boot_safe,0.000000,0.00000,0.000000,0.00000,LOW,false,false,true,false,
2164,2026-09-11T16:08:37.080932+00:00,216.400281,boot_safe,0.000000,0.00000,0.000000,0.00000,LOW,false,false,true,false,
2165,2026-09-11T16:08:37.180838+00:00,216.500323,boot_safe,0.000000,0.00000,0.000000,0.00000,LOW,false,false,true,false,
2166,2026-09-11T16:08:37.280934+00:00,216.600283,boot_safe,0.000000,0.00000,0.000000,0.00000,LOW,false,false,true,false,
2167,2026-09-11T16:08:37.380935+00:00,216.700308,boot_safe,0.000000,0.00000,0.000000,0.00000,LOW,false,false,true,false,
2168,2026-09-11T16:08:37.480879+00:00,216.800286,boot_safe,0.000000,0.00000,0.000000,0.00000,LOW,false,false,true,false,
2169,2026-09-11T16:08:37.581032+00:00,216.900310,boot_safe,0.000000,0.00000,0.000000,0.00000,LOW,false,false,true,false,
2170,2026-09-11T16:08:37.680817+00:00,217.000289,boot_safe,0.000000,0.00000,0.000000,0.00000,LOW,false,false,true,false,
2171,2026-09-11T16:08:37.781048+00:00,217.100313,boot_safe,0.000000,0.00000,0.000000,0.00000,LOW,false,false,true,false,
2172,2026-09-11T16:08:37.880795+00:00,217.200284,boot_safe,0.000000,0.00000,0.000000,0.00000,LOW,false,false,true,false,
2173,2026-09-11T16:08:37.980954+00:00,217.300310,boot_safe,0.000000,0.00000,0.000000,0.00000,LOW,false,false,true,false,
2174,2026-09-11T16:08:38.080794+00:00,217.400278,boot_safe,0.000000,0.00000,0.000000,0.00000,LOW,false,false,true,false,
2175,2026-09-11T16:08:38.180967+00:00,217.500312,boot_safe,0.000000,0.00000,0.000000,0.00000,LOW,false,false,true,false,
2176,2026-09-11T16:08:38.280795+00:00,217.600279,boot_safe,0.000000,0.00000,0.000000,0.00000,LOW,false,false,true,false,
2177,2026-09-11T16:08:38.380964+00:00,217.700310,boot_safe,0.000000,0.00000,0.000000,0.00000,LOW,false,false,true,false,
2178,2026-09-11T16:08:38.480795+00:00,217.800282,boot_safe,0.000000,0.00000,0.000000,0.00000,LOW,false,false,true,false,
2179,2026-09-11T16:08:38.580965+00:00,217.900311,boot_safe,0.000000,0.00000,0.000000,0.00000,LOW,false,false,true,false,
2180,2026-09-11T16:08:38.680825+00:00,218.000285,boot_safe,0.000000,0.00000,0.000000,0.00000,LOW,false,false,true,false,
2181,2026-09-11T16:08:38.780966+00:00,218.100324,boot_safe,0.000000,0.00000,0.000000,0.00000,LOW,false,false,true,false,
2182,2026-09-11T16:08:38.880791+00:00,218.200283,boot_safe,0.000000,0.00000,0.000000,0.00000,LOW,false,false,true,false,
2183,2026-09-11T16:08:38.980962+00:00,218.300309,boot_safe,0.000000,0.00000,0.000000,0.00000,LOW,false,false,true,false,
2184,2026-09-11T16:08:39.080792+00:00,218.400284,boot_safe,0.000000,0.00000,0.000000,0.00000,LOW,false,false,true,false,
2185,2026-09-11T16:08:39.180958+00:00,218.500309,boot_safe,0.000000,0.00000,0.000000,0.00000,LOW,false,false,true,false,
2186,2026-09-11T16:08:39.280970+00:00,218.600367,boot_safe,0.000000,0.00000,0.000000,0.00000,LOW,false,false,true,false,
2187,2026-09-11T16:08:39.380979+00:00,218.700326,boot_safe,0.000000,0.00000,0.000000,0.00000,LOW,false,false,true,false,
2188,2026-09-11T16:08:39.480805+00:00,218.800288,boot_safe,0.000000,0.00000,0.000000,0.00000,LOW,false,false,true,false,
2189,2026-09-11T16:08:39.580983+00:00,218.900307,boot_safe,0.000000,0.00000,0.000000,0.00000,LOW,false,false,true,false,
2190,2026-09-11T16:08:39.680799+00:00,219.000282,boot_safe,0.000000,0.00000,0.000000,0.00000,LOW,false,false,true,false,
2191,2026-09-11T16:08:39.781089+00:00,219.100351,boot_safe,0.000000,0.00000,0.000000,0.00000,LOW,false,false,true,false,
2192,2026-09-11T16:08:39.880855+00:00,219.200315,boot_safe,0.000000,0.00000,0.000000,0.00000,LOW,false,false,true,false,
2193,2026-09-11T16:08:39.981168+00:00,219.300378,boot_safe,0.000000,0.00000,0.000000,0.00000,LOW,false,false,true,false,
2194,2026-09-11T16:08:40.080732+00:00,219.400298,boot_safe,0.000000,0.00000,0.000000,0.00000,LOW,false,false,true,false,
2195,2026-09-11T16:08:40.181126+00:00,219.500311,boot_safe,0.000000,0.00000,0.000000,0.00000,LOW,false,false,true,false,
2196,2026-09-11T16:08:40.280762+00:00,219.600305,boot_safe,0.000000,0.00000,0.000000,0.00000,LOW,false,false,true,false,
2197,2026-09-11T16:08:40.381060+00:00,219.700322,boot_safe,0.000000,0.00000,0.000000,0.00000,LOW,false,false,true,false,
2198,2026-09-11T16:08:40.480733+00:00,219.800285,boot_safe,0.000000,0.00000,0.000000,0.00000,LOW,false,false,true,false,
2199,2026-09-11T16:08:40.581069+00:00,219.900324,boot_safe,0.000000,0.00000,0.000000,0.00000,LOW,false,false,true,false,
2200,2026-09-11T16:08:40.680727+00:00,220.000288,boot_safe,0.000000,0.00000,0.000000,0.00000,LOW,false,false,true,false,
2201,2026-09-11T16:08:40.781066+00:00,220.100324,boot_safe,0.000000,0.00000,0.000000,0.00000,LOW,false,false,true,false,
2202,2026-09-11T16:08:40.880740+00:00,220.200291,boot_safe,0.000000,0.00000,0.000000,0.00000,LOW,false,false,true,false,
2203,2026-09-11T16:08:40.981058+00:00,220.300316,boot_safe,0.000000,0.00000,0.000000,0.00000,LOW,false,false,true,false,
2204,2026-09-11T16:08:41.080843+00:00,220.400285,boot_safe,0.000000,0.00000,0.000000,0.00000,LOW,false,false,true,false,
2205,2026-09-11T16:08:41.181126+00:00,220.500369,boot_safe,0.000000,0.00000,0.000000,0.00000,LOW,false,false,true,false,
2206,2026-09-11T16:08:41.280741+00:00,220.600297,boot_safe,0.000000,0.00000,0.000000,0.00000,LOW,false,false,true,false,
2207,2026-09-11T16:08:41.381088+00:00,220.700355,boot_safe,0.000000,0.00000,0.000000,0.00000,LOW,false,false,true,false,
2208,2026-09-11T16:08:41.480793+00:00,220.800321,boot_safe,0.000000,0.00000,0.000000,0.00000,LOW,false,false,true,false,
2209,2026-09-11T16:08:41.581042+00:00,220.900320,boot_safe,0.000000,0.00000,0.000000,0.00000,LOW,false,false,true,false,
2210,2026-09-11T16:08:41.680893+00:00,221.000283,boot_safe,0.000000,0.00000,0.000000,0.00000,LOW,false,false,true,false,
2211,2026-09-11T16:08:41.780822+00:00,221.100338,boot_safe,0.000000,0.00000,0.000000,0.00000,LOW,false,false,true,false,
2212,2026-09-11T16:08:41.881038+00:00,221.200325,boot_safe,0.000000,0.00000,0.000000,0.00000,LOW,false,false,true,false,
2213,2026-09-11T16:08:41.980722+00:00,221.300286,boot_safe,0.000000,0.00000,0.000000,0.00000,LOW,false,false,true,false,
2214,2026-09-11T16:08:42.081039+00:00,221.400313,boot_safe,0.000000,0.00000,0.000000,0.00000,LOW,false,false,true,false,
2215,2026-09-11T16:08:42.180722+00:00,221.500283,boot_safe,0.000000,0.00000,0.000000,0.00000,LOW,false,false,true,false,
2216,2026-09-11T16:08:42.281036+00:00,221.600312,boot_safe,0.000000,0.00000,0.000000,0.00000,LOW,false,false,true,false,
2217,2026-09-11T16:08:42.380723+00:00,221.700280,boot_safe,0.000000,0.00000,0.000000,0.00000,LOW,false,false,true,false,
2218,2026-09-11T16:08:42.481066+00:00,221.800331,boot_safe,0.000000,0.00000,0.000000,0.00000,LOW,false,false,true,false,
2219,2026-09-11T16:08:42.580732+00:00,221.900290,boot_safe,0.000000,0.00000,0.000000,0.00000,LOW,false,false,true,false,
2220,2026-09-11T16:08:42.681036+00:00,222.000309,boot_safe,0.000000,0.00000,0.000000,0.00000,LOW,false,false,true,false,
2221,2026-09-11T16:08:42.780747+00:00,222.100295,boot_safe,0.000000,0.00000,0.000000,0.00000,LOW,false,false,true,false,
2222,2026-09-11T16:08:42.881039+00:00,222.200316,boot_safe,0.000000,0.00000,0.000000,0.00000,LOW,false,false,true,false,
2223,2026-09-11T16:08:42.980734+00:00,222.300287,boot_safe,0.000000,0.00000,0.000000,0.00000,LOW,false,false,true,false,
2224,2026-09-11T16:08:43.081034+00:00,222.400309,boot_safe,0.000000,0.00000,0.000000,0.00000,LOW,false,false,true,false,
2225,2026-09-11T16:08:43.180731+00:00,222.500279,boot_safe,0.000000,0.00000,0.000000,0.00000,LOW,false,false,true,false,
2226,2026-09-11T16:08:43.281058+00:00,222.600320,boot_safe,0.000000,0.00000,0.000000,0.00000,LOW,false,false,true,false,
2227,2026-09-11T16:08:43.380720+00:00,222.700285,boot_safe,0.000000,0.00000,0.000000,0.00000,LOW,false,false,true,false,
2228,2026-09-11T16:08:43.481040+00:00,222.800308,boot_safe,0.000000,0.00000,0.000000,0.00000,LOW,false,false,true,false,
2229,2026-09-11T16:08:43.580729+00:00,222.900289,boot_safe,0.000000,0.00000,0.000000,0.00000,LOW,false,false,true,false,
2230,2026-09-11T16:08:43.681042+00:00,223.000314,boot_safe,0.000000,0.00000,0.000000,0.00000,LOW,false,false,true,false,
2231,2026-09-11T16:08:43.780729+00:00,223.100284,boot_safe,0.000000,0.00000,0.000000,0.00000,LOW,false,false,true,false,
2232,2026-09-11T16:08:43.881061+00:00,223.200325,boot_safe,0.000000,0.00000,0.000000,0.00000,LOW,false,false,true,false,
2233,2026-09-11T16:08:43.980708+00:00,223.300268,boot_safe,0.000000,0.00000,0.000000,0.00000,LOW,false,false,true,false,
2234,2026-09-11T16:08:44.081038+00:00,223.400314,boot_safe,0.000000,0.00000,0.000000,0.00000,LOW,false,false,true,false,
2235,2026-09-11T16:08:44.180721+00:00,223.500281,boot_safe,0.000000,0.00000,0.000000,0.00000,LOW,false,false,true,false,
2236,2026-09-11T16:08:44.281043+00:00,223.600313,boot_safe,0.000000,0.00000,0.000000,0.00000,LOW,false,false,true,false,
2237,2026-09-11T16:08:44.380725+00:00,223.700286,boot_safe,0.000000,0.00000,0.000000,0.00000,LOW,false,false,true,false,
2238,2026-09-11T16:08:44.481045+00:00,223.800307,boot_safe,0.000000,0.00000,0.000000,0.00000,LOW,false,false,true,false,
2239,2026-09-11T16:08:44.580735+00:00,223.900285,boot_safe,0.000000,0.00000,0.000000,0.00000,LOW,false,false,true,false,
2240,2026-09-11T16:08:44.681035+00:00,224.000310,boot_safe,0.000000,0.00000,0.000000,0.00000,LOW,false,false,true,false,
2241,2026-09-11T16:08:44.780720+00:00,224.100283,boot_safe,0.000000,0.00000,0.000000,0.00000,LOW,false,false,true,false,
2242,2026-09-11T16:08:44.881044+00:00,224.200314,boot_safe,0.000000,0.00000,0.000000,0.00000,LOW,false,false,true,false,
2243,2026-09-11T16:08:44.980723+00:00,224.300287,boot_safe,0.000000,0.00000,0.000000,0.00000,LOW,false,false,true,false,
2244,2026-09-11T16:08:45.080843+00:00,224.400343,boot_safe,0.000000,0.00000,0.000000,0.00000,LOW,false,false,true,false,
2245,2026-09-11T16:08:45.181038+00:00,224.500322,boot_safe,0.000000,0.00000,0.000000,0.00000,LOW,false,false,true,false,
2246,2026-09-11T16:08:45.280734+00:00,224.600291,boot_safe,0.000000,0.00000,0.000000,0.00000,LOW,false,false,true,false,
2247,2026-09-11T16:08:45.381041+00:00,224.700310,boot_safe,0.000000,0.00000,0.000000,0.00000,LOW,false,false,true,false,
2248,2026-09-11T16:08:45.480725+00:00,224.800288,boot_safe,0.000000,0.00000,0.000000,0.00000,LOW,false,false,true,false,
2249,2026-09-11T16:08:45.581040+00:00,224.900309,boot_safe,0.000000,0.00000,0.000000,0.00000,LOW,false,false,true,false,
2250,2026-09-11T16:08:45.680727+00:00,225.000282,boot_safe,0.000000,0.00000,0.000000,0.00000,LOW,false,false,true,false,
2251,2026-09-11T16:08:45.781034+00:00,225.100306,boot_safe,0.000000,0.00000,0.000000,0.00000,LOW,false,false,true,false,
2252,2026-09-11T16:08:45.880738+00:00,225.200291,boot_safe,0.000000,0.00000,0.000000,0.00000,LOW,false,false,true,false,
2253,2026-09-11T16:08:45.981042+00:00,225.300311,boot_safe,0.000000,0.00000,0.000000,0.00000,LOW,false,false,true,false,
2254,2026-09-11T16:08:46.080719+00:00,225.400281,boot_safe,0.000000,0.00000,0.000000,0.00000,LOW,false,false,true,false,
2255,2026-09-11T16:08:46.181040+00:00,225.500309,boot_safe,0.000000,0.00000,0.000000,0.00000,LOW,false,false,true,false,
2256,2026-09-11T16:08:46.280725+00:00,225.600282,boot_safe,0.000000,0.00000,0.000000,0.00000,LOW,false,false,true,false,
2257,2026-09-11T16:08:46.381034+00:00,225.700311,boot_safe,0.000000,0.00000,0.000000,0.00000,LOW,false,false,true,false,
2258,2026-09-11T16:08:46.480731+00:00,225.800285,boot_safe,0.000000,0.00000,0.000000,0.00000,LOW,false,false,true,false,
2259,2026-09-11T16:08:46.581043+00:00,225.900312,boot_safe,0.000000,0.00000,0.000000,0.00000,LOW,false,false,true,false,
2260,2026-09-11T16:08:46.680730+00:00,226.000285,boot_safe,0.000000,0.00000,0.000000,0.00000,LOW,false,false,true,false,
2261,2026-09-11T16:08:46.781060+00:00,226.100329,boot_safe,0.000000,0.00000,0.000000,0.00000,LOW,false,false,true,false,
2262,2026-09-11T16:08:46.880731+00:00,226.200288,boot_safe,0.000000,0.00000,0.000000,0.00000,LOW,false,false,true,false,
2263,2026-09-11T16:08:46.981035+00:00,226.300315,boot_safe,0.000000,0.00000,0.000000,0.00000,LOW,false,false,true,false,
2264,2026-09-11T16:08:47.080948+00:00,226.400406,boot_safe,0.000000,0.00000,0.000000,0.00000,LOW,false,false,true,false,
2265,2026-09-11T16:08:47.181123+00:00,226.500360,boot_safe,0.000000,0.00000,0.000000,0.00000,LOW,false,false,true,false,
2266,2026-09-11T16:08:47.280754+00:00,226.600304,boot_safe,0.000000,0.00000,0.000000,0.00000,LOW,false,false,true,false,
2267,2026-09-11T16:08:47.381039+00:00,226.700315,boot_safe,0.000000,0.00000,0.000000,0.00000,LOW,false,false,true,false,
2268,2026-09-11T16:08:47.480780+00:00,226.800306,boot_safe,0.000000,0.00000,0.000000,0.00000,LOW,false,false,true,false,
2269,2026-09-11T16:08:47.581044+00:00,226.900318,boot_safe,0.000000,0.00000,0.000000,0.00000,LOW,false,false,true,false,
2270,2026-09-11T16:08:47.680919+00:00,227.000284,boot_safe,0.000000,0.00000,0.000000,0.00000,LOW,false,false,true,false,
2271,2026-09-11T16:08:47.781140+00:00,227.100372,boot_safe,0.000000,0.00000,0.000000,0.00000,LOW,false,false,true,false,
2272,2026-09-11T16:08:47.880744+00:00,227.200297,boot_safe,0.000000,0.00000,0.000000,0.00000,LOW,false,false,true,false,
2273,2026-09-11T16:08:47.981042+00:00,227.300320,boot_safe,0.000000,0.00000,0.000000,0.00000,LOW,false,false,true,false,
2274,2026-09-11T16:08:48.080737+00:00,227.400289,boot_safe,0.000000,0.00000,0.000000,0.00000,LOW,false,false,true,false,
2275,2026-09-11T16:08:48.181043+00:00,227.500310,boot_safe,0.000000,0.00000,0.000000,0.00000,LOW,false,false,true,false,
2276,2026-09-11T16:08:48.280719+00:00,227.600282,boot_safe,0.000000,0.00000,0.000000,0.00000,LOW,false,false,true,false,
2277,2026-09-11T16:08:48.381038+00:00,227.700309,boot_safe,0.000000,0.00000,0.000000,0.00000,LOW,false,false,true,false,
2278,2026-09-11T16:08:48.480733+00:00,227.800289,boot_safe,0.000000,0.00000,0.000000,0.00000,LOW,false,false,true,false,
2279,2026-09-11T16:08:48.581056+00:00,227.900318,boot_safe,0.000000,0.00000,-0.002000,-0.01212,LOW,false,false,true,false,
2280,2026-09-11T16:08:48.680743+00:00,228.000291,boot_safe,0.000000,0.00000,0.000000,0.00000,LOW,false,false,true,false,
2281,2026-09-11T16:08:48.781041+00:00,228.100309,boot_safe,0.000000,0.00000,0.000000,0.00000,LOW,false,false,true,false,
2282,2026-09-11T16:08:48.880727+00:00,228.200284,boot_safe,0.000000,0.00000,0.000000,0.00000,LOW,false,false,true,false,
2283,2026-09-11T16:08:48.981035+00:00,228.300315,boot_safe,0.000000,0.00000,0.000000,0.00000,LOW,false,false,true,false,
2284,2026-09-11T16:08:49.080723+00:00,228.400281,boot_safe,0.000000,0.00000,0.000000,0.00000,LOW,false,false,true,false,
2285,2026-09-11T16:08:49.181037+00:00,228.500313,boot_safe,0.000000,0.00000,0.000000,0.00000,LOW,false,false,true,false,
2286,2026-09-11T16:08:49.280724+00:00,228.600282,boot_safe,0.000000,0.00000,0.000000,0.00000,LOW,false,false,true,false,
2287,2026-09-11T16:08:49.381043+00:00,228.700313,boot_safe,0.000000,0.00000,0.000000,0.00000,LOW,false,false,true,false,
2288,2026-09-11T16:08:49.480734+00:00,228.800288,boot_safe,0.000000,0.00000,0.000000,0.00000,LOW,false,false,true,false,
2289,2026-09-11T16:08:49.581034+00:00,228.900310,boot_safe,0.000000,0.00000,0.000000,0.00000,LOW,false,false,true,false,
2290,2026-09-11T16:08:49.680728+00:00,229.000284,boot_safe,0.000000,0.00000,0.000000,0.00000,LOW,false,false,true,false,
2291,2026-09-11T16:08:49.781033+00:00,229.100308,boot_safe,0.000000,0.00000,0.000000,0.00000,LOW,false,false,true,false,
2292,2026-09-11T16:08:49.880721+00:00,229.200282,boot_safe,0.000000,0.00000,0.000000,0.00000,LOW,false,false,true,false,
2293,2026-09-11T16:08:49.981052+00:00,229.300313,boot_safe,0.000000,0.00000,0.000000,0.00000,LOW,false,false,true,false,
2294,2026-09-11T16:08:50.080733+00:00,229.400281,boot_safe,0.000000,0.00000,0.000000,0.00000,LOW,false,false,true,false,
2295,2026-09-11T16:08:50.180848+00:00,229.500347,boot_safe,0.000000,0.00000,0.000000,0.00000,LOW,false,false,true,false,
2296,2026-09-11T16:08:50.281042+00:00,229.600323,boot_safe,0.000000,0.00000,0.000000,0.00000,LOW,false,false,true,false,
2297,2026-09-11T16:08:50.380730+00:00,229.700288,boot_safe,0.000000,0.00000,0.000000,0.00000,LOW,false,false,true,false,
2298,2026-09-11T16:08:50.481044+00:00,229.800313,boot_safe,0.000000,0.00000,0.000000,0.00000,LOW,false,false,true,false,
2299,2026-09-11T16:08:50.580752+00:00,229.900297,boot_safe,0.000000,0.00000,0.000000,0.00000,LOW,false,false,true,false,
2300,2026-09-11T16:08:50.681051+00:00,230.000310,boot_safe,0.000000,0.00000,0.000000,0.00000,LOW,false,false,true,false,
2301,2026-09-11T16:08:50.780758+00:00,230.100301,boot_safe,0.000000,0.00000,0.000000,0.00000,LOW,false,false,true,false,
2302,2026-09-11T16:08:50.881041+00:00,230.200312,boot_safe,0.000000,0.00000,0.000000,0.00000,LOW,false,false,true,false,
2303,2026-09-11T16:08:50.980762+00:00,230.300290,boot_safe,0.000000,0.00000,0.000000,0.00000,LOW,false,false,true,false,
2304,2026-09-11T16:08:51.081049+00:00,230.400313,boot_safe,0.000000,0.00000,0.000000,0.00000,LOW,false,false,true,false,
2305,2026-09-11T16:08:51.180746+00:00,230.500292,boot_safe,0.000000,0.00000,0.000000,0.00000,LOW,false,false,true,false,
2306,2026-09-11T16:08:51.281039+00:00,230.600311,boot_safe,0.000000,0.00000,0.000000,0.00000,LOW,false,false,true,false,
2307,2026-09-11T16:08:51.380724+00:00,230.700286,boot_safe,0.000000,0.00000,0.000000,0.00000,LOW,false,false,true,false,
2308,2026-09-11T16:08:51.481077+00:00,230.800312,boot_safe,0.000000,0.00000,0.000000,0.00000,LOW,false,false,true,false,
2309,2026-09-11T16:08:51.580757+00:00,230.900289,boot_safe,0.000000,0.00000,0.000000,0.00000,LOW,false,false,true,false,
2310,2026-09-11T16:08:51.681050+00:00,231.000320,boot_safe,0.000000,0.00000,0.000000,0.00000,LOW,false,false,true,false,
2311,2026-09-11T16:08:51.780735+00:00,231.100288,boot_safe,0.000000,0.00000,0.000000,0.00000,LOW,false,false,true,false,
2312,2026-09-11T16:08:51.881037+00:00,231.200310,boot_safe,0.000000,0.00000,0.000000,0.00000,LOW,false,false,true,false,
2313,2026-09-11T16:08:51.980730+00:00,231.300283,boot_safe,0.000000,0.00000,0.000000,0.00000,LOW,false,false,true,false,
2314,2026-09-11T16:08:52.081035+00:00,231.400310,boot_safe,0.000000,0.00000,0.000000,0.00000,LOW,false,false,true,false,
2315,2026-09-11T16:08:52.180728+00:00,231.500283,boot_safe,0.000000,0.00000,0.000000,0.00000,LOW,false,false,true,false,
2316,2026-09-11T16:08:52.281039+00:00,231.600311,boot_safe,0.000000,0.00000,0.000000,0.00000,LOW,false,false,true,false,
2317,2026-09-11T16:08:52.380723+00:00,231.700278,boot_safe,0.000000,0.00000,0.000000,0.00000,LOW,false,false,true,false,
2318,2026-09-11T16:08:52.481061+00:00,231.800315,boot_safe,0.000000,0.00000,0.000000,0.00000,LOW,false,false,true,false,
2319,2026-09-11T16:08:52.580737+00:00,231.900295,boot_safe,0.000000,0.00000,0.000000,0.00000,LOW,false,false,true,false,
2320,2026-09-11T16:08:52.681043+00:00,232.000313,boot_safe,0.000000,0.00000,0.000000,0.00000,LOW,false,false,true,false,
2321,2026-09-11T16:08:52.780734+00:00,232.100286,boot_safe,0.000000,0.00000,0.000000,0.00000,LOW,false,false,true,false,
2322,2026-09-11T16:08:52.881045+00:00,232.200314,boot_safe,0.000000,0.00000,0.000000,0.00000,LOW,false,false,true,false,
2323,2026-09-11T16:08:52.980712+00:00,232.300281,boot_safe,0.000000,0.00000,0.000000,0.00000,LOW,false,false,true,false,
2324,2026-09-11T16:08:53.081258+00:00,232.400404,boot_safe,0.000000,0.00000,0.000000,0.00000,LOW,false,false,true,false,
2325,2026-09-11T16:08:53.180816+00:00,232.500333,boot_safe,0.000000,0.00000,0.000000,0.00000,LOW,false,false,true,false,
2326,2026-09-11T16:08:53.281056+00:00,232.600332,boot_safe,0.000000,0.00000,0.000000,0.00000,LOW,false,false,true,false,
2327,2026-09-11T16:08:53.380719+00:00,232.700286,boot_safe,0.000000,0.00000,0.000000,0.00000,LOW,false,false,true,false,
2328,2026-09-11T16:08:53.481086+00:00,232.800336,boot_safe,0.000000,0.00000,0.000000,0.00000,LOW,false,false,true,false,
2329,2026-09-11T16:08:53.580734+00:00,232.900293,boot_safe,0.000000,0.00000,0.000000,0.00000,LOW,false,false,true,false,
2330,2026-09-11T16:08:53.681257+00:00,233.000314,boot_safe,0.000000,0.00000,0.000000,0.00000,LOW,false,false,true,false,
2331,2026-09-11T16:08:53.780825+00:00,233.100335,boot_safe,0.000000,0.00000,0.000000,0.00000,LOW,false,false,true,false,
2332,2026-09-11T16:08:53.881057+00:00,233.200326,boot_safe,0.000000,0.00000,0.000000,0.00000,LOW,false,false,true,false,
2333,2026-09-11T16:08:53.980743+00:00,233.300293,boot_safe,0.000000,0.00000,0.000000,0.00000,LOW,false,false,true,false,
2334,2026-09-11T16:08:54.081059+00:00,233.400323,boot_safe,0.000000,0.00000,0.000000,0.00000,LOW,false,false,true,false,
2335,2026-09-11T16:08:54.180729+00:00,233.500283,boot_safe,0.000000,0.00000,0.000000,0.00000,LOW,false,false,true,false,
2336,2026-09-11T16:08:54.281038+00:00,233.600313,boot_safe,0.000000,0.00000,0.000000,0.00000,LOW,false,false,true,false,
2337,2026-09-11T16:08:54.380736+00:00,233.700284,boot_safe,0.000000,0.00000,0.000000,0.00000,LOW,false,false,true,false,
2338,2026-09-11T16:08:54.481037+00:00,233.800310,boot_safe,0.000000,0.00000,0.000000,0.00000,LOW,false,false,true,false,
2339,2026-09-11T16:08:54.580743+00:00,233.900291,boot_safe,0.000000,0.00000,0.000000,0.00000,LOW,false,false,true,false,
2340,2026-09-11T16:08:54.681052+00:00,234.000316,boot_safe,0.000000,0.00000,0.000000,0.00000,LOW,false,false,true,false,
2341,2026-09-11T16:08:54.780744+00:00,234.100296,boot_safe,0.000000,0.00000,0.000000,0.00000,LOW,false,false,true,false,
2342,2026-09-11T16:08:54.881043+00:00,234.200317,boot_safe,0.000000,0.00000,0.000000,0.00000,LOW,false,false,true,false,
2343,2026-09-11T16:08:54.980725+00:00,234.300279,boot_safe,0.000000,0.00000,0.000000,0.00000,LOW,false,false,true,false,
2344,2026-09-11T16:08:55.081057+00:00,234.400321,boot_safe,0.000000,0.00000,0.000000,0.00000,LOW,false,false,true,false,
2345,2026-09-11T16:08:55.180725+00:00,234.500284,boot_safe,0.000000,0.00000,0.000000,0.00000,LOW,false,false,true,false,
2346,2026-09-11T16:08:55.281191+00:00,234.600396,boot_safe,0.000000,0.00000,0.000000,0.00000,LOW,false,false,true,false,
2347,2026-09-11T16:08:55.380743+00:00,234.700301,boot_safe,0.000000,0.00000,0.000000,0.00000,LOW,false,false,true,false,
2348,2026-09-11T16:08:55.481048+00:00,234.800314,boot_safe,0.000000,0.00000,0.000000,0.00000,LOW,false,false,true,false,
2349,2026-09-11T16:08:55.580755+00:00,234.900286,boot_safe,0.000000,0.00000,0.000000,0.00000,LOW,false,false,true,false,
2350,2026-09-11T16:08:55.681038+00:00,235.000317,boot_safe,0.000000,0.00000,0.000000,0.00000,LOW,false,false,true,false,
2351,2026-09-11T16:08:55.780752+00:00,235.100311,boot_safe,0.000000,0.00000,0.000000,0.00000,LOW,false,false,true,false,
2352,2026-09-11T16:08:55.881013+00:00,235.200284,boot_safe,0.000000,0.00000,0.000000,0.00000,LOW,false,false,true,false,
2353,2026-09-11T16:08:55.980811+00:00,235.300312,boot_safe,0.000000,0.00000,0.000000,0.00000,LOW,false,false,true,false,
2354,2026-09-11T16:08:56.081050+00:00,235.400364,boot_safe,0.000000,0.00000,0.000000,0.00000,LOW,false,false,true,false,
2355,2026-09-11T16:08:56.180937+00:00,235.500400,boot_safe,0.000000,0.00000,0.000000,0.00000,LOW,false,false,true,false,
2356,2026-09-11T16:08:56.280945+00:00,235.600284,boot_safe,0.000000,0.00000,0.000000,0.00000,LOW,false,false,true,false,
2357,2026-09-11T16:08:56.380809+00:00,235.700309,boot_safe,0.000000,0.00000,0.000000,0.00000,LOW,false,false,true,false,
2358,2026-09-11T16:08:56.480942+00:00,235.800280,boot_safe,0.000000,0.00000,0.000000,0.00000,LOW,false,false,true,false,
2359,2026-09-11T16:08:56.580822+00:00,235.900311,boot_safe,0.000000,0.00000,0.000000,0.00000,LOW,false,false,true,false,
2360,2026-09-11T16:08:56.680936+00:00,236.000283,boot_safe,0.000000,0.00000,0.000000,0.00000,LOW,false,false,true,false,
2361,2026-09-11T16:08:56.780814+00:00,236.100312,boot_safe,0.000000,0.00000,0.000000,0.00000,LOW,false,false,true,false,
2362,2026-09-11T16:08:56.880946+00:00,236.200280,boot_safe,0.000000,0.00000,0.000000,0.00000,LOW,false,false,true,false,
2363,2026-09-11T16:08:56.980803+00:00,236.300307,boot_safe,0.000000,0.00000,0.000000,0.00000,LOW,false,false,true,false,
2364,2026-09-11T16:08:57.080929+00:00,236.400276,boot_safe,0.000000,0.00000,0.000000,0.00000,LOW,false,false,true,false,
2365,2026-09-11T16:08:57.180823+00:00,236.500311,boot_safe,0.000000,0.00000,0.000000,0.00000,LOW,false,false,true,false,
2366,2026-09-11T16:08:57.280950+00:00,236.600287,boot_safe,0.000000,0.00000,0.000000,0.00000,LOW,false,false,true,false,
2367,2026-09-11T16:08:57.380806+00:00,236.700305,boot_safe,0.000000,0.00000,0.000000,0.00000,LOW,false,false,true,false,
2368,2026-09-11T16:08:57.480936+00:00,236.800279,boot_safe,0.000000,0.00000,0.000000,0.00000,LOW,false,false,true,false,
2369,2026-09-11T16:08:57.580835+00:00,236.900307,boot_safe,0.000000,0.00000,0.000000,0.00000,LOW,false,false,true,false,
2370,2026-09-11T16:08:57.680944+00:00,237.000287,boot_safe,0.000000,0.00000,0.000000,0.00000,LOW,false,false,true,false,
2371,2026-09-11T16:08:57.780805+00:00,237.100310,boot_safe,0.000000,0.00000,0.000000,0.00000,LOW,false,false,true,false,
2372,2026-09-11T16:08:57.880925+00:00,237.200279,boot_safe,0.000000,0.00000,0.000000,0.00000,LOW,false,false,true,false,
2373,2026-09-11T16:08:57.980805+00:00,237.300307,boot_safe,0.000000,0.00000,0.000000,0.00000,LOW,false,false,true,false,
2374,2026-09-11T16:08:58.080928+00:00,237.400280,boot_safe,0.000000,0.00000,0.000000,0.00000,LOW,false,false,true,false,
2375,2026-09-11T16:08:58.180816+00:00,237.500310,boot_safe,0.000000,0.00000,0.000000,0.00000,LOW,false,false,true,false,
2376,2026-09-11T16:08:58.280927+00:00,237.600281,boot_safe,0.000000,0.00000,0.000000,0.00000,LOW,false,false,true,false,
2377,2026-09-11T16:08:58.380808+00:00,237.700311,boot_safe,0.000000,0.00000,0.000000,0.00000,LOW,false,false,true,false,
2378,2026-09-11T16:08:58.480938+00:00,237.800280,boot_safe,0.000000,0.00000,0.000000,0.00000,LOW,false,false,true,false,
2379,2026-09-11T16:08:58.580807+00:00,237.900303,boot_safe,0.000000,0.00000,0.000000,0.00000,LOW,false,false,true,false,
2380,2026-09-11T16:08:58.680934+00:00,238.000277,boot_safe,0.000000,0.00000,0.000000,0.00000,LOW,false,false,true,false,
2381,2026-09-11T16:08:58.780840+00:00,238.100320,boot_safe,0.000000,0.00000,0.000000,0.00000,LOW,false,false,true,false,
2382,2026-09-11T16:08:58.880935+00:00,238.200284,boot_safe,0.000000,0.00000,0.000000,0.00000,LOW,false,false,true,false,
2383,2026-09-11T16:08:58.980938+00:00,238.300311,boot_safe,0.000000,0.00000,0.000000,0.00000,LOW,false,false,true,false,
2384,2026-09-11T16:08:59.080949+00:00,238.400317,boot_safe,0.000000,0.00000,0.000000,0.00000,LOW,false,false,true,false,
2385,2026-09-11T16:08:59.180973+00:00,238.500320,boot_safe,0.000000,0.00000,0.000000,0.00000,LOW,false,false,true,false,
2386,2026-09-11T16:08:59.280941+00:00,238.600302,boot_safe,0.000000,0.00000,0.000000,0.00000,LOW,false,false,true,false,
2387,2026-09-11T16:08:59.381041+00:00,238.700314,boot_safe,0.000000,0.00000,0.000000,0.00000,LOW,false,false,true,false,
2388,2026-09-11T16:08:59.480791+00:00,238.800280,boot_safe,0.000000,0.00000,0.000000,0.00000,LOW,false,false,true,false,
2389,2026-09-11T16:08:59.581049+00:00,238.900307,boot_safe,0.000000,0.00000,0.000000,0.00000,LOW,false,false,true,false,
2390,2026-09-11T16:08:59.681010+00:00,239.000279,boot_safe,0.000000,0.00000,0.000000,0.00000,LOW,false,false,true,false,
2391,2026-09-11T16:08:59.781041+00:00,239.100363,boot_safe,0.000000,0.00000,0.000000,0.00000,LOW,false,false,true,false,
2392,2026-09-11T16:08:59.881058+00:00,239.200410,boot_safe,0.000000,0.00000,0.000000,0.00000,LOW,false,false,true,false,
2393,2026-09-11T16:08:59.980986+00:00,239.300333,boot_safe,0.000000,0.00000,0.000000,0.00000,LOW,false,false,true,false,
2394,2026-09-11T16:09:00.080804+00:00,239.400284,boot_safe,0.000000,0.00000,0.000000,0.00000,LOW,false,false,true,false,
2395,2026-09-11T16:09:00.180968+00:00,239.500309,boot_safe,0.000000,0.00000,0.000000,0.00000,LOW,false,false,true,false,
2396,2026-09-11T16:09:00.280805+00:00,239.600290,boot_safe,0.000000,0.00000,0.000000,0.00000,LOW,false,false,true,false,
2397,2026-09-11T16:09:00.381208+00:00,239.700402,boot_safe,0.000000,0.00000,0.000000,0.00000,LOW,false,false,true,false,
2398,2026-09-11T16:09:00.480968+00:00,239.800320,boot_safe,0.000000,0.00000,0.000000,0.00000,LOW,false,false,true,false,
2399,2026-09-11T16:09:00.580820+00:00,239.900294,boot_safe,0.000000,0.00000,0.000000,0.00000,LOW,false,false,true,false,
2400,2026-09-11T16:09:00.680969+00:00,240.000318,boot_safe,0.000000,0.00000,0.000000,0.00000,LOW,false,false,true,false,
2401,2026-09-11T16:09:00.780800+00:00,240.100283,boot_safe,0.000000,0.00000,0.000000,0.00000,LOW,false,false,true,false,
2402,2026-09-11T16:09:00.880957+00:00,240.200305,boot_safe,0.000000,0.00000,0.000000,0.00000,LOW,false,false,true,false,
2403,2026-09-11T16:09:00.980808+00:00,240.300283,boot_safe,0.000000,0.00000,0.000000,0.00000,LOW,false,false,true,false,
2404,2026-09-11T16:09:01.080996+00:00,240.400306,boot_safe,0.000000,0.00000,0.000000,0.00000,LOW,false,false,true,false,
2405,2026-09-11T16:09:01.180801+00:00,240.500284,boot_safe,0.000000,0.00000,0.000000,0.00000,LOW,false,false,true,false,
2406,2026-09-11T16:09:01.280973+00:00,240.600318,boot_safe,0.000000,0.00000,0.000000,0.00000,LOW,false,false,true,false,
2407,2026-09-11T16:09:01.380829+00:00,240.700286,boot_safe,0.000000,0.00000,0.000000,0.00000,LOW,false,false,true,false,
2408,2026-09-11T16:09:01.480970+00:00,240.800322,boot_safe,0.000000,0.00000,0.000000,0.00000,LOW,false,false,true,false,
2409,2026-09-11T16:09:01.580806+00:00,240.900283,boot_safe,0.000000,0.00000,0.000000,0.00000,LOW,false,false,true,false,
2410,2026-09-11T16:09:01.680992+00:00,241.000311,boot_safe,0.000000,0.00000,0.000000,0.00000,LOW,false,false,true,false,
2411,2026-09-11T16:09:01.780792+00:00,241.100280,boot_safe,0.000000,0.00000,0.000000,0.00000,LOW,false,false,true,false,
2412,2026-09-11T16:09:01.880991+00:00,241.200309,boot_safe,0.000000,0.00000,0.000000,0.00000,LOW,false,false,true,false,
2413,2026-09-11T16:09:01.980786+00:00,241.300282,boot_safe,0.000000,0.00000,0.000000,0.00000,LOW,false,false,true,false,
2414,2026-09-11T16:09:02.081046+00:00,241.400309,boot_safe,0.000000,0.00000,0.000000,0.00000,LOW,false,false,true,false,
2415,2026-09-11T16:09:02.180713+00:00,241.500277,boot_safe,0.000000,0.00000,0.000000,0.00000,LOW,false,false,true,false,
2416,2026-09-11T16:09:02.281045+00:00,241.600317,boot_safe,0.000000,0.00000,0.000000,0.00000,LOW,false,false,true,false,
2417,2026-09-11T16:09:02.380793+00:00,241.700281,boot_safe,0.000000,0.00000,0.000000,0.00000,LOW,false,false,true,false,
2418,2026-09-11T16:09:02.481125+00:00,241.800308,boot_safe,0.000000,0.00000,0.000000,0.00000,LOW,false,false,true,false,
2419,2026-09-11T16:09:02.580744+00:00,241.900295,boot_safe,0.000000,0.00000,0.000000,0.00000,LOW,false,false,true,false,
2420,2026-09-11T16:09:02.681042+00:00,242.000311,boot_safe,0.000000,0.00000,0.000000,0.00000,LOW,false,false,true,false,
2421,2026-09-11T16:09:02.780747+00:00,242.100302,boot_safe,0.000000,0.00000,0.000000,0.00000,LOW,false,false,true,false,
2422,2026-09-11T16:09:02.881066+00:00,242.200309,boot_safe,0.000000,0.00000,0.000000,0.00000,LOW,false,false,true,false,
2423,2026-09-11T16:09:02.980738+00:00,242.300291,boot_safe,0.000000,0.00000,0.000000,0.00000,LOW,false,false,true,false,
2424,2026-09-11T16:09:03.081062+00:00,242.400317,boot_safe,0.000000,0.00000,0.000000,0.00000,LOW,false,false,true,false,
2425,2026-09-11T16:09:03.180740+00:00,242.500292,boot_safe,0.000000,0.00000,0.000000,0.00000,LOW,false,false,true,false,
2426,2026-09-11T16:09:03.281066+00:00,242.600330,boot_safe,0.000000,0.00000,0.000000,0.00000,LOW,false,false,true,false,
2427,2026-09-11T16:09:03.381040+00:00,242.700307,boot_safe,0.000000,0.00000,0.000000,0.00000,LOW,false,false,true,false,
2428,2026-09-11T16:09:03.480727+00:00,242.800282,boot_safe,0.000000,0.00000,0.000000,0.00000,LOW,false,false,true,false,
2429,2026-09-11T16:09:03.581038+00:00,242.900310,boot_safe,0.000000,0.00000,0.000000,0.00000,LOW,false,false,true,false,
2430,2026-09-11T16:09:03.680721+00:00,243.000282,boot_safe,0.000000,0.00000,0.000000,0.00000,LOW,false,false,true,false,
2431,2026-09-11T16:09:03.781036+00:00,243.100311,boot_safe,0.000000,0.00000,0.000000,0.00000,LOW,false,false,true,false,
2432,2026-09-11T16:09:03.880719+00:00,243.200283,boot_safe,0.000000,0.00000,0.000000,0.00000,LOW,false,false,true,false,
2433,2026-09-11T16:09:03.981039+00:00,243.300306,boot_safe,0.000000,0.00000,0.000000,0.00000,LOW,false,false,true,false,
2434,2026-09-11T16:09:04.080750+00:00,243.400295,boot_safe,0.000000,0.00000,0.000000,0.00000,LOW,false,false,true,false,
2435,2026-09-11T16:09:04.181036+00:00,243.500310,boot_safe,0.000000,0.00000,0.000000,0.00000,LOW,false,false,true,false,
2436,2026-09-11T16:09:04.280734+00:00,243.600282,boot_safe,0.000000,0.00000,0.000000,0.00000,LOW,false,false,true,false,
2437,2026-09-11T16:09:04.381037+00:00,243.700311,boot_safe,0.000000,0.00000,0.000000,0.00000,LOW,false,false,true,false,
2438,2026-09-11T16:09:04.480732+00:00,243.800283,boot_safe,0.000000,0.00000,0.000000,0.00000,LOW,false,false,true,false,
2439,2026-09-11T16:09:04.581052+00:00,243.900318,boot_safe,0.000000,0.00000,0.000000,0.00000,LOW,false,false,true,false,
2440,2026-09-11T16:09:04.680711+00:00,244.000283,boot_safe,0.000000,0.00000,0.000000,0.00000,LOW,false,false,true,false,
2441,2026-09-11T16:09:04.781037+00:00,244.100312,boot_safe,0.000000,0.00000,0.000000,0.00000,LOW,false,false,true,false,
2442,2026-09-11T16:09:04.880725+00:00,244.200285,boot_safe,0.000000,0.00000,0.000000,0.00000,LOW,false,false,true,false,
2443,2026-09-11T16:09:04.981240+00:00,244.300423,boot_safe,0.000000,0.00000,0.000000,0.00000,LOW,false,false,true,false,
2444,2026-09-11T16:09:05.080765+00:00,244.400309,boot_safe,0.000000,0.00000,0.000000,0.00000,LOW,false,false,true,false,
2445,2026-09-11T16:09:05.181038+00:00,244.500318,boot_safe,0.000000,0.00000,0.000000,0.00000,LOW,false,false,true,false,
2446,2026-09-11T16:09:05.280792+00:00,244.600312,boot_safe,0.000000,0.00000,0.000000,0.00000,LOW,false,false,true,false,
2447,2026-09-11T16:09:05.381064+00:00,244.700326,boot_safe,0.000000,0.00000,0.000000,0.00000,LOW,false,false,true,false,
2448,2026-09-11T16:09:05.480884+00:00,244.800374,boot_safe,0.000000,0.00000,0.000000,0.00000,LOW,false,false,true,false,
2449,2026-09-11T16:09:05.581045+00:00,244.900328,boot_safe,0.000000,0.00000,0.000000,0.00000,LOW,false,false,true,false,
2450,2026-09-11T16:09:05.680910+00:00,245.000290,boot_safe,0.000000,0.00000,0.000000,0.00000,LOW,false,false,true,false,
2451,2026-09-11T16:09:05.780819+00:00,245.100335,boot_safe,0.000000,0.00000,0.000000,0.00000,LOW,false,false,true,false,
2452,2026-09-11T16:09:05.881053+00:00,245.200325,boot_safe,0.000000,0.00000,0.000000,0.00000,LOW,false,false,true,false,
2453,2026-09-11T16:09:05.980736+00:00,245.300286,boot_safe,0.000000,0.00000,0.000000,0.00000,LOW,false,false,true,false,
2454,2026-09-11T16:09:06.081050+00:00,245.400317,boot_safe,0.000000,0.00000,0.000000,0.00000,LOW,false,false,true,false,
2455,2026-09-11T16:09:06.180735+00:00,245.500286,boot_safe,0.000000,0.00000,0.000000,0.00000,LOW,false,false,true,false,
2456,2026-09-11T16:09:06.281036+00:00,245.600307,boot_safe,0.000000,0.00000,0.000000,0.00000,LOW,false,false,true,false,
2457,2026-09-11T16:09:06.380739+00:00,245.700292,boot_safe,0.000000,0.00000,0.000000,0.00000,LOW,false,false,true,false,
2458,2026-09-11T16:09:06.481199+00:00,245.800394,boot_safe,0.000000,0.00000,0.000000,0.00000,LOW,false,false,true,false,
2459,2026-09-11T16:09:06.581056+00:00,245.900331,boot_safe,0.000000,0.00000,0.000000,0.00000,LOW,false,false,true,false,
2460,2026-09-11T16:09:06.680742+00:00,246.000291,boot_safe,0.000000,0.00000,0.000000,0.00000,LOW,false,false,true,false,
2461,2026-09-11T16:09:06.781078+00:00,246.100341,boot_safe,0.000000,0.00000,0.000000,0.00000,LOW,false,false,true,false,
2462,2026-09-11T16:09:06.880730+00:00,246.200291,boot_safe,0.000000,0.00000,0.000000,0.00000,LOW,false,false,true,false,
2463,2026-09-11T16:09:06.981090+00:00,246.300324,boot_safe,0.000000,0.00000,0.000000,0.00000,LOW,false,false,true,false,
2464,2026-09-11T16:09:07.080782+00:00,246.400318,boot_safe,0.000000,0.00000,0.000000,0.00000,LOW,false,false,true,false,
2465,2026-09-11T16:09:07.181044+00:00,246.500319,boot_safe,0.000000,0.00000,0.000000,0.00000,LOW,false,false,true,false,
2466,2026-09-11T16:09:07.280736+00:00,246.600288,boot_safe,0.000000,0.00000,0.000000,0.00000,LOW,false,false,true,false,
2467,2026-09-11T16:09:07.381248+00:00,246.700433,boot_safe,0.000000,0.00000,0.000000,0.00000,LOW,false,false,true,false,
2468,2026-09-11T16:09:07.480798+00:00,246.800329,boot_safe,0.000000,0.00000,0.000000,0.00000,LOW,false,false,true,false,
2469,2026-09-11T16:09:07.581054+00:00,246.900325,boot_safe,0.000000,0.00000,0.000000,0.00000,LOW,false,false,true,false,
2470,2026-09-11T16:09:07.680812+00:00,247.000287,boot_safe,0.000000,0.00000,0.000000,0.00000,LOW,false,false,true,false,
2471,2026-09-11T16:09:07.781086+00:00,247.100353,boot_safe,0.000000,0.00000,0.000000,0.00000,LOW,false,false,true,false,
2472,2026-09-11T16:09:07.880899+00:00,247.200377,boot_safe,0.000000,0.00000,0.000000,0.00000,LOW,false,false,true,false,
2473,2026-09-11T16:09:07.981088+00:00,247.300346,boot_safe,0.000000,0.00000,0.000000,0.00000,LOW,false,false,true,false,
2474,2026-09-11T16:09:08.080742+00:00,247.400297,boot_safe,0.000000,0.00000,0.000000,0.00000,LOW,false,false,true,false,
2475,2026-09-11T16:09:08.181038+00:00,247.500314,boot_safe,0.000000,0.00000,0.000000,0.00000,LOW,false,false,true,false,
2476,2026-09-11T16:09:08.280908+00:00,247.600392,boot_safe,0.000000,0.00000,0.000000,0.00000,LOW,false,false,true,false,
2477,2026-09-11T16:09:08.381146+00:00,247.700364,boot_safe,0.000000,0.00000,0.000000,0.00000,LOW,false,false,true,false,
2478,2026-09-11T16:09:08.480968+00:00,247.800417,boot_safe,0.000000,0.00000,0.000000,0.00000,LOW,false,false,true,false,
2479,2026-09-11T16:09:08.581132+00:00,247.900370,boot_safe,0.000000,0.00000,0.000000,0.00000,LOW,false,false,true,false,
2480,2026-09-11T16:09:08.681039+00:00,248.000320,boot_safe,0.000000,0.00000,0.000000,0.00000,LOW,false,false,true,false,
2481,2026-09-11T16:09:08.780723+00:00,248.100285,boot_safe,0.000000,0.00000,0.000000,0.00000,LOW,false,false,true,false,
2482,2026-09-11T16:09:08.881041+00:00,248.200310,boot_safe,0.000000,0.00000,0.000000,0.00000,LOW,false,false,true,false,
2483,2026-09-11T16:09:08.980785+00:00,248.300310,boot_safe,0.000000,0.00000,0.000000,0.00000,LOW,false,false,true,false,
2484,2026-09-11T16:09:09.081057+00:00,248.400314,boot_safe,0.000000,0.00000,0.000000,0.00000,LOW,false,false,true,false,
2485,2026-09-11T16:09:09.180725+00:00,248.500286,boot_safe,0.000000,0.00000,0.000000,0.00000,LOW,false,false,true,false,
2486,2026-09-11T16:09:09.281040+00:00,248.600308,boot_safe,0.000000,0.00000,0.000000,0.00000,LOW,false,false,true,false,
2487,2026-09-11T16:09:09.380719+00:00,248.700276,boot_safe,0.000000,0.00000,0.000000,0.00000,LOW,false,false,true,false,
2488,2026-09-11T16:09:09.481054+00:00,248.800316,boot_safe,0.000000,0.00000,0.000000,0.00000,LOW,false,false,true,false,
2489,2026-09-11T16:09:09.580729+00:00,248.900288,boot_safe,0.000000,0.00000,0.000000,0.00000,LOW,false,false,true,false,
2490,2026-09-11T16:09:09.681246+00:00,249.000438,boot_safe,0.000000,0.00000,0.000000,0.00000,LOW,false,false,true,false,
2491,2026-09-11T16:09:09.780749+00:00,249.100304,boot_safe,0.000000,0.00000,0.000000,0.00000,LOW,false,false,true,false,
2492,2026-09-11T16:09:09.881046+00:00,249.200313,boot_safe,0.000000,0.00000,0.000000,0.00000,LOW,false,false,true,false,
2493,2026-09-11T16:09:09.980723+00:00,249.300284,boot_safe,0.000000,0.00000,0.000000,0.00000,LOW,false,false,true,false,
2494,2026-09-11T16:09:10.081039+00:00,249.400312,boot_safe,0.000000,0.00000,0.000000,0.00000,LOW,false,false,true,false,
2495,2026-09-11T16:09:10.180729+00:00,249.500284,boot_safe,0.000000,0.00000,0.000000,0.00000,LOW,false,false,true,false,
2496,2026-09-11T16:09:10.281037+00:00,249.600313,boot_safe,0.000000,0.00000,0.000000,0.00000,LOW,false,false,true,false,
2497,2026-09-11T16:09:10.380731+00:00,249.700285,boot_safe,0.000000,0.00000,0.000000,0.00000,LOW,false,false,true,false,
2498,2026-09-11T16:09:10.481057+00:00,249.800326,boot_safe,0.000000,0.00000,0.000000,0.00000,LOW,false,false,true,false,
2499,2026-09-11T16:09:10.581281+00:00,249.900396,boot_safe,0.000000,0.00000,0.000000,0.00000,LOW,false,false,true,false,
2500,2026-09-11T16:09:10.680800+00:00,250.000331,boot_safe,0.000000,0.00000,0.000000,0.00000,LOW,false,false,true,false,
2501,2026-09-11T16:09:10.781239+00:00,250.100344,boot_safe,0.000000,0.00000,0.000000,0.00000,LOW,false,false,true,false,
2502,2026-09-11T16:09:10.880801+00:00,250.200334,boot_safe,0.000000,0.00000,0.000000,0.00000,LOW,false,false,true,false,
2503,2026-09-11T16:09:10.981066+00:00,250.300323,boot_safe,0.000000,0.00000,0.000000,0.00000,LOW,false,false,true,false,
2504,2026-09-11T16:09:11.080782+00:00,250.400313,boot_safe,0.000000,0.00000,0.000000,0.00000,LOW,false,false,true,false,
2505,2026-09-11T16:09:11.181040+00:00,250.500318,boot_safe,0.000000,0.00000,0.000000,0.00000,LOW,false,false,true,false,
2506,2026-09-11T16:09:11.280828+00:00,250.600321,boot_safe,0.000000,0.00000,0.000000,0.00000,LOW,false,false,true,false,
2507,2026-09-11T16:09:11.381062+00:00,250.700336,boot_safe,0.000000,0.00000,0.000000,0.00000,LOW,false,false,true,false,
2508,2026-09-11T16:09:11.480967+00:00,250.800410,boot_safe,0.000000,0.00000,0.000000,0.00000,LOW,false,false,true,false,
2509,2026-09-11T16:09:11.581343+00:00,250.900435,boot_safe,0.000000,0.00000,0.000000,0.00000,LOW,false,false,true,false,
2510,2026-09-11T16:09:11.681586+00:00,251.000415,boot_safe,0.000000,0.00000,0.000000,0.00000,LOW,false,false,true,false,
2511,2026-09-11T16:09:11.780832+00:00,251.100347,boot_safe,0.000000,0.00000,0.000000,0.00000,LOW,false,false,true,false,
2512,2026-09-11T16:09:11.881062+00:00,251.200333,boot_safe,0.000000,0.00000,0.000000,0.00000,LOW,false,false,true,false,
2513,2026-09-11T16:09:11.980829+00:00,251.300333,boot_safe,0.000000,0.00000,0.000000,0.00000,LOW,false,false,true,false,
2514,2026-09-11T16:09:12.081113+00:00,251.400322,boot_safe,0.000000,0.00000,0.000000,0.00000,LOW,false,false,true,false,
2515,2026-09-11T16:09:12.181134+00:00,251.500365,boot_safe,0.000000,0.00000,0.000000,0.00000,LOW,false,false,true,false,
2516,2026-09-11T16:09:12.281068+00:00,251.600335,boot_safe,0.000000,0.00000,0.000000,0.00000,LOW,false,false,true,false,
2517,2026-09-11T16:09:12.380730+00:00,251.700290,boot_safe,0.000000,0.00000,0.000000,0.00000,LOW,false,false,true,false,
2518,2026-09-11T16:09:12.481054+00:00,251.800322,boot_safe,0.000000,0.00000,0.000000,0.00000,LOW,false,false,true,false,
2519,2026-09-11T16:09:12.580755+00:00,251.900300,boot_safe,0.000000,0.00000,0.000000,0.00000,LOW,false,false,true,false,
2520,2026-09-11T16:09:12.681043+00:00,252.000310,boot_safe,0.000000,0.00000,0.000000,0.00000,LOW,false,false,true,false,
2521,2026-09-11T16:09:12.780753+00:00,252.100294,boot_safe,0.000000,0.00000,-0.002000,-0.01212,LOW,false,false,true,false,
2522,2026-09-11T16:09:12.881037+00:00,252.200310,boot_safe,0.000000,0.00000,0.000000,0.00000,LOW,false,false,true,false,
2523,2026-09-11T16:09:12.980731+00:00,252.300283,boot_safe,0.000000,0.00000,0.000000,0.00000,LOW,false,false,true,false,
2524,2026-09-11T16:09:13.081046+00:00,252.400309,boot_safe,0.000000,0.00000,0.000000,0.00000,LOW,false,false,true,false,
2525,2026-09-11T16:09:13.180721+00:00,252.500285,boot_safe,0.000000,0.00000,0.000000,0.00000,LOW,false,false,true,false,
2526,2026-09-11T16:09:13.281040+00:00,252.600313,boot_safe,0.000000,0.00000,0.000000,0.00000,LOW,false,false,true,false,
2527,2026-09-11T16:09:13.380725+00:00,252.700283,boot_safe,0.000000,0.00000,0.000000,0.00000,LOW,false,false,true,false,
2528,2026-09-11T16:09:13.481037+00:00,252.800309,boot_safe,0.000000,0.00000,0.000000,0.00000,LOW,false,false,true,false,
2529,2026-09-11T16:09:13.581052+00:00,252.900319,boot_safe,0.000000,0.00000,0.000000,0.00000,LOW,false,false,true,false,
2530,2026-09-11T16:09:13.680731+00:00,253.000286,boot_safe,0.000000,0.00000,0.000000,0.00000,LOW,false,false,true,false,
2531,2026-09-11T16:09:13.781037+00:00,253.100309,boot_safe,0.000000,0.00000,0.000000,0.00000,LOW,false,false,true,false,
2532,2026-09-11T16:09:13.880739+00:00,253.200282,boot_safe,0.000000,0.00000,0.000000,0.00000,LOW,false,false,true,false,
2533,2026-09-11T16:09:13.981038+00:00,253.300306,boot_safe,0.000000,0.00000,0.000000,0.00000,LOW,false,false,true,false,
2534,2026-09-11T16:09:14.080740+00:00,253.400290,boot_safe,0.000000,0.00000,0.000000,0.00000,LOW,false,false,true,false,
2535,2026-09-11T16:09:14.181030+00:00,253.500310,boot_safe,0.000000,0.00000,0.000000,0.00000,LOW,false,false,true,false,
2536,2026-09-11T16:09:14.280734+00:00,253.600286,boot_safe,0.000000,0.00000,0.000000,0.00000,LOW,false,false,true,false,
2537,2026-09-11T16:09:14.381041+00:00,253.700309,boot_safe,0.000000,0.00000,0.000000,0.00000,LOW,false,false,true,false,
2538,2026-09-11T16:09:14.480950+00:00,253.800387,boot_safe,0.000000,0.00000,0.000000,0.00000,LOW,false,false,true,false,
2539,2026-09-11T16:09:14.580767+00:00,253.900309,boot_safe,0.000000,0.00000,0.000000,0.00000,LOW,false,false,true,false,
2540,2026-09-11T16:09:14.681062+00:00,254.000325,boot_safe,0.000000,0.00000,0.000000,0.00000,LOW,false,false,true,false,
2541,2026-09-11T16:09:14.780765+00:00,254.100301,boot_safe,0.000000,0.00000,0.000000,0.00000,LOW,false,false,true,false,
2542,2026-09-11T16:09:14.881036+00:00,254.200315,boot_safe,0.000000,0.00000,0.000000,0.00000,LOW,false,false,true,false,
2543,2026-09-11T16:09:14.980806+00:00,254.300315,boot_safe,0.000000,0.00000,0.000000,0.00000,LOW,false,false,true,false,
2544,2026-09-11T16:09:15.081040+00:00,254.400316,boot_safe,0.000000,0.00000,0.000000,0.00000,LOW,false,false,true,false,
2545,2026-09-11T16:09:15.180730+00:00,254.500286,boot_safe,0.000000,0.00000,0.000000,0.00000,LOW,false,false,true,false,
2546,2026-09-11T16:09:15.281036+00:00,254.600314,boot_safe,0.000000,0.00000,0.000000,0.00000,LOW,false,false,true,false,
2547,2026-09-11T16:09:15.380724+00:00,254.700287,boot_safe,0.000000,0.00000,0.000000,0.00000,LOW,false,false,true,false,
2548,2026-09-11T16:09:15.481098+00:00,254.800339,boot_safe,0.000000,0.00000,0.000000,0.00000,LOW,false,false,true,false,
2549,2026-09-11T16:09:15.580759+00:00,254.900298,boot_safe,0.000000,0.00000,0.000000,0.00000,LOW,false,false,true,false,
2550,2026-09-11T16:09:15.681190+00:00,255.000393,boot_safe,0.000000,0.00000,0.000000,0.00000,LOW,false,false,true,false,
2551,2026-09-11T16:09:15.780754+00:00,255.100301,boot_safe,0.000000,0.00000,0.000000,0.00000,LOW,false,false,true,false,
2552,2026-09-11T16:09:15.881041+00:00,255.200314,boot_safe,0.000000,0.00000,0.000000,0.00000,LOW,false,false,true,false,
2553,2026-09-11T16:09:15.980725+00:00,255.300284,boot_safe,0.000000,0.00000,0.000000,0.00000,LOW,false,false,true,false,
2554,2026-09-11T16:09:16.081053+00:00,255.400313,boot_safe,0.000000,0.00000,0.000000,0.00000,LOW,false,false,true,false,
2555,2026-09-11T16:09:16.180732+00:00,255.500286,boot_safe,0.000000,0.00000,0.000000,0.00000,LOW,false,false,true,false,
2556,2026-09-11T16:09:16.281043+00:00,255.600317,boot_safe,0.000000,0.00000,0.000000,0.00000,LOW,false,false,true,false,
2557,2026-09-11T16:09:16.380741+00:00,255.700293,boot_safe,0.000000,0.00000,0.000000,0.00000,LOW,false,false,true,false,
2558,2026-09-11T16:09:16.481041+00:00,255.800312,boot_safe,0.000000,0.00000,0.000000,0.00000,LOW,false,false,true,false,
2559,2026-09-11T16:09:16.580749+00:00,255.900296,boot_safe,0.000000,0.00000,0.000000,0.00000,LOW,false,false,true,false,
2560,2026-09-11T16:09:16.681037+00:00,256.000316,boot_safe,0.000000,0.00000,0.000000,0.00000,LOW,false,false,true,false,
2561,2026-09-11T16:09:16.780735+00:00,256.100293,boot_safe,0.000000,0.00000,0.000000,0.00000,LOW,false,false,true,false,
2562,2026-09-11T16:09:16.881041+00:00,256.200319,boot_safe,0.000000,0.00000,0.000000,0.00000,LOW,false,false,true,false,
2563,2026-09-11T16:09:16.980754+00:00,256.300300,boot_safe,0.000000,0.00000,0.000000,0.00000,LOW,false,false,true,false,
2564,2026-09-11T16:09:17.081040+00:00,256.400318,boot_safe,0.000000,0.00000,0.000000,0.00000,LOW,false,false,true,false,
2565,2026-09-11T16:09:17.180958+00:00,256.500420,boot_safe,0.000000,0.00000,0.000000,0.00000,LOW,false,false,true,false,
2566,2026-09-11T16:09:17.281058+00:00,256.600331,boot_safe,0.000000,0.00000,0.000000,0.00000,LOW,false,false,true,false,
2567,2026-09-11T16:09:17.380859+00:00,256.700315,boot_safe,0.000000,0.00000,0.000000,0.00000,LOW,false,false,true,false,
2568,2026-09-11T16:09:17.480850+00:00,256.800375,boot_safe,0.000000,0.00000,0.000000,0.00000,LOW,false,false,true,false,
2569,2026-09-11T16:09:17.580930+00:00,256.900281,boot_safe,0.000000,0.00000,0.000000,0.00000,LOW,false,false,true,false,
2570,2026-09-11T16:09:17.681003+00:00,257.000319,boot_safe,0.000000,0.00000,0.000000,0.00000,LOW,false,false,true,false,
2571,2026-09-11T16:09:17.780822+00:00,257.100333,boot_safe,0.000000,0.00000,0.000000,0.00000,LOW,false,false,true,false,
2572,2026-09-11T16:09:17.880947+00:00,257.200287,boot_safe,0.000000,0.00000,0.000000,0.00000,LOW,false,false,true,false,
2573,2026-09-11T16:09:17.980825+00:00,257.300315,boot_safe,0.000000,0.00000,0.000000,0.00000,LOW,false,false,true,false,
2574,2026-09-11T16:09:18.080938+00:00,257.400278,boot_safe,0.000000,0.00000,0.000000,0.00000,LOW,false,false,true,false,
2575,2026-09-11T16:09:18.180815+00:00,257.500310,boot_safe,0.000000,0.00000,0.000000,0.00000,LOW,false,false,true,false,
2576,2026-09-11T16:09:18.280940+00:00,257.600281,boot_safe,0.000000,0.00000,0.000000,0.00000,LOW,false,false,true,false,
2577,2026-09-11T16:09:18.380814+00:00,257.700306,boot_safe,0.000000,0.00000,0.000000,0.00000,LOW,false,false,true,false,
2578,2026-09-11T16:09:18.480938+00:00,257.800280,boot_safe,0.000000,0.00000,0.000000,0.00000,LOW,false,false,true,false,
2579,2026-09-11T16:09:18.580817+00:00,257.900311,boot_safe,0.000000,0.00000,0.000000,0.00000,LOW,false,false,true,false,
2580,2026-09-11T16:09:18.680976+00:00,258.000296,boot_safe,0.000000,0.00000,0.000000,0.00000,LOW,false,false,true,false,
2581,2026-09-11T16:09:18.780838+00:00,258.100325,boot_safe,0.000000,0.00000,0.000000,0.00000,LOW,false,false,true,false,
2582,2026-09-11T16:09:18.880923+00:00,258.200282,boot_safe,0.000000,0.00000,0.000000,0.00000,LOW,false,false,true,false,
2583,2026-09-11T16:09:18.980812+00:00,258.300310,boot_safe,0.000000,0.00000,0.000000,0.00000,LOW,false,false,true,false,
2584,2026-09-11T16:09:19.080921+00:00,258.400277,boot_safe,0.000000,0.00000,0.000000,0.00000,LOW,false,false,true,false,
2585,2026-09-11T16:09:19.180868+00:00,258.500312,boot_safe,0.000000,0.00000,-0.002000,-0.01212,LOW,false,false,true,false,
2586,2026-09-11T16:09:19.280899+00:00,258.600281,boot_safe,0.000000,0.00000,0.000000,0.00000,LOW,false,false,true,false,
2587,2026-09-11T16:09:19.380960+00:00,258.700310,boot_safe,0.000000,0.00000,0.000000,0.00000,LOW,false,false,true,false,
2588,2026-09-11T16:09:19.480894+00:00,258.800282,boot_safe,0.000000,0.00000,0.000000,0.00000,LOW,false,false,true,false,
2589,2026-09-11T16:09:19.580963+00:00,258.900309,boot_safe,0.000000,0.00000,0.000000,0.00000,LOW,false,false,true,false,
2590,2026-09-11T16:09:19.681102+00:00,259.000379,boot_safe,0.000000,0.00000,0.000000,0.00000,LOW,false,false,true,false,
2591,2026-09-11T16:09:19.781066+00:00,259.100333,boot_safe,0.000000,0.00000,0.000000,0.00000,LOW,false,false,true,false,
2592,2026-09-11T16:09:19.880874+00:00,259.200286,boot_safe,0.000000,0.00000,0.000000,0.00000,LOW,false,false,true,false,
2593,2026-09-11T16:09:19.981048+00:00,259.300312,boot_safe,0.000000,0.00000,0.000000,0.00000,LOW,false,false,true,false,
2594,2026-09-11T16:09:20.080801+00:00,259.400283,boot_safe,0.000000,0.00000,0.000000,0.00000,LOW,false,false,true,false,
2595,2026-09-11T16:09:20.181052+00:00,259.500312,boot_safe,0.000000,0.00000,0.000000,0.00000,LOW,false,false,true,false,
2596,2026-09-11T16:09:20.280779+00:00,259.600279,boot_safe,0.000000,0.00000,0.000000,0.00000,LOW,false,false,true,false,
2597,2026-09-11T16:09:20.381053+00:00,259.700309,boot_safe,0.000000,0.00000,0.000000,0.00000,LOW,false,false,true,false,
2598,2026-09-11T16:09:20.480811+00:00,259.800291,boot_safe,0.000000,0.00000,0.000000,0.00000,LOW,false,false,true,false,
2599,2026-09-11T16:09:20.580963+00:00,259.900309,boot_safe,0.000000,0.00000,0.000000,0.00000,LOW,false,false,true,false,
2600,2026-09-11T16:09:20.680980+00:00,260.000377,boot_safe,0.000000,0.00000,0.000000,0.00000,LOW,false,false,true,false,
2601,2026-09-11T16:09:20.781094+00:00,260.100386,boot_safe,0.000000,0.00000,0.000000,0.00000,LOW,false,false,true,false,
2602,2026-09-11T16:09:20.880831+00:00,260.200309,boot_safe,0.000000,0.00000,0.000000,0.00000,LOW,false,false,true,false,
2603,2026-09-11T16:09:20.980966+00:00,260.300322,boot_safe,0.000000,0.00000,0.000000,0.00000,LOW,false,false,true,false,
2604,2026-09-11T16:09:21.080792+00:00,260.400285,boot_safe,0.000000,0.00000,0.000000,0.00000,LOW,false,false,true,false,
2605,2026-09-11T16:09:21.180964+00:00,260.500309,boot_safe,0.000000,0.00000,0.000000,0.00000,LOW,false,false,true,false,
2606,2026-09-11T16:09:21.280798+00:00,260.600282,boot_safe,0.000000,0.00000,0.000000,0.00000,LOW,false,false,true,false,
2607,2026-09-11T16:09:21.380988+00:00,260.700327,boot_safe,0.000000,0.00000,0.000000,0.00000,LOW,false,false,true,false,
2608,2026-09-11T16:09:21.480802+00:00,260.800288,boot_safe,0.000000,0.00000,0.000000,0.00000,LOW,false,false,true,false,
2609,2026-09-11T16:09:21.581003+00:00,260.900312,boot_safe,0.000000,0.00000,0.000000,0.00000,LOW,false,false,true,false,
2610,2026-09-11T16:09:21.680775+00:00,261.000284,boot_safe,0.000000,0.00000,0.000000,0.00000,LOW,false,false,true,false,
2611,2026-09-11T16:09:21.781062+00:00,261.100326,boot_safe,0.000000,0.00000,0.000000,0.00000,LOW,false,false,true,false,
2612,2026-09-11T16:09:21.880813+00:00,261.200291,boot_safe,0.000000,0.00000,0.000000,0.00000,LOW,false,false,true,false,
2613,2026-09-11T16:09:21.981115+00:00,261.300313,boot_safe,0.000000,0.00000,0.000000,0.00000,LOW,false,false,true,false,
2614,2026-09-11T16:09:22.080731+00:00,261.400284,boot_safe,0.000000,0.00000,0.000000,0.00000,LOW,false,false,true,false,
2615,2026-09-11T16:09:22.181119+00:00,261.500312,boot_safe,0.000000,0.00000,0.000000,0.00000,LOW,false,false,true,false,
2616,2026-09-11T16:09:22.280719+00:00,261.600285,boot_safe,0.000000,0.00000,0.000000,0.00000,LOW,false,false,true,false,
2617,2026-09-11T16:09:22.381037+00:00,261.700307,boot_safe,0.000000,0.00000,0.000000,0.00000,LOW,false,false,true,false,
2618,2026-09-11T16:09:22.480732+00:00,261.800288,boot_safe,0.000000,0.00000,0.000000,0.00000,LOW,false,false,true,false,
2619,2026-09-11T16:09:22.581056+00:00,261.900321,boot_safe,0.000000,0.00000,0.000000,0.00000,LOW,false,false,true,false,
2620,2026-09-11T16:09:22.680742+00:00,262.000289,boot_safe,0.000000,0.00000,0.000000,0.00000,LOW,false,false,true,false,
2621,2026-09-11T16:09:22.781074+00:00,262.100332,boot_safe,0.000000,0.00000,0.000000,0.00000,LOW,false,false,true,false,
2622,2026-09-11T16:09:22.880729+00:00,262.200283,boot_safe,0.000000,0.00000,0.000000,0.00000,LOW,false,false,true,false,
2623,2026-09-11T16:09:22.981038+00:00,262.300313,boot_safe,0.000000,0.00000,0.000000,0.00000,LOW,false,false,true,false,
2624,2026-09-11T16:09:23.081109+00:00,262.400411,boot_safe,0.000000,0.00000,0.000000,0.00000,LOW,false,false,true,false,
2625,2026-09-11T16:09:23.180785+00:00,262.500321,boot_safe,0.000000,0.00000,0.000000,0.00000,LOW,false,false,true,false,
2626,2026-09-11T16:09:23.281120+00:00,262.600356,boot_safe,0.000000,0.00000,0.000000,0.00000,LOW,false,false,true,false,
2627,2026-09-11T16:09:23.380739+00:00,262.700294,boot_safe,0.000000,0.00000,0.000000,0.00000,LOW,false,false,true,false,
2628,2026-09-11T16:09:23.481092+00:00,262.800336,boot_safe,0.000000,0.00000,0.000000,0.00000,LOW,false,false,true,false,
2629,2026-09-11T16:09:23.580803+00:00,262.900324,boot_safe,0.000000,0.00000,0.000000,0.00000,LOW,false,false,true,false,
2630,2026-09-11T16:09:23.681166+00:00,263.000326,boot_safe,0.000000,0.00000,0.000000,0.00000,LOW,false,false,true,false,
2631,2026-09-11T16:09:23.780814+00:00,263.100339,boot_safe,0.000000,0.00000,0.000000,0.00000,LOW,false,false,true,false,
2632,2026-09-11T16:09:23.881042+00:00,263.200321,boot_safe,0.000000,0.00000,0.000000,0.00000,LOW,false,false,true,false,
2633,2026-09-11T16:09:23.980728+00:00,263.300287,boot_safe,0.000000,0.00000,0.000000,0.00000,LOW,false,false,true,false,
2634,2026-09-11T16:09:24.081083+00:00,263.400336,boot_safe,0.000000,0.00000,0.000000,0.00000,LOW,false,false,true,false,
2635,2026-09-11T16:09:24.180749+00:00,263.500300,boot_safe,0.000000,0.00000,0.000000,0.00000,LOW,false,false,true,false,
2636,2026-09-11T16:09:24.281042+00:00,263.600315,boot_safe,0.000000,0.00000,0.000000,0.00000,LOW,false,false,true,false,
2637,2026-09-11T16:09:24.380717+00:00,263.700284,boot_safe,0.000000,0.00000,0.000000,0.00000,LOW,false,false,true,false,
2638,2026-09-11T16:09:24.481039+00:00,263.800306,boot_safe,0.000000,0.00000,0.000000,0.00000,LOW,false,false,true,false,
2639,2026-09-11T16:09:24.580746+00:00,263.900294,boot_safe,0.000000,0.00000,0.000000,0.00000,LOW,false,false,true,false,
2640,2026-09-11T16:09:24.681063+00:00,264.000322,boot_safe,0.000000,0.00000,0.000000,0.00000,LOW,false,false,true,false,
2641,2026-09-11T16:09:24.780745+00:00,264.100292,boot_safe,0.000000,0.00000,0.000000,0.00000,LOW,false,false,true,false,
2642,2026-09-11T16:09:24.881034+00:00,264.200311,boot_safe,0.000000,0.00000,0.000000,0.00000,LOW,false,false,true,false,
2643,2026-09-11T16:09:24.980739+00:00,264.300287,boot_safe,0.000000,0.00000,0.000000,0.00000,LOW,false,false,true,false,
2644,2026-09-11T16:09:25.081044+00:00,264.400311,boot_safe,0.000000,0.00000,0.000000,0.00000,LOW,false,false,true,false,
2645,2026-09-11T16:09:25.180726+00:00,264.500285,boot_safe,0.000000,0.00000,0.000000,0.00000,LOW,false,false,true,false,
2646,2026-09-11T16:09:25.281040+00:00,264.600312,boot_safe,0.000000,0.00000,0.000000,0.00000,LOW,false,false,true,false,
2647,2026-09-11T16:09:25.380735+00:00,264.700285,boot_safe,0.000000,0.00000,0.000000,0.00000,LOW,false,false,true,false,
2648,2026-09-11T16:09:25.481039+00:00,264.800314,boot_safe,0.000000,0.00000,0.000000,0.00000,LOW,false,false,true,false,
2649,2026-09-11T16:09:25.580739+00:00,264.900291,boot_safe,0.000000,0.00000,0.000000,0.00000,LOW,false,false,true,false,
2650,2026-09-11T16:09:25.681053+00:00,265.000320,boot_safe,0.000000,0.00000,0.000000,0.00000,LOW,false,false,true,false,
2651,2026-09-11T16:09:25.780733+00:00,265.100290,boot_safe,0.000000,0.00000,0.000000,0.00000,LOW,false,false,true,false,
2652,2026-09-11T16:09:25.880859+00:00,265.200345,boot_safe,0.000000,0.00000,0.000000,0.00000,LOW,false,false,true,false,
2653,2026-09-11T16:09:25.981041+00:00,265.300324,boot_safe,0.000000,0.00000,0.000000,0.00000,LOW,false,false,true,false,
2654,2026-09-11T16:09:26.080730+00:00,265.400286,boot_safe,0.000000,0.00000,0.000000,0.00000,LOW,false,false,true,false,
2655,2026-09-11T16:09:26.181041+00:00,265.500312,boot_safe,0.000000,0.00000,0.000000,0.00000,LOW,false,false,true,false,
2656,2026-09-11T16:09:26.280733+00:00,265.600289,boot_safe,0.000000,0.00000,0.000000,0.00000,LOW,false,false,true,false,
2657,2026-09-11T16:09:26.381040+00:00,265.700310,boot_safe,0.000000,0.00000,0.000000,0.00000,LOW,false,false,true,false,
2658,2026-09-11T16:09:26.480731+00:00,265.800287,boot_safe,0.000000,0.00000,0.000000,0.00000,LOW,false,false,true,false,
2659,2026-09-11T16:09:26.581043+00:00,265.900312,boot_safe,0.000000,0.00000,0.000000,0.00000,LOW,false,false,true,false,
2660,2026-09-11T16:09:26.680741+00:00,266.000290,boot_safe,0.000000,0.00000,0.000000,0.00000,LOW,false,false,true,false,
2661,2026-09-11T16:09:26.781067+00:00,266.100335,boot_safe,0.000000,0.00000,0.000000,0.00000,LOW,false,false,true,false,
2662,2026-09-11T16:09:26.880731+00:00,266.200294,boot_safe,0.000000,0.00000,0.000000,0.00000,LOW,false,false,true,false,
2663,2026-09-11T16:09:26.981055+00:00,266.300322,boot_safe,0.000000,0.00000,0.000000,0.00000,LOW,false,false,true,false,
2664,2026-09-11T16:09:27.080724+00:00,266.400287,boot_safe,0.000000,0.00000,0.000000,0.00000,LOW,false,false,true,false,
2665,2026-09-11T16:09:27.181036+00:00,266.500311,boot_safe,0.000000,0.00000,0.000000,0.00000,LOW,false,false,true,false,
2666,2026-09-11T16:09:27.280729+00:00,266.600286,boot_safe,0.000000,0.00000,0.000000,0.00000,LOW,false,false,true,false,
2667,2026-09-11T16:09:27.381036+00:00,266.700312,boot_safe,0.000000,0.00000,0.000000,0.00000,LOW,false,false,true,false,
2668,2026-09-11T16:09:27.480721+00:00,266.800284,boot_safe,0.000000,0.00000,0.000000,0.00000,LOW,false,false,true,false,
2669,2026-09-11T16:09:27.581052+00:00,266.900317,boot_safe,0.000000,0.00000,0.000000,0.00000,LOW,false,false,true,false,
2670,2026-09-11T16:09:27.680738+00:00,267.000295,boot_safe,0.000000,0.00000,0.000000,0.00000,LOW,false,false,true,false,
2671,2026-09-11T16:09:27.781056+00:00,267.100310,boot_safe,0.000000,0.00000,0.000000,0.00000,LOW,false,false,true,false,
2672,2026-09-11T16:09:27.880750+00:00,267.200297,boot_safe,0.000000,0.00000,0.000000,0.00000,LOW,false,false,true,false,
2673,2026-09-11T16:09:27.981367+00:00,267.300316,boot_safe,0.000000,0.00000,0.000000,0.00000,LOW,false,false,true,false,
2674,2026-09-11T16:09:28.081143+00:00,267.400371,boot_safe,0.000000,0.00000,0.000000,0.00000,LOW,false,false,true,false,
2675,2026-09-11T16:09:28.180741+00:00,267.500298,boot_safe,0.000000,0.00000,0.000000,0.00000,LOW,false,false,true,false,
2676,2026-09-11T16:09:28.281041+00:00,267.600318,boot_safe,0.000000,0.00000,0.000000,0.00000,LOW,false,false,true,false,
2677,2026-09-11T16:09:28.380744+00:00,267.700292,boot_safe,0.000000,0.00000,0.000000,0.00000,LOW,false,false,true,false,
2678,2026-09-11T16:09:28.481037+00:00,267.800309,boot_safe,0.000000,0.00000,0.000000,0.00000,LOW,false,false,true,false,
2679,2026-09-11T16:09:28.580727+00:00,267.900286,boot_safe,0.000000,0.00000,0.000000,0.00000,LOW,false,false,true,false,
2680,2026-09-11T16:09:28.681041+00:00,268.000314,boot_safe,0.000000,0.00000,0.000000,0.00000,LOW,false,false,true,false,
2681,2026-09-11T16:09:28.780724+00:00,268.100287,boot_safe,0.000000,0.00000,0.000000,0.00000,LOW,false,false,true,false,
2682,2026-09-11T16:09:28.881043+00:00,268.200319,boot_safe,0.000000,0.00000,0.000000,0.00000,LOW,false,false,true,false,
2683,2026-09-11T16:09:28.980726+00:00,268.300288,boot_safe,0.000000,0.00000,0.000000,0.00000,LOW,false,false,true,false,
2684,2026-09-11T16:09:29.081042+00:00,268.400312,boot_safe,0.000000,0.00000,0.000000,0.00000,LOW,false,false,true,false,
2685,2026-09-11T16:09:29.180721+00:00,268.500284,boot_safe,0.000000,0.00000,0.000000,0.00000,LOW,false,false,true,false,
2686,2026-09-11T16:09:29.281140+00:00,268.600361,boot_safe,0.000000,0.00000,0.000000,0.00000,LOW,false,false,true,false,
2687,2026-09-11T16:09:29.381033+00:00,268.700315,boot_safe,0.000000,0.00000,0.000000,0.00000,LOW,false,false,true,false,
2688,2026-09-11T16:09:29.480728+00:00,268.800285,boot_safe,0.000000,0.00000,0.000000,0.00000,LOW,false,false,true,false,
2689,2026-09-11T16:09:29.581116+00:00,268.900352,boot_safe,0.000000,0.00000,0.000000,0.00000,LOW,false,false,true,false,
2690,2026-09-11T16:09:29.680915+00:00,269.000297,boot_safe,0.000000,0.00000,0.000000,0.00000,LOW,false,false,true,false,
2691,2026-09-11T16:09:29.781143+00:00,269.100372,boot_safe,0.000000,0.00000,0.000000,0.00000,LOW,false,false,true,false,
2692,2026-09-11T16:09:29.880749+00:00,269.200298,boot_safe,0.000000,0.00000,0.000000,0.00000,LOW,false,false,true,false,
2693,2026-09-11T16:09:29.981039+00:00,269.300320,boot_safe,0.000000,0.00000,0.000000,0.00000,LOW,false,false,true,false,
2694,2026-09-11T16:09:30.080730+00:00,269.400286,boot_safe,0.000000,0.00000,0.000000,0.00000,LOW,false,false,true,false,
2695,2026-09-11T16:09:30.181036+00:00,269.500307,boot_safe,0.000000,0.00000,0.000000,0.00000,LOW,false,false,true,false,
2696,2026-09-11T16:09:30.280728+00:00,269.600285,boot_safe,0.000000,0.00000,0.000000,0.00000,LOW,false,false,true,false,
2697,2026-09-11T16:09:30.381039+00:00,269.700309,boot_safe,0.000000,0.00000,0.000000,0.00000,LOW,false,false,true,false,
2698,2026-09-11T16:09:30.480719+00:00,269.800284,boot_safe,0.000000,0.00000,0.000000,0.00000,LOW,false,false,true,false,
2699,2026-09-11T16:09:30.581032+00:00,269.900306,boot_safe,0.000000,0.00000,0.000000,0.00000,LOW,false,false,true,false,
2700,2026-09-11T16:09:30.680747+00:00,270.000289,boot_safe,0.000000,0.00000,0.000000,0.00000,LOW,false,false,true,false,
2701,2026-09-11T16:09:30.781052+00:00,270.100325,boot_safe,0.000000,0.00000,0.000000,0.00000,LOW,false,false,true,false,
2702,2026-09-11T16:09:30.880747+00:00,270.200294,boot_safe,0.000000,0.00000,0.000000,0.00000,LOW,false,false,true,false,
2703,2026-09-11T16:09:30.981163+00:00,270.300382,boot_safe,0.000000,0.00000,0.000000,0.00000,LOW,false,false,true,false,
2704,2026-09-11T16:09:31.080799+00:00,270.400313,boot_safe,0.000000,0.00000,0.000000,0.00000,LOW,false,false,true,false,
2705,2026-09-11T16:09:31.181040+00:00,270.500323,boot_safe,0.000000,0.00000,0.000000,0.00000,LOW,false,false,true,false,
2706,2026-09-11T16:09:31.280724+00:00,270.600285,boot_safe,0.000000,0.00000,0.000000,0.00000,LOW,false,false,true,false,
2707,2026-09-11T16:09:31.381049+00:00,270.700308,boot_safe,0.000000,0.00000,0.000000,0.00000,LOW,false,false,true,false,
2708,2026-09-11T16:09:31.480721+00:00,270.800283,boot_safe,0.000000,0.00000,0.000000,0.00000,LOW,false,false,true,false,
2709,2026-09-11T16:09:31.581045+00:00,270.900310,boot_safe,0.000000,0.00000,0.000000,0.00000,LOW,false,false,true,false,
2710,2026-09-11T16:09:31.680730+00:00,271.000285,boot_safe,0.000000,0.00000,0.000000,0.00000,LOW,false,false,true,false,
2711,2026-09-11T16:09:31.781039+00:00,271.100311,boot_safe,0.000000,0.00000,0.000000,0.00000,LOW,false,false,true,false,
2712,2026-09-11T16:09:31.880729+00:00,271.200287,boot_safe,0.000000,0.00000,0.000000,0.00000,LOW,false,false,true,false,
2713,2026-09-11T16:09:31.981042+00:00,271.300319,boot_safe,0.000000,0.00000,0.000000,0.00000,LOW,false,false,true,false,
2714,2026-09-11T16:09:32.080741+00:00,271.400293,boot_safe,0.000000,0.00000,0.000000,0.00000,LOW,false,false,true,false,
2715,2026-09-11T16:09:32.181042+00:00,271.500312,boot_safe,0.000000,0.00000,0.000000,0.00000,LOW,false,false,true,false,
2716,2026-09-11T16:09:32.280723+00:00,271.600283,boot_safe,0.000000,0.00000,0.000000,0.00000,LOW,false,false,true,false,
2717,2026-09-11T16:09:32.381045+00:00,271.700314,boot_safe,0.000000,0.00000,0.000000,0.00000,LOW,false,false,true,false,
2718,2026-09-11T16:09:32.480732+00:00,271.800287,boot_safe,0.000000,0.00000,0.000000,0.00000,LOW,false,false,true,false,
2719,2026-09-11T16:09:32.581075+00:00,271.900338,boot_safe,0.000000,0.00000,0.000000,0.00000,LOW,false,false,true,false,
2720,2026-09-11T16:09:32.680732+00:00,272.000286,boot_safe,0.000000,0.00000,0.000000,0.00000,LOW,false,false,true,false,
2721,2026-09-11T16:09:32.781035+00:00,272.100316,boot_safe,0.000000,0.00000,0.000000,0.00000,LOW,false,false,true,false,
2722,2026-09-11T16:09:32.880729+00:00,272.200287,boot_safe,0.000000,0.00000,0.000000,0.00000,LOW,false,false,true,false,
2723,2026-09-11T16:09:32.981075+00:00,272.300316,boot_safe,0.000000,0.00000,0.000000,0.00000,LOW,false,false,true,false,
2724,2026-09-11T16:09:33.081034+00:00,272.400308,boot_safe,0.000000,0.00000,0.000000,0.00000,LOW,false,false,true,false,
2725,2026-09-11T16:09:33.180723+00:00,272.500284,boot_safe,0.000000,0.00000,0.000000,0.00000,LOW,false,false,true,false,
2726,2026-09-11T16:09:33.281040+00:00,272.600309,boot_safe,0.000000,0.00000,0.000000,0.00000,LOW,false,false,true,false,
2727,2026-09-11T16:09:33.380723+00:00,272.700282,boot_safe,0.000000,0.00000,0.000000,0.00000,LOW,false,false,true,false,
2728,2026-09-11T16:09:33.481037+00:00,272.800309,boot_safe,0.000000,0.00000,0.000000,0.00000,LOW,false,false,true,false,
2729,2026-09-11T16:09:33.580730+00:00,272.900282,boot_safe,0.000000,0.00000,0.000000,0.00000,LOW,false,false,true,false,
2730,2026-09-11T16:09:33.681037+00:00,273.000307,boot_safe,0.000000,0.00000,0.000000,0.00000,LOW,false,false,true,false,
2731,2026-09-11T16:09:33.780736+00:00,273.100288,boot_safe,0.000000,0.00000,0.000000,0.00000,LOW,false,false,true,false,
2732,2026-09-11T16:09:33.881040+00:00,273.200311,boot_safe,0.000000,0.00000,0.000000,0.00000,LOW,false,false,true,false,
2733,2026-09-11T16:09:33.980738+00:00,273.300291,boot_safe,0.000000,0.00000,0.000000,0.00000,LOW,false,false,true,false,
2734,2026-09-11T16:09:34.081034+00:00,273.400312,boot_safe,0.000000,0.00000,0.000000,0.00000,LOW,false,false,true,false,
2735,2026-09-11T16:09:34.180734+00:00,273.500287,boot_safe,0.000000,0.00000,0.000000,0.00000,LOW,false,false,true,false,
2736,2026-09-11T16:09:34.281049+00:00,273.600315,boot_safe,0.000000,0.00000,0.000000,0.00000,LOW,false,false,true,false,
2737,2026-09-11T16:09:34.380828+00:00,273.700330,boot_safe,0.000000,0.00000,0.000000,0.00000,LOW,false,false,true,false,
2738,2026-09-11T16:09:34.481087+00:00,273.800342,boot_safe,0.000000,0.00000,0.000000,0.00000,LOW,false,false,true,false,
2739,2026-09-11T16:09:34.580742+00:00,273.900292,boot_safe,0.000000,0.00000,0.000000,0.00000,LOW,false,false,true,false,
2740,2026-09-11T16:09:34.681043+00:00,274.000315,boot_safe,0.000000,0.00000,0.000000,0.00000,LOW,false,false,true,false,
2741,2026-09-11T16:09:34.780756+00:00,274.100304,boot_safe,0.000000,0.00000,0.000000,0.00000,LOW,false,false,true,false,
2742,2026-09-11T16:09:34.881039+00:00,274.200318,boot_safe,0.000000,0.00000,0.000000,0.00000,LOW,false,false,true,false,
2743,2026-09-11T16:09:34.980732+00:00,274.300283,boot_safe,0.000000,0.00000,0.000000,0.00000,LOW,false,false,true,false,
2744,2026-09-11T16:09:35.081051+00:00,274.400318,boot_safe,0.000000,0.00000,0.000000,0.00000,LOW,false,false,true,false,
2745,2026-09-11T16:09:35.180912+00:00,274.500386,boot_safe,0.000000,0.00000,0.000000,0.00000,LOW,false,false,true,false,
2746,2026-09-11T16:09:35.281087+00:00,274.600346,boot_safe,0.000000,0.00000,0.000000,0.00000,LOW,false,false,true,false,
2747,2026-09-11T16:09:35.380742+00:00,274.700284,boot_safe,0.000000,0.00000,0.000000,0.00000,LOW,false,false,true,false,
2748,2026-09-11T16:09:35.481125+00:00,274.800333,boot_safe,0.000000,0.00000,0.000000,0.00000,LOW,false,false,true,false,
2749,2026-09-11T16:09:35.581048+00:00,274.900323,boot_safe,0.000000,0.00000,0.000000,0.00000,LOW,false,false,true,false,
2750,2026-09-11T16:09:35.680956+00:00,275.000290,boot_safe,0.000000,0.00000,0.000000,0.00000,LOW,false,false,true,false,
2751,2026-09-11T16:09:35.780828+00:00,275.100332,boot_safe,0.000000,0.00000,0.000000,0.00000,LOW,false,false,true,false,
2752,2026-09-11T16:09:35.881059+00:00,275.200327,boot_safe,0.000000,0.00000,0.000000,0.00000,LOW,false,false,true,false,
2753,2026-09-11T16:09:35.981043+00:00,275.300314,boot_safe,0.000000,0.00000,0.000000,0.00000,LOW,false,false,true,false,
2754,2026-09-11T16:09:36.081171+00:00,275.400381,boot_safe,0.000000,0.00000,0.000000,0.00000,LOW,false,false,true,false,
2755,2026-09-11T16:09:36.180818+00:00,275.500325,boot_safe,0.000000,0.00000,0.000000,0.00000,LOW,false,false,true,false,
2756,2026-09-11T16:09:36.281014+00:00,275.600286,boot_safe,0.000000,0.00000,0.000000,0.00000,LOW,false,false,true,false,
2757,2026-09-11T16:09:36.380814+00:00,275.700309,boot_safe,0.000000,0.00000,0.000000,0.00000,LOW,false,false,true,false,
2758,2026-09-11T16:09:36.480933+00:00,275.800279,boot_safe,0.000000,0.00000,0.000000,0.00000,LOW,false,false,true,false,
2759,2026-09-11T16:09:36.580954+00:00,275.900407,boot_safe,0.000000,0.00000,0.000000,0.00000,LOW,false,false,true,false,
2760,2026-09-11T16:09:36.680933+00:00,276.000278,boot_safe,0.000000,0.00000,0.000000,0.00000,LOW,false,false,true,false,
2761,2026-09-11T16:09:36.781037+00:00,276.100316,boot_safe,0.000000,0.00000,0.000000,0.00000,LOW,false,false,true,false,
2762,2026-09-11T16:09:36.880825+00:00,276.200311,boot_safe,0.000000,0.00000,0.000000,0.00000,LOW,false,false,true,false,
2763,2026-09-11T16:09:36.980938+00:00,276.300280,boot_safe,0.000000,0.00000,0.000000,0.00000,LOW,false,false,true,false,
2764,2026-09-11T16:09:37.080830+00:00,276.400315,boot_safe,0.000000,0.00000,0.000000,0.00000,LOW,false,false,true,false,
2765,2026-09-11T16:09:37.181056+00:00,276.500283,boot_safe,0.000000,0.00000,0.000000,0.00000,LOW,false,false,true,false,
2766,2026-09-11T16:09:37.280863+00:00,276.600344,boot_safe,0.000000,0.00000,0.000000,0.00000,LOW,false,false,true,false,
2767,2026-09-11T16:09:37.380936+00:00,276.700285,boot_safe,0.000000,0.00000,0.000000,0.00000,LOW,false,false,true,false,
2768,2026-09-11T16:09:37.480811+00:00,276.800313,boot_safe,0.000000,0.00000,0.000000,0.00000,LOW,false,false,true,false,
2769,2026-09-11T16:09:37.580967+00:00,276.900297,boot_safe,0.000000,0.00000,0.000000,0.00000,LOW,false,false,true,false,
2770,2026-09-11T16:09:37.680808+00:00,277.000309,boot_safe,0.000000,0.00000,0.000000,0.00000,LOW,false,false,true,false,
2771,2026-09-11T16:09:37.780927+00:00,277.100277,boot_safe,0.000000,0.00000,0.000000,0.00000,LOW,false,false,true,false,
2772,2026-09-11T16:09:37.880819+00:00,277.200307,boot_safe,0.000000,0.00000,0.000000,0.00000,LOW,false,false,true,false,
2773,2026-09-11T16:09:37.980933+00:00,277.300280,boot_safe,0.000000,0.00000,0.000000,0.00000,LOW,false,false,true,false,
2774,2026-09-11T16:09:38.080814+00:00,277.400312,boot_safe,0.000000,0.00000,0.000000,0.00000,LOW,false,false,true,false,
2775,2026-09-11T16:09:38.180934+00:00,277.500282,boot_safe,0.000000,0.00000,0.000000,0.00000,LOW,false,false,true,false,
2776,2026-09-11T16:09:38.280800+00:00,277.600301,boot_safe,0.000000,0.00000,0.000000,0.00000,LOW,false,false,true,false,
2777,2026-09-11T16:09:38.380925+00:00,277.700279,boot_safe,0.000000,0.00000,0.000000,0.00000,LOW,false,false,true,false,
2778,2026-09-11T16:09:38.480802+00:00,277.800308,boot_safe,0.000000,0.00000,0.000000,0.00000,LOW,false,false,true,false,
2779,2026-09-11T16:09:38.580929+00:00,277.900282,boot_safe,0.000000,0.00000,0.000000,0.00000,LOW,false,false,true,false,
2780,2026-09-11T16:09:38.680822+00:00,278.000309,boot_safe,0.000000,0.00000,0.000000,0.00000,LOW,false,false,true,false,
2781,2026-09-11T16:09:38.780957+00:00,278.100295,boot_safe,0.000000,0.00000,0.000000,0.00000,LOW,false,false,true,false,
2782,2026-09-11T16:09:38.880939+00:00,278.200315,boot_safe,0.000000,0.00000,0.000000,0.00000,LOW,false,false,true,false,
2783,2026-09-11T16:09:38.980861+00:00,278.300281,boot_safe,0.000000,0.00000,0.000000,0.00000,LOW,false,false,true,false,
2784,2026-09-11T16:09:39.080959+00:00,278.400312,boot_safe,0.000000,0.00000,0.000000,0.00000,LOW,false,false,true,false,
2785,2026-09-11T16:09:39.180912+00:00,278.500286,boot_safe,0.000000,0.00000,0.000000,0.00000,LOW,false,false,true,false,
2786,2026-09-11T16:09:39.281041+00:00,278.600312,boot_safe,0.000000,0.00000,0.000000,0.00000,LOW,false,false,true,false,
2787,2026-09-11T16:09:39.380877+00:00,278.700280,boot_safe,0.000000,0.00000,0.000000,0.00000,LOW,false,false,true,false,
2788,2026-09-11T16:09:39.481035+00:00,278.800307,boot_safe,0.000000,0.00000,0.000000,0.00000,LOW,false,false,true,false,
2789,2026-09-11T16:09:39.580806+00:00,278.900285,boot_safe,0.000000,0.00000,0.000000,0.00000,LOW,false,false,true,false,
2790,2026-09-11T16:09:39.680974+00:00,279.000308,boot_safe,0.000000,0.00000,0.000000,0.00000,LOW,false,false,true,false,
2791,2026-09-11T16:09:39.780807+00:00,279.100288,boot_safe,0.000000,0.00000,0.000000,0.00000,LOW,false,false,true,false,
2792,2026-09-11T16:09:39.880961+00:00,279.200305,boot_safe,0.000000,0.00000,0.000000,0.00000,LOW,false,false,true,false,
2793,2026-09-11T16:09:39.980796+00:00,279.300282,boot_safe,0.000000,0.00000,0.000000,0.00000,LOW,false,false,true,false,
2794,2026-09-11T16:09:40.080963+00:00,279.400309,boot_safe,0.000000,0.00000,0.000000,0.00000,LOW,false,false,true,false,
2795,2026-09-11T16:09:40.180813+00:00,279.500286,boot_safe,0.000000,0.00000,0.000000,0.00000,LOW,false,false,true,false,
2796,2026-09-11T16:09:40.280963+00:00,279.600312,boot_safe,0.000000,0.00000,0.000000,0.00000,LOW,false,false,true,false,
2797,2026-09-11T16:09:40.380801+00:00,279.700283,boot_safe,0.000000,0.00000,0.000000,0.00000,LOW,false,false,true,false,
2798,2026-09-11T16:09:40.480956+00:00,279.800309,boot_safe,0.000000,0.00000,0.000000,0.00000,LOW,false,false,true,false,
2799,2026-09-11T16:09:40.580801+00:00,279.900283,boot_safe,0.000000,0.00000,0.000000,0.00000,LOW,false,false,true,false,
2800,2026-09-11T16:09:40.680966+00:00,280.000310,boot_safe,0.000000,0.00000,0.000000,0.00000,LOW,false,false,true,false,
2801,2026-09-11T16:09:40.780792+00:00,280.100277,boot_safe,0.000000,0.00000,0.000000,0.00000,LOW,false,false,true,false,
2802,2026-09-11T16:09:40.880971+00:00,280.200312,boot_safe,0.000000,0.00000,0.000000,0.00000,LOW,false,false,true,false,
2803,2026-09-11T16:09:40.980802+00:00,280.300289,boot_safe,0.000000,0.00000,0.000000,0.00000,LOW,false,false,true,false,
2804,2026-09-11T16:09:41.081086+00:00,280.400317,boot_safe,0.000000,0.00000,0.000000,0.00000,LOW,false,false,true,false,
2805,2026-09-11T16:09:41.181023+00:00,280.500396,boot_safe,0.000000,0.00000,0.000000,0.00000,LOW,false,false,true,false,
2806,2026-09-11T16:09:41.281134+00:00,280.600358,boot_safe,0.000000,0.00000,0.000000,0.00000,LOW,false,false,true,false,
2807,2026-09-11T16:09:41.381039+00:00,280.700329,boot_safe,0.000000,0.00000,0.000000,0.00000,LOW,false,false,true,false,
2808,2026-09-11T16:09:41.480767+00:00,280.800308,boot_safe,0.000000,0.00000,0.000000,0.00000,LOW,false,false,true,false,
2809,2026-09-11T16:09:41.581044+00:00,280.900317,boot_safe,0.000000,0.00000,0.000000,0.00000,LOW,false,false,true,false,
2810,2026-09-11T16:09:41.680949+00:00,281.000286,boot_safe,0.000000,0.00000,0.000000,0.00000,LOW,false,false,true,false,
2811,2026-09-11T16:09:41.780821+00:00,281.100336,boot_safe,0.000000,0.00000,0.000000,0.00000,LOW,false,false,true,false,
2812,2026-09-11T16:09:41.881050+00:00,281.200324,boot_safe,0.000000,0.00000,0.000000,0.00000,LOW,false,false,true,false,
2813,2026-09-11T16:09:41.980748+00:00,281.300296,boot_safe,0.000000,0.00000,0.000000,0.00000,LOW,false,false,true,false,
2814,2026-09-11T16:09:42.081061+00:00,281.400311,boot_safe,0.000000,0.00000,0.000000,0.00000,LOW,false,false,true,false,
2815,2026-09-11T16:09:42.180751+00:00,281.500293,boot_safe,0.000000,0.00000,0.000000,0.00000,LOW,false,false,true,false,
2816,2026-09-11T16:09:42.281039+00:00,281.600316,boot_safe,0.000000,0.00000,0.000000,0.00000,LOW,false,false,true,false,
2817,2026-09-11T16:09:42.380750+00:00,281.700295,boot_safe,0.000000,0.00000,0.000000,0.00000,LOW,false,false,true,false,
2818,2026-09-11T16:09:42.481036+00:00,281.800315,boot_safe,0.000000,0.00000,0.000000,0.00000,LOW,false,false,true,false,
2819,2026-09-11T16:09:42.580753+00:00,281.900295,boot_safe,0.000000,0.00000,0.000000,0.00000,LOW,false,false,true,false,
2820,2026-09-11T16:09:42.681057+00:00,282.000323,boot_safe,0.000000,0.00000,0.000000,0.00000,LOW,false,false,true,false,
2821,2026-09-11T16:09:42.780745+00:00,282.100298,boot_safe,0.000000,0.00000,0.000000,0.00000,LOW,false,false,true,false,
2822,2026-09-11T16:09:42.881040+00:00,282.200314,boot_safe,0.000000,0.00000,0.000000,0.00000,LOW,false,false,true,false,
2823,2026-09-11T16:09:42.980736+00:00,282.300289,boot_safe,0.000000,0.00000,0.000000,0.00000,LOW,false,false,true,false,
2824,2026-09-11T16:09:43.081039+00:00,282.400311,boot_safe,0.000000,0.00000,0.000000,0.00000,LOW,false,false,true,false,
2825,2026-09-11T16:09:43.180734+00:00,282.500283,boot_safe,0.000000,0.00000,0.000000,0.00000,LOW,false,false,true,false,
2826,2026-09-11T16:09:43.281035+00:00,282.600312,boot_safe,0.000000,0.00000,0.000000,0.00000,LOW,false,false,true,false,
2827,2026-09-11T16:09:43.380729+00:00,282.700287,boot_safe,0.000000,0.00000,0.000000,0.00000,LOW,false,false,true,false,
2828,2026-09-11T16:09:43.481035+00:00,282.800309,boot_safe,0.000000,0.00000,0.000000,0.00000,LOW,false,false,true,false,
2829,2026-09-11T16:09:43.580722+00:00,282.900285,boot_safe,0.000000,0.00000,0.000000,0.00000,LOW,false,false,true,false,
2830,2026-09-11T16:09:43.681038+00:00,283.000306,boot_safe,0.000000,0.00000,0.000000,0.00000,LOW,false,false,true,false,
2831,2026-09-11T16:09:43.780807+00:00,283.100321,boot_safe,0.000000,0.00000,0.000000,0.00000,LOW,false,false,true,false,
2832,2026-09-11T16:09:43.881041+00:00,283.200318,boot_safe,0.000000,0.00000,0.000000,0.00000,LOW,false,false,true,false,
2833,2026-09-11T16:09:43.980742+00:00,283.300290,boot_safe,0.000000,0.00000,0.000000,0.00000,LOW,false,false,true,false,
2834,2026-09-11T16:09:44.081045+00:00,283.400311,boot_safe,0.000000,0.00000,0.000000,0.00000,LOW,false,false,true,false,
2835,2026-09-11T16:09:44.180724+00:00,283.500285,boot_safe,0.000000,0.00000,0.000000,0.00000,LOW,false,false,true,false,
2836,2026-09-11T16:09:44.281053+00:00,283.600322,boot_safe,0.000000,0.00000,0.000000,0.00000,LOW,false,false,true,false,
2837,2026-09-11T16:09:44.380723+00:00,283.700285,boot_safe,0.000000,0.00000,0.000000,0.00000,LOW,false,false,true,false,
2838,2026-09-11T16:09:44.481043+00:00,283.800312,boot_safe,0.000000,0.00000,0.000000,0.00000,LOW,false,false,true,false,
2839,2026-09-11T16:09:44.580741+00:00,283.900294,boot_safe,0.000000,0.00000,0.000000,0.00000,LOW,false,false,true,false,
2840,2026-09-11T16:09:44.681059+00:00,284.000323,boot_safe,0.000000,0.00000,0.000000,0.00000,LOW,false,false,true,false,
2841,2026-09-11T16:09:44.780729+00:00,284.100284,boot_safe,0.000000,0.00000,0.000000,0.00000,LOW,false,false,true,false,
2842,2026-09-11T16:09:44.881040+00:00,284.200311,boot_safe,0.000000,0.00000,0.000000,0.00000,LOW,false,false,true,false,
2843,2026-09-11T16:09:44.980730+00:00,284.300283,boot_safe,0.000000,0.00000,0.000000,0.00000,LOW,false,false,true,false,
2844,2026-09-11T16:09:45.081040+00:00,284.400312,boot_safe,0.000000,0.00000,0.000000,0.00000,LOW,false,false,true,false,
2845,2026-09-11T16:09:45.180723+00:00,284.500286,boot_safe,0.000000,0.00000,0.000000,0.00000,LOW,false,false,true,false,
2846,2026-09-11T16:09:45.281056+00:00,284.600319,boot_safe,0.000000,0.00000,0.000000,0.00000,LOW,false,false,true,false,
2847,2026-09-11T16:09:45.380734+00:00,284.700286,boot_safe,0.000000,0.00000,0.000000,0.00000,LOW,false,false,true,false,
2848,2026-09-11T16:09:45.481036+00:00,284.800309,boot_safe,0.000000,0.00000,0.000000,0.00000,LOW,false,false,true,false,
2849,2026-09-11T16:09:45.580728+00:00,284.900285,boot_safe,0.000000,0.00000,0.000000,0.00000,LOW,false,false,true,false,
2850,2026-09-11T16:09:45.681034+00:00,285.000309,boot_safe,0.000000,0.00000,0.000000,0.00000,LOW,false,false,true,false,
2851,2026-09-11T16:09:45.780727+00:00,285.100286,boot_safe,0.000000,0.00000,0.000000,0.00000,LOW,false,false,true,false,
2852,2026-09-11T16:09:45.881040+00:00,285.200311,boot_safe,0.000000,0.00000,0.000000,0.00000,LOW,false,false,true,false,
2853,2026-09-11T16:09:45.980722+00:00,285.300281,boot_safe,0.000000,0.00000,0.000000,0.00000,LOW,false,false,true,false,
2854,2026-09-11T16:09:46.081037+00:00,285.400310,boot_safe,0.000000,0.00000,0.000000,0.00000,LOW,false,false,true,false,
2855,2026-09-11T16:09:46.180724+00:00,285.500281,boot_safe,0.000000,0.00000,0.000000,0.00000,LOW,false,false,true,false,
2856,2026-09-11T16:09:46.281183+00:00,285.600388,boot_safe,0.000000,0.00000,0.000000,0.00000,LOW,false,false,true,false,
2857,2026-09-11T16:09:46.380733+00:00,285.700296,boot_safe,0.000000,0.00000,0.000000,0.00000,LOW,false,false,true,false,
2858,2026-09-11T16:09:46.481037+00:00,285.800310,boot_safe,0.000000,0.00000,0.000000,0.00000,LOW,false,false,true,false,
2859,2026-09-11T16:09:46.580728+00:00,285.900286,boot_safe,0.000000,0.00000,0.000000,0.00000,LOW,false,false,true,false,
2860,2026-09-11T16:09:46.681061+00:00,286.000313,boot_safe,0.000000,0.00000,0.000000,0.00000,LOW,false,false,true,false,
2861,2026-09-11T16:09:46.781052+00:00,286.100322,boot_safe,0.000000,0.00000,0.000000,0.00000,LOW,false,false,true,false,
2862,2026-09-11T16:09:46.880726+00:00,286.200287,boot_safe,0.000000,0.00000,0.000000,0.00000,LOW,false,false,true,false,
2863,2026-09-11T16:09:46.981039+00:00,286.300316,boot_safe,0.000000,0.00000,0.000000,0.00000,LOW,false,false,true,false,
2864,2026-09-11T16:09:47.080955+00:00,286.400409,boot_safe,0.000000,0.00000,0.000000,0.00000,LOW,false,false,true,false,
2865,2026-09-11T16:09:47.180740+00:00,286.500297,boot_safe,0.000000,0.00000,0.000000,0.00000,LOW,false,false,true,false,
2866,2026-09-11T16:09:47.281086+00:00,286.600319,boot_safe,0.000000,0.00000,0.000000,0.00000,LOW,false,false,true,false,
2867,2026-09-11T16:09:47.380774+00:00,286.700317,boot_safe,0.000000,0.00000,0.000000,0.00000,LOW,false,false,true,false,
2868,2026-09-11T16:09:47.481191+00:00,286.800397,boot_safe,0.000000,0.00000,0.000000,0.00000,LOW,false,false,true,false,
2869,2026-09-11T16:09:47.581057+00:00,286.900323,boot_safe,0.000000,0.00000,0.000000,0.00000,LOW,false,false,true,false,
2870,2026-09-11T16:09:47.680855+00:00,287.000298,boot_safe,0.000000,0.00000,0.000000,0.00000,LOW,false,false,true,false,
2871,2026-09-11T16:09:47.780816+00:00,287.100328,boot_safe,0.000000,0.00000,0.000000,0.00000,LOW,false,false,true,false,
2872,2026-09-11T16:09:47.881087+00:00,287.200342,boot_safe,0.000000,0.00000,0.000000,0.00000,LOW,false,false,true,false,
2873,2026-09-11T16:09:47.981036+00:00,287.300316,boot_safe,0.000000,0.00000,0.000000,0.00000,LOW,false,false,true,false,
2874,2026-09-11T16:09:48.080739+00:00,287.400285,boot_safe,0.000000,0.00000,0.000000,0.00000,LOW,false,false,true,false,
2875,2026-09-11T16:09:48.181038+00:00,287.500309,boot_safe,0.000000,0.00000,0.000000,0.00000,LOW,false,false,true,false,
2876,2026-09-11T16:09:48.280715+00:00,287.600278,boot_safe,0.000000,0.00000,0.000000,0.00000,LOW,false,false,true,false,
2877,2026-09-11T16:09:48.381056+00:00,287.700321,boot_safe,0.000000,0.00000,0.000000,0.00000,LOW,false,false,true,false,
2878,2026-09-11T16:09:48.480728+00:00,287.800283,boot_safe,0.000000,0.00000,0.000000,0.00000,LOW,false,false,true,false,
2879,2026-09-11T16:09:48.581084+00:00,287.900312,boot_safe,0.000000,0.00000,0.000000,0.00000,LOW,false,false,true,false,
2880,2026-09-11T16:09:48.680792+00:00,288.000322,boot_safe,0.000000,0.00000,0.000000,0.00000,LOW,false,false,true,false,
2881,2026-09-11T16:09:48.781036+00:00,288.100320,boot_safe,0.000000,0.00000,0.000000,0.00000,LOW,false,false,true,false,
2882,2026-09-11T16:09:48.880728+00:00,288.200287,boot_safe,0.000000,0.00000,0.000000,0.00000,LOW,false,false,true,false,
2883,2026-09-11T16:09:48.981037+00:00,288.300313,boot_safe,0.000000,0.00000,0.000000,0.00000,LOW,false,false,true,false,
2884,2026-09-11T16:09:49.080723+00:00,288.400284,boot_safe,0.000000,0.00000,0.000000,0.00000,LOW,false,false,true,false,
2885,2026-09-11T16:09:49.181038+00:00,288.500311,boot_safe,0.000000,0.00000,0.000000,0.00000,LOW,false,false,true,false,
2886,2026-09-11T16:09:49.280726+00:00,288.600283,boot_safe,0.000000,0.00000,0.000000,0.00000,LOW,false,false,true,false,
2887,2026-09-11T16:09:49.381043+00:00,288.700319,boot_safe,0.000000,0.00000,0.000000,0.00000,LOW,false,false,true,false,
2888,2026-09-11T16:09:49.480733+00:00,288.800286,boot_safe,0.000000,0.00000,0.000000,0.00000,LOW,false,false,true,false,
2889,2026-09-11T16:09:49.581066+00:00,288.900326,boot_safe,0.000000,0.00000,0.000000,0.00000,LOW,false,false,true,false,
2890,2026-09-11T16:09:49.681037+00:00,289.000306,boot_safe,0.000000,0.00000,0.000000,0.00000,LOW,false,false,true,false,
2891,2026-09-11T16:09:49.780726+00:00,289.100283,boot_safe,0.000000,0.00000,0.000000,0.00000,LOW,false,false,true,false,
2892,2026-09-11T16:09:49.881038+00:00,289.200312,boot_safe,0.000000,0.00000,0.000000,0.00000,LOW,false,false,true,false,
2893,2026-09-11T16:09:49.980730+00:00,289.300286,boot_safe,0.000000,0.00000,0.000000,0.00000,LOW,false,false,true,false,
2894,2026-09-11T16:09:50.081037+00:00,289.400314,boot_safe,0.000000,0.00000,0.000000,0.00000,LOW,false,false,true,false,
2895,2026-09-11T16:09:50.180729+00:00,289.500286,boot_safe,0.000000,0.00000,0.000000,0.00000,LOW,false,false,true,false,
2896,2026-09-11T16:09:50.281036+00:00,289.600310,boot_safe,0.000000,0.00000,0.000000,0.00000,LOW,false,false,true,false,
2897,2026-09-11T16:09:50.380739+00:00,289.700289,boot_safe,0.000000,0.00000,0.000000,0.00000,LOW,false,false,true,false,
2898,2026-09-11T16:09:50.481038+00:00,289.800311,boot_safe,0.000000,0.00000,0.000000,0.00000,LOW,false,false,true,false,
2899,2026-09-11T16:09:50.580736+00:00,289.900286,boot_safe,0.000000,0.00000,0.000000,0.00000,LOW,false,false,true,false,
2900,2026-09-11T16:09:50.681054+00:00,290.000309,boot_safe,0.000000,0.00000,0.000000,0.00000,LOW,false,false,true,false,
2901,2026-09-11T16:09:50.780830+00:00,290.100333,boot_safe,0.000000,0.00000,0.000000,0.00000,LOW,false,false,true,false,
2902,2026-09-11T16:09:50.881082+00:00,290.200344,boot_safe,0.000000,0.00000,0.000000,0.00000,LOW,false,false,true,false,
2903,2026-09-11T16:09:50.980736+00:00,290.300292,boot_safe,0.000000,0.00000,0.000000,0.00000,LOW,false,false,true,false,
2904,2026-09-11T16:09:51.081064+00:00,290.400320,boot_safe,0.000000,0.00000,0.000000,0.00000,LOW,false,false,true,false,
2905,2026-09-11T16:09:51.180731+00:00,290.500291,boot_safe,0.000000,0.00000,0.000000,0.00000,LOW,false,false,true,false,
2906,2026-09-11T16:09:51.281044+00:00,290.600307,boot_safe,0.000000,0.00000,0.000000,0.00000,LOW,false,false,true,false,
2907,2026-09-11T16:09:51.380886+00:00,290.700361,boot_safe,0.000000,0.00000,0.000000,0.00000,LOW,false,false,true,false,
2908,2026-09-11T16:09:51.481060+00:00,290.800330,boot_safe,0.000000,0.00000,0.000000,0.00000,LOW,false,false,true,false,
2909,2026-09-11T16:09:51.581102+00:00,290.900344,boot_safe,0.000000,0.00000,0.000000,0.00000,LOW,false,false,true,false,
2910,2026-09-11T16:09:51.681034+00:00,291.000317,boot_safe,0.000000,0.00000,0.000000,0.00000,LOW,false,false,true,false,
2911,2026-09-11T16:09:51.780723+00:00,291.100287,boot_safe,0.000000,0.00000,0.000000,0.00000,LOW,false,false,true,false,
2912,2026-09-11T16:09:51.881039+00:00,291.200309,boot_safe,0.000000,0.00000,0.000000,0.00000,LOW,false,false,true,false,
2913,2026-09-11T16:09:51.980732+00:00,291.300284,boot_safe,0.000000,0.00000,0.000000,0.00000,LOW,false,false,true,false,
2914,2026-09-11T16:09:52.081036+00:00,291.400315,boot_safe,0.000000,0.00000,0.000000,0.00000,LOW,false,false,true,false,
2915,2026-09-11T16:09:52.180733+00:00,291.500287,boot_safe,0.000000,0.00000,0.000000,0.00000,LOW,false,false,true,false,
2916,2026-09-11T16:09:52.281049+00:00,291.600313,boot_safe,0.000000,0.00000,0.000000,0.00000,LOW,false,false,true,false,
2917,2026-09-11T16:09:52.380720+00:00,291.700286,boot_safe,0.000000,0.00000,0.000000,0.00000,LOW,false,false,true,false,
2918,2026-09-11T16:09:52.481050+00:00,291.800319,boot_safe,0.000000,0.00000,0.000000,0.00000,LOW,false,false,true,false,
2919,2026-09-11T16:09:52.580772+00:00,291.900306,boot_safe,0.000000,0.00000,0.000000,0.00000,LOW,false,false,true,false,
2920,2026-09-11T16:09:52.681034+00:00,292.000315,boot_safe,0.000000,0.00000,0.000000,0.00000,LOW,false,false,true,false,
2921,2026-09-11T16:09:52.780730+00:00,292.100283,boot_safe,0.000000,0.00000,0.000000,0.00000,LOW,false,false,true,false,
2922,2026-09-11T16:09:52.881038+00:00,292.200313,boot_safe,0.000000,0.00000,0.000000,0.00000,LOW,false,false,true,false,
2923,2026-09-11T16:09:52.980957+00:00,292.300370,boot_safe,0.000000,0.00000,0.000000,0.00000,LOW,false,false,true,false,
2924,2026-09-11T16:09:53.080776+00:00,292.400317,boot_safe,0.000000,0.00000,0.000000,0.00000,LOW,false,false,true,false,
2925,2026-09-11T16:09:53.181107+00:00,292.500347,boot_safe,0.000000,0.00000,0.000000,0.00000,LOW,false,false,true,false,
2926,2026-09-11T16:09:53.280932+00:00,292.600294,boot_safe,0.000000,0.00000,0.000000,0.00000,LOW,false,false,true,false,
2927,2026-09-11T16:09:53.380834+00:00,292.700340,boot_safe,0.000000,0.00000,0.000000,0.00000,LOW,false,false,true,false,
2928,2026-09-11T16:09:53.481101+00:00,292.800350,boot_safe,0.000000,0.00000,0.000000,0.00000,LOW,false,false,true,false,
2929,2026-09-11T16:09:53.580741+00:00,292.900293,boot_safe,0.000000,0.00000,0.000000,0.00000,LOW,false,false,true,false,
2930,2026-09-11T16:09:53.681276+00:00,293.000305,boot_safe,0.000000,0.00000,0.000000,0.00000,LOW,false,false,true,false,
2931,2026-09-11T16:09:53.781137+00:00,293.100367,boot_safe,0.000000,0.00000,0.000000,0.00000,LOW,false,false,true,false,
2932,2026-09-11T16:09:53.880864+00:00,293.200358,boot_safe,0.000000,0.00000,0.000000,0.00000,LOW,false,false,true,false,
2933,2026-09-11T16:09:53.981055+00:00,293.300327,boot_safe,0.000000,0.00000,0.000000,0.00000,LOW,false,false,true,false,
2934,2026-09-11T16:09:54.080732+00:00,293.400289,boot_safe,0.000000,0.00000,0.000000,0.00000,LOW,false,false,true,false,
2935,2026-09-11T16:09:54.181039+00:00,293.500315,boot_safe,0.000000,0.00000,0.000000,0.00000,LOW,false,false,true,false,
2936,2026-09-11T16:09:54.280717+00:00,293.600281,boot_safe,0.000000,0.00000,0.000000,0.00000,LOW,false,false,true,false,
2937,2026-09-11T16:09:54.381059+00:00,293.700320,boot_safe,0.000000,0.00000,0.000000,0.00000,LOW,false,false,true,false,
2938,2026-09-11T16:09:54.480817+00:00,293.800329,boot_safe,0.000000,0.00000,0.000000,0.00000,LOW,false,false,true,false,
2939,2026-09-11T16:09:54.580719+00:00,293.900286,boot_safe,0.000000,0.00000,0.000000,0.00000,LOW,false,false,true,false,
2940,2026-09-11T16:09:54.681086+00:00,294.000322,boot_safe,0.000000,0.00000,0.000000,0.00000,LOW,false,false,true,false,
2941,2026-09-11T16:09:54.780744+00:00,294.100302,boot_safe,0.000000,0.00000,0.000000,0.00000,LOW,false,false,true,false,
2942,2026-09-11T16:09:54.881056+00:00,294.200318,boot_safe,0.000000,0.00000,0.000000,0.00000,LOW,false,false,true,false,
2943,2026-09-11T16:09:54.980745+00:00,294.300291,boot_safe,0.000000,0.00000,0.000000,0.00000,LOW,false,false,true,false,
2944,2026-09-11T16:09:55.081038+00:00,294.400318,boot_safe,0.000000,0.00000,0.000000,0.00000,LOW,false,false,true,false,
2945,2026-09-11T16:09:55.180732+00:00,294.500283,boot_safe,0.000000,0.00000,0.000000,0.00000,LOW,false,false,true,false,
2946,2026-09-11T16:09:55.281040+00:00,294.600314,boot_safe,0.000000,0.00000,0.000000,0.00000,LOW,false,false,true,false,
2947,2026-09-11T16:09:55.380745+00:00,294.700281,boot_safe,0.000000,0.00000,0.000000,0.00000,LOW,false,false,true,false,
2948,2026-09-11T16:09:55.481084+00:00,294.800318,boot_safe,0.000000,0.00000,0.000000,0.00000,LOW,false,false,true,false,
2949,2026-09-11T16:09:55.580742+00:00,294.900296,boot_safe,0.000000,0.00000,0.000000,0.00000,LOW,false,false,true,false,
2950,2026-09-11T16:09:55.681055+00:00,295.000321,boot_safe,0.000000,0.00000,0.000000,0.00000,LOW,false,false,true,false,
2951,2026-09-11T16:09:55.781033+00:00,295.100312,boot_safe,0.000000,0.00000,0.000000,0.00000,LOW,false,false,true,false,
2952,2026-09-11T16:09:55.880742+00:00,295.200292,boot_safe,0.000000,0.00000,0.000000,0.00000,LOW,false,false,true,false,
2953,2026-09-11T16:09:55.981043+00:00,295.300314,boot_safe,0.000000,0.00000,0.000000,0.00000,LOW,false,false,true,false,
2954,2026-09-11T16:09:56.080737+00:00,295.400291,boot_safe,0.000000,0.00000,0.000000,0.00000,LOW,false,false,true,false,
2955,2026-09-11T16:09:56.181037+00:00,295.500313,boot_safe,0.000000,0.00000,0.000000,0.00000,LOW,false,false,true,false,
2956,2026-09-11T16:09:56.280735+00:00,295.600286,boot_safe,0.000000,0.00000,0.000000,0.00000,LOW,false,false,true,false,
2957,2026-09-11T16:09:56.381036+00:00,295.700312,boot_safe,0.000000,0.00000,0.000000,0.00000,LOW,false,false,true,false,
2958,2026-09-11T16:09:56.480861+00:00,295.800354,boot_safe,0.000000,0.00000,0.000000,0.00000,LOW,false,false,true,false,
2959,2026-09-11T16:09:56.581055+00:00,295.900327,boot_safe,0.000000,0.00000,0.000000,0.00000,LOW,false,false,true,false,
2960,2026-09-11T16:09:56.680730+00:00,296.000290,boot_safe,0.000000,0.00000,0.000000,0.00000,LOW,false,false,true,false,
2961,2026-09-11T16:09:56.781033+00:00,296.100311,boot_safe,0.000000,0.00000,0.000000,0.00000,LOW,false,false,true,false,
2962,2026-09-11T16:09:56.880737+00:00,296.200288,boot_safe,0.000000,0.00000,0.000000,0.00000,LOW,false,false,true,false,
2963,2026-09-11T16:09:56.981082+00:00,296.300317,boot_safe,0.000000,0.00000,0.000000,0.00000,LOW,false,false,true,false,
2964,2026-09-11T16:09:57.080748+00:00,296.400298,boot_safe,0.000000,0.00000,0.000000,0.00000,LOW,false,false,true,false,
2965,2026-09-11T16:09:57.181044+00:00,296.500308,boot_safe,0.000000,0.00000,0.000000,0.00000,LOW,false,false,true,false,
2966,2026-09-11T16:09:57.280815+00:00,296.600317,boot_safe,0.000000,0.00000,0.000000,0.00000,LOW,false,false,true,false,
2967,2026-09-11T16:09:57.381011+00:00,296.700286,boot_safe,0.000000,0.00000,0.000000,0.00000,LOW,false,false,true,false,
2968,2026-09-11T16:09:57.480829+00:00,296.800317,boot_safe,0.000000,0.00000,0.000000,0.00000,LOW,false,false,true,false,
2969,2026-09-11T16:09:57.581047+00:00,296.900359,boot_safe,0.000000,0.00000,0.000000,0.00000,LOW,false,false,true,false,
2970,2026-09-11T16:09:57.680844+00:00,297.000314,boot_safe,0.000000,0.00000,0.000000,0.00000,LOW,false,false,true,false,
2971,2026-09-11T16:09:57.780948+00:00,297.100291,boot_safe,0.000000,0.00000,0.000000,0.00000,LOW,false,false,true,false,
2972,2026-09-11T16:09:57.880824+00:00,297.200309,boot_safe,0.000000,0.00000,0.000000,0.00000,LOW,false,false,true,false,
2973,2026-09-11T16:09:57.980724+00:00,297.300283,boot_safe,0.000000,0.00000,0.000000,0.00000,LOW,false,false,true,false,
2974,2026-09-11T16:09:58.080924+00:00,297.400275,boot_safe,0.000000,0.00000,0.000000,0.00000,LOW,false,false,true,false,
2975,2026-09-11T16:09:58.180811+00:00,297.500309,boot_safe,0.000000,0.00000,0.000000,0.00000,LOW,false,false,true,false,
2976,2026-09-11T16:09:58.280925+00:00,297.600278,boot_safe,0.000000,0.00000,0.000000,0.00000,LOW,false,false,true,false,
2977,2026-09-11T16:09:58.380820+00:00,297.700313,boot_safe,0.000000,0.00000,0.000000,0.00000,LOW,false,false,true,false,
2978,2026-09-11T16:09:58.480927+00:00,297.800279,boot_safe,0.000000,0.00000,0.000000,0.00000,LOW,false,false,true,false,
2979,2026-09-11T16:09:58.580827+00:00,297.900317,boot_safe,0.000000,0.00000,0.000000,0.00000,LOW,false,false,true,false,
2980,2026-09-11T16:09:58.680938+00:00,298.000283,boot_safe,0.000000,0.00000,0.000000,0.00000,LOW,false,false,true,false,
2981,2026-09-11T16:09:58.780827+00:00,298.100319,boot_safe,0.000000,0.00000,0.000000,0.00000,LOW,false,false,true,false,
2982,2026-09-11T16:09:58.880933+00:00,298.200283,boot_safe,0.000000,0.00000,0.000000,0.00000,LOW,false,false,true,false,
2983,2026-09-11T16:09:58.980968+00:00,298.300381,boot_safe,0.000000,0.00000,0.000000,0.00000,LOW,false,false,true,false,
2984,2026-09-11T16:09:59.080966+00:00,298.400301,boot_safe,0.000000,0.00000,0.000000,0.00000,LOW,false,false,true,false,
2985,2026-09-11T16:09:59.180996+00:00,298.500408,boot_safe,0.000000,0.00000,0.000000,0.00000,LOW,false,false,true,false,
2986,2026-09-11T16:09:59.280924+00:00,298.600295,boot_safe,0.000000,0.00000,0.000000,0.00000,LOW,false,false,true,false,
2987,2026-09-11T16:09:59.381008+00:00,298.700341,boot_safe,0.000000,0.00000,0.000000,0.00000,LOW,false,false,true,false,
2988,2026-09-11T16:09:59.480954+00:00,298.800302,boot_safe,0.000000,0.00000,0.000000,0.00000,LOW,false,false,true,false,
2989,2026-09-11T16:09:59.581058+00:00,298.900322,boot_safe,0.000000,0.00000,0.000000,0.00000,LOW,false,false,true,false,
2990,2026-09-11T16:09:59.680979+00:00,299.000286,boot_safe,0.000000,0.00000,0.000000,0.00000,LOW,false,false,true,false,
2991,2026-09-11T16:09:59.781078+00:00,299.100366,boot_safe,0.000000,0.00000,0.000000,0.00000,LOW,false,false,true,false,
2992,2026-09-11T16:09:59.880810+00:00,299.200294,boot_safe,0.000000,0.00000,0.000000,0.00000,LOW,false,false,true,false,
2993,2026-09-11T16:09:59.980956+00:00,299.300316,boot_safe,0.000000,0.00000,0.000000,0.00000,LOW,false,false,true,false,
2994,2026-09-11T16:10:00.080809+00:00,299.400282,boot_safe,0.000000,0.00000,0.000000,0.00000,LOW,false,false,true,false,
2995,2026-09-11T16:10:00.180958+00:00,299.500307,boot_safe,0.000000,0.00000,0.000000,0.00000,LOW,false,false,true,false,
2996,2026-09-11T16:10:00.280795+00:00,299.600280,boot_safe,0.000000,0.00000,0.000000,0.00000,LOW,false,false,true,false,
2997,2026-09-11T16:10:00.380957+00:00,299.700307,boot_safe,0.000000,0.00000,0.000000,0.00000,LOW,false,false,true,false,
2998,2026-09-11T16:10:00.480788+00:00,299.800276,boot_safe,0.000000,0.00000,-0.002000,-0.01212,LOW,false,false,true,false,
2999,2026-09-11T16:10:00.580963+00:00,299.900307,boot_safe,0.000000,0.00000,0.000000,0.00000,LOW,false,false,true,false,
3000,2026-09-11T16:10:00.680814+00:00,300.000286,boot_safe,0.000000,0.00000,0.000000,0.00000,LOW,false,false,true,false,
3001,2026-09-11T16:10:00.780954+00:00,300.100313,boot_safe,0.000000,0.00000,0.000000,0.00000,LOW,false,false,true,false,
3002,2026-09-11T16:10:00.880797+00:00,300.200279,boot_safe,0.000000,0.00000,0.000000,0.00000,LOW,false,false,true,false,
3003,2026-09-11T16:10:00.980973+00:00,300.300313,boot_safe,0.000000,0.00000,0.000000,0.00000,LOW,false,false,true,false,
3004,2026-09-11T16:10:01.080809+00:00,300.400284,boot_safe,0.000000,0.00000,0.000000,0.00000,LOW,false,false,true,false,
3005,2026-09-11T16:10:01.180967+00:00,300.500307,boot_safe,0.000000,0.00000,0.000000,0.00000,LOW,false,false,true,false,
3006,2026-09-11T16:10:01.280796+00:00,300.600281,boot_safe,0.000000,0.00000,0.000000,0.00000,LOW,false,false,true,false,
3007,2026-09-11T16:10:01.380980+00:00,300.700312,boot_safe,0.000000,0.00000,0.000000,0.00000,LOW,false,false,true,false,
3008,2026-09-11T16:10:01.480789+00:00,300.800289,boot_safe,0.000000,0.00000,0.000000,0.00000,LOW,false,false,true,false,
3009,2026-09-11T16:10:01.581169+00:00,300.900382,boot_safe,0.000000,0.00000,0.000000,0.00000,LOW,false,false,true,false,
3010,2026-09-11T16:10:01.680769+00:00,301.000310,boot_safe,0.000000,0.00000,0.000000,0.00000,LOW,false,false,true,false,
3011,2026-09-11T16:10:01.781131+00:00,301.100336,boot_safe,0.000000,0.00000,0.000000,0.00000,LOW,false,false,true,false,
3012,2026-09-11T16:10:01.881118+00:00,301.200316,boot_safe,0.000000,0.00000,0.000000,0.00000,LOW,false,false,true,false,
3013,2026-09-11T16:10:01.980740+00:00,301.300288,boot_safe,0.000000,0.00000,0.000000,0.00000,LOW,false,false,true,false,
3014,2026-09-11T16:10:02.081044+00:00,301.400317,boot_safe,0.000000,0.00000,0.000000,0.00000,LOW,false,false,true,false,
3015,2026-09-11T16:10:02.180735+00:00,301.500289,boot_safe,0.000000,0.00000,0.000000,0.00000,LOW,false,false,true,false,
3016,2026-09-11T16:10:02.281047+00:00,301.600310,boot_safe,0.000000,0.00000,0.000000,0.00000,LOW,false,false,true,false,
3017,2026-09-11T16:10:02.380733+00:00,301.700285,boot_safe,0.000000,0.00000,0.000000,0.00000,LOW,false,false,true,false,
3018,2026-09-11T16:10:02.481051+00:00,301.800307,boot_safe,0.000000,0.00000,0.000000,0.00000,LOW,false,false,true,false,
3019,2026-09-11T16:10:02.580774+00:00,301.900305,boot_safe,0.000000,0.00000,0.000000,0.00000,LOW,false,false,true,false,
3020,2026-09-11T16:10:02.681077+00:00,302.000325,boot_safe,0.000000,0.00000,0.000000,0.00000,LOW,false,false,true,false,
3021,2026-09-11T16:10:02.780759+00:00,302.100299,boot_safe,0.000000,0.00000,0.000000,0.00000,LOW,false,false,true,false,
3022,2026-09-11T16:10:02.881055+00:00,302.200323,boot_safe,0.000000,0.00000,0.000000,0.00000,LOW,false,false,true,false,
3023,2026-09-11T16:10:02.980729+00:00,302.300287,boot_safe,0.000000,0.00000,0.000000,0.00000,LOW,false,false,true,false,
3024,2026-09-11T16:10:03.081052+00:00,302.400318,boot_safe,0.000000,0.00000,0.000000,0.00000,LOW,false,false,true,false,
3025,2026-09-11T16:10:03.180736+00:00,302.500291,boot_safe,0.000000,0.00000,0.000000,0.00000,LOW,false,false,true,false,
3026,2026-09-11T16:10:03.281036+00:00,302.600307,boot_safe,0.000000,0.00000,0.000000,0.00000,LOW,false,false,true,false,
3027,2026-09-11T16:10:03.380724+00:00,302.700284,boot_safe,0.000000,0.00000,0.000000,0.00000,LOW,false,false,true,false,
3028,2026-09-11T16:10:03.481030+00:00,302.800312,boot_safe,0.000000,0.00000,0.000000,0.00000,LOW,false,false,true,false,
3029,2026-09-11T16:10:03.580725+00:00,302.900284,boot_safe,0.000000,0.00000,0.000000,0.00000,LOW,false,false,true,false,
3030,2026-09-11T16:10:03.681035+00:00,303.000309,boot_safe,0.000000,0.00000,0.000000,0.00000,LOW,false,false,true,false,
3031,2026-09-11T16:10:03.780736+00:00,303.100292,boot_safe,0.000000,0.00000,0.000000,0.00000,LOW,false,false,true,false,
3032,2026-09-11T16:10:03.881048+00:00,303.200315,boot_safe,0.000000,0.00000,0.000000,0.00000,LOW,false,false,true,false,
3033,2026-09-11T16:10:03.980723+00:00,303.300284,boot_safe,0.000000,0.00000,0.000000,0.00000,LOW,false,false,true,false,
3034,2026-09-11T16:10:04.081034+00:00,303.400311,boot_safe,0.000000,0.00000,0.000000,0.00000,LOW,false,false,true,false,
3035,2026-09-11T16:10:04.180729+00:00,303.500286,boot_safe,0.000000,0.00000,0.000000,0.00000,LOW,false,false,true,false,
3036,2026-09-11T16:10:04.281040+00:00,303.600308,boot_safe,0.000000,0.00000,0.000000,0.00000,LOW,false,false,true,false,
3037,2026-09-11T16:10:04.380737+00:00,303.700287,boot_safe,0.000000,0.00000,0.000000,0.00000,LOW,false,false,true,false,
3038,2026-09-11T16:10:04.481061+00:00,303.800325,boot_safe,0.000000,0.00000,0.000000,0.00000,LOW,false,false,true,false,
3039,2026-09-11T16:10:04.580728+00:00,303.900288,boot_safe,0.000000,0.00000,0.000000,0.00000,LOW,false,false,true,false,
3040,2026-09-11T16:10:04.681039+00:00,304.000314,boot_safe,0.000000,0.00000,0.000000,0.00000,LOW,false,false,true,false,
3041,2026-09-11T16:10:04.780752+00:00,304.100297,boot_safe,0.000000,0.00000,0.000000,0.00000,LOW,false,false,true,false,
3042,2026-09-11T16:10:04.881042+00:00,304.200315,boot_safe,0.000000,0.00000,0.000000,0.00000,LOW,false,false,true,false,
3043,2026-09-11T16:10:04.980739+00:00,304.300291,boot_safe,0.000000,0.00000,0.000000,0.00000,LOW,false,false,true,false,
3044,2026-09-11T16:10:05.081293+00:00,304.400454,boot_safe,0.000000,0.00000,0.000000,0.00000,LOW,false,false,true,false,
3045,2026-09-11T16:10:05.180952+00:00,304.500337,boot_safe,0.000000,0.00000,0.000000,0.00000,LOW,false,false,true,false,
3046,2026-09-11T16:10:05.281282+00:00,304.600360,boot_safe,0.000000,0.00000,0.000000,0.00000,LOW,false,false,true,false,
3047,2026-09-11T16:10:05.380828+00:00,304.700343,boot_safe,0.000000,0.00000,0.000000,0.00000,LOW,false,false,true,false,
3048,2026-09-11T16:10:05.481108+00:00,304.800355,boot_safe,0.000000,0.00000,0.000000,0.00000,LOW,false,false,true,false,
3049,2026-09-11T16:10:05.580799+00:00,304.900326,boot_safe,0.000000,0.00000,0.000000,0.00000,LOW,false,false,true,false,
3050,2026-09-11T16:10:05.681386+00:00,305.000415,boot_safe,0.000000,0.00000,0.000000,0.00000,LOW,false,false,true,false,
3051,2026-09-11T16:10:05.780865+00:00,305.100366,boot_safe,0.000000,0.00000,0.000000,0.00000,LOW,false,false,true,false,
3052,2026-09-11T16:10:05.881306+00:00,305.200340,boot_safe,0.000000,0.00000,0.000000,0.00000,LOW,false,false,true,false,
3053,2026-09-11T16:10:05.980836+00:00,305.300343,boot_safe,0.000000,0.00000,0.000000,0.00000,LOW,false,false,true,false,
3054,2026-09-11T16:10:06.081072+00:00,305.400333,boot_safe,0.000000,0.00000,0.000000,0.00000,LOW,false,false,true,false,
3055,2026-09-11T16:10:06.180906+00:00,305.500379,boot_safe,0.000000,0.00000,0.000000,0.00000,LOW,false,false,true,false,
3056,2026-09-11T16:10:06.281056+00:00,305.600331,boot_safe,0.000000,0.00000,0.000000,0.00000,LOW,false,false,true,false,
3057,2026-09-11T16:10:06.380744+00:00,305.700290,boot_safe,0.000000,0.00000,0.000000,0.00000,LOW,false,false,true,false,
3058,2026-09-11T16:10:06.481060+00:00,305.800329,boot_safe,0.000000,0.00000,0.000000,0.00000,LOW,false,false,true,false,
3059,2026-09-11T16:10:06.580758+00:00,305.900296,boot_safe,0.000000,0.00000,0.000000,0.00000,LOW,false,false,true,false,
3060,2026-09-11T16:10:06.681226+00:00,306.000408,boot_safe,0.000000,0.00000,0.000000,0.00000,LOW,false,false,true,false,
3061,2026-09-11T16:10:06.780781+00:00,306.100314,boot_safe,0.000000,0.00000,0.000000,0.00000,LOW,false,false,true,false,
3062,2026-09-11T16:10:06.881079+00:00,306.200321,boot_safe,0.000000,0.00000,0.000000,0.00000,LOW,false,false,true,false,
3063,2026-09-11T16:10:06.980758+00:00,306.300301,boot_safe,0.000000,0.00000,0.000000,0.00000,LOW,false,false,true,false,
3064,2026-09-11T16:10:07.081217+00:00,306.400412,boot_safe,0.000000,0.00000,0.000000,0.00000,LOW,false,false,true,false,
3065,2026-09-11T16:10:07.181115+00:00,306.500359,boot_safe,0.000000,0.00000,0.000000,0.00000,LOW,false,false,true,false,
3066,2026-09-11T16:10:07.280757+00:00,306.600304,boot_safe,0.000000,0.00000,0.000000,0.00000,LOW,false,false,true,false,
3067,2026-09-11T16:10:07.381041+00:00,306.700315,boot_safe,0.000000,0.00000,0.000000,0.00000,LOW,false,false,true,false,
3068,2026-09-11T16:10:07.480719+00:00,306.800280,boot_safe,0.000000,0.00000,0.000000,0.00000,LOW,false,false,true,false,
3069,2026-09-11T16:10:07.581118+00:00,306.900350,boot_safe,0.000000,0.00000,0.000000,0.00000,LOW,false,false,true,false,
3070,2026-09-11T16:10:07.680733+00:00,307.000293,boot_safe,0.000000,0.00000,0.000000,0.00000,LOW,false,false,true,false,
3071,2026-09-11T16:10:07.781085+00:00,307.100331,boot_safe,0.000000,0.00000,0.000000,0.00000,LOW,false,false,true,false,
3072,2026-09-11T16:10:07.881046+00:00,307.200311,boot_safe,0.000000,0.00000,0.000000,0.00000,LOW,false,false,true,false,
3073,2026-09-11T16:10:07.980967+00:00,307.300414,boot_safe,0.000000,0.00000,0.000000,0.00000,LOW,false,false,true,false,
3074,2026-09-11T16:10:08.081063+00:00,307.400330,boot_safe,0.000000,0.00000,0.000000,0.00000,LOW,false,false,true,false,
3075,2026-09-11T16:10:08.180735+00:00,307.500293,boot_safe,0.000000,0.00000,0.000000,0.00000,LOW,false,false,true,false,
3076,2026-09-11T16:10:08.281050+00:00,307.600318,boot_safe,0.000000,0.00000,0.000000,0.00000,LOW,false,false,true,false,
3077,2026-09-11T16:10:08.380726+00:00,307.700285,boot_safe,0.000000,0.00000,0.000000,0.00000,LOW,false,false,true,false,
3078,2026-09-11T16:10:08.481071+00:00,307.800328,boot_safe,0.000000,0.00000,0.000000,0.00000,LOW,false,false,true,false,
3079,2026-09-11T16:10:08.580764+00:00,307.900304,boot_safe,0.000000,0.00000,0.000000,0.00000,LOW,false,false,true,false,
3080,2026-09-11T16:10:08.681051+00:00,308.000318,boot_safe,0.000000,0.00000,0.000000,0.00000,LOW,false,false,true,false,
3081,2026-09-11T16:10:08.780740+00:00,308.100291,boot_safe,0.000000,0.00000,0.000000,0.00000,LOW,false,false,true,false,
3082,2026-09-11T16:10:08.881054+00:00,308.200317,boot_safe,0.000000,0.00000,0.000000,0.00000,LOW,false,false,true,false,
3083,2026-09-11T16:10:08.980880+00:00,308.300368,boot_safe,0.000000,0.00000,0.000000,0.00000,LOW,false,false,true,false,
3084,2026-09-11T16:10:09.081068+00:00,308.400334,boot_safe,0.000000,0.00000,0.000000,0.00000,LOW,false,false,true,false,
3085,2026-09-11T16:10:09.180890+00:00,308.500370,boot_safe,0.000000,0.00000,0.000000,0.00000,LOW,false,false,true,false,
3086,2026-09-11T16:10:09.281062+00:00,308.600332,boot_safe,0.000000,0.00000,0.000000,0.00000,LOW,false,false,true,false,
3087,2026-09-11T16:10:09.380972+00:00,308.700418,boot_safe,0.000000,0.00000,0.000000,0.00000,LOW,false,false,true,false,
3088,2026-09-11T16:10:09.481063+00:00,308.800337,boot_safe,0.000000,0.00000,0.000000,0.00000,LOW,false,false,true,false,
3089,2026-09-11T16:10:09.580747+00:00,308.900299,boot_safe,0.000000,0.00000,0.000000,0.00000,LOW,false,false,true,false,
3090,2026-09-11T16:10:09.681089+00:00,309.000334,boot_safe,0.000000,0.00000,0.000000,0.00000,LOW,false,false,true,false,
3091,2026-09-11T16:10:09.780762+00:00,309.100307,boot_safe,0.000000,0.00000,0.000000,0.00000,LOW,false,false,true,false,
3092,2026-09-11T16:10:09.881059+00:00,309.200326,boot_safe,0.000000,0.00000,0.000000,0.00000,LOW,false,false,true,false,
3093,2026-09-11T16:10:09.980739+00:00,309.300288,boot_safe,0.000000,0.00000,0.000000,0.00000,LOW,false,false,true,false,
3094,2026-09-11T16:10:10.081040+00:00,309.400313,boot_safe,0.000000,0.00000,0.000000,0.00000,LOW,false,false,true,false,
3095,2026-09-11T16:10:10.180725+00:00,309.500286,boot_safe,0.000000,0.00000,0.000000,0.00000,LOW,false,false,true,false,
3096,2026-09-11T16:10:10.281028+00:00,309.600308,boot_safe,0.000000,0.00000,0.000000,0.00000,LOW,false,false,true,false,
3097,2026-09-11T16:10:10.380727+00:00,309.700285,boot_safe,0.000000,0.00000,0.000000,0.00000,LOW,false,false,true,false,
3098,2026-09-11T16:10:10.481043+00:00,309.800313,boot_safe,0.000000,0.00000,0.000000,0.00000,LOW,false,false,true,false,
3099,2026-09-11T16:10:10.580729+00:00,309.900290,boot_safe,0.000000,0.00000,0.000000,0.00000,LOW,false,false,true,false,
3100,2026-09-11T16:10:10.681045+00:00,310.000316,boot_safe,0.000000,0.00000,0.000000,0.00000,LOW,false,false,true,false,
3101,2026-09-11T16:10:10.780750+00:00,310.100301,boot_safe,0.000000,0.00000,0.000000,0.00000,LOW,false,false,true,false,
3102,2026-09-11T16:10:10.881050+00:00,310.200320,boot_safe,0.000000,0.00000,0.000000,0.00000,LOW,false,false,true,false,
3103,2026-09-11T16:10:10.980815+00:00,310.300287,boot_safe,0.000000,0.00000,0.000000,0.00000,LOW,false,false,true,false,
3104,2026-09-11T16:10:11.080858+00:00,310.400358,boot_safe,0.000000,0.00000,0.000000,0.00000,LOW,false,false,true,false,
3105,2026-09-11T16:10:11.181060+00:00,310.500334,boot_safe,0.000000,0.00000,0.000000,0.00000,LOW,false,false,true,false,
3106,2026-09-11T16:10:11.280730+00:00,310.600288,boot_safe,0.000000,0.00000,0.000000,0.00000,LOW,false,false,true,false,
3107,2026-09-11T16:10:11.381099+00:00,310.700346,boot_safe,0.000000,0.00000,0.000000,0.00000,LOW,false,false,true,false,
3108,2026-09-11T16:10:11.480771+00:00,310.800309,boot_safe,0.000000,0.00000,0.000000,0.00000,LOW,false,false,true,false,
3109,2026-09-11T16:10:11.581051+00:00,310.900319,boot_safe,0.000000,0.00000,0.000000,0.00000,LOW,false,false,true,false,
3110,2026-09-11T16:10:11.680955+00:00,311.000294,boot_safe,0.000000,0.00000,0.000000,0.00000,LOW,false,false,true,false,
3111,2026-09-11T16:10:11.780950+00:00,311.100416,boot_safe,0.000000,0.00000,0.000000,0.00000,LOW,false,false,true,false,
3112,2026-09-11T16:10:11.881082+00:00,311.200340,boot_safe,0.000000,0.00000,0.000000,0.00000,LOW,false,false,true,false,
3113,2026-09-11T16:10:11.980764+00:00,311.300298,boot_safe,0.000000,0.00000,0.000000,0.00000,LOW,false,false,true,false,
3114,2026-09-11T16:10:12.080759+00:00,311.400304,boot_safe,0.000000,0.00000,0.000000,0.00000,LOW,false,false,true,false,
3115,2026-09-11T16:10:12.181048+00:00,311.500315,boot_safe,0.000000,0.00000,0.000000,0.00000,LOW,false,false,true,false,
3116,2026-09-11T16:10:12.280792+00:00,311.600315,boot_safe,0.000000,0.00000,0.000000,0.00000,LOW,false,false,true,false,
3117,2026-09-11T16:10:12.381049+00:00,311.700320,boot_safe,0.000000,0.00000,0.000000,0.00000,LOW,false,false,true,false,
3118,2026-09-11T16:10:12.480738+00:00,311.800288,boot_safe,0.000000,0.00000,0.000000,0.00000,LOW,false,false,true,false,
3119,2026-09-11T16:10:12.581085+00:00,311.900333,boot_safe,0.000000,0.00000,0.000000,0.00000,LOW,false,false,true,false,
3120,2026-09-11T16:10:12.680741+00:00,312.000293,boot_safe,0.000000,0.00000,0.000000,0.00000,LOW,false,false,true,false,
3121,2026-09-11T16:10:12.781100+00:00,312.100339,boot_safe,0.000000,0.00000,0.000000,0.00000,LOW,false,false,true,false,
3122,2026-09-11T16:10:12.880740+00:00,312.200293,boot_safe,0.000000,0.00000,0.000000,0.00000,LOW,false,false,true,false,
3123,2026-09-11T16:10:12.981053+00:00,312.300323,boot_safe,0.000000,0.00000,0.000000,0.00000,LOW,false,false,true,false,
3124,2026-09-11T16:10:13.080759+00:00,312.400300,boot_safe,0.000000,0.00000,0.000000,0.00000,LOW,false,false,true,false,
3125,2026-09-11T16:10:13.181034+00:00,312.500312,boot_safe,0.000000,0.00000,0.000000,0.00000,LOW,false,false,true,false,
3126,2026-09-11T16:10:13.280733+00:00,312.600285,boot_safe,0.000000,0.00000,0.000000,0.00000,LOW,false,false,true,false,
3127,2026-09-11T16:10:13.381046+00:00,312.700311,boot_safe,0.000000,0.00000,0.000000,0.00000,LOW,false,false,true,false,
3128,2026-09-11T16:10:13.480734+00:00,312.800289,boot_safe,0.000000,0.00000,0.000000,0.00000,LOW,false,false,true,false,
3129,2026-09-11T16:10:13.581050+00:00,312.900317,boot_safe,0.000000,0.00000,0.000000,0.00000,LOW,false,false,true,false,
3130,2026-09-11T16:10:13.680732+00:00,313.000289,boot_safe,0.000000,0.00000,0.000000,0.00000,LOW,false,false,true,false,
3131,2026-09-11T16:10:13.781046+00:00,313.100318,boot_safe,0.000000,0.00000,0.000000,0.00000,LOW,false,false,true,false,
3132,2026-09-11T16:10:13.880729+00:00,313.200285,boot_safe,0.000000,0.00000,0.000000,0.00000,LOW,false,false,true,false,
3133,2026-09-11T16:10:13.981049+00:00,313.300319,boot_safe,0.000000,0.00000,0.000000,0.00000,LOW,false,false,true,false,
3134,2026-09-11T16:10:14.080737+00:00,313.400290,boot_safe,0.000000,0.00000,0.000000,0.00000,LOW,false,false,true,false,
3135,2026-09-11T16:10:14.181033+00:00,313.500309,boot_safe,0.000000,0.00000,0.000000,0.00000,LOW,false,false,true,false,
3136,2026-09-11T16:10:14.280734+00:00,313.600288,boot_safe,0.000000,0.00000,0.000000,0.00000,LOW,false,false,true,false,
3137,2026-09-11T16:10:14.381034+00:00,313.700309,boot_safe,0.000000,0.00000,0.000000,0.00000,LOW,false,false,true,false,
3138,2026-09-11T16:10:14.480743+00:00,313.800296,boot_safe,0.000000,0.00000,0.000000,0.00000,LOW,false,false,true,false,
3139,2026-09-11T16:10:14.581065+00:00,313.900322,boot_safe,0.000000,0.00000,0.000000,0.00000,LOW,false,false,true,false,
3140,2026-09-11T16:10:14.680731+00:00,314.000284,boot_safe,0.000000,0.00000,0.000000,0.00000,LOW,false,false,true,false,
3141,2026-09-11T16:10:14.780747+00:00,314.100296,boot_safe,0.000000,0.00000,0.000000,0.00000,LOW,false,false,true,false,
3142,2026-09-11T16:10:14.881036+00:00,314.200316,boot_safe,0.000000,0.00000,0.000000,0.00000,LOW,false,false,true,false,
3143,2026-09-11T16:10:14.980743+00:00,314.300295,boot_safe,0.000000,0.00000,0.000000,0.00000,LOW,false,false,true,false,
3144,2026-09-11T16:10:15.081041+00:00,314.400310,boot_safe,0.000000,0.00000,0.000000,0.00000,LOW,false,false,true,false,
3145,2026-09-11T16:10:15.180735+00:00,314.500287,boot_safe,0.000000,0.00000,0.000000,0.00000,LOW,false,false,true,false,
3146,2026-09-11T16:10:15.281030+00:00,314.600311,boot_safe,0.000000,0.00000,0.000000,0.00000,LOW,false,false,true,false,
3147,2026-09-11T16:10:15.380727+00:00,314.700284,boot_safe,0.000000,0.00000,0.000000,0.00000,LOW,false,false,true,false,
3148,2026-09-11T16:10:15.481052+00:00,314.800314,boot_safe,0.000000,0.00000,0.000000,0.00000,LOW,false,false,true,false,
3149,2026-09-11T16:10:15.580735+00:00,314.900288,boot_safe,0.000000,0.00000,0.000000,0.00000,LOW,false,false,true,false,
3150,2026-09-11T16:10:15.681026+00:00,315.000308,boot_safe,0.000000,0.00000,0.000000,0.00000,LOW,false,false,true,false,
3151,2026-09-11T16:10:15.780738+00:00,315.100290,boot_safe,0.000000,0.00000,0.000000,0.00000,LOW,false,false,true,false,
3152,2026-09-11T16:10:15.881029+00:00,315.200309,boot_safe,0.000000,0.00000,0.000000,0.00000,LOW,false,false,true,false,
3153,2026-09-11T16:10:15.980780+00:00,315.300314,boot_safe,0.000000,0.00000,0.000000,0.00000,LOW,false,false,true,false,
3154,2026-09-11T16:10:16.080972+00:00,315.400280,boot_safe,0.000000,0.00000,0.000000,0.00000,LOW,false,false,true,false,
3155,2026-09-11T16:10:16.180821+00:00,315.500308,boot_safe,0.000000,0.00000,0.000000,0.00000,LOW,false,false,true,false,
3156,2026-09-11T16:10:16.281034+00:00,315.600357,boot_safe,0.000000,0.00000,0.000000,0.00000,LOW,false,false,true,false,
3157,2026-09-11T16:10:16.380793+00:00,315.700303,boot_safe,0.000000,0.00000,0.000000,0.00000,LOW,false,false,true,false,
3158,2026-09-11T16:10:16.480941+00:00,315.800282,boot_safe,0.000000,0.00000,0.000000,0.00000,LOW,false,false,true,false,
3159,2026-09-11T16:10:16.580824+00:00,315.900313,boot_safe,0.000000,0.00000,0.000000,0.00000,LOW,false,false,true,false,
3160,2026-09-11T16:10:16.680923+00:00,316.000278,boot_safe,0.000000,0.00000,0.000000,0.00000,LOW,false,false,true,false,
3161,2026-09-11T16:10:16.780815+00:00,316.100309,boot_safe,0.000000,0.00000,0.000000,0.00000,LOW,false,false,true,false,
3162,2026-09-11T16:10:16.881081+00:00,316.200343,boot_safe,0.000000,0.00000,0.000000,0.00000,LOW,false,false,true,false,
3163,2026-09-11T16:10:16.980839+00:00,316.300327,boot_safe,0.000000,0.00000,0.000000,0.00000,LOW,false,false,true,false,
3164,2026-09-11T16:10:17.080950+00:00,316.400291,boot_safe,0.000000,0.00000,0.000000,0.00000,LOW,false,false,true,false,
3165,2026-09-11T16:10:17.181026+00:00,316.500430,boot_safe,0.000000,0.00000,0.000000,0.00000,LOW,false,false,true,false,
3166,2026-09-11T16:10:17.280978+00:00,316.600312,boot_safe,0.000000,0.00000,0.000000,0.00000,LOW,false,false,true,false,
3167,2026-09-11T16:10:17.380821+00:00,316.700314,boot_safe,0.000000,0.00000,0.000000,0.00000,LOW,false,false,true,false,
3168,2026-09-11T16:10:17.480992+00:00,316.800301,boot_safe,0.000000,0.00000,0.000000,0.00000,LOW,false,false,true,false,
3169,2026-09-11T16:10:17.580840+00:00,316.900322,boot_safe,0.000000,0.00000,0.000000,0.00000,LOW,false,false,true,false,
3170,2026-09-11T16:10:17.681200+00:00,317.000280,boot_safe,0.000000,0.00000,0.000000,0.00000,LOW,false,false,true,false,
3171,2026-09-11T16:10:17.780948+00:00,317.100369,boot_safe,0.000000,0.00000,0.000000,0.00000,LOW,false,false,true,false,
3172,2026-09-11T16:10:17.880938+00:00,317.200302,boot_safe,0.000000,0.00000,0.000000,0.00000,LOW,false,false,true,false,
3173,2026-09-11T16:10:17.981125+00:00,317.300402,boot_safe,0.000000,0.00000,0.000000,0.00000,LOW,false,false,true,false,
3174,2026-09-11T16:10:18.080796+00:00,317.400306,boot_safe,0.000000,0.00000,0.000000,0.00000,LOW,false,false,true,false,
3175,2026-09-11T16:10:18.180900+00:00,317.500287,boot_safe,0.000000,0.00000,0.000000,0.00000,LOW,false,false,true,false,
3176,2026-09-11T16:10:18.280963+00:00,317.600307,boot_safe,0.000000,0.00000,0.000000,0.00000,LOW,false,false,true,false,
3177,2026-09-11T16:10:18.380801+00:00,317.700281,boot_safe,0.000000,0.00000,0.000000,0.00000,LOW,false,false,true,false,
3178,2026-09-11T16:10:18.480965+00:00,317.800310,boot_safe,0.000000,0.00000,0.000000,0.00000,LOW,false,false,true,false,
3179,2026-09-11T16:10:18.580818+00:00,317.900290,boot_safe,0.000000,0.00000,0.000000,0.00000,LOW,false,false,true,false,
3180,2026-09-11T16:10:18.681001+00:00,318.000328,boot_safe,0.000000,0.00000,0.000000,0.00000,LOW,false,false,true,false,
3181,2026-09-11T16:10:18.780829+00:00,318.100300,boot_safe,0.000000,0.00000,0.000000,0.00000,LOW,false,false,true,false,
3182,2026-09-11T16:10:18.880964+00:00,318.200315,boot_safe,0.000000,0.00000,0.000000,0.00000,LOW,false,false,true,false,
3183,2026-09-11T16:10:18.980804+00:00,318.300284,boot_safe,0.000000,0.00000,0.000000,0.00000,LOW,false,false,true,false,
3184,2026-09-11T16:10:19.081064+00:00,318.400327,boot_safe,0.000000,0.00000,0.000000,0.00000,LOW,false,false,true,false,
3185,2026-09-11T16:10:19.180968+00:00,318.500317,boot_safe,0.000000,0.00000,0.000000,0.00000,LOW,false,false,true,false,
3186,2026-09-11T16:10:19.280805+00:00,318.600282,boot_safe,0.000000,0.00000,0.000000,0.00000,LOW,false,false,true,false,
3187,2026-09-11T16:10:19.380958+00:00,318.700307,boot_safe,0.000000,0.00000,0.000000,0.00000,LOW,false,false,true,false,
3188,2026-09-11T16:10:19.480799+00:00,318.800282,boot_safe,0.000000,0.00000,0.000000,0.00000,LOW,false,false,true,false,
3189,2026-09-11T16:10:19.580983+00:00,318.900324,boot_safe,0.000000,0.00000,0.000000,0.00000,LOW,false,false,true,false,
3190,2026-09-11T16:10:19.680968+00:00,319.000387,boot_safe,0.000000,0.00000,0.000000,0.00000,LOW,false,false,true,false,
3191,2026-09-11T16:10:19.781053+00:00,319.100333,boot_safe,0.000000,0.00000,0.000000,0.00000,LOW,false,false,true,false,
3192,2026-09-11T16:10:19.880785+00:00,319.200303,boot_safe,0.000000,0.00000,0.000000,0.00000,LOW,false,false,true,false,
3193,2026-09-11T16:10:19.981049+00:00,319.300319,boot_safe,0.000000,0.00000,0.000000,0.00000,LOW,false,false,true,false,
3194,2026-09-11T16:10:20.080824+00:00,319.400293,boot_safe,0.000000,0.00000,0.000000,0.00000,LOW,false,false,true,false,
3195,2026-09-11T16:10:20.181039+00:00,319.500320,boot_safe,0.000000,0.00000,0.000000,0.00000,LOW,false,false,true,false,
3196,2026-09-11T16:10:20.280796+00:00,319.600285,boot_safe,0.000000,0.00000,0.000000,0.00000,LOW,false,false,true,false,
3197,2026-09-11T16:10:20.381117+00:00,319.700311,boot_safe,0.000000,0.00000,0.000000,0.00000,LOW,false,false,true,false,
3198,2026-09-11T16:10:20.480733+00:00,319.800291,boot_safe,0.000000,0.00000,0.000000,0.00000,LOW,false,false,true,false,
3199,2026-09-11T16:10:20.581039+00:00,319.900313,boot_safe,0.000000,0.00000,0.000000,0.00000,LOW,false,false,true,false,
3200,2026-09-11T16:10:20.680734+00:00,320.000289,boot_safe,0.000000,0.00000,0.000000,0.00000,LOW,false,false,true,false,
3201,2026-09-11T16:10:20.781035+00:00,320.100307,boot_safe,0.000000,0.00000,0.000000,0.00000,LOW,false,false,true,false,
3202,2026-09-11T16:10:20.880729+00:00,320.200286,boot_safe,0.000000,0.00000,0.000000,0.00000,LOW,false,false,true,false,
3203,2026-09-11T16:10:20.981033+00:00,320.300313,boot_safe,0.000000,0.00000,0.000000,0.00000,LOW,false,false,true,false,
3204,2026-09-11T16:10:21.080740+00:00,320.400287,boot_safe,0.000000,0.00000,0.000000,0.00000,LOW,false,false,true,false,
3205,2026-09-11T16:10:21.181040+00:00,320.500318,boot_safe,0.000000,0.00000,0.000000,0.00000,LOW,false,false,true,false,
3206,2026-09-11T16:10:21.280739+00:00,320.600296,boot_safe,0.000000,0.00000,0.000000,0.00000,LOW,false,false,true,false,
3207,2026-09-11T16:10:21.381034+00:00,320.700310,boot_safe,0.000000,0.00000,0.000000,0.00000,LOW,false,false,true,false,
3208,2026-09-11T16:10:21.480722+00:00,320.800282,boot_safe,0.000000,0.00000,0.000000,0.00000,LOW,false,false,true,false,
3209,2026-09-11T16:10:21.581039+00:00,320.900310,boot_safe,0.000000,0.00000,0.000000,0.00000,LOW,false,false,true,false,
3210,2026-09-11T16:10:21.680723+00:00,321.000288,boot_safe,0.000000,0.00000,0.000000,0.00000,LOW,false,false,true,false,
3211,2026-09-11T16:10:21.781066+00:00,321.100308,boot_safe,0.000000,0.00000,0.000000,0.00000,LOW,false,false,true,false,
3212,2026-09-11T16:10:21.880721+00:00,321.200284,boot_safe,0.000000,0.00000,0.000000,0.00000,LOW,false,false,true,false,
3213,2026-09-11T16:10:21.981190+00:00,321.300387,boot_safe,0.000000,0.00000,0.000000,0.00000,LOW,false,false,true,false,
3214,2026-09-11T16:10:22.081033+00:00,321.400325,boot_safe,0.000000,0.00000,0.000000,0.00000,LOW,false,false,true,false,
3215,2026-09-11T16:10:22.180822+00:00,321.500336,boot_safe,0.000000,0.00000,0.000000,0.00000,LOW,false,false,true,false,
3216,2026-09-11T16:10:22.280760+00:00,321.600304,boot_safe,0.000000,0.00000,0.000000,0.00000,LOW,false,false,true,false,
3217,2026-09-11T16:10:22.380711+00:00,321.700281,boot_safe,0.000000,0.00000,0.000000,0.00000,LOW,false,false,true,false,
3218,2026-09-11T16:10:22.481045+00:00,321.800309,boot_safe,0.000000,0.00000,0.000000,0.00000,LOW,false,false,true,false,
3219,2026-09-11T16:10:22.580758+00:00,321.900296,boot_safe,0.000000,0.00000,0.000000,0.00000,LOW,false,false,true,false,
3220,2026-09-11T16:10:22.681116+00:00,322.000316,boot_safe,0.000000,0.00000,0.000000,0.00000,LOW,false,false,true,false,
3221,2026-09-11T16:10:22.780759+00:00,322.100307,boot_safe,0.000000,0.00000,0.000000,0.00000,LOW,false,false,true,false,
3222,2026-09-11T16:10:22.881043+00:00,322.200314,boot_safe,0.000000,0.00000,0.000000,0.00000,LOW,false,false,true,false,
3223,2026-09-11T16:10:22.980731+00:00,322.300293,boot_safe,0.000000,0.00000,0.000000,0.00000,LOW,false,false,true,false,
3224,2026-09-11T16:10:23.081204+00:00,322.400332,boot_safe,0.000000,0.00000,0.000000,0.00000,LOW,false,false,true,false,
3225,2026-09-11T16:10:23.180825+00:00,322.500346,boot_safe,0.000000,0.00000,0.000000,0.00000,LOW,false,false,true,false,
3226,2026-09-11T16:10:23.281162+00:00,322.600381,boot_safe,0.000000,0.00000,0.000000,0.00000,LOW,false,false,true,false,
3227,2026-09-11T16:10:23.380800+00:00,322.700322,boot_safe,0.000000,0.00000,0.000000,0.00000,LOW,false,false,true,false,
3228,2026-09-11T16:10:23.481097+00:00,322.800349,boot_safe,0.000000,0.00000,0.000000,0.00000,LOW,false,false,true,false,
3229,2026-09-11T16:10:23.580735+00:00,322.900295,boot_safe,0.000000,0.00000,0.000000,0.00000,LOW,false,false,true,false,
3230,2026-09-11T16:10:23.681207+00:00,323.000322,boot_safe,0.000000,0.00000,0.000000,0.00000,LOW,false,false,true,false,
3231,2026-09-11T16:10:23.780821+00:00,323.100337,boot_safe,0.000000,0.00000,0.000000,0.00000,LOW,false,false,true,false,
3232,2026-09-11T16:10:23.881045+00:00,323.200321,boot_safe,0.000000,0.00000,0.000000,0.00000,LOW,false,false,true,false,
3233,2026-09-11T16:10:23.980746+00:00,323.300296,boot_safe,0.000000,0.00000,0.000000,0.00000,LOW,false,false,true,false,
3234,2026-09-11T16:10:24.081051+00:00,323.400315,boot_safe,0.000000,0.00000,0.000000,0.00000,LOW,false,false,true,false,
3235,2026-09-11T16:10:24.180761+00:00,323.500299,boot_safe,0.000000,0.00000,0.000000,0.00000,LOW,false,false,true,false,
3236,2026-09-11T16:10:24.281052+00:00,323.600313,boot_safe,0.000000,0.00000,0.000000,0.00000,LOW,false,false,true,false,
3237,2026-09-11T16:10:24.380731+00:00,323.700284,boot_safe,0.000000,0.00000,0.000000,0.00000,LOW,false,false,true,false,
3238,2026-09-11T16:10:24.481037+00:00,323.800308,boot_safe,0.000000,0.00000,0.000000,0.00000,LOW,false,false,true,false,
3239,2026-09-11T16:10:24.581071+00:00,323.900324,boot_safe,0.000000,0.00000,0.000000,0.00000,LOW,false,false,true,false,
3240,2026-09-11T16:10:24.680741+00:00,324.000289,boot_safe,0.000000,0.00000,0.000000,0.00000,LOW,false,false,true,false,
3241,2026-09-11T16:10:24.781049+00:00,324.100316,boot_safe,0.000000,0.00000,0.000000,0.00000,LOW,false,false,true,false,
3242,2026-09-11T16:10:24.880735+00:00,324.200285,boot_safe,0.000000,0.00000,0.000000,0.00000,LOW,false,false,true,false,
3243,2026-09-11T16:10:24.981044+00:00,324.300314,boot_safe,0.000000,0.00000,0.000000,0.00000,LOW,false,false,true,false,
3244,2026-09-11T16:10:25.080721+00:00,324.400278,boot_safe,0.000000,0.00000,0.000000,0.00000,LOW,false,false,true,false,
3245,2026-09-11T16:10:25.181054+00:00,324.500319,boot_safe,0.000000,0.00000,0.000000,0.00000,LOW,false,false,true,false,
3246,2026-09-11T16:10:25.280732+00:00,324.600287,boot_safe,0.000000,0.00000,0.000000,0.00000,LOW,false,false,true,false,
3247,2026-09-11T16:10:25.381031+00:00,324.700310,boot_safe,0.000000,0.00000,0.000000,0.00000,LOW,false,false,true,false,
3248,2026-09-11T16:10:25.480720+00:00,324.800283,boot_safe,0.000000,0.00000,0.000000,0.00000,LOW,false,false,true,false,
3249,2026-09-11T16:10:25.581061+00:00,324.900324,boot_safe,0.000000,0.00000,0.000000,0.00000,LOW,false,false,true,false,
3250,2026-09-11T16:10:25.680722+00:00,325.000285,boot_safe,0.000000,0.00000,0.000000,0.00000,LOW,false,false,true,false,
3251,2026-09-11T16:10:25.781048+00:00,325.100312,boot_safe,0.000000,0.00000,0.000000,0.00000,LOW,false,false,true,false,
3252,2026-09-11T16:10:25.880714+00:00,325.200282,boot_safe,0.000000,0.00000,0.000000,0.00000,LOW,false,false,true,false,
3253,2026-09-11T16:10:25.981050+00:00,325.300314,boot_safe,0.000000,0.00000,0.000000,0.00000,LOW,false,false,true,false,
3254,2026-09-11T16:10:26.080715+00:00,325.400280,boot_safe,0.000000,0.00000,0.000000,0.00000,LOW,false,false,true,false,
3255,2026-09-11T16:10:26.181034+00:00,325.500310,boot_safe,0.000000,0.00000,0.000000,0.00000,LOW,false,false,true,false,
3256,2026-09-11T16:10:26.280735+00:00,325.600291,boot_safe,0.000000,0.00000,0.000000,0.00000,LOW,false,false,true,false,
3257,2026-09-11T16:10:26.381041+00:00,325.700312,boot_safe,0.000000,0.00000,0.000000,0.00000,LOW,false,false,true,false,
3258,2026-09-11T16:10:26.480713+00:00,325.800280,boot_safe,0.000000,0.00000,0.000000,0.00000,LOW,false,false,true,false,
3259,2026-09-11T16:10:26.581046+00:00,325.900309,boot_safe,0.000000,0.00000,0.000000,0.00000,LOW,false,false,true,false,
3260,2026-09-11T16:10:26.680727+00:00,326.000282,boot_safe,0.000000,0.00000,0.000000,0.00000,LOW,false,false,true,false,
3261,2026-09-11T16:10:26.781056+00:00,326.100327,boot_safe,0.000000,0.00000,0.000000,0.00000,LOW,false,false,true,false,
3262,2026-09-11T16:10:26.880726+00:00,326.200285,boot_safe,0.000000,0.00000,0.000000,0.00000,LOW,false,false,true,false,
3263,2026-09-11T16:10:26.981046+00:00,326.300311,boot_safe,0.000000,0.00000,0.000000,0.00000,LOW,false,false,true,false,
3264,2026-09-11T16:10:27.080852+00:00,326.400349,boot_safe,0.000000,0.00000,0.000000,0.00000,LOW,false,false,true,false,
3265,2026-09-11T16:10:27.181062+00:00,326.500328,boot_safe,0.000000,0.00000,0.000000,0.00000,LOW,false,false,true,false,
3266,2026-09-11T16:10:27.280752+00:00,326.600296,boot_safe,0.000000,0.00000,0.000000,0.00000,LOW,false,false,true,false,
3267,2026-09-11T16:10:27.381041+00:00,326.700316,boot_safe,0.000000,0.00000,0.000000,0.00000,LOW,false,false,true,false,
3268,2026-09-11T16:10:27.480733+00:00,326.800287,boot_safe,0.000000,0.00000,0.000000,0.00000,LOW,false,false,true,false,
3269,2026-09-11T16:10:27.581044+00:00,326.900315,boot_safe,0.000000,0.00000,0.000000,0.00000,LOW,false,false,true,false,
3270,2026-09-11T16:10:27.680738+00:00,327.000287,boot_safe,0.000000,0.00000,0.000000,0.00000,LOW,false,false,true,false,
3271,2026-09-11T16:10:27.781048+00:00,327.100317,boot_safe,0.000000,0.00000,0.000000,0.00000,LOW,false,false,true,false,
3272,2026-09-11T16:10:27.880725+00:00,327.200282,boot_safe,0.000000,0.00000,0.000000,0.00000,LOW,false,false,true,false,
3273,2026-09-11T16:10:27.981054+00:00,327.300316,boot_safe,0.000000,0.00000,0.000000,0.00000,LOW,false,false,true,false,
3274,2026-09-11T16:10:28.080727+00:00,327.400285,boot_safe,0.000000,0.00000,0.000000,0.00000,LOW,false,false,true,false,
3275,2026-09-11T16:10:28.181046+00:00,327.500314,boot_safe,0.000000,0.00000,0.000000,0.00000,LOW,false,false,true,false,
3276,2026-09-11T16:10:28.280753+00:00,327.600294,boot_safe,0.000000,0.00000,0.000000,0.00000,LOW,false,false,true,false,
3277,2026-09-11T16:10:28.381042+00:00,327.700311,boot_safe,0.000000,0.00000,0.000000,0.00000,LOW,false,false,true,false,
3278,2026-09-11T16:10:28.480738+00:00,327.800290,boot_safe,0.000000,0.00000,0.000000,0.00000,LOW,false,false,true,false,
3279,2026-09-11T16:10:28.581051+00:00,327.900314,boot_safe,0.000000,0.00000,0.000000,0.00000,LOW,false,false,true,false,
3280,2026-09-11T16:10:28.680743+00:00,328.000291,boot_safe,0.000000,0.00000,0.000000,0.00000,LOW,false,false,true,false,
3281,2026-09-11T16:10:28.781053+00:00,328.100316,boot_safe,0.000000,0.00000,0.000000,0.00000,LOW,false,false,true,false,
3282,2026-09-11T16:10:28.880734+00:00,328.200284,boot_safe,0.000000,0.00000,0.000000,0.00000,LOW,false,false,true,false,
3283,2026-09-11T16:10:28.981029+00:00,328.300309,boot_safe,0.000000,0.00000,0.000000,0.00000,LOW,false,false,true,false,
3284,2026-09-11T16:10:29.081254+00:00,328.400440,boot_safe,0.000000,0.00000,0.000000,0.00000,LOW,false,false,true,false,
3285,2026-09-11T16:10:29.180747+00:00,328.500300,boot_safe,0.000000,0.00000,0.000000,0.00000,LOW,false,false,true,false,
3286,2026-09-11T16:10:29.281064+00:00,328.600324,boot_safe,0.000000,0.00000,0.000000,0.00000,LOW,false,false,true,false,
3287,2026-09-11T16:10:29.380810+00:00,328.700327,boot_safe,0.000000,0.00000,0.000000,0.00000,LOW,false,false,true,false,
3288,2026-09-11T16:10:29.481101+00:00,328.800346,boot_safe,0.000000,0.00000,0.000000,0.00000,LOW,false,false,true,false,
3289,2026-09-11T16:10:29.580735+00:00,328.900292,boot_safe,0.000000,0.00000,0.000000,0.00000,LOW,false,false,true,false,
3290,2026-09-11T16:10:29.681280+00:00,329.000309,boot_safe,0.000000,0.00000,0.000000,0.00000,LOW,false,false,true,false,
3291,2026-09-11T16:10:29.780836+00:00,329.100339,boot_safe,0.000000,0.00000,0.000000,0.00000,LOW,false,false,true,false,
3292,2026-09-11T16:10:29.881050+00:00,329.200323,boot_safe,0.000000,0.00000,0.000000,0.00000,LOW,false,false,true,false,
3293,2026-09-11T16:10:29.980753+00:00,329.300294,boot_safe,0.000000,0.00000,0.000000,0.00000,LOW,false,false,true,false,
3294,2026-09-11T16:10:30.081057+00:00,329.400318,boot_safe,0.000000,0.00000,0.000000,0.00000,LOW,false,false,true,false,
3295,2026-09-11T16:10:30.180735+00:00,329.500287,boot_safe,0.000000,0.00000,0.000000,0.00000,LOW,false,false,true,false,
3296,2026-09-11T16:10:30.281054+00:00,329.600318,boot_safe,0.000000,0.00000,0.000000,0.00000,LOW,false,false,true,false,
3297,2026-09-11T16:10:30.380743+00:00,329.700291,boot_safe,0.000000,0.00000,0.000000,0.00000,LOW,false,false,true,false,
3298,2026-09-11T16:10:30.481033+00:00,329.800308,boot_safe,0.000000,0.00000,0.000000,0.00000,LOW,false,false,true,false,
3299,2026-09-11T16:10:30.580723+00:00,329.900284,boot_safe,0.000000,0.00000,0.000000,0.00000,LOW,false,false,true,false,
3300,2026-09-11T16:10:30.681066+00:00,330.000308,boot_safe,0.000000,0.00000,0.000000,0.00000,LOW,false,false,true,false,
3301,2026-09-11T16:10:30.780754+00:00,330.100302,boot_safe,0.000000,0.00000,0.000000,0.00000,LOW,false,false,true,false,
3302,2026-09-11T16:10:30.881047+00:00,330.200319,boot_safe,0.000000,0.00000,0.000000,0.00000,LOW,false,false,true,false,
3303,2026-09-11T16:10:30.980730+00:00,330.300281,boot_safe,0.000000,0.00000,0.000000,0.00000,LOW,false,false,true,false,
3304,2026-09-11T16:10:31.081046+00:00,330.400313,boot_safe,0.000000,0.00000,0.000000,0.00000,LOW,false,false,true,false,
3305,2026-09-11T16:10:31.180725+00:00,330.500280,boot_safe,0.000000,0.00000,0.000000,0.00000,LOW,false,false,true,false,
3306,2026-09-11T16:10:31.281051+00:00,330.600320,boot_safe,0.000000,0.00000,0.000000,0.00000,LOW,false,false,true,false,
3307,2026-09-11T16:10:31.380736+00:00,330.700294,boot_safe,0.000000,0.00000,0.000000,0.00000,LOW,false,false,true,false,
3308,2026-09-11T16:10:31.481045+00:00,330.800314,boot_safe,0.000000,0.00000,0.000000,0.00000,LOW,false,false,true,false,
3309,2026-09-11T16:10:31.580730+00:00,330.900287,boot_safe,0.000000,0.00000,0.000000,0.00000,LOW,false,false,true,false,
3310,2026-09-11T16:10:31.681043+00:00,331.000317,boot_safe,0.000000,0.00000,0.000000,0.00000,LOW,false,false,true,false,
3311,2026-09-11T16:10:31.780727+00:00,331.100286,boot_safe,0.000000,0.00000,0.000000,0.00000,LOW,false,false,true,false,
3312,2026-09-11T16:10:31.881034+00:00,331.200314,boot_safe,0.000000,0.00000,0.000000,0.00000,LOW,false,false,true,false,
3313,2026-09-11T16:10:31.980732+00:00,331.300286,boot_safe,0.000000,0.00000,0.000000,0.00000,LOW,false,false,true,false,
3314,2026-09-11T16:10:32.081041+00:00,331.400312,boot_safe,0.000000,0.00000,0.000000,0.00000,LOW,false,false,true,false,
3315,2026-09-11T16:10:32.180852+00:00,331.500348,boot_safe,0.000000,0.00000,0.000000,0.00000,LOW,false,false,true,false,
3316,2026-09-11T16:10:32.281044+00:00,331.600321,boot_safe,0.000000,0.00000,0.000000,0.00000,LOW,false,false,true,false,
3317,2026-09-11T16:10:32.380762+00:00,331.700298,boot_safe,0.000000,0.00000,-0.002000,-0.01212,LOW,false,false,true,false,
3318,2026-09-11T16:10:32.481057+00:00,331.800313,boot_safe,0.000000,0.00000,0.000000,0.00000,LOW,false,false,true,false,
3319,2026-09-11T16:10:32.581096+00:00,331.900333,boot_safe,0.000000,0.00000,0.000000,0.00000,LOW,false,false,true,false,
3320,2026-09-11T16:10:32.680879+00:00,332.000364,boot_safe,0.000000,0.00000,0.000000,0.00000,LOW,false,false,true,false,
3321,2026-09-11T16:10:32.781057+00:00,332.100324,boot_safe,0.000000,0.00000,0.000000,0.00000,LOW,false,false,true,false,
3322,2026-09-11T16:10:32.880750+00:00,332.200295,boot_safe,0.000000,0.00000,0.000000,0.00000,LOW,false,false,true,false,
3323,2026-09-11T16:10:32.981047+00:00,332.300314,boot_safe,0.000000,0.00000,0.000000,0.00000,LOW,false,false,true,false,
3324,2026-09-11T16:10:33.080733+00:00,332.400286,boot_safe,0.000000,0.00000,0.000000,0.00000,LOW,false,false,true,false,
3325,2026-09-11T16:10:33.181088+00:00,332.500333,boot_safe,0.000000,0.00000,0.000000,0.00000,LOW,false,false,true,false,
3326,2026-09-11T16:10:33.280736+00:00,332.600290,boot_safe,0.000000,0.00000,0.000000,0.00000,LOW,false,false,true,false,
3327,2026-09-11T16:10:33.381060+00:00,332.700320,boot_safe,0.000000,0.00000,0.000000,0.00000,LOW,false,false,true,false,
3328,2026-09-11T16:10:33.480730+00:00,332.800285,boot_safe,0.000000,0.00000,0.000000,0.00000,LOW,false,false,true,false,
3329,2026-09-11T16:10:33.581049+00:00,332.900315,boot_safe,0.000000,0.00000,0.000000,0.00000,LOW,false,false,true,false,
3330,2026-09-11T16:10:33.680773+00:00,333.000304,boot_safe,0.000000,0.00000,0.000000,0.00000,LOW,false,false,true,false,
3331,2026-09-11T16:10:33.781037+00:00,333.100316,boot_safe,0.000000,0.00000,0.000000,0.00000,LOW,false,false,true,false,
3332,2026-09-11T16:10:33.880736+00:00,333.200291,boot_safe,0.000000,0.00000,0.000000,0.00000,LOW,false,false,true,false,
3333,2026-09-11T16:10:33.981033+00:00,333.300311,boot_safe,0.000000,0.00000,0.000000,0.00000,LOW,false,false,true,false,
3334,2026-09-11T16:10:34.080730+00:00,333.400284,boot_safe,0.000000,0.00000,0.000000,0.00000,LOW,false,false,true,false,
3335,2026-09-11T16:10:34.181043+00:00,333.500314,boot_safe,0.000000,0.00000,0.000000,0.00000,LOW,false,false,true,false,
3336,2026-09-11T16:10:34.280774+00:00,333.600305,boot_safe,0.000000,0.00000,0.000000,0.00000,LOW,false,false,true,false,
3337,2026-09-11T16:10:34.381015+00:00,333.700280,boot_safe,0.000000,0.00000,0.000000,0.00000,LOW,false,false,true,false,
3338,2026-09-11T16:10:34.480821+00:00,333.800318,boot_safe,0.000000,0.00000,0.000000,0.00000,LOW,false,false,true,false,
3339,2026-09-11T16:10:34.581028+00:00,333.900362,boot_safe,0.000000,0.00000,0.000000,0.00000,LOW,false,false,true,false,
3340,2026-09-11T16:10:34.680942+00:00,334.000405,boot_safe,0.000000,0.00000,0.000000,0.00000,LOW,false,false,true,false,
3341,2026-09-11T16:10:34.780956+00:00,334.100292,boot_safe,0.000000,0.00000,0.000000,0.00000,LOW,false,false,true,false,
3342,2026-09-11T16:10:34.880814+00:00,334.200315,boot_safe,0.000000,0.00000,0.000000,0.00000,LOW,false,false,true,false,
3343,2026-09-11T16:10:34.980933+00:00,334.300283,boot_safe,0.000000,0.00000,0.000000,0.00000,LOW,false,false,true,false,
3344,2026-09-11T16:10:35.081038+00:00,334.400415,boot_safe,0.000000,0.00000,0.000000,0.00000,LOW,false,false,true,false,
3345,2026-09-11T16:10:35.181017+00:00,334.500313,boot_safe,0.000000,0.00000,0.000000,0.00000,LOW,false,false,true,false,
3346,2026-09-11T16:10:35.280831+00:00,334.600324,boot_safe,0.000000,0.00000,0.000000,0.00000,LOW,false,false,true,false,
3347,2026-09-11T16:10:35.381039+00:00,334.700313,boot_safe,0.000000,0.00000,0.000000,0.00000,LOW,false,false,true,false,
3348,2026-09-11T16:10:35.481118+00:00,334.800355,boot_safe,0.000000,0.00000,0.000000,0.00000,LOW,false,false,true,false,
3349,2026-09-11T16:10:35.580828+00:00,334.900317,boot_safe,0.000000,0.00000,0.000000,0.00000,LOW,false,false,true,false,
3350,2026-09-11T16:10:35.681125+00:00,335.000280,boot_safe,0.000000,0.00000,0.000000,0.00000,LOW,false,false,true,false,
3351,2026-09-11T16:10:35.780928+00:00,335.100360,boot_safe,0.000000,0.00000,0.000000,0.00000,LOW,false,false,true,false,
3352,2026-09-11T16:10:35.880956+00:00,335.200293,boot_safe,0.000000,0.00000,0.000000,0.00000,LOW,false,false,true,false,
3353,2026-09-11T16:10:35.980815+00:00,335.300312,boot_safe,0.000000,0.00000,0.000000,0.00000,LOW,false,false,true,false,
3354,2026-09-11T16:10:36.080937+00:00,335.400283,boot_safe,0.000000,0.00000,0.000000,0.00000,LOW,false,false,true,false,
3355,2026-09-11T16:10:36.180950+00:00,335.500358,boot_safe,0.000000,0.00000,0.000000,0.00000,LOW,false,false,true,false,
3356,2026-09-11T16:10:36.280956+00:00,335.600293,boot_safe,0.000000,0.00000,0.000000,0.00000,LOW,false,false,true,false,
3357,2026-09-11T16:10:36.380809+00:00,335.700311,boot_safe,0.000000,0.00000,0.000000,0.00000,LOW,false,false,true,false,
3358,2026-09-11T16:10:36.480951+00:00,335.800285,boot_safe,0.000000,0.00000,0.000000,0.00000,LOW,false,false,true,false,
3359,2026-09-11T16:10:36.580810+00:00,335.900313,boot_safe,0.000000,0.00000,0.000000,0.00000,LOW,false,false,true,false,
3360,2026-09-11T16:10:36.680923+00:00,336.000278,boot_safe,0.000000,0.00000,0.000000,0.00000,LOW,false,false,true,false,
3361,2026-09-11T16:10:36.780808+00:00,336.100309,boot_safe,-0.002000,-0.00606,0.000000,0.00000,LOW,false,false,true,false,
3362,2026-09-11T16:10:36.881176+00:00,336.200417,boot_safe,0.000000,0.00000,0.000000,0.00000,LOW,false,false,true,false,
3363,2026-09-11T16:10:36.980951+00:00,336.300325,boot_safe,0.000000,0.00000,0.000000,0.00000,LOW,false,false,true,false,
3364,2026-09-11T16:10:37.080941+00:00,336.400393,boot_safe,0.000000,0.00000,0.000000,0.00000,LOW,false,false,true,false,
3365,2026-09-11T16:10:37.180861+00:00,336.500311,boot_safe,0.000000,0.00000,0.000000,0.00000,LOW,false,false,true,false,
3366,2026-09-11T16:10:37.281190+00:00,336.600392,boot_safe,0.000000,0.00000,0.000000,0.00000,LOW,false,false,true,false,
3367,2026-09-11T16:10:37.381256+00:00,336.700404,boot_safe,0.000000,0.00000,0.000000,0.00000,LOW,false,false,true,false,
3368,2026-09-11T16:10:37.480987+00:00,336.800335,boot_safe,0.000000,0.00000,0.000000,0.00000,LOW,false,false,true,false,
3369,2026-09-11T16:10:37.581017+00:00,336.900386,boot_safe,0.000000,0.00000,0.000000,0.00000,LOW,false,false,true,false,
3370,2026-09-11T16:10:37.681142+00:00,337.000351,boot_safe,0.000000,0.00000,0.000000,0.00000,LOW,false,false,true,false,
3371,2026-09-11T16:10:37.780952+00:00,337.100317,boot_safe,0.000000,0.00000,0.000000,0.00000,LOW,false,false,true,false,
3372,2026-09-11T16:10:37.880872+00:00,337.200281,boot_safe,0.000000,0.00000,0.000000,0.00000,LOW,false,false,true,false,
3373,2026-09-11T16:10:37.981200+00:00,337.300399,boot_safe,0.000000,0.00000,0.000000,0.00000,LOW,false,false,true,false,
3374,2026-09-11T16:10:38.081122+00:00,337.400349,boot_safe,0.000000,0.00000,0.000000,0.00000,LOW,false,false,true,false,
3375,2026-09-11T16:10:38.181166+00:00,337.500428,boot_safe,0.000000,0.00000,0.000000,0.00000,LOW,false,false,true,false,
3376,2026-09-11T16:10:38.280873+00:00,337.600322,boot_safe,0.000000,0.00000,0.000000,0.00000,LOW,false,false,true,false,
3377,2026-09-11T16:10:38.381158+00:00,337.700425,boot_safe,0.000000,0.00000,0.000000,0.00000,LOW,false,false,true,false,
3378,2026-09-11T16:10:38.480869+00:00,337.800311,boot_safe,0.000000,0.00000,0.000000,0.00000,LOW,false,false,true,false,
3379,2026-09-11T16:10:38.580985+00:00,337.900330,boot_safe,0.000000,0.00000,0.000000,0.00000,LOW,false,false,true,false,
3380,2026-09-11T16:10:38.681031+00:00,338.000383,boot_safe,0.000000,0.00000,0.000000,0.00000,LOW,false,false,true,false,
3381,2026-09-11T16:10:38.781000+00:00,338.100345,boot_safe,0.000000,0.00000,0.000000,0.00000,LOW,false,false,true,false,
3382,2026-09-11T16:10:38.880867+00:00,338.200310,boot_safe,0.000000,0.00000,0.000000,0.00000,LOW,false,false,true,false,
3383,2026-09-11T16:10:38.980980+00:00,338.300324,boot_safe,0.000000,0.00000,0.000000,0.00000,LOW,false,false,true,false,
3384,2026-09-11T16:10:39.080809+00:00,338.400285,boot_safe,0.000000,0.00000,0.000000,0.00000,LOW,false,false,true,false,
3385,2026-09-11T16:10:39.180959+00:00,338.500311,boot_safe,0.000000,0.00000,0.000000,0.00000,LOW,false,false,true,false,
3386,2026-09-11T16:10:39.280884+00:00,338.600320,boot_safe,0.000000,0.00000,0.000000,0.00000,LOW,false,false,true,false,
3387,2026-09-11T16:10:39.381124+00:00,338.700397,boot_safe,0.000000,0.00000,0.000000,0.00000,LOW,false,false,true,false,
3388,2026-09-11T16:10:39.480827+00:00,338.800307,boot_safe,0.000000,0.00000,0.000000,0.00000,LOW,false,false,true,false,
3389,2026-09-11T16:10:39.580990+00:00,338.900328,boot_safe,0.000000,0.00000,0.000000,0.00000,LOW,false,false,true,false,
3390,2026-09-11T16:10:39.680818+00:00,339.000286,boot_safe,0.000000,0.00000,0.000000,0.00000,LOW,false,false,true,false,
3391,2026-09-11T16:10:39.781069+00:00,339.100328,boot_safe,0.000000,0.00000,0.000000,0.00000,LOW,false,false,true,false,
3392,2026-09-11T16:10:39.881071+00:00,339.200330,boot_safe,0.000000,0.00000,0.000000,0.00000,LOW,false,false,true,false,
3393,2026-09-11T16:10:39.980989+00:00,339.300314,boot_safe,0.000000,0.00000,0.000000,0.00000,LOW,false,false,true,false,
3394,2026-09-11T16:10:40.080747+00:00,339.400283,boot_safe,0.000000,0.00000,0.000000,0.00000,LOW,false,false,true,false,
3395,2026-09-11T16:10:40.181136+00:00,339.500311,boot_safe,0.000000,0.00000,0.000000,0.00000,LOW,false,false,true,false,
3396,2026-09-11T16:10:40.280872+00:00,339.600328,boot_safe,0.000000,0.00000,0.000000,0.00000,LOW,false,false,true,false,
3397,2026-09-11T16:10:40.381124+00:00,339.700323,boot_safe,0.000000,0.00000,0.000000,0.00000,LOW,false,false,true,false,
3398,2026-09-11T16:10:40.480736+00:00,339.800296,boot_safe,0.000000,0.00000,0.000000,0.00000,LOW,false,false,true,false,
3399,2026-09-11T16:10:40.581141+00:00,339.900323,boot_safe,0.000000,0.00000,0.000000,0.00000,LOW,false,false,true,false,
3400,2026-09-11T16:10:40.680740+00:00,340.000286,boot_safe,0.000000,0.00000,0.000000,0.00000,LOW,false,false,true,false,
3401,2026-09-11T16:10:40.781060+00:00,340.100324,boot_safe,0.000000,0.00000,0.000000,0.00000,LOW,false,false,true,false,
3402,2026-09-11T16:10:40.880738+00:00,340.200290,boot_safe,0.000000,0.00000,0.000000,0.00000,LOW,false,false,true,false,
3403,2026-09-11T16:10:40.981055+00:00,340.300309,boot_safe,0.000000,0.00000,0.000000,0.00000,LOW,false,false,true,false,
3404,2026-09-11T16:10:41.080943+00:00,340.400393,boot_safe,0.000000,0.00000,0.000000,0.00000,LOW,false,false,true,false,
3405,2026-09-11T16:10:41.181299+00:00,340.500415,boot_safe,0.000000,0.00000,0.000000,0.00000,LOW,false,false,true,false,
3406,2026-09-11T16:10:41.280832+00:00,340.600351,boot_safe,0.000000,0.00000,0.000000,0.00000,LOW,false,false,true,false,
3407,2026-09-11T16:10:41.381073+00:00,340.700336,boot_safe,0.000000,0.00000,0.000000,0.00000,LOW,false,false,true,false,
3408,2026-09-11T16:10:41.480952+00:00,340.800402,boot_safe,0.000000,0.00000,0.000000,0.00000,LOW,false,false,true,false,
3409,2026-09-11T16:10:41.581084+00:00,340.900342,boot_safe,0.000000,0.00000,0.000000,0.00000,LOW,false,false,true,false,
3410,2026-09-11T16:10:41.680973+00:00,341.000290,boot_safe,0.000000,0.00000,0.000000,0.00000,LOW,false,false,true,false,
3411,2026-09-11T16:10:41.781136+00:00,341.100367,boot_safe,0.000000,0.00000,0.000000,0.00000,LOW,false,false,true,false,
3412,2026-09-11T16:10:41.881073+00:00,341.200339,boot_safe,0.000000,0.00000,0.000000,0.00000,LOW,false,false,true,false,
3413,2026-09-11T16:10:41.980785+00:00,341.300319,boot_safe,0.000000,0.00000,0.000000,0.00000,LOW,false,false,true,false,
3414,2026-09-11T16:10:42.081059+00:00,341.400324,boot_safe,0.000000,0.00000,0.000000,0.00000,LOW,false,false,true,false,
3415,2026-09-11T16:10:42.180729+00:00,341.500291,boot_safe,0.000000,0.00000,0.000000,0.00000,LOW,false,false,true,false,
3416,2026-09-11T16:10:42.281044+00:00,341.600311,boot_safe,0.000000,0.00000,0.000000,0.00000,LOW,false,false,true,false,
3417,2026-09-11T16:10:42.380870+00:00,341.700360,boot_safe,0.000000,0.00000,0.000000,0.00000,LOW,false,false,true,false,
3418,2026-09-11T16:10:42.481051+00:00,341.800329,boot_safe,0.000000,0.00000,0.000000,0.00000,LOW,false,false,true,false,
3419,2026-09-11T16:10:42.580769+00:00,341.900304,boot_safe,0.000000,0.00000,0.000000,0.00000,LOW,false,false,true,false,
3420,2026-09-11T16:10:42.681048+00:00,342.000323,boot_safe,0.000000,0.00000,0.000000,0.00000,LOW,false,false,true,false,
3421,2026-09-11T16:10:42.780788+00:00,342.100316,boot_safe,0.000000,0.00000,0.000000,0.00000,LOW,false,false,true,false,
3422,2026-09-11T16:10:42.881042+00:00,342.200321,boot_safe,0.000000,0.00000,0.000000,0.00000,LOW,false,false,true,false,
3423,2026-09-11T16:10:42.980723+00:00,342.300284,boot_safe,0.000000,0.00000,0.000000,0.00000,LOW,false,false,true,false,
3424,2026-09-11T16:10:43.081049+00:00,342.400319,boot_safe,0.000000,0.00000,0.000000,0.00000,LOW,false,false,true,false,
3425,2026-09-11T16:10:43.180713+00:00,342.500283,boot_safe,0.000000,0.00000,0.000000,0.00000,LOW,false,false,true,false,
3426,2026-09-11T16:10:43.281056+00:00,342.600312,boot_safe,0.000000,0.00000,0.000000,0.00000,LOW,false,false,true,false,
3427,2026-09-11T16:10:43.380738+00:00,342.700286,boot_safe,0.000000,0.00000,0.000000,0.00000,LOW,false,false,true,false,
3428,2026-09-11T16:10:43.481045+00:00,342.800313,boot_safe,0.000000,0.00000,0.000000,0.00000,LOW,false,false,true,false,
3429,2026-09-11T16:10:43.580734+00:00,342.900285,boot_safe,0.000000,0.00000,0.000000,0.00000,LOW,false,false,true,false,
3430,2026-09-11T16:10:43.681134+00:00,343.000362,boot_safe,0.000000,0.00000,0.000000,0.00000,LOW,false,false,true,false,
3431,2026-09-11T16:10:43.781059+00:00,343.100325,boot_safe,0.000000,0.00000,0.000000,0.00000,LOW,false,false,true,false,
3432,2026-09-11T16:10:43.880736+00:00,343.200288,boot_safe,0.000000,0.00000,0.000000,0.00000,LOW,false,false,true,false,
3433,2026-09-11T16:10:43.981039+00:00,343.300313,boot_safe,0.000000,0.00000,0.000000,0.00000,LOW,false,false,true,false,
3434,2026-09-11T16:10:44.080727+00:00,343.400283,boot_safe,0.000000,0.00000,0.000000,0.00000,LOW,false,false,true,false,
3435,2026-09-11T16:10:44.181046+00:00,343.500314,boot_safe,0.000000,0.00000,0.000000,0.00000,LOW,false,false,true,false,
3436,2026-09-11T16:10:44.280871+00:00,343.600285,boot_safe,0.000000,0.00000,0.000000,0.00000,LOW,false,false,true,false,
3437,2026-09-11T16:10:44.381103+00:00,343.700358,boot_safe,0.000000,0.00000,0.000000,0.00000,LOW,false,false,true,false,
3438,2026-09-11T16:10:44.480742+00:00,343.800297,boot_safe,0.000000,0.00000,0.000000,0.00000,LOW,false,false,true,false,
3439,2026-09-11T16:10:44.581033+00:00,343.900310,boot_safe,0.000000,0.00000,0.000000,0.00000,LOW,false,false,true,false,
3440,2026-09-11T16:10:44.680754+00:00,344.000292,boot_safe,0.000000,0.00000,0.000000,0.00000,LOW,false,false,true,false,
3441,2026-09-11T16:10:44.781258+00:00,344.100412,boot_safe,0.000000,0.00000,0.000000,0.00000,LOW,false,false,true,false,
3442,2026-09-11T16:10:44.881064+00:00,344.200334,boot_safe,0.000000,0.00000,0.000000,0.00000,LOW,false,false,true,false,
3443,2026-09-11T16:10:44.980742+00:00,344.300291,boot_safe,0.000000,0.00000,0.000000,0.00000,LOW,false,false,true,false,
3444,2026-09-11T16:10:45.081041+00:00,344.400310,boot_safe,0.000000,0.00000,0.000000,0.00000,LOW,false,false,true,false,
3445,2026-09-11T16:10:45.180734+00:00,344.500288,boot_safe,0.000000,0.00000,0.000000,0.00000,LOW,false,false,true,false,
3446,2026-09-11T16:10:45.281107+00:00,344.600333,boot_safe,0.000000,0.00000,0.000000,0.00000,LOW,false,false,true,false,
3447,2026-09-11T16:10:45.380765+00:00,344.700307,boot_safe,0.000000,0.00000,0.000000,0.00000,LOW,false,false,true,false,
3448,2026-09-11T16:10:45.481055+00:00,344.800321,boot_safe,0.000000,0.00000,0.000000,0.00000,LOW,false,false,true,false,
3449,2026-09-11T16:10:45.580732+00:00,344.900289,boot_safe,0.000000,0.00000,0.000000,0.00000,LOW,false,false,true,false,
3450,2026-09-11T16:10:45.681050+00:00,345.000319,boot_safe,0.000000,0.00000,0.000000,0.00000,LOW,false,false,true,false,
3451,2026-09-11T16:10:45.780797+00:00,345.100316,boot_safe,0.000000,0.00000,0.000000,0.00000,LOW,false,false,true,false,
3452,2026-09-11T16:10:45.881042+00:00,345.200320,boot_safe,0.000000,0.00000,0.000000,0.00000,LOW,false,false,true,false,
3453,2026-09-11T16:10:45.980722+00:00,345.300284,boot_safe,0.000000,0.00000,0.000000,0.00000,LOW,false,false,true,false,
3454,2026-09-11T16:10:46.081066+00:00,345.400321,boot_safe,0.000000,0.00000,0.000000,0.00000,LOW,false,false,true,false,
3455,2026-09-11T16:10:46.180733+00:00,345.500289,boot_safe,0.000000,0.00000,0.000000,0.00000,LOW,false,false,true,false,
3456,2026-09-11T16:10:46.281041+00:00,345.600313,boot_safe,0.000000,0.00000,0.000000,0.00000,LOW,false,false,true,false,
3457,2026-09-11T16:10:46.380730+00:00,345.700285,boot_safe,0.000000,0.00000,0.000000,0.00000,LOW,false,false,true,false,
3458,2026-09-11T16:10:46.481052+00:00,345.800320,boot_safe,0.000000,0.00000,0.000000,0.00000,LOW,false,false,true,false,
3459,2026-09-11T16:10:46.580730+00:00,345.900284,boot_safe,0.000000,0.00000,0.000000,0.00000,LOW,false,false,true,false,
3460,2026-09-11T16:10:46.681056+00:00,346.000314,boot_safe,0.000000,0.00000,0.000000,0.00000,LOW,false,false,true,false,
3461,2026-09-11T16:10:46.780751+00:00,346.100302,boot_safe,0.000000,0.00000,0.000000,0.00000,LOW,false,false,true,false,
3462,2026-09-11T16:10:46.881043+00:00,346.200316,boot_safe,0.000000,0.00000,0.000000,0.00000,LOW,false,false,true,false,
3463,2026-09-11T16:10:46.980816+00:00,346.300282,boot_safe,0.000000,0.00000,0.000000,0.00000,LOW,false,false,true,false,
3464,2026-09-11T16:10:47.080833+00:00,346.400344,boot_safe,0.000000,0.00000,0.000000,0.00000,LOW,false,false,true,false,
3465,2026-09-11T16:10:47.181120+00:00,346.500357,boot_safe,0.000000,0.00000,0.000000,0.00000,LOW,false,false,true,false,
3466,2026-09-11T16:10:47.280735+00:00,346.600299,boot_safe,0.000000,0.00000,0.000000,0.00000,LOW,false,false,true,false,
3467,2026-09-11T16:10:47.381057+00:00,346.700324,boot_safe,0.000000,0.00000,0.000000,0.00000,LOW,false,false,true,false,
3468,2026-09-11T16:10:47.480899+00:00,346.800376,boot_safe,0.000000,0.00000,0.000000,0.00000,LOW,false,false,true,false,
3469,2026-09-11T16:10:47.581051+00:00,346.900326,boot_safe,0.000000,0.00000,0.000000,0.00000,LOW,false,false,true,false,
3470,2026-09-11T16:10:47.680923+00:00,347.000287,boot_safe,0.000000,0.00000,0.000000,0.00000,LOW,false,false,true,false,
3471,2026-09-11T16:10:47.781148+00:00,347.100373,boot_safe,0.000000,0.00000,0.000000,0.00000,LOW,false,false,true,false,
3472,2026-09-11T16:10:47.880736+00:00,347.200297,boot_safe,0.000000,0.00000,0.000000,0.00000,LOW,false,false,true,false,
3473,2026-09-11T16:10:47.981036+00:00,347.300313,boot_safe,0.000000,0.00000,0.000000,0.00000,LOW,false,false,true,false,
3474,2026-09-11T16:10:48.080741+00:00,347.400291,boot_safe,0.000000,0.00000,0.000000,0.00000,LOW,false,false,true,false,
3475,2026-09-11T16:10:48.181037+00:00,347.500311,boot_safe,0.000000,0.00000,0.000000,0.00000,LOW,false,false,true,false,
3476,2026-09-11T16:10:48.280735+00:00,347.600288,boot_safe,0.000000,0.00000,0.000000,0.00000,LOW,false,false,true,false,
3477,2026-09-11T16:10:48.381041+00:00,347.700317,boot_safe,0.000000,0.00000,0.000000,0.00000,LOW,false,false,true,false,
3478,2026-09-11T16:10:48.480724+00:00,347.800286,boot_safe,0.000000,0.00000,0.000000,0.00000,LOW,false,false,true,false,
3479,2026-09-11T16:10:48.581031+00:00,347.900308,boot_safe,0.000000,0.00000,0.000000,0.00000,LOW,false,false,true,false,
3480,2026-09-11T16:10:48.680732+00:00,348.000285,boot_safe,0.000000,0.00000,0.000000,0.00000,LOW,false,false,true,false,
3481,2026-09-11T16:10:48.781071+00:00,348.100326,boot_safe,0.000000,0.00000,0.000000,0.00000,LOW,false,false,true,false,
3482,2026-09-11T16:10:48.880733+00:00,348.200288,boot_safe,0.000000,0.00000,0.000000,0.00000,LOW,false,false,true,false,
3483,2026-09-11T16:10:48.981043+00:00,348.300314,boot_safe,0.000000,0.00000,0.000000,0.00000,LOW,false,false,true,false,
3484,2026-09-11T16:10:49.080732+00:00,348.400284,boot_safe,0.000000,0.00000,0.000000,0.00000,LOW,false,false,true,false,
3485,2026-09-11T16:10:49.181044+00:00,348.500311,boot_safe,0.000000,0.00000,0.000000,0.00000,LOW,false,false,true,false,
3486,2026-09-11T16:10:49.280735+00:00,348.600291,boot_safe,0.000000,0.00000,0.000000,0.00000,LOW,false,false,true,false,
3487,2026-09-11T16:10:49.381050+00:00,348.700317,boot_safe,0.000000,0.00000,0.000000,0.00000,LOW,false,false,true,false,
3488,2026-09-11T16:10:49.480734+00:00,348.800287,boot_safe,0.000000,0.00000,0.000000,0.00000,LOW,false,false,true,false,
3489,2026-09-11T16:10:49.581049+00:00,348.900314,boot_safe,0.000000,0.00000,0.000000,0.00000,LOW,false,false,true,false,
3490,2026-09-11T16:10:49.680728+00:00,349.000280,boot_safe,0.000000,0.00000,0.000000,0.00000,LOW,false,false,true,false,
3491,2026-09-11T16:10:49.781051+00:00,349.100319,boot_safe,0.000000,0.00000,0.000000,0.00000,LOW,false,false,true,false,
3492,2026-09-11T16:10:49.880733+00:00,349.200283,boot_safe,0.000000,0.00000,0.000000,0.00000,LOW,false,false,true,false,
3493,2026-09-11T16:10:49.981041+00:00,349.300311,boot_safe,0.000000,0.00000,0.000000,0.00000,LOW,false,false,true,false,
3494,2026-09-11T16:10:50.080725+00:00,349.400282,boot_safe,0.000000,0.00000,0.000000,0.00000,LOW,false,false,true,false,
3495,2026-09-11T16:10:50.181042+00:00,349.500311,boot_safe,0.000000,0.00000,0.000000,0.00000,LOW,false,false,true,false,
3496,2026-09-11T16:10:50.280733+00:00,349.600289,boot_safe,0.000000,0.00000,0.000000,0.00000,LOW,false,false,true,false,
3497,2026-09-11T16:10:50.381032+00:00,349.700309,boot_safe,0.000000,0.00000,0.000000,0.00000,LOW,false,false,true,false,
3498,2026-09-11T16:10:50.480732+00:00,349.800285,boot_safe,0.000000,0.00000,0.000000,0.00000,LOW,false,false,true,false,
3499,2026-09-11T16:10:50.581044+00:00,349.900315,boot_safe,0.000000,0.00000,0.000000,0.00000,LOW,false,false,true,false,
3500,2026-09-11T16:10:50.680746+00:00,350.000287,boot_safe,0.000000,0.00000,0.000000,0.00000,LOW,false,false,true,false,
3501,2026-09-11T16:10:50.781072+00:00,350.100333,boot_safe,0.000000,0.00000,0.000000,0.00000,LOW,false,false,true,false,
3502,2026-09-11T16:10:50.880734+00:00,350.200290,boot_safe,0.000000,0.00000,0.000000,0.00000,LOW,false,false,true,false,
3503,2026-09-11T16:10:50.981051+00:00,350.300314,boot_safe,0.000000,0.00000,0.000000,0.00000,LOW,false,false,true,false,
3504,2026-09-11T16:10:51.080721+00:00,350.400281,boot_safe,0.000000,0.00000,0.000000,0.00000,LOW,false,false,true,false,
3505,2026-09-11T16:10:51.181047+00:00,350.500314,boot_safe,0.000000,0.00000,0.000000,0.00000,LOW,false,false,true,false,
3506,2026-09-11T16:10:51.280733+00:00,350.600280,boot_safe,0.000000,0.00000,0.000000,0.00000,LOW,false,false,true,false,
3507,2026-09-11T16:10:51.381042+00:00,350.700317,boot_safe,0.000000,0.00000,0.000000,0.00000,LOW,false,false,true,false,
3508,2026-09-11T16:10:51.480741+00:00,350.800290,boot_safe,0.000000,0.00000,0.000000,0.00000,LOW,false,false,true,false,
3509,2026-09-11T16:10:51.581040+00:00,350.900314,boot_safe,0.000000,0.00000,0.000000,0.00000,LOW,false,false,true,false,
3510,2026-09-11T16:10:51.680744+00:00,351.000292,boot_safe,0.000000,0.00000,0.000000,0.00000,LOW,false,false,true,false,
3511,2026-09-11T16:10:51.781036+00:00,351.100309,boot_safe,0.000000,0.00000,0.000000,0.00000,LOW,false,false,true,false,
3512,2026-09-11T16:10:51.880740+00:00,351.200292,boot_safe,0.000000,0.00000,0.000000,0.00000,LOW,false,false,true,false,
3513,2026-09-11T16:10:51.981028+00:00,351.300311,boot_safe,0.000000,0.00000,0.000000,0.00000,LOW,false,false,true,false,
3514,2026-09-11T16:10:52.080734+00:00,351.400286,boot_safe,0.000000,0.00000,0.000000,0.00000,LOW,false,false,true,false,
3515,2026-09-11T16:10:52.181032+00:00,351.500307,boot_safe,0.000000,0.00000,0.000000,0.00000,LOW,false,false,true,false,
3516,2026-09-11T16:10:52.280729+00:00,351.600287,boot_safe,0.000000,0.00000,0.000000,0.00000,LOW,false,false,true,false,
3517,2026-09-11T16:10:52.381033+00:00,351.700311,boot_safe,0.000000,0.00000,0.000000,0.00000,LOW,false,false,true,false,
3518,2026-09-11T16:10:52.480727+00:00,351.800285,boot_safe,0.000000,0.00000,0.000000,0.00000,LOW,false,false,true,false,
3519,2026-09-11T16:10:52.580862+00:00,351.900341,boot_safe,0.000000,0.00000,0.000000,0.00000,LOW,false,false,true,false,
3520,2026-09-11T16:10:52.681065+00:00,352.000335,boot_safe,0.000000,0.00000,0.000000,0.00000,LOW,false,false,true,false,
3521,2026-09-11T16:10:52.780733+00:00,352.100291,boot_safe,0.000000,0.00000,0.000000,0.00000,LOW,false,false,true,false,
3522,2026-09-11T16:10:52.881272+00:00,352.200331,boot_safe,0.000000,0.00000,0.000000,0.00000,LOW,false,false,true,false,
3523,2026-09-11T16:10:52.980831+00:00,352.300349,boot_safe,0.000000,0.00000,0.000000,0.00000,LOW,false,false,true,false,
3524,2026-09-11T16:10:53.081212+00:00,352.400328,boot_safe,0.000000,0.00000,0.000000,0.00000,LOW,false,false,true,false,
3525,2026-09-11T16:10:53.180844+00:00,352.500354,boot_safe,0.000000,0.00000,0.000000,0.00000,LOW,false,false,true,false,
3526,2026-09-11T16:10:53.281085+00:00,352.600337,boot_safe,0.000000,0.00000,0.000000,0.00000,LOW,false,false,true,false,
3527,2026-09-11T16:10:53.380749+00:00,352.700296,boot_safe,0.000000,0.00000,0.000000,0.00000,LOW,false,false,true,false,
3528,2026-09-11T16:10:53.481099+00:00,352.800343,boot_safe,0.000000,0.00000,0.000000,0.00000,LOW,false,false,true,false,
3529,2026-09-11T16:10:53.580734+00:00,352.900291,boot_safe,0.000000,0.00000,0.000000,0.00000,LOW,false,false,true,false,
3530,2026-09-11T16:10:53.681272+00:00,353.000316,boot_safe,0.000000,0.00000,0.000000,0.00000,LOW,false,false,true,false,
3531,2026-09-11T16:10:53.781134+00:00,353.100367,boot_safe,0.000000,0.00000,0.000000,0.00000,LOW,false,false,true,false,
3532,2026-09-11T16:10:53.881069+00:00,353.200329,boot_safe,0.000000,0.00000,0.000000,0.00000,LOW,false,false,true,false,
3533,2026-09-11T16:10:53.980743+00:00,353.300292,boot_safe,0.000000,0.00000,0.000000,0.00000,LOW,false,false,true,false,
3534,2026-09-11T16:10:54.081046+00:00,353.400318,boot_safe,0.000000,0.00000,0.000000,0.00000,LOW,false,false,true,false,
3535,2026-09-11T16:10:54.180730+00:00,353.500287,boot_safe,0.000000,0.00000,0.000000,0.00000,LOW,false,false,true,false,
3536,2026-09-11T16:10:54.281050+00:00,353.600317,boot_safe,0.000000,0.00000,0.000000,0.00000,LOW,false,false,true,false,
3537,2026-09-11T16:10:54.380730+00:00,353.700287,boot_safe,0.000000,0.00000,0.000000,0.00000,LOW,false,false,true,false,
3538,2026-09-11T16:10:54.481045+00:00,353.800312,boot_safe,0.000000,0.00000,0.000000,0.00000,LOW,false,false,true,false,
3539,2026-09-11T16:10:54.580727+00:00,353.900282,boot_safe,0.000000,0.00000,0.000000,0.00000,LOW,false,false,true,false,
3540,2026-09-11T16:10:54.681067+00:00,354.000316,boot_safe,0.000000,0.00000,0.000000,0.00000,LOW,false,false,true,false,
3541,2026-09-11T16:10:54.780775+00:00,354.100310,boot_safe,0.000000,0.00000,0.000000,0.00000,LOW,false,false,true,false,
3542,2026-09-11T16:10:54.881052+00:00,354.200313,boot_safe,0.000000,0.00000,0.000000,0.00000,LOW,false,false,true,false,
3543,2026-09-11T16:10:54.980819+00:00,354.300318,boot_safe,0.000000,0.00000,0.000000,0.00000,LOW,false,false,true,false,
3544,2026-09-11T16:10:55.080954+00:00,354.400286,boot_safe,0.000000,0.00000,0.000000,0.00000,LOW,false,false,true,false,
3545,2026-09-11T16:10:55.180935+00:00,354.500399,boot_safe,0.000000,0.00000,0.000000,0.00000,LOW,false,false,true,false,
3546,2026-09-11T16:10:55.280940+00:00,354.600281,boot_safe,0.000000,0.00000,0.000000,0.00000,LOW,false,false,true,false,
3547,2026-09-11T16:10:55.380825+00:00,354.700310,boot_safe,0.000000,0.00000,0.000000,0.00000,LOW,false,false,true,false,
3548,2026-09-11T16:10:55.480937+00:00,354.800280,boot_safe,0.000000,0.00000,0.000000,0.00000,LOW,false,false,true,false,
3549,2026-09-11T16:10:55.580816+00:00,354.900311,boot_safe,0.000000,0.00000,0.000000,0.00000,LOW,false,false,true,false,
3550,2026-09-11T16:10:55.680951+00:00,355.000285,boot_safe,0.000000,0.00000,0.000000,0.00000,LOW,false,false,true,false,
3551,2026-09-11T16:10:55.780818+00:00,355.100312,boot_safe,0.000000,0.00000,0.000000,0.00000,LOW,false,false,true,false,
3552,2026-09-11T16:10:55.880932+00:00,355.200279,boot_safe,0.000000,0.00000,0.000000,0.00000,LOW,false,false,true,false,
3553,2026-09-11T16:10:55.980822+00:00,355.300316,boot_safe,0.000000,0.00000,0.000000,0.00000,LOW,false,false,true,false,
3554,2026-09-11T16:10:56.080931+00:00,355.400278,boot_safe,0.000000,0.00000,0.000000,0.00000,LOW,false,false,true,false,
3555,2026-09-11T16:10:56.180812+00:00,355.500310,boot_safe,0.000000,0.00000,0.000000,0.00000,LOW,false,false,true,false,
3556,2026-09-11T16:10:56.280929+00:00,355.600278,boot_safe,0.000000,0.00000,0.000000,0.00000,LOW,false,false,true,false,
3557,2026-09-11T16:10:56.380803+00:00,355.700307,boot_safe,0.000000,0.00000,0.000000,0.00000,LOW,false,false,true,false,
3558,2026-09-11T16:10:56.480936+00:00,355.800279,boot_safe,0.000000,0.00000,0.000000,0.00000,LOW,false,false,true,false,
3559,2026-09-11T16:10:56.580804+00:00,355.900308,boot_safe,0.000000,0.00000,0.000000,0.00000,LOW,false,false,true,false,
3560,2026-09-11T16:10:56.680940+00:00,356.000282,boot_safe,0.000000,0.00000,0.000000,0.00000,LOW,false,false,true,false,
3561,2026-09-11T16:10:56.780806+00:00,356.100312,boot_safe,0.000000,0.00000,0.000000,0.00000,LOW,false,false,true,false,
3562,2026-09-11T16:10:56.880926+00:00,356.200279,boot_safe,0.000000,0.00000,0.000000,0.00000,LOW,false,false,true,false,
3563,2026-09-11T16:10:56.980960+00:00,356.300315,boot_safe,0.000000,0.00000,0.000000,0.00000,LOW,false,false,true,false,
3564,2026-09-11T16:10:57.080862+00:00,356.400283,boot_safe,0.000000,0.00000,0.000000,0.00000,LOW,false,false,true,false,
3565,2026-09-11T16:10:57.181043+00:00,356.500307,boot_safe,0.000000,0.00000,0.000000,0.00000,LOW,false,false,true,false,
3566,2026-09-11T16:10:57.280875+00:00,356.600279,boot_safe,0.000000,0.00000,0.000000,0.00000,LOW,false,false,true,false,
3567,2026-09-11T16:10:57.380954+00:00,356.700308,boot_safe,0.000000,0.00000,0.000000,0.00000,LOW,false,false,true,false,
3568,2026-09-11T16:10:57.480811+00:00,356.800285,boot_safe,0.000000,0.00000,0.000000,0.00000,LOW,false,false,true,false,
3569,2026-09-11T16:10:57.580983+00:00,356.900313,boot_safe,0.000000,0.00000,0.000000,0.00000,LOW,false,false,true,false,
3570,2026-09-11T16:10:57.680849+00:00,357.000340,boot_safe,0.000000,0.00000,0.000000,0.00000,LOW,false,false,true,false,
3571,2026-09-11T16:10:57.780801+00:00,357.100288,boot_safe,0.000000,0.00000,0.000000,0.00000,LOW,false,false,true,false,
3572,2026-09-11T16:10:57.880967+00:00,357.200312,boot_safe,0.000000,0.00000,0.000000,0.00000,LOW,false,false,true,false,
3573,2026-09-11T16:10:57.980814+00:00,357.300287,boot_safe,0.000000,0.00000,0.000000,0.00000,LOW,false,false,true,false,
3574,2026-09-11T16:10:58.080969+00:00,357.400312,boot_safe,0.000000,0.00000,0.000000,0.00000,LOW,false,false,true,false,
3575,2026-09-11T16:10:58.180809+00:00,357.500287,boot_safe,0.000000,0.00000,0.000000,0.00000,LOW,false,false,true,false,
3576,2026-09-11T16:10:58.280974+00:00,357.600305,boot_safe,0.000000,0.00000,0.000000,0.00000,LOW,false,false,true,false,
3577,2026-09-11T16:10:58.380798+00:00,357.700277,boot_safe,0.000000,0.00000,0.000000,0.00000,LOW,false,false,true,false,
3578,2026-09-11T16:10:58.480964+00:00,357.800310,boot_safe,0.000000,0.00000,0.000000,0.00000,LOW,false,false,true,false,
3579,2026-09-11T16:10:58.580803+00:00,357.900279,boot_safe,0.000000,0.00000,0.000000,0.00000,LOW,false,false,true,false,
3580,2026-09-11T16:10:58.680973+00:00,358.000316,boot_safe,0.000000,0.00000,0.000000,0.00000,LOW,false,false,true,false,
3581,2026-09-11T16:10:58.780827+00:00,358.100299,boot_safe,0.000000,0.00000,0.000000,0.00000,LOW,false,false,true,false,
3582,2026-09-11T16:10:58.881002+00:00,358.200315,boot_safe,0.000000,0.00000,0.000000,0.00000,LOW,false,false,true,false,
3583,2026-09-11T16:10:58.980828+00:00,358.300293,boot_safe,0.000000,0.00000,0.000000,0.00000,LOW,false,false,true,false,
3584,2026-09-11T16:10:59.081174+00:00,358.400431,boot_safe,0.000000,0.00000,0.000000,0.00000,LOW,false,false,true,false,
3585,2026-09-11T16:10:59.180886+00:00,358.500371,boot_safe,0.000000,0.00000,0.000000,0.00000,LOW,false,false,true,false,
3586,2026-09-11T16:10:59.280740+00:00,358.600289,boot_safe,0.000000,0.00000,0.000000,0.00000,LOW,false,false,true,false,
3587,2026-09-11T16:10:59.381055+00:00,358.700319,boot_safe,0.000000,0.00000,0.000000,0.00000,LOW,false,false,true,false,
3588,2026-09-11T16:10:59.480882+00:00,358.800317,boot_safe,0.000000,0.00000,0.000000,0.00000,LOW,false,false,true,false,
3589,2026-09-11T16:10:59.581122+00:00,358.900319,boot_safe,0.000000,0.00000,0.000000,0.00000,LOW,false,false,true,false,
3590,2026-09-11T16:10:59.681046+00:00,359.000293,boot_safe,0.000000,0.00000,0.000000,0.00000,LOW,false,false,true,false,
3591,2026-09-11T16:10:59.781227+00:00,359.100370,boot_safe,0.000000,0.00000,0.000000,0.00000,LOW,false,false,true,false,
3592,2026-09-11T16:10:59.880748+00:00,359.200298,boot_safe,0.000000,0.00000,0.000000,0.00000,LOW,false,false,true,false,
3593,2026-09-11T16:10:59.981060+00:00,359.300316,boot_safe,0.000000,0.00000,0.000000,0.00000,LOW,false,false,true,false,
3594,2026-09-11T16:11:00.080749+00:00,359.400297,boot_safe,0.000000,0.00000,0.000000,0.00000,LOW,false,false,true,false,
3595,2026-09-11T16:11:00.181038+00:00,359.500314,boot_safe,0.000000,0.00000,0.000000,0.00000,LOW,false,false,true,false,
3596,2026-09-11T16:11:00.280735+00:00,359.600289,boot_safe,0.000000,0.00000,0.000000,0.00000,LOW,false,false,true,false,
3597,2026-09-11T16:11:00.381040+00:00,359.700311,boot_safe,0.000000,0.00000,0.000000,0.00000,LOW,false,false,true,false,
3598,2026-09-11T16:11:00.480729+00:00,359.800286,boot_safe,0.000000,0.00000,0.000000,0.00000,LOW,false,false,true,false,
3599,2026-09-11T16:11:00.581058+00:00,359.900322,boot_safe,0.000000,0.00000,0.000000,0.00000,LOW,false,false,true,false,
3600,2026-09-11T16:11:00.680736+00:00,360.000290,boot_safe,0.000000,0.00000,0.000000,0.00000,LOW,false,false,true,false,
3601,2026-09-11T16:11:00.781061+00:00,360.100316,boot_safe,0.000000,0.00000,0.000000,0.00000,LOW,false,false,true,false,
3602,2026-09-11T16:11:00.880738+00:00,360.200286,boot_safe,0.000000,0.00000,0.000000,0.00000,LOW,false,false,true,false,
3603,2026-09-11T16:11:00.981038+00:00,360.300308,boot_safe,0.000000,0.00000,0.000000,0.00000,LOW,false,false,true,false,
3604,2026-09-11T16:11:01.080749+00:00,360.400295,boot_safe,0.000000,0.00000,0.000000,0.00000,LOW,false,false,true,false,
3605,2026-09-11T16:11:01.181040+00:00,360.500316,boot_safe,0.000000,0.00000,0.000000,0.00000,LOW,false,false,true,false,
3606,2026-09-11T16:11:01.280724+00:00,360.600282,boot_safe,0.000000,0.00000,0.000000,0.00000,LOW,false,false,true,false,
3607,2026-09-11T16:11:01.381056+00:00,360.700310,boot_safe,0.000000,0.00000,0.000000,0.00000,LOW,false,false,true,false,
3608,2026-09-11T16:11:01.480752+00:00,360.800301,boot_safe,0.000000,0.00000,0.000000,0.00000,LOW,false,false,true,false,
3609,2026-09-11T16:11:01.581060+00:00,360.900327,boot_safe,0.000000,0.00000,0.000000,0.00000,LOW,false,false,true,false,
3610,2026-09-11T16:11:01.680728+00:00,361.000284,boot_safe,0.000000,0.00000,0.000000,0.00000,LOW,false,false,true,false,
3611,2026-09-11T16:11:01.781043+00:00,361.100314,boot_safe,0.000000,0.00000,0.000000,0.00000,LOW,false,false,true,false,
3612,2026-09-11T16:11:01.880729+00:00,361.200289,boot_safe,0.000000,0.00000,0.000000,0.00000,LOW,false,false,true,false,
3613,2026-09-11T16:11:01.981045+00:00,361.300313,boot_safe,0.000000,0.00000,0.000000,0.00000,LOW,false,false,true,false,
3614,2026-09-11T16:11:02.080742+00:00,361.400292,boot_safe,0.000000,0.00000,0.000000,0.00000,LOW,false,false,true,false,
3615,2026-09-11T16:11:02.181048+00:00,361.500311,boot_safe,0.000000,0.00000,0.000000,0.00000,LOW,false,false,true,false,
3616,2026-09-11T16:11:02.280720+00:00,361.600282,boot_safe,0.000000,0.00000,0.000000,0.00000,LOW,false,false,true,false,
3617,2026-09-11T16:11:02.381044+00:00,361.700310,boot_safe,0.000000,0.00000,0.000000,0.00000,LOW,false,false,true,false,
3618,2026-09-11T16:11:02.480725+00:00,361.800283,boot_safe,0.000000,0.00000,0.000000,0.00000,LOW,false,false,true,false,
3619,2026-09-11T16:11:02.581277+00:00,361.900440,boot_safe,0.000000,0.00000,0.000000,0.00000,LOW,false,false,true,false,
3620,2026-09-11T16:11:02.680794+00:00,362.000328,boot_safe,0.000000,0.00000,0.000000,0.00000,LOW,false,false,true,false,
3621,2026-09-11T16:11:02.780863+00:00,362.100355,boot_safe,0.000000,0.00000,0.000000,0.00000,LOW,false,false,true,false,
3622,2026-09-11T16:11:02.881056+00:00,362.200333,boot_safe,0.000000,0.00000,0.000000,0.00000,LOW,false,false,true,false,
3623,2026-09-11T16:11:02.980955+00:00,362.300395,boot_safe,0.000000,0.00000,0.000000,0.00000,LOW,false,false,true,false,
3624,2026-09-11T16:11:03.081111+00:00,362.400357,boot_safe,0.000000,0.00000,0.000000,0.00000,LOW,false,false,true,false,
3625,2026-09-11T16:11:03.180747+00:00,362.500298,boot_safe,0.000000,0.00000,0.000000,0.00000,LOW,false,false,true,false,
3626,2026-09-11T16:11:03.281069+00:00,362.600332,boot_safe,0.000000,0.00000,0.000000,0.00000,LOW,false,false,true,false,
3627,2026-09-11T16:11:03.380894+00:00,362.700382,boot_safe,0.000000,0.00000,0.000000,0.00000,LOW,false,false,true,false,
3628,2026-09-11T16:11:03.481092+00:00,362.800346,boot_safe,0.000000,0.00000,0.000000,0.00000,LOW,false,false,true,false,
3629,2026-09-11T16:11:03.580958+00:00,362.900421,boot_safe,0.000000,0.00000,0.000000,0.00000,LOW,false,false,true,false,
3630,2026-09-11T16:11:03.680780+00:00,363.000318,boot_safe,0.000000,0.00000,0.000000,0.00000,LOW,false,false,true,false,
3631,2026-09-11T16:11:03.781240+00:00,363.100430,boot_safe,0.000000,0.00000,0.000000,0.00000,LOW,false,false,true,false,
3632,2026-09-11T16:11:03.881054+00:00,363.200328,boot_safe,0.000000,0.00000,0.000000,0.00000,LOW,false,false,true,false,
3633,2026-09-11T16:11:03.980719+00:00,363.300284,boot_safe,0.000000,0.00000,0.000000,0.00000,LOW,false,false,true,false,
3634,2026-09-11T16:11:04.081105+00:00,363.400344,boot_safe,0.000000,0.00000,0.000000,0.00000,LOW,false,false,true,false,
3635,2026-09-11T16:11:04.180735+00:00,363.500292,boot_safe,0.000000,0.00000,0.000000,0.00000,LOW,false,false,true,false,
3636,2026-09-11T16:11:04.281115+00:00,363.600351,boot_safe,0.000000,0.00000,0.000000,0.00000,LOW,false,false,true,false,
3637,2026-09-11T16:11:04.380806+00:00,363.700320,boot_safe,0.000000,0.00000,0.000000,0.00000,LOW,false,false,true,false,
3638,2026-09-11T16:11:04.481058+00:00,363.800324,boot_safe,0.000000,0.00000,0.000000,0.00000,LOW,false,false,true,false,
3639,2026-09-11T16:11:04.580746+00:00,363.900292,boot_safe,0.000000,0.00000,0.000000,0.00000,LOW,false,false,true,false,
3640,2026-09-11T16:11:04.681044+00:00,364.000313,boot_safe,0.000000,0.00000,0.000000,0.00000,LOW,false,false,true,false,
3641,2026-09-11T16:11:04.780919+00:00,364.100381,boot_safe,0.000000,0.00000,0.000000,0.00000,LOW,false,false,true,false,
3642,2026-09-11T16:11:04.881080+00:00,364.200342,boot_safe,0.000000,0.00000,0.000000,0.00000,LOW,false,false,true,false,
3643,2026-09-11T16:11:04.980734+00:00,364.300290,boot_safe,0.000000,0.00000,0.000000,0.00000,LOW,false,false,true,false,
3644,2026-09-11T16:11:05.081123+00:00,364.400352,boot_safe,0.000000,0.00000,0.000000,0.00000,LOW,false,false,true,false,
3645,2026-09-11T16:11:05.180958+00:00,364.500378,boot_safe,0.000000,0.00000,0.000000,0.00000,LOW,false,false,true,false,
3646,2026-09-11T16:11:05.280816+00:00,364.600336,boot_safe,0.000000,0.00000,0.000000,0.00000,LOW,false,false,true,false,
3647,2026-09-11T16:11:05.381040+00:00,364.700324,boot_safe,0.000000,0.00000,0.000000,0.00000,LOW,false,false,true,false,
3648,2026-09-11T16:11:05.480745+00:00,364.800290,boot_safe,0.000000,0.00000,0.000000,0.00000,LOW,false,false,true,false,
3649,2026-09-11T16:11:05.581194+00:00,364.900326,boot_safe,0.000000,0.00000,0.000000,0.00000,LOW,false,false,true,false,
3650,2026-09-11T16:11:05.681315+00:00,365.000369,boot_safe,0.000000,0.00000,0.000000,0.00000,LOW,false,false,true,false,
3651,2026-09-11T16:11:05.780832+00:00,365.100345,boot_safe,0.000000,0.00000,0.000000,0.00000,LOW,false,false,true,false,
3652,2026-09-11T16:11:05.881055+00:00,365.200323,boot_safe,0.000000,0.00000,-0.002000,-0.01212,LOW,false,false,true,false,
3653,2026-09-11T16:11:05.980729+00:00,365.300289,boot_safe,0.000000,0.00000,0.000000,0.00000,LOW,false,false,true,false,
3654,2026-09-11T16:11:06.081056+00:00,365.400313,boot_safe,0.000000,0.00000,0.000000,0.00000,LOW,false,false,true,false,
3655,2026-09-11T16:11:06.180762+00:00,365.500309,boot_safe,0.000000,0.00000,0.000000,0.00000,LOW,false,false,true,false,
3656,2026-09-11T16:11:06.281045+00:00,365.600312,boot_safe,0.000000,0.00000,0.000000,0.00000,LOW,false,false,true,false,
3657,2026-09-11T16:11:06.380731+00:00,365.700290,boot_safe,0.000000,0.00000,0.000000,0.00000,LOW,false,false,true,false,
3658,2026-09-11T16:11:06.481038+00:00,365.800312,boot_safe,0.000000,0.00000,0.000000,0.00000,LOW,false,false,true,false,
3659,2026-09-11T16:11:06.580745+00:00,365.900291,boot_safe,0.000000,0.00000,0.000000,0.00000,LOW,false,false,true,false,
3660,2026-09-11T16:11:06.681276+00:00,366.000438,boot_safe,0.000000,0.00000,0.000000,0.00000,LOW,false,false,true,false,
3661,2026-09-11T16:11:06.780758+00:00,366.100311,boot_safe,0.000000,0.00000,0.000000,0.00000,LOW,false,false,true,false,
3662,2026-09-11T16:11:06.881045+00:00,366.200320,boot_safe,0.000000,0.00000,0.000000,0.00000,LOW,false,false,true,false,
3663,2026-09-11T16:11:06.980731+00:00,366.300286,boot_safe,0.000000,0.00000,0.000000,0.00000,LOW,false,false,true,false,
3664,2026-09-11T16:11:07.081036+00:00,366.400310,boot_safe,0.000000,0.00000,0.000000,0.00000,LOW,false,false,true,false,
3665,2026-09-11T16:11:07.180800+00:00,366.500314,boot_safe,0.000000,0.00000,0.000000,0.00000,LOW,false,false,true,false,
3666,2026-09-11T16:11:07.281041+00:00,366.600319,boot_safe,0.000000,0.00000,0.000000,0.00000,LOW,false,false,true,false,
3667,2026-09-11T16:11:07.380753+00:00,366.700294,boot_safe,0.000000,0.00000,0.000000,0.00000,LOW,false,false,true,false,
3668,2026-09-11T16:11:07.481030+00:00,366.800307,boot_safe,0.000000,0.00000,0.000000,0.00000,LOW,false,false,true,false,
3669,2026-09-11T16:11:07.580732+00:00,366.900291,boot_safe,0.000000,0.00000,0.000000,0.00000,LOW,false,false,true,false,
3670,2026-09-11T16:11:07.681042+00:00,367.000315,boot_safe,0.000000,0.00000,0.000000,0.00000,LOW,false,false,true,false,
3671,2026-09-11T16:11:07.780725+00:00,367.100286,boot_safe,0.000000,0.00000,0.000000,0.00000,LOW,false,false,true,false,
3672,2026-09-11T16:11:07.881171+00:00,367.200385,boot_safe,0.000000,0.00000,0.000000,0.00000,LOW,false,false,true,false,
3673,2026-09-11T16:11:07.980736+00:00,367.300298,boot_safe,0.000000,0.00000,0.000000,0.00000,LOW,false,false,true,false,
3674,2026-09-11T16:11:08.081029+00:00,367.400311,boot_safe,0.000000,0.00000,0.000000,0.00000,LOW,false,false,true,false,
3675,2026-09-11T16:11:08.180727+00:00,367.500288,boot_safe,0.000000,0.00000,0.000000,0.00000,LOW,false,false,true,false,
3676,2026-09-11T16:11:08.281057+00:00,367.600324,boot_safe,0.000000,0.00000,0.000000,0.00000,LOW,false,false,true,false,
3677,2026-09-11T16:11:08.380713+00:00,367.700283,boot_safe,0.000000,0.00000,0.000000,0.00000,LOW,false,false,true,false,
3678,2026-09-11T16:11:08.481035+00:00,367.800310,boot_safe,0.000000,0.00000,0.000000,0.00000,LOW,false,false,true,false,
3679,2026-09-11T16:11:08.580743+00:00,367.900292,boot_safe,0.000000,0.00000,0.000000,0.00000,LOW,false,false,true,false,
3680,2026-09-11T16:11:08.681041+00:00,368.000316,boot_safe,0.000000,0.00000,0.000000,0.00000,LOW,false,false,true,false,
3681,2026-09-11T16:11:08.780731+00:00,368.100290,boot_safe,0.000000,0.00000,0.000000,0.00000,LOW,false,false,true,false,
3682,2026-09-11T16:11:08.881043+00:00,368.200313,boot_safe,0.000000,0.00000,0.000000,0.00000,LOW,false,false,true,false,
3683,2026-09-11T16:11:08.980721+00:00,368.300284,boot_safe,0.000000,0.00000,0.000000,0.00000,LOW,false,false,true,false,
3684,2026-09-11T16:11:09.081046+00:00,368.400310,boot_safe,0.000000,0.00000,0.000000,0.00000,LOW,false,false,true,false,
3685,2026-09-11T16:11:09.180714+00:00,368.500279,boot_safe,0.000000,0.00000,0.000000,0.00000,LOW,false,false,true,false,
3686,2026-09-11T16:11:09.281188+00:00,368.600381,boot_safe,0.000000,0.00000,0.000000,0.00000,LOW,false,false,true,false,
3687,2026-09-11T16:11:09.380907+00:00,368.700376,boot_safe,0.000000,0.00000,0.000000,0.00000,LOW,false,false,true,false,
3688,2026-09-11T16:11:09.481238+00:00,368.800425,boot_safe,0.000000,0.00000,0.000000,0.00000,LOW,false,false,true,false,
3689,2026-09-11T16:11:09.581069+00:00,368.900337,boot_safe,0.000000,0.00000,0.000000,0.00000,LOW,false,false,true,false,
3690,2026-09-11T16:11:09.680737+00:00,369.000289,boot_safe,0.000000,0.00000,0.000000,0.00000,LOW,false,false,true,false,
3691,2026-09-11T16:11:09.781081+00:00,369.100333,boot_safe,0.000000,0.00000,0.000000,0.00000,LOW,false,false,true,false,
3692,2026-09-11T16:11:09.880731+00:00,369.200291,boot_safe,0.000000,0.00000,0.000000,0.00000,LOW,false,false,true,false,
3693,2026-09-11T16:11:09.981110+00:00,369.300330,boot_safe,0.000000,0.00000,0.000000,0.00000,LOW,false,false,true,false,
3694,2026-09-11T16:11:10.081040+00:00,369.400319,boot_safe,0.000000,0.00000,0.000000,0.00000,LOW,false,false,true,false,
3695,2026-09-11T16:11:10.181201+00:00,369.500404,boot_safe,0.000000,0.00000,0.000000,0.00000,LOW,false,false,true,false,
3696,2026-09-11T16:11:10.281055+00:00,369.600333,boot_safe,0.000000,0.00000,0.000000,0.00000,LOW,false,false,true,false,
3697,2026-09-11T16:11:10.380741+00:00,369.700292,boot_safe,0.000000,0.00000,0.000000,0.00000,LOW,false,false,true,false,
3698,2026-09-11T16:11:10.481118+00:00,369.800331,boot_safe,0.000000,0.00000,0.000000,0.00000,LOW,false,false,true,false,
3699,2026-09-11T16:11:10.580757+00:00,369.900304,boot_safe,0.000000,0.00000,0.000000,0.00000,LOW,false,false,true,false,
3700,2026-09-11T16:11:10.681111+00:00,370.000341,boot_safe,0.000000,0.00000,0.000000,0.00000,LOW,false,false,true,false,
3701,2026-09-11T16:11:10.780763+00:00,370.100305,boot_safe,0.000000,0.00000,0.000000,0.00000,LOW,false,false,true,false,
3702,2026-09-11T16:11:10.881040+00:00,370.200315,boot_safe,0.000000,0.00000,0.000000,0.00000,LOW,false,false,true,false,
3703,2026-09-11T16:11:10.980727+00:00,370.300287,boot_safe,0.000000,0.00000,0.000000,0.00000,LOW,false,false,true,false,
3704,2026-09-11T16:11:11.081135+00:00,370.400364,boot_safe,0.000000,0.00000,0.000000,0.00000,LOW,false,false,true,false,
3705,2026-09-11T16:11:11.180961+00:00,370.500399,boot_safe,0.000000,0.00000,0.000000,0.00000,LOW,false,false,true,false,
3706,2026-09-11T16:11:11.281109+00:00,370.600356,boot_safe,0.000000,0.00000,0.000000,0.00000,LOW,false,false,true,false,
3707,2026-09-11T16:11:11.380743+00:00,370.700290,boot_safe,0.000000,0.00000,0.000000,0.00000,LOW,false,false,true,false,
3708,2026-09-11T16:11:11.481083+00:00,370.800338,boot_safe,0.000000,0.00000,0.000000,0.00000,LOW,false,false,true,false,
3709,2026-09-11T16:11:11.580760+00:00,370.900301,boot_safe,0.000000,0.00000,0.000000,0.00000,LOW,false,false,true,false,
3710,2026-09-11T16:11:11.681233+00:00,371.000318,boot_safe,0.000000,0.00000,0.000000,0.00000,LOW,false,false,true,false,
3711,2026-09-11T16:11:11.780852+00:00,371.100349,boot_safe,0.000000,0.00000,0.000000,0.00000,LOW,false,false,true,false,
3712,2026-09-11T16:11:11.881055+00:00,371.200326,boot_safe,0.000000,0.00000,0.000000,0.00000,LOW,false,false,true,false,
3713,2026-09-11T16:11:11.980748+00:00,371.300282,boot_safe,0.000000,0.00000,0.000000,0.00000,LOW,false,false,true,false,
3714,2026-09-11T16:11:12.081039+00:00,371.400316,boot_safe,0.000000,0.00000,0.000000,0.00000,LOW,false,false,true,false,
3715,2026-09-11T16:11:12.180736+00:00,371.500288,boot_safe,0.000000,0.00000,0.000000,0.00000,LOW,false,false,true,false,
3716,2026-09-11T16:11:12.281055+00:00,371.600312,boot_safe,0.000000,0.00000,0.000000,0.00000,LOW,false,false,true,false,
3717,2026-09-11T16:11:12.380734+00:00,371.700285,boot_safe,0.000000,0.00000,0.000000,0.00000,LOW,false,false,true,false,
3718,2026-09-11T16:11:12.481040+00:00,371.800310,boot_safe,0.000000,0.00000,0.000000,0.00000,LOW,false,false,true,false,
3719,2026-09-11T16:11:12.580737+00:00,371.900288,boot_safe,0.000000,0.00000,0.000000,0.00000,LOW,false,false,true,false,
3720,2026-09-11T16:11:12.681065+00:00,372.000329,boot_safe,0.000000,0.00000,0.000000,0.00000,LOW,false,false,true,false,
3721,2026-09-11T16:11:12.780732+00:00,372.100288,boot_safe,0.000000,0.00000,0.000000,0.00000,LOW,false,false,true,false,
3722,2026-09-11T16:11:12.881039+00:00,372.200311,boot_safe,0.000000,0.00000,0.000000,0.00000,LOW,false,false,true,false,
3723,2026-09-11T16:11:12.980873+00:00,372.300362,boot_safe,0.000000,0.00000,0.000000,0.00000,LOW,false,false,true,false,
3724,2026-09-11T16:11:13.081054+00:00,372.400329,boot_safe,0.000000,0.00000,0.000000,0.00000,LOW,false,false,true,false,
3725,2026-09-11T16:11:13.180727+00:00,372.500284,boot_safe,0.000000,0.00000,0.000000,0.00000,LOW,false,false,true,false,
3726,2026-09-11T16:11:13.281038+00:00,372.600316,boot_safe,0.000000,0.00000,0.000000,0.00000,LOW,false,false,true,false,
3727,2026-09-11T16:11:13.380736+00:00,372.700289,boot_safe,0.000000,0.00000,0.000000,0.00000,LOW,false,false,true,false,
3728,2026-09-11T16:11:13.481101+00:00,372.800327,boot_safe,0.000000,0.00000,0.000000,0.00000,LOW,false,false,true,false,
3729,2026-09-11T16:11:13.581038+00:00,372.900317,boot_safe,0.000000,0.00000,0.000000,0.00000,LOW,false,false,true,false,
3730,2026-09-11T16:11:13.680727+00:00,373.000285,boot_safe,0.000000,0.00000,0.000000,0.00000,LOW,false,false,true,false,
3731,2026-09-11T16:11:13.781043+00:00,373.100312,boot_safe,0.000000,0.00000,0.000000,0.00000,LOW,false,false,true,false,
3732,2026-09-11T16:11:13.880739+00:00,373.200278,boot_safe,0.000000,0.00000,0.000000,0.00000,LOW,false,false,true,false,
3733,2026-09-11T16:11:13.981042+00:00,373.300313,boot_safe,0.000000,0.00000,0.000000,0.00000,LOW,false,false,true,false,
3734,2026-09-11T16:11:14.080738+00:00,373.400288,boot_safe,0.000000,0.00000,0.000000,0.00000,LOW,false,false,true,false,
3735,2026-09-11T16:11:14.181036+00:00,373.500313,boot_safe,0.000000,0.00000,0.000000,0.00000,LOW,false,false,true,false,
3736,2026-09-11T16:11:14.280725+00:00,373.600281,boot_safe,0.000000,0.00000,0.000000,0.00000,LOW,false,false,true,false,
3737,2026-09-11T16:11:14.381037+00:00,373.700314,boot_safe,0.000000,0.00000,0.000000,0.00000,LOW,false,false,true,false,
3738,2026-09-11T16:11:14.480870+00:00,373.800340,boot_safe,0.000000,0.00000,0.000000,0.00000,LOW,false,false,true,false,
3739,2026-09-11T16:11:14.581063+00:00,373.900334,boot_safe,0.000000,0.00000,0.000000,0.00000,LOW,false,false,true,false,
3740,2026-09-11T16:11:14.680739+00:00,374.000288,boot_safe,0.000000,0.00000,0.000000,0.00000,LOW,false,false,true,false,
3741,2026-09-11T16:11:14.781051+00:00,374.100324,boot_safe,0.000000,0.00000,0.000000,0.00000,LOW,false,false,true,false,
3742,2026-09-11T16:11:14.880764+00:00,374.200288,boot_safe,0.000000,0.00000,0.000000,0.00000,LOW,false,false,true,false,
3743,2026-09-11T16:11:14.981051+00:00,374.300320,boot_safe,0.000000,0.00000,0.000000,0.00000,LOW,false,false,true,false,
3744,2026-09-11T16:11:15.080725+00:00,374.400288,boot_safe,0.000000,0.00000,0.000000,0.00000,LOW,false,false,true,false,
3745,2026-09-11T16:11:15.181039+00:00,374.500311,boot_safe,0.000000,0.00000,0.000000,0.00000,LOW,false,false,true,false,
3746,2026-09-11T16:11:15.280796+00:00,374.600310,boot_safe,0.000000,0.00000,0.000000,0.00000,LOW,false,false,true,false,
3747,2026-09-11T16:11:15.381026+00:00,374.700288,boot_safe,0.000000,0.00000,0.000000,0.00000,LOW,false,false,true,false,
3748,2026-09-11T16:11:15.480819+00:00,374.800310,boot_safe,0.000000,0.00000,0.000000,0.00000,LOW,false,false,true,false,
3749,2026-09-11T16:11:15.580953+00:00,374.900286,boot_safe,0.000000,0.00000,0.000000,0.00000,LOW,false,false,true,false,
3750,2026-09-11T16:11:15.680940+00:00,375.000398,boot_safe,0.000000,0.00000,0.000000,0.00000,LOW,false,false,true,false,
3751,2026-09-11T16:11:15.780938+00:00,375.100277,boot_safe,0.000000,0.00000,0.000000,0.00000,LOW,false,false,true,false,
3752,2026-09-11T16:11:15.881041+00:00,375.200315,boot_safe,0.000000,0.00000,0.000000,0.00000,LOW,false,false,true,false,
3753,2026-09-11T16:11:15.980813+00:00,375.300303,boot_safe,0.000000,0.00000,0.000000,0.00000,LOW,false,false,true,false,
3754,2026-09-11T16:11:16.080938+00:00,375.400279,boot_safe,0.000000,0.00000,0.000000,0.00000,LOW,false,false,true,false,
3755,2026-09-11T16:11:16.180820+00:00,375.500313,boot_safe,0.000000,0.00000,0.000000,0.00000,LOW,false,false,true,false,
3756,2026-09-11T16:11:16.280941+00:00,375.600281,boot_safe,0.000000,0.00000,0.000000,0.00000,LOW,false,false,true,false,
3757,2026-09-11T16:11:16.380821+00:00,375.700306,boot_safe,0.000000,0.00000,0.000000,0.00000,LOW,false,false,true,false,
3758,2026-09-11T16:11:16.480938+00:00,375.800284,boot_safe,0.000000,0.00000,0.000000,0.00000,LOW,false,false,true,false,
3759,2026-09-11T16:11:16.580807+00:00,375.900308,boot_safe,0.000000,0.00000,0.000000,0.00000,LOW,false,false,true,false,
3760,2026-09-11T16:11:16.680938+00:00,376.000281,boot_safe,0.000000,0.00000,0.000000,0.00000,LOW,false,false,true,false,
3761,2026-09-11T16:11:16.780830+00:00,376.100313,boot_safe,0.000000,0.00000,0.000000,0.00000,LOW,false,false,true,false,
3762,2026-09-11T16:11:16.880946+00:00,376.200283,boot_safe,0.000000,0.00000,0.000000,0.00000,LOW,false,false,true,false,
3763,2026-09-11T16:11:16.980810+00:00,376.300307,boot_safe,0.000000,0.00000,0.000000,0.00000,LOW,false,false,true,false,
3764,2026-09-11T16:11:17.080967+00:00,376.400400,boot_safe,0.000000,0.00000,0.000000,0.00000,LOW,false,false,true,false,
3765,2026-09-11T16:11:17.180959+00:00,376.500300,boot_safe,0.000000,0.00000,0.000000,0.00000,LOW,false,false,true,false,
3766,2026-09-11T16:11:17.280816+00:00,376.600318,boot_safe,0.000000,0.00000,0.000000,0.00000,LOW,false,false,true,false,
3767,2026-09-11T16:11:17.381033+00:00,376.700317,boot_safe,0.000000,0.00000,0.000000,0.00000,LOW,false,false,true,false,
3768,2026-09-11T16:11:17.480882+00:00,376.800342,boot_safe,0.000000,0.00000,0.000000,0.00000,LOW,false,false,true,false,
3769,2026-09-11T16:11:17.580943+00:00,376.900289,boot_safe,0.000000,0.00000,0.000000,0.00000,LOW,false,false,true,false,
3770,2026-09-11T16:11:17.681026+00:00,377.000311,boot_safe,0.000000,0.00000,0.000000,0.00000,LOW,false,false,true,false,
3771,2026-09-11T16:11:17.780833+00:00,377.100340,boot_safe,0.000000,0.00000,0.000000,0.00000,LOW,false,false,true,false,
3772,2026-09-11T16:11:17.880878+00:00,377.200287,boot_safe,0.000000,0.00000,0.000000,0.00000,LOW,false,false,true,false,
3773,2026-09-11T16:11:17.981055+00:00,377.300314,boot_safe,0.000000,0.00000,0.000000,0.00000,LOW,false,false,true,false,
3774,2026-09-11T16:11:18.081071+00:00,377.400358,boot_safe,0.000000,0.00000,0.000000,0.00000,LOW,false,false,true,false,
3775,2026-09-11T16:11:18.180985+00:00,377.500326,boot_safe,0.000000,0.00000,0.000000,0.00000,LOW,false,false,true,false,
3776,2026-09-11T16:11:18.280824+00:00,377.600293,boot_safe,0.000000,0.00000,0.000000,0.00000,LOW,false,false,true,false,
3777,2026-09-11T16:11:18.380965+00:00,377.700316,boot_safe,0.000000,0.00000,0.000000,0.00000,LOW,false,false,true,false,
3778,2026-09-11T16:11:18.480823+00:00,377.800290,boot_safe,0.000000,0.00000,0.000000,0.00000,LOW,false,false,true,false,
3779,2026-09-11T16:11:18.580963+00:00,377.900312,boot_safe,0.000000,0.00000,0.000000,0.00000,LOW,false,false,true,false,
3780,2026-09-11T16:11:18.680835+00:00,378.000281,boot_safe,0.000000,0.00000,0.000000,0.00000,LOW,false,false,true,false,
3781,2026-09-11T16:11:18.780985+00:00,378.100325,boot_safe,0.000000,0.00000,0.000000,0.00000,LOW,false,false,true,false,
3782,2026-09-11T16:11:18.880805+00:00,378.200286,boot_safe,0.000000,0.00000,0.000000,0.00000,LOW,false,false,true,false,
3783,2026-09-11T16:11:18.980962+00:00,378.300317,boot_safe,0.000000,0.00000,0.000000,0.00000,LOW,false,false,true,false,
3784,2026-09-11T16:11:19.080800+00:00,378.400283,boot_safe,0.000000,0.00000,0.000000,0.00000,LOW,false,false,true,false,
3785,2026-09-11T16:11:19.180962+00:00,378.500307,boot_safe,0.000000,0.00000,0.000000,0.00000,LOW,false,false,true,false,
3786,2026-09-11T16:11:19.280805+00:00,378.600282,boot_safe,0.000000,0.00000,0.000000,0.00000,LOW,false,false,true,false,
3787,2026-09-11T16:11:19.380962+00:00,378.700312,boot_safe,0.000000,0.00000,0.000000,0.00000,LOW,false,false,true,false,
3788,2026-09-11T16:11:19.480824+00:00,378.800286,boot_safe,0.000000,0.00000,0.000000,0.00000,LOW,false,false,true,false,
3789,2026-09-11T16:11:19.581107+00:00,378.900367,boot_safe,0.000000,0.00000,0.000000,0.00000,LOW,false,false,true,false,
3790,2026-09-11T16:11:19.681042+00:00,379.000402,boot_safe,0.000000,0.00000,0.000000,0.00000,LOW,false,false,true,false,
3791,2026-09-11T16:11:19.781185+00:00,379.100424,boot_safe,0.000000,0.00000,0.000000,0.00000,LOW,false,false,true,false,
3792,2026-09-11T16:11:19.880809+00:00,379.200313,boot_safe,0.000000,0.00000,0.000000,0.00000,LOW,false,false,true,false,
3793,2026-09-11T16:11:19.981132+00:00,379.300325,boot_safe,0.000000,0.00000,0.000000,0.00000,LOW,false,false,true,false,
3794,2026-09-11T16:11:20.080876+00:00,379.400325,boot_safe,0.000000,0.00000,0.000000,0.00000,LOW,false,false,true,false,
3795,2026-09-11T16:11:20.181136+00:00,379.500321,boot_safe,0.000000,0.00000,0.000000,0.00000,LOW,false,false,true,false,
3796,2026-09-11T16:11:20.280857+00:00,379.600311,boot_safe,0.000000,0.00000,0.000000,0.00000,LOW,false,false,true,false,
3797,2026-09-11T16:11:20.381302+00:00,379.700407,boot_safe,0.000000,0.00000,0.000000,0.00000,LOW,false,false,true,false,
3798,2026-09-11T16:11:20.480790+00:00,379.800318,boot_safe,0.000000,0.00000,0.000000,0.00000,LOW,false,false,true,false,
3799,2026-09-11T16:11:20.581238+00:00,379.900432,boot_safe,0.000000,0.00000,0.000000,0.00000,LOW,false,false,true,false,
3800,2026-09-11T16:11:20.680818+00:00,380.000325,boot_safe,0.000000,0.00000,0.000000,0.00000,LOW,false,false,true,false,
3801,2026-09-11T16:11:20.781269+00:00,380.100448,boot_safe,0.000000,0.00000,0.000000,0.00000,LOW,false,false,true,false,
3802,2026-09-11T16:11:20.880809+00:00,380.200329,boot_safe,0.000000,0.00000,0.000000,0.00000,LOW,false,false,true,false,
3803,2026-09-11T16:11:20.981242+00:00,380.300436,boot_safe,0.000000,0.00000,0.000000,0.00000,LOW,false,false,true,false,
3804,2026-09-11T16:11:21.080740+00:00,380.400305,boot_safe,0.000000,0.00000,0.000000,0.00000,LOW,false,false,true,false,
3805,2026-09-11T16:11:21.181263+00:00,380.500450,boot_safe,0.000000,0.00000,0.000000,0.00000,LOW,false,false,true,false,
3806,2026-09-11T16:11:21.280802+00:00,380.600326,boot_safe,0.000000,0.00000,0.000000,0.00000,LOW,false,false,true,false,
3807,2026-09-11T16:11:21.380724+00:00,380.700285,boot_safe,0.000000,0.00000,0.000000,0.00000,LOW,false,false,true,false,
3808,2026-09-11T16:11:21.481123+00:00,380.800335,boot_safe,0.000000,0.00000,0.000000,0.00000,LOW,false,false,true,false,
3809,2026-09-11T16:11:21.581061+00:00,380.900330,boot_safe,0.000000,0.00000,0.000000,0.00000,LOW,false,false,true,false,
3810,2026-09-11T16:11:21.681081+00:00,381.000330,boot_safe,0.000000,0.00000,0.000000,0.00000,LOW,false,false,true,false,
3811,2026-09-11T16:11:21.780722+00:00,381.100286,boot_safe,0.000000,0.00000,0.000000,0.00000,LOW,false,false,true,false,
3812,2026-09-11T16:11:21.881029+00:00,381.200309,boot_safe,0.000000,0.00000,0.000000,0.00000,LOW,false,false,true,false,
3813,2026-09-11T16:11:21.980944+00:00,381.300385,boot_safe,0.000000,0.00000,0.000000,0.00000,LOW,false,false,true,false,
3814,2026-09-11T16:11:22.080740+00:00,381.400299,boot_safe,0.000000,0.00000,0.000000,0.00000,LOW,false,false,true,false,
3815,2026-09-11T16:11:22.181067+00:00,381.500326,boot_safe,0.000000,0.00000,0.000000,0.00000,LOW,false,false,true,false,
3816,2026-09-11T16:11:22.280747+00:00,381.600289,boot_safe,0.000000,0.00000,0.000000,0.00000,LOW,false,false,true,false,
3817,2026-09-11T16:11:22.381043+00:00,381.700312,boot_safe,0.000000,0.00000,0.000000,0.00000,LOW,false,false,true,false,
3818,2026-09-11T16:11:22.480799+00:00,381.800319,boot_safe,0.000000,0.00000,0.000000,0.00000,LOW,false,false,true,false,
3819,2026-09-11T16:11:22.581057+00:00,381.900323,boot_safe,0.000000,0.00000,0.000000,0.00000,LOW,false,false,true,false,
3820,2026-09-11T16:11:22.680783+00:00,382.000305,boot_safe,0.000000,0.00000,0.000000,0.00000,LOW,false,false,true,false,
3821,2026-09-11T16:11:22.781206+00:00,382.100331,boot_safe,0.000000,0.00000,0.000000,0.00000,LOW,false,false,true,false,
3822,2026-09-11T16:11:22.880787+00:00,382.200329,boot_safe,0.000000,0.00000,0.000000,0.00000,LOW,false,false,true,false,
3823,2026-09-11T16:11:22.981049+00:00,382.300319,boot_safe,0.000000,0.00000,0.000000,0.00000,LOW,false,false,true,false,
3824,2026-09-11T16:11:23.080731+00:00,382.400286,boot_safe,0.000000,0.00000,0.000000,0.00000,LOW,false,false,true,false,
3825,2026-09-11T16:11:23.180896+00:00,382.500345,boot_safe,0.000000,0.00000,0.000000,0.00000,LOW,false,false,true,false,
3826,2026-09-11T16:11:23.281237+00:00,382.600390,boot_safe,0.000000,0.00000,0.000000,0.00000,LOW,false,false,true,false,
3827,2026-09-11T16:11:23.381065+00:00,382.700336,boot_safe,0.000000,0.00000,0.000000,0.00000,LOW,false,false,true,false,
3828,2026-09-11T16:11:23.480753+00:00,382.800290,boot_safe,0.000000,0.00000,0.000000,0.00000,LOW,false,false,true,false,
3829,2026-09-11T16:11:23.581094+00:00,382.900346,boot_safe,0.000000,0.00000,0.000000,0.00000,LOW,false,false,true,false,
3830,2026-09-11T16:11:23.680926+00:00,383.000318,boot_safe,0.000000,0.00000,0.000000,0.00000,LOW,false,false,true,false,
3831,2026-09-11T16:11:23.781128+00:00,383.100369,boot_safe,0.000000,0.00000,0.000000,0.00000,LOW,false,false,true,false,
3832,2026-09-11T16:11:23.880880+00:00,383.200371,boot_safe,0.000000,0.00000,0.000000,0.00000,LOW,false,false,true,false,
3833,2026-09-11T16:11:23.981058+00:00,383.300327,boot_safe,0.000000,0.00000,0.000000,0.00000,LOW,false,false,true,false,
3834,2026-09-11T16:11:24.080939+00:00,383.400392,boot_safe,0.000000,0.00000,0.000000,0.00000,LOW,false,false,true,false,
3835,2026-09-11T16:11:24.181109+00:00,383.500335,boot_safe,0.000000,0.00000,0.000000,0.00000,LOW,false,false,true,false,
3836,2026-09-11T16:11:24.280747+00:00,383.600303,boot_safe,0.000000,0.00000,0.000000,0.00000,LOW,false,false,true,false,
3837,2026-09-11T16:11:24.381049+00:00,383.700311,boot_safe,0.000000,0.00000,0.000000,0.00000,LOW,false,false,true,false,
3838,2026-09-11T16:11:24.480730+00:00,383.800289,boot_safe,0.000000,0.00000,0.000000,0.00000,LOW,false,false,true,false,
3839,2026-09-11T16:11:24.581100+00:00,383.900347,boot_safe,0.000000,0.00000,0.000000,0.00000,LOW,false,false,true,false,
3840,2026-09-11T16:11:24.681039+00:00,384.000319,boot_safe,0.000000,0.00000,0.000000,0.00000,LOW,false,false,true,false,
3841,2026-09-11T16:11:24.780731+00:00,384.100289,boot_safe,0.000000,0.00000,0.000000,0.00000,LOW,false,false,true,false,
3842,2026-09-11T16:11:24.881048+00:00,384.200311,boot_safe,0.000000,0.00000,0.000000,0.00000,LOW,false,false,true,false,
3843,2026-09-11T16:11:24.980727+00:00,384.300285,boot_safe,0.000000,0.00000,0.000000,0.00000,LOW,false,false,true,false,
3844,2026-09-11T16:11:25.081057+00:00,384.400324,boot_safe,0.000000,0.00000,0.000000,0.00000,LOW,false,false,true,false,
3845,2026-09-11T16:11:25.180723+00:00,384.500288,boot_safe,0.000000,0.00000,0.000000,0.00000,LOW,false,false,true,false,
3846,2026-09-11T16:11:25.281039+00:00,384.600310,boot_safe,0.000000,0.00000,0.000000,0.00000,LOW,false,false,true,false,
3847,2026-09-11T16:11:25.380721+00:00,384.700283,boot_safe,0.000000,0.00000,0.000000,0.00000,LOW,false,false,true,false,
3848,2026-09-11T16:11:25.481036+00:00,384.800306,boot_safe,0.000000,0.00000,0.000000,0.00000,LOW,false,false,true,false,
3849,2026-09-11T16:11:25.580744+00:00,384.900287,boot_safe,0.000000,0.00000,0.000000,0.00000,LOW,false,false,true,false,
3850,2026-09-11T16:11:25.681055+00:00,385.000315,boot_safe,0.000000,0.00000,0.000000,0.00000,LOW,false,false,true,false,
3851,2026-09-11T16:11:25.780736+00:00,385.100291,boot_safe,0.000000,0.00000,0.000000,0.00000,LOW,false,false,true,false,
3852,2026-09-11T16:11:25.881039+00:00,385.200310,boot_safe,0.000000,0.00000,0.000000,0.00000,LOW,false,false,true,false,
3853,2026-09-11T16:11:25.980728+00:00,385.300285,boot_safe,0.000000,0.00000,0.000000,0.00000,LOW,false,false,true,false,
3854,2026-09-11T16:11:26.081042+00:00,385.400313,boot_safe,0.000000,0.00000,0.000000,0.00000,LOW,false,false,true,false,
3855,2026-09-11T16:11:26.180741+00:00,385.500295,boot_safe,0.000000,0.00000,0.000000,0.00000,LOW,false,false,true,false,
3856,2026-09-11T16:11:26.281760+00:00,385.600765,relay_power_5v1,0.000000,0.00000,0.000000,0.00000,LOW,false,false,true,false,mark:relay_power_5v1
3857,2026-09-11T16:11:26.380989+00:00,385.700392,relay_power_5v1,0.000000,0.00000,0.000000,0.00000,LOW,false,false,true,false,
3858,2026-09-11T16:11:26.480964+00:00,385.800385,relay_power_5v1,0.000000,0.00000,0.000000,0.00000,LOW,false,false,true,false,
3859,2026-09-11T16:11:26.580979+00:00,385.900385,relay_power_5v1,0.000000,0.00000,0.000000,0.00000,LOW,false,false,true,false,
3860,2026-09-11T16:11:26.681042+00:00,386.000407,relay_power_5v1,0.000000,0.00000,0.000000,0.00000,LOW,false,false,true,false,
3861,2026-09-11T16:11:26.780972+00:00,386.100381,relay_power_5v1,0.000000,0.00000,0.000000,0.00000,LOW,false,false,true,false,
3862,2026-09-11T16:11:26.880993+00:00,386.200382,relay_power_5v1,0.000000,0.00000,0.000000,0.00000,LOW,false,false,true,false,
3863,2026-09-11T16:11:26.980967+00:00,386.300386,relay_power_5v1,0.000000,0.00000,0.000000,0.00000,LOW,false,false,true,false,
3864,2026-09-11T16:11:27.080907+00:00,386.400381,relay_power_5v1,0.000000,0.00000,0.000000,0.00000,LOW,false,false,true,false,
3865,2026-09-11T16:11:27.180999+00:00,386.500398,relay_power_5v1,0.000000,0.00000,0.000000,0.00000,LOW,false,false,true,false,
3866,2026-09-11T16:11:27.281282+00:00,386.600416,relay_power_5v1,0.000000,0.00000,0.000000,0.00000,LOW,false,false,true,false,
3867,2026-09-11T16:11:27.380993+00:00,386.700390,relay_power_5v1,0.000000,0.00000,0.000000,0.00000,LOW,false,false,true,false,
3868,2026-09-11T16:11:27.481359+00:00,386.800425,relay_power_5v1,0.000000,0.00000,0.000000,0.00000,LOW,false,false,true,false,
3869,2026-09-11T16:11:27.581006+00:00,386.900395,relay_power_5v1,0.000000,0.00000,0.000000,0.00000,LOW,false,false,true,false,
3870,2026-09-11T16:11:27.681011+00:00,387.000413,relay_power_5v1,0.000000,0.00000,0.000000,0.00000,LOW,false,false,true,false,
3871,2026-09-11T16:11:27.780955+00:00,387.100394,relay_power_5v1,0.000000,0.00000,0.000000,0.00000,LOW,false,false,true,false,
3872,2026-09-11T16:11:27.881279+00:00,387.200434,relay_power_5v1,0.000000,0.00000,0.000000,0.00000,LOW,false,false,true,false,
3873,2026-09-11T16:11:27.981317+00:00,387.300432,relay_power_5v1,0.000000,0.00000,0.000000,0.00000,LOW,false,false,true,false,
3874,2026-09-11T16:11:28.081262+00:00,387.400418,relay_power_5v1,0.000000,0.00000,0.000000,0.00000,LOW,false,false,true,false,
3875,2026-09-11T16:11:28.180884+00:00,387.500377,relay_power_5v1,0.000000,0.00000,0.000000,0.00000,LOW,false,false,true,false,
3876,2026-09-11T16:11:28.280852+00:00,387.600353,relay_power_5v1,0.000000,0.00000,0.000000,0.00000,LOW,false,false,true,false,
3877,2026-09-11T16:11:28.381052+00:00,387.700323,relay_power_5v1,0.000000,0.00000,0.000000,0.00000,LOW,false,false,true,false,
3878,2026-09-11T16:11:28.480777+00:00,387.800306,relay_power_5v1,0.000000,0.00000,0.000000,0.00000,LOW,false,false,true,false,
3879,2026-09-11T16:11:28.581039+00:00,387.900318,relay_power_5v1,0.000000,0.00000,0.000000,0.00000,LOW,false,false,true,false,
3880,2026-09-11T16:11:28.680752+00:00,388.000299,relay_power_5v1,0.000000,0.00000,0.000000,0.00000,LOW,false,false,true,false,
3881,2026-09-11T16:11:28.781043+00:00,388.100311,relay_power_5v1,0.000000,0.00000,0.000000,0.00000,LOW,false,false,true,false,
3882,2026-09-11T16:11:28.880724+00:00,388.200283,relay_power_5v1,0.000000,0.00000,0.000000,0.00000,LOW,false,false,true,false,
3883,2026-09-11T16:11:28.981065+00:00,388.300325,relay_power_5v1,0.000000,0.00000,0.000000,0.00000,LOW,false,false,true,false,
3884,2026-09-11T16:11:29.080813+00:00,388.400328,relay_power_5v1,0.000000,0.00000,0.000000,0.00000,LOW,false,false,true,false,
3885,2026-09-11T16:11:29.181221+00:00,388.500418,relay_power_5v1,0.000000,0.00000,0.000000,0.00000,LOW,false,false,true,false,
3886,2026-09-11T16:11:29.280745+00:00,388.600302,relay_power_5v1,0.000000,0.00000,0.000000,0.00000,LOW,false,false,true,false,
3887,2026-09-11T16:11:29.381105+00:00,388.700353,relay_power_5v1,0.000000,0.00000,0.000000,0.00000,LOW,false,false,true,false,
3888,2026-09-11T16:11:29.480772+00:00,388.800311,relay_power_5v1,0.000000,0.00000,0.000000,0.00000,LOW,false,false,true,false,
3889,2026-09-11T16:11:29.581074+00:00,388.900313,relay_power_5v1,0.000000,0.00000,0.000000,0.00000,LOW,false,false,true,false,
3890,2026-09-11T16:11:29.680931+00:00,389.000293,relay_power_5v1,0.000000,0.00000,0.000000,0.00000,LOW,false,false,true,false,
3891,2026-09-11T16:11:29.781147+00:00,389.100377,relay_power_5v1,0.000000,0.00000,0.000000,0.00000,LOW,false,false,true,false,
3892,2026-09-11T16:11:29.880748+00:00,389.200305,relay_power_5v1,0.000000,0.00000,0.000000,0.00000,LOW,false,false,true,false,
3893,2026-09-11T16:11:29.981035+00:00,389.300313,relay_power_5v1,0.000000,0.00000,0.000000,0.00000,LOW,false,false,true,false,
3894,2026-09-11T16:11:30.080722+00:00,389.400284,relay_power_5v1,0.000000,0.00000,0.000000,0.00000,LOW,false,false,true,false,
3895,2026-09-11T16:11:30.181046+00:00,389.500310,relay_power_5v1,0.000000,0.00000,0.000000,0.00000,LOW,false,false,true,false,
3896,2026-09-11T16:11:30.280722+00:00,389.600287,relay_power_5v1,0.000000,0.00000,0.000000,0.00000,LOW,false,false,true,false,
3897,2026-09-11T16:11:30.381040+00:00,389.700311,relay_power_5v1,0.000000,0.00000,0.000000,0.00000,LOW,false,false,true,false,
3898,2026-09-11T16:11:30.480726+00:00,389.800285,relay_power_5v1,0.000000,0.00000,0.000000,0.00000,LOW,false,false,true,false,
3899,2026-09-11T16:11:30.581042+00:00,389.900312,relay_power_5v1,0.000000,0.00000,0.000000,0.00000,LOW,false,false,true,false,
3900,2026-09-11T16:11:30.680730+00:00,390.000288,relay_power_5v1,0.000000,0.00000,0.000000,0.00000,LOW,false,false,true,false,
3901,2026-09-11T16:11:30.781061+00:00,390.100333,relay_power_5v1,0.000000,0.00000,0.000000,0.00000,LOW,false,false,true,false,
3902,2026-09-11T16:11:30.880724+00:00,390.200292,relay_power_5v1,0.000000,0.00000,0.000000,0.00000,LOW,false,false,true,false,
3903,2026-09-11T16:11:30.981043+00:00,390.300312,relay_power_5v1,0.000000,0.00000,0.000000,0.00000,LOW,false,false,true,false,
3904,2026-09-11T16:11:31.080721+00:00,390.400284,relay_power_5v1,0.000000,0.00000,0.000000,0.00000,LOW,false,false,true,false,
3905,2026-09-11T16:11:31.181045+00:00,390.500313,relay_power_5v1,0.000000,0.00000,0.000000,0.00000,LOW,false,false,true,false,
3906,2026-09-11T16:11:31.280725+00:00,390.600281,relay_power_5v1,0.000000,0.00000,0.000000,0.00000,LOW,false,false,true,false,
3907,2026-09-11T16:11:31.381039+00:00,390.700316,relay_power_5v1,0.000000,0.00000,0.000000,0.00000,LOW,false,false,true,false,
3908,2026-09-11T16:11:31.480732+00:00,390.800289,relay_power_5v1,0.000000,0.00000,0.000000,0.00000,LOW,false,false,true,false,
3909,2026-09-11T16:11:31.581033+00:00,390.900309,relay_power_5v1,0.000000,0.00000,0.000000,0.00000,LOW,false,false,true,false,
3910,2026-09-11T16:11:31.680733+00:00,391.000287,relay_power_5v1,0.000000,0.00000,0.000000,0.00000,LOW,false,false,true,false,
3911,2026-09-11T16:11:31.781055+00:00,391.100319,relay_power_5v1,0.000000,0.00000,0.000000,0.00000,LOW,false,false,true,false,
3912,2026-09-11T16:11:31.880737+00:00,391.200287,relay_power_5v1,0.000000,0.00000,0.000000,0.00000,LOW,false,false,true,false,
3913,2026-09-11T16:11:31.981038+00:00,391.300314,relay_power_5v1,0.000000,0.00000,0.000000,0.00000,LOW,false,false,true,false,
3914,2026-09-11T16:11:32.080723+00:00,391.400285,relay_power_5v1,0.000000,0.00000,0.000000,0.00000,LOW,false,false,true,false,
3915,2026-09-11T16:11:32.181041+00:00,391.500310,relay_power_5v1,0.000000,0.00000,0.000000,0.00000,LOW,false,false,true,false,
3916,2026-09-11T16:11:32.280738+00:00,391.600287,relay_power_5v1,0.000000,0.00000,0.000000,0.00000,LOW,false,false,true,false,
3917,2026-09-11T16:11:32.381041+00:00,391.700315,relay_power_5v1,0.000000,0.00000,0.000000,0.00000,LOW,false,false,true,false,
3918,2026-09-11T16:11:32.480719+00:00,391.800282,relay_power_5v1,0.000000,0.00000,0.000000,0.00000,LOW,false,false,true,false,
3919,2026-09-11T16:11:32.581053+00:00,391.900317,relay_power_5v1,0.000000,0.00000,0.000000,0.00000,LOW,false,false,true,false,
3920,2026-09-11T16:11:32.681052+00:00,392.000317,relay_power_5v1,0.000000,0.00000,0.000000,0.00000,LOW,false,false,true,false,
3921,2026-09-11T16:11:32.780752+00:00,392.100298,relay_power_5v1,0.000000,0.00000,0.000000,0.00000,LOW,false,false,true,false,
3922,2026-09-11T16:11:32.881037+00:00,392.200315,relay_power_5v1,0.000000,0.00000,0.000000,0.00000,LOW,false,false,true,false,
3923,2026-09-11T16:11:32.980739+00:00,392.300286,relay_power_5v1,0.000000,0.00000,0.000000,0.00000,LOW,false,false,true,false,
3924,2026-09-11T16:11:33.081039+00:00,392.400311,relay_power_5v1,0.000000,0.00000,0.000000,0.00000,LOW,false,false,true,false,
3925,2026-09-11T16:11:33.180720+00:00,392.500280,relay_power_5v1,0.000000,0.00000,0.000000,0.00000,LOW,false,false,true,false,
3926,2026-09-11T16:11:33.281039+00:00,392.600310,relay_power_5v1,0.000000,0.00000,0.000000,0.00000,LOW,false,false,true,false,
3927,2026-09-11T16:11:33.380864+00:00,392.700354,relay_power_5v1,0.000000,0.00000,0.000000,0.00000,LOW,false,false,true,false,
3928,2026-09-11T16:11:33.481053+00:00,392.800324,relay_power_5v1,0.000000,0.00000,0.000000,0.00000,LOW,false,false,true,false,
3929,2026-09-11T16:11:33.580742+00:00,392.900291,relay_power_5v1,0.000000,0.00000,0.000000,0.00000,LOW,false,false,true,false,
3930,2026-09-11T16:11:33.681039+00:00,393.000315,relay_power_5v1,0.000000,0.00000,0.000000,0.00000,LOW,false,false,true,false,
3931,2026-09-11T16:11:33.780740+00:00,393.100293,relay_power_5v1,0.000000,0.00000,0.000000,0.00000,LOW,false,false,true,false,
3932,2026-09-11T16:11:33.881053+00:00,393.200322,relay_power_5v1,0.000000,0.00000,0.000000,0.00000,LOW,false,false,true,false,
3933,2026-09-11T16:11:33.981070+00:00,393.300332,relay_power_5v1,0.000000,0.00000,0.000000,0.00000,LOW,false,false,true,false,
3934,2026-09-11T16:11:34.080728+00:00,393.400290,relay_power_5v1,0.000000,0.00000,0.000000,0.00000,LOW,false,false,true,false,
3935,2026-09-11T16:11:34.181038+00:00,393.500312,relay_power_5v1,0.000000,0.00000,0.000000,0.00000,LOW,false,false,true,false,
3936,2026-09-11T16:11:34.280729+00:00,393.600286,relay_power_5v1,0.000000,0.00000,0.000000,0.00000,LOW,false,false,true,false,
3937,2026-09-11T16:11:34.381035+00:00,393.700307,relay_power_5v1,0.000000,0.00000,0.000000,0.00000,LOW,false,false,true,false,
3938,2026-09-11T16:11:34.480809+00:00,393.800313,relay_power_5v1,0.000000,0.00000,0.000000,0.00000,LOW,false,false,true,false,
3939,2026-09-11T16:11:34.580986+00:00,393.900288,relay_power_5v1,0.000000,0.00000,0.000000,0.00000,LOW,false,false,true,false,
3940,2026-09-11T16:11:34.680845+00:00,394.000322,relay_power_5v1,0.000000,0.00000,0.000000,0.00000,LOW,false,false,true,false,
3941,2026-09-11T16:11:34.781066+00:00,394.100393,relay_power_5v1,0.000000,0.00000,0.000000,0.00000,LOW,false,false,true,false,
3942,2026-09-11T16:11:34.880839+00:00,394.200324,relay_power_5v1,0.000000,0.00000,0.000000,0.00000,LOW,false,false,true,false,
3943,2026-09-11T16:11:34.980818+00:00,394.300331,relay_power_5v1,0.000000,0.00000,0.000000,0.00000,LOW,false,false,true,false,
3944,2026-09-11T16:11:35.081150+00:00,394.400373,relay_power_5v1,0.000000,0.00000,0.000000,0.00000,LOW,false,false,true,false,
3945,2026-09-11T16:11:35.180866+00:00,394.500344,relay_power_5v1,0.000000,0.00000,0.000000,0.00000,LOW,false,false,true,false,
3946,2026-09-11T16:11:35.281035+00:00,394.600316,relay_power_5v1,0.000000,0.00000,0.000000,0.00000,LOW,false,false,true,false,
3947,2026-09-11T16:11:35.380841+00:00,394.700326,relay_power_5v1,0.000000,0.00000,0.000000,0.00000,LOW,false,false,true,false,
3948,2026-09-11T16:11:35.480977+00:00,394.800304,relay_power_5v1,0.000000,0.00000,0.000000,0.00000,LOW,false,false,true,false,
3949,2026-09-11T16:11:35.580838+00:00,394.900324,relay_power_5v1,0.000000,0.00000,0.000000,0.00000,LOW,false,false,true,false,
3950,2026-09-11T16:11:35.681135+00:00,395.000285,relay_power_5v1,0.000000,0.00000,0.000000,0.00000,LOW,false,false,true,false,
3951,2026-09-11T16:11:35.780955+00:00,395.100371,relay_power_5v1,0.000000,0.00000,0.000000,0.00000,LOW,false,false,true,false,
3952,2026-09-11T16:11:35.880968+00:00,395.200304,relay_power_5v1,0.000000,0.00000,0.000000,0.00000,LOW,false,false,true,false,
3953,2026-09-11T16:11:35.980819+00:00,395.300310,relay_power_5v1,0.000000,0.00000,0.000000,0.00000,LOW,false,false,true,false,
3954,2026-09-11T16:11:36.080931+00:00,395.400282,relay_power_5v1,0.000000,0.00000,0.000000,0.00000,LOW,false,false,true,false,
3955,2026-09-11T16:11:36.180813+00:00,395.500310,relay_power_5v1,0.000000,0.00000,0.000000,0.00000,LOW,false,false,true,false,
3956,2026-09-11T16:11:36.281581+00:00,395.600653,estop_released_dcplus_5v1_power_led_only_no_click,0.000000,0.00000,0.000000,0.00000,LOW,false,false,true,false,mark:estop_released_dcplus_5v1_power_led_only_no_click
3957,2026-09-11T16:11:36.381070+00:00,395.700406,estop_released_dcplus_5v1_power_led_only_no_click,0.000000,0.00000,0.000000,0.00000,LOW,false,false,true,false,
3958,2026-09-11T16:11:36.480958+00:00,395.800379,estop_released_dcplus_5v1_power_led_only_no_click,0.000000,0.00000,0.000000,0.00000,LOW,false,false,true,false,
3959,2026-09-11T16:11:36.581036+00:00,395.900391,estop_released_dcplus_5v1_power_led_only_no_click,0.000000,0.00000,0.000000,0.00000,LOW,false,false,true,false,
3960,2026-09-11T16:11:36.681107+00:00,396.000389,estop_released_dcplus_5v1_power_led_only_no_click,0.000000,0.00000,0.000000,0.00000,LOW,false,false,true,false,
3961,2026-09-11T16:11:36.781330+00:00,396.100421,estop_released_dcplus_5v1_power_led_only_no_click,0.000000,0.00000,0.000000,0.00000,LOW,false,false,true,false,
3962,2026-09-11T16:11:36.881179+00:00,396.200390,estop_released_dcplus_5v1_power_led_only_no_click,0.000000,0.00000,0.000000,0.00000,LOW,false,false,true,false,
3963,2026-09-11T16:11:36.981229+00:00,396.300420,estop_released_dcplus_5v1_power_led_only_no_click,0.000000,0.00000,0.000000,0.00000,LOW,false,false,true,false,
3964,2026-09-11T16:11:37.081040+00:00,396.400386,estop_released_dcplus_5v1_power_led_only_no_click,0.000000,0.00000,0.000000,0.00000,LOW,false,false,true,false,
3965,2026-09-11T16:11:37.181062+00:00,396.500384,estop_released_dcplus_5v1_power_led_only_no_click,0.000000,0.00000,0.000000,0.00000,LOW,false,false,true,false,
3966,2026-09-11T16:11:37.281153+00:00,396.600423,estop_released_dcplus_5v1_power_led_only_no_click,0.000000,0.00000,0.000000,0.00000,LOW,false,false,true,false,
3967,2026-09-11T16:11:37.381187+00:00,396.700391,estop_released_dcplus_5v1_power_led_only_no_click,0.000000,0.00000,0.000000,0.00000,LOW,false,false,true,false,
3968,2026-09-11T16:11:37.481379+00:00,396.800441,estop_released_dcplus_5v1_power_led_only_no_click,0.000000,0.00000,0.000000,0.00000,LOW,false,false,true,false,
3969,2026-09-11T16:11:37.580979+00:00,396.900378,estop_released_dcplus_5v1_power_led_only_no_click,0.000000,0.00000,0.000000,0.00000,LOW,false,false,true,false,
3970,2026-09-11T16:11:37.680984+00:00,397.000331,estop_released_dcplus_5v1_power_led_only_no_click,0.000000,0.00000,0.000000,0.00000,LOW,false,false,true,false,
3971,2026-09-11T16:11:37.780808+00:00,397.100288,estop_released_dcplus_5v1_power_led_only_no_click,0.000000,0.00000,0.000000,0.00000,LOW,false,false,true,false,
3972,2026-09-11T16:11:37.881033+00:00,397.200312,estop_released_dcplus_5v1_power_led_only_no_click,0.000000,0.00000,0.000000,0.00000,LOW,false,false,true,false,
3973,2026-09-11T16:11:37.980803+00:00,397.300286,estop_released_dcplus_5v1_power_led_only_no_click,0.000000,0.00000,0.000000,0.00000,LOW,false,false,true,false,
3974,2026-09-11T16:11:38.080963+00:00,397.400307,estop_released_dcplus_5v1_power_led_only_no_click,0.000000,0.00000,0.000000,0.00000,LOW,false,false,true,false,
3975,2026-09-11T16:11:38.180796+00:00,397.500279,estop_released_dcplus_5v1_power_led_only_no_click,0.000000,0.00000,0.000000,0.00000,LOW,false,false,true,false,
3976,2026-09-11T16:11:38.280952+00:00,397.600308,estop_released_dcplus_5v1_power_led_only_no_click,0.000000,0.00000,0.000000,0.00000,LOW,false,false,true,false,
3977,2026-09-11T16:11:38.380805+00:00,397.700283,estop_released_dcplus_5v1_power_led_only_no_click,0.000000,0.00000,0.000000,0.00000,LOW,false,false,true,false,
3978,2026-09-11T16:11:38.481086+00:00,397.800379,estop_released_dcplus_5v1_power_led_only_no_click,0.000000,0.00000,0.000000,0.00000,LOW,false,false,true,false,
3979,2026-09-11T16:11:38.580821+00:00,397.900298,estop_released_dcplus_5v1_power_led_only_no_click,0.000000,0.00000,0.000000,0.00000,LOW,false,false,true,false,
3980,2026-09-11T16:11:38.680984+00:00,398.000312,estop_released_dcplus_5v1_power_led_only_no_click,0.000000,0.00000,0.000000,0.00000,LOW,false,false,true,false,
3981,2026-09-11T16:11:38.780823+00:00,398.100298,estop_released_dcplus_5v1_power_led_only_no_click,0.000000,0.00000,0.000000,0.00000,LOW,false,false,true,false,
3982,2026-09-11T16:11:38.880970+00:00,398.200313,estop_released_dcplus_5v1_power_led_only_no_click,0.000000,0.00000,0.000000,0.00000,LOW,false,false,true,false,
3983,2026-09-11T16:11:38.980818+00:00,398.300290,estop_released_dcplus_5v1_power_led_only_no_click,0.000000,0.00000,0.000000,0.00000,LOW,false,false,true,false,
3984,2026-09-11T16:11:39.080992+00:00,398.400312,estop_released_dcplus_5v1_power_led_only_no_click,0.000000,0.00000,0.000000,0.00000,LOW,false,false,true,false,
3985,2026-09-11T16:11:39.180776+00:00,398.500282,estop_released_dcplus_5v1_power_led_only_no_click,0.000000,0.00000,0.000000,0.00000,LOW,false,false,true,false,
3986,2026-09-11T16:11:39.281044+00:00,398.600308,estop_released_dcplus_5v1_power_led_only_no_click,0.000000,0.00000,0.000000,0.00000,LOW,false,false,true,false,
3987,2026-09-11T16:11:39.380717+00:00,398.700281,estop_released_dcplus_5v1_power_led_only_no_click,0.000000,0.00000,0.000000,0.00000,LOW,false,false,true,false,
3988,2026-09-11T16:11:39.481130+00:00,398.800312,estop_released_dcplus_5v1_power_led_only_no_click,0.000000,0.00000,0.000000,0.00000,LOW,false,false,true,false,
3989,2026-09-11T16:11:39.580735+00:00,398.900289,estop_released_dcplus_5v1_power_led_only_no_click,0.000000,0.00000,0.000000,0.00000,LOW,false,false,true,false,
3990,2026-09-11T16:11:39.681046+00:00,399.000311,estop_released_dcplus_5v1_power_led_only_no_click,0.000000,0.00000,0.000000,0.00000,LOW,false,false,true,false,
3991,2026-09-11T16:11:39.780765+00:00,399.100301,estop_released_dcplus_5v1_power_led_only_no_click,0.000000,0.00000,0.000000,0.00000,LOW,false,false,true,false,
3992,2026-09-11T16:11:39.881037+00:00,399.200313,estop_released_dcplus_5v1_power_led_only_no_click,0.000000,0.00000,0.000000,0.00000,LOW,false,false,true,false,
3993,2026-09-11T16:11:39.980745+00:00,399.300289,estop_released_dcplus_5v1_power_led_only_no_click,0.000000,0.00000,0.000000,0.00000,LOW,false,false,true,false,
3994,2026-09-11T16:11:40.081215+00:00,399.400405,estop_released_dcplus_5v1_power_led_only_no_click,0.000000,0.00000,0.000000,0.00000,LOW,false,false,true,false,
3995,2026-09-11T16:11:40.180739+00:00,399.500299,estop_released_dcplus_5v1_power_led_only_no_click,0.000000,0.00000,0.000000,0.00000,LOW,false,false,true,false,
3996,2026-09-11T16:11:40.281040+00:00,399.600318,estop_released_dcplus_5v1_power_led_only_no_click,0.000000,0.00000,0.000000,0.00000,LOW,false,false,true,false,
3997,2026-09-11T16:11:40.380736+00:00,399.700289,estop_released_dcplus_5v1_power_led_only_no_click,0.000000,0.00000,0.000000,0.00000,LOW,false,false,true,false,
3998,2026-09-11T16:11:40.481055+00:00,399.800319,estop_released_dcplus_5v1_power_led_only_no_click,0.000000,0.00000,0.000000,0.00000,LOW,false,false,true,false,
3999,2026-09-11T16:11:40.580746+00:00,399.900293,estop_released_dcplus_5v1_power_led_only_no_click,0.000000,0.00000,0.000000,0.00000,LOW,false,false,true,false,
4000,2026-09-11T16:11:40.681041+00:00,400.000318,estop_released_dcplus_5v1_power_led_only_no_click,0.000000,0.00000,0.000000,0.00000,LOW,false,false,true,false,
4001,2026-09-11T16:11:40.780740+00:00,400.100289,estop_released_dcplus_5v1_power_led_only_no_click,0.000000,0.00000,0.000000,0.00000,LOW,false,false,true,false,
4002,2026-09-11T16:11:40.881037+00:00,400.200313,estop_released_dcplus_5v1_power_led_only_no_click,0.000000,0.00000,0.000000,0.00000,LOW,false,false,true,false,
4003,2026-09-11T16:11:40.980748+00:00,400.300294,estop_released_dcplus_5v1_power_led_only_no_click,0.000000,0.00000,0.000000,0.00000,LOW,false,false,true,false,
4004,2026-09-11T16:11:41.081039+00:00,400.400314,estop_released_dcplus_5v1_power_led_only_no_click,0.000000,0.00000,0.000000,0.00000,LOW,false,false,true,false,
4005,2026-09-11T16:11:41.180735+00:00,400.500286,estop_released_dcplus_5v1_power_led_only_no_click,0.000000,0.00000,0.000000,0.00000,LOW,false,false,true,false,
4006,2026-09-11T16:11:41.281232+00:00,400.600426,estop_released_dcplus_5v1_power_led_only_no_click,0.000000,0.00000,0.000000,0.00000,LOW,false,false,true,false,
4007,2026-09-11T16:11:41.380751+00:00,400.700305,estop_released_dcplus_5v1_power_led_only_no_click,0.000000,0.00000,0.000000,0.00000,LOW,false,false,true,false,
4008,2026-09-11T16:11:41.481136+00:00,400.800368,estop_released_dcplus_5v1_power_led_only_no_click,0.000000,0.00000,0.000000,0.00000,LOW,false,false,true,false,
4009,2026-09-11T16:11:41.580764+00:00,400.900308,estop_released_dcplus_5v1_power_led_only_no_click,0.000000,0.00000,0.000000,0.00000,LOW,false,false,true,false,
4010,2026-09-11T16:11:41.681284+00:00,401.000335,estop_released_dcplus_5v1_power_led_only_no_click,0.000000,0.00000,0.000000,0.00000,LOW,false,false,true,false,
4011,2026-09-11T16:11:41.780828+00:00,401.100345,estop_released_dcplus_5v1_power_led_only_no_click,0.000000,0.00000,0.000000,0.00000,LOW,false,false,true,false,
4012,2026-09-11T16:11:41.881051+00:00,401.200324,estop_released_dcplus_5v1_power_led_only_no_click,0.000000,0.00000,0.000000,0.00000,LOW,false,false,true,false,
4013,2026-09-11T16:11:41.980740+00:00,401.300289,estop_released_dcplus_5v1_power_led_only_no_click,0.000000,0.00000,0.000000,0.00000,LOW,false,false,true,false,
4014,2026-09-11T16:11:42.081038+00:00,401.400317,estop_released_dcplus_5v1_power_led_only_no_click,0.000000,0.00000,0.000000,0.00000,LOW,false,false,true,false,
4015,2026-09-11T16:11:42.180721+00:00,401.500284,estop_released_dcplus_5v1_power_led_only_no_click,0.000000,0.00000,0.000000,0.00000,LOW,false,false,true,false,
4016,2026-09-11T16:11:42.281039+00:00,401.600312,estop_released_dcplus_5v1_power_led_only_no_click,0.000000,0.00000,0.000000,0.00000,LOW,false,false,true,false,
4017,2026-09-11T16:11:42.380722+00:00,401.700284,estop_released_dcplus_5v1_power_led_only_no_click,0.000000,0.00000,0.000000,0.00000,LOW,false,false,true,false,
4018,2026-09-11T16:11:42.481058+00:00,401.800316,estop_released_dcplus_5v1_power_led_only_no_click,0.000000,0.00000,0.000000,0.00000,LOW,false,false,true,false,
4019,2026-09-11T16:11:42.580753+00:00,401.900298,estop_released_dcplus_5v1_power_led_only_no_click,0.000000,0.00000,0.000000,0.00000,LOW,false,false,true,false,
4020,2026-09-11T16:11:42.681087+00:00,402.000327,estop_released_dcplus_5v1_power_led_only_no_click,0.000000,0.00000,0.000000,0.00000,LOW,false,false,true,false,
4021,2026-09-11T16:11:42.780751+00:00,402.100302,estop_released_dcplus_5v1_power_led_only_no_click,0.000000,0.00000,0.000000,0.00000,LOW,false,false,true,false,
4022,2026-09-11T16:11:42.881037+00:00,402.200313,estop_released_dcplus_5v1_power_led_only_no_click,0.000000,0.00000,0.000000,0.00000,LOW,false,false,true,false,
4023,2026-09-11T16:11:42.980735+00:00,402.300280,estop_released_dcplus_5v1_power_led_only_no_click,0.000000,0.00000,0.000000,0.00000,LOW,false,false,true,false,
4024,2026-09-11T16:11:43.081059+00:00,402.400322,estop_released_dcplus_5v1_power_led_only_no_click,0.000000,0.00000,0.000000,0.00000,LOW,false,false,true,false,
4025,2026-09-11T16:11:43.180729+00:00,402.500288,estop_released_dcplus_5v1_power_led_only_no_click,0.000000,0.00000,-0.002000,-0.01212,LOW,false,false,true,false,
4026,2026-09-11T16:11:43.281047+00:00,402.600309,estop_released_dcplus_5v1_power_led_only_no_click,0.000000,0.00000,0.000000,0.00000,LOW,false,false,true,false,
4027,2026-09-11T16:11:43.380958+00:00,402.700425,estop_released_dcplus_5v1_power_led_only_no_click,0.000000,0.00000,0.000000,0.00000,LOW,false,false,true,false,
4028,2026-09-11T16:11:43.481045+00:00,402.800325,estop_released_dcplus_5v1_power_led_only_no_click,0.000000,0.00000,0.000000,0.00000,LOW,false,false,true,false,
4029,2026-09-11T16:11:43.580887+00:00,402.900369,estop_released_dcplus_5v1_power_led_only_no_click,0.000000,0.00000,0.000000,0.00000,LOW,false,false,true,false,
4030,2026-09-11T16:11:43.681056+00:00,403.000331,estop_released_dcplus_5v1_power_led_only_no_click,0.000000,0.00000,0.000000,0.00000,LOW,false,false,true,false,
4031,2026-09-11T16:11:43.780755+00:00,403.100301,estop_released_dcplus_5v1_power_led_only_no_click,0.000000,0.00000,0.000000,0.00000,LOW,false,false,true,false,
4032,2026-09-11T16:11:43.881037+00:00,403.200316,estop_released_dcplus_5v1_power_led_only_no_click,0.000000,0.00000,0.000000,0.00000,LOW,false,false,true,false,
4033,2026-09-11T16:11:43.980722+00:00,403.300286,estop_released_dcplus_5v1_power_led_only_no_click,0.000000,0.00000,0.000000,0.00000,LOW,false,false,true,false,
4034,2026-09-11T16:11:44.081053+00:00,403.400322,estop_released_dcplus_5v1_power_led_only_no_click,0.000000,0.00000,0.000000,0.00000,LOW,false,false,true,false,
4035,2026-09-11T16:11:44.180778+00:00,403.500309,estop_released_dcplus_5v1_power_led_only_no_click,0.000000,0.00000,0.000000,0.00000,LOW,false,false,true,false,
4036,2026-09-11T16:11:44.281040+00:00,403.600321,estop_released_dcplus_5v1_power_led_only_no_click,0.000000,0.00000,0.000000,0.00000,LOW,false,false,true,false,
4037,2026-09-11T16:11:44.380727+00:00,403.700286,estop_released_dcplus_5v1_power_led_only_no_click,0.000000,0.00000,0.000000,0.00000,LOW,false,false,true,false,
4038,2026-09-11T16:11:44.481040+00:00,403.800311,estop_released_dcplus_5v1_power_led_only_no_click,0.000000,0.00000,0.000000,0.00000,LOW,false,false,true,false,
4039,2026-09-11T16:11:44.580738+00:00,403.900291,estop_released_dcplus_5v1_power_led_only_no_click,0.000000,0.00000,0.000000,0.00000,LOW,false,false,true,false,
4040,2026-09-11T16:11:44.681042+00:00,404.000308,estop_released_dcplus_5v1_power_led_only_no_click,0.000000,0.00000,0.000000,0.00000,LOW,false,false,true,false,
4041,2026-09-11T16:11:44.780718+00:00,404.100282,estop_released_dcplus_5v1_power_led_only_no_click,0.000000,0.00000,0.000000,0.00000,LOW,false,false,true,false,
4042,2026-09-11T16:11:44.881040+00:00,404.200314,estop_released_dcplus_5v1_power_led_only_no_click,0.000000,0.00000,0.000000,0.00000,LOW,false,false,true,false,
4043,2026-09-11T16:11:44.980724+00:00,404.300283,estop_released_dcplus_5v1_power_led_only_no_click,0.000000,0.00000,0.000000,0.00000,LOW,false,false,true,false,
4044,2026-09-11T16:11:45.081066+00:00,404.400328,estop_released_dcplus_5v1_power_led_only_no_click,0.000000,0.00000,0.000000,0.00000,LOW,false,false,true,false,
4045,2026-09-11T16:11:45.180727+00:00,404.500288,estop_released_dcplus_5v1_power_led_only_no_click,0.000000,0.00000,0.000000,0.00000,LOW,false,false,true,false,
4046,2026-09-11T16:11:45.281043+00:00,404.600319,estop_released_dcplus_5v1_power_led_only_no_click,0.000000,0.00000,0.000000,0.00000,LOW,false,false,true,false,
4047,2026-09-11T16:11:45.380726+00:00,404.700285,estop_released_dcplus_5v1_power_led_only_no_click,0.000000,0.00000,0.000000,0.00000,LOW,false,false,true,false,
4048,2026-09-11T16:11:45.481044+00:00,404.800316,estop_released_dcplus_5v1_power_led_only_no_click,0.000000,0.00000,0.000000,0.00000,LOW,false,false,true,false,
4049,2026-09-11T16:11:45.580743+00:00,404.900294,estop_released_dcplus_5v1_power_led_only_no_click,0.000000,0.00000,0.000000,0.00000,LOW,false,false,true,false,
4050,2026-09-11T16:11:45.681042+00:00,405.000311,estop_released_dcplus_5v1_power_led_only_no_click,0.000000,0.00000,0.000000,0.00000,LOW,false,false,true,false,
4051,2026-09-11T16:11:45.780735+00:00,405.100285,estop_released_dcplus_5v1_power_led_only_no_click,0.000000,0.00000,0.000000,0.00000,LOW,false,false,true,false,
4052,2026-09-11T16:11:45.881057+00:00,405.200322,estop_released_dcplus_5v1_power_led_only_no_click,0.000000,0.00000,0.000000,0.00000,LOW,false,false,true,false,
4053,2026-09-11T16:11:45.980727+00:00,405.300284,estop_released_dcplus_5v1_power_led_only_no_click,0.000000,0.00000,0.000000,0.00000,LOW,false,false,true,false,
4054,2026-09-11T16:11:46.081052+00:00,405.400315,estop_released_dcplus_5v1_power_led_only_no_click,0.000000,0.00000,0.000000,0.00000,LOW,false,false,true,false,
4055,2026-09-11T16:11:46.180729+00:00,405.500290,estop_released_dcplus_5v1_power_led_only_no_click,0.000000,0.00000,0.000000,0.00000,LOW,false,false,true,false,
4056,2026-09-11T16:11:46.281039+00:00,405.600315,estop_released_dcplus_5v1_power_led_only_no_click,0.000000,0.00000,0.000000,0.00000,LOW,false,false,true,false,
4057,2026-09-11T16:11:46.380730+00:00,405.700287,estop_released_dcplus_5v1_power_led_only_no_click,0.000000,0.00000,0.000000,0.00000,LOW,false,false,true,false,
4058,2026-09-11T16:11:46.481036+00:00,405.800311,estop_released_dcplus_5v1_power_led_only_no_click,0.000000,0.00000,0.000000,0.00000,LOW,false,false,true,false,
4059,2026-09-11T16:11:46.580951+00:00,405.900400,estop_released_dcplus_5v1_power_led_only_no_click,0.000000,0.00000,0.000000,0.00000,LOW,false,false,true,false,
4060,2026-09-11T16:11:46.680753+00:00,406.000307,estop_released_dcplus_5v1_power_led_only_no_click,0.000000,0.00000,0.000000,0.00000,LOW,false,false,true,false,
4061,2026-09-11T16:11:46.781237+00:00,406.100423,estop_released_dcplus_5v1_power_led_only_no_click,0.000000,0.00000,0.000000,0.00000,LOW,false,false,true,false,
4062,2026-09-11T16:11:46.880755+00:00,406.200303,estop_released_dcplus_5v1_power_led_only_no_click,0.000000,0.00000,0.000000,0.00000,LOW,false,false,true,false,
4063,2026-09-11T16:11:46.981237+00:00,406.300425,estop_released_dcplus_5v1_power_led_only_no_click,0.000000,0.00000,0.000000,0.00000,LOW,false,false,true,false,
4064,2026-09-11T16:11:47.080806+00:00,406.400335,estop_released_dcplus_5v1_power_led_only_no_click,0.000000,0.00000,0.000000,0.00000,LOW,false,false,true,false,
4065,2026-09-11T16:11:47.181342+00:00,406.500430,estop_released_dcplus_5v1_power_led_only_no_click,0.000000,0.00000,0.000000,0.00000,LOW,false,false,true,false,
4066,2026-09-11T16:11:47.280842+00:00,406.600351,estop_released_dcplus_5v1_power_led_only_no_click,0.000000,0.00000,0.000000,0.00000,LOW,false,false,true,false,
4067,2026-09-11T16:11:47.381072+00:00,406.700340,estop_released_dcplus_5v1_power_led_only_no_click,0.000000,0.00000,0.000000,0.00000,LOW,false,false,true,false,
4068,2026-09-11T16:11:47.480946+00:00,406.800398,estop_released_dcplus_5v1_power_led_only_no_click,0.000000,0.00000,0.000000,0.00000,LOW,false,false,true,false,
4069,2026-09-11T16:11:47.581206+00:00,406.900404,estop_released_dcplus_5v1_power_led_only_no_click,0.000000,0.00000,0.000000,0.00000,LOW,false,false,true,false,
4070,2026-09-11T16:11:47.681034+00:00,407.000314,estop_released_dcplus_5v1_power_led_only_no_click,0.000000,0.00000,0.000000,0.00000,LOW,false,false,true,false,
4071,2026-09-11T16:11:47.781182+00:00,407.100393,estop_released_dcplus_5v1_power_led_only_no_click,0.000000,0.00000,0.000000,0.00000,LOW,false,false,true,false,
4072,2026-09-11T16:11:47.881067+00:00,407.200336,estop_released_dcplus_5v1_power_led_only_no_click,0.000000,0.00000,0.000000,0.00000,LOW,false,false,true,false,
4073,2026-09-11T16:11:47.980783+00:00,407.300314,estop_released_dcplus_5v1_power_led_only_no_click,0.000000,0.00000,0.000000,0.00000,LOW,false,false,true,false,
4074,2026-09-11T16:11:48.081038+00:00,407.400322,estop_released_dcplus_5v1_power_led_only_no_click,0.000000,0.00000,0.000000,0.00000,LOW,false,false,true,false,
4075,2026-09-11T16:11:48.180767+00:00,407.500301,estop_released_dcplus_5v1_power_led_only_no_click,0.000000,0.00000,0.000000,0.00000,LOW,false,false,true,false,
4076,2026-09-11T16:11:48.281073+00:00,407.600336,estop_released_dcplus_5v1_power_led_only_no_click,0.000000,0.00000,0.000000,0.00000,LOW,false,false,true,false,
4077,2026-09-11T16:11:48.380724+00:00,407.700287,estop_released_dcplus_5v1_power_led_only_no_click,0.000000,0.00000,0.000000,0.00000,LOW,false,false,true,false,
4078,2026-09-11T16:11:48.481079+00:00,407.800333,estop_released_dcplus_5v1_power_led_only_no_click,0.000000,0.00000,0.000000,0.00000,LOW,false,false,true,false,
4079,2026-09-11T16:11:48.580731+00:00,407.900291,estop_released_dcplus_5v1_power_led_only_no_click,0.000000,0.00000,0.000000,0.00000,LOW,false,false,true,false,
4080,2026-09-11T16:11:48.680892+00:00,408.000361,estop_released_dcplus_5v1_power_led_only_no_click,0.000000,0.00000,0.000000,0.00000,LOW,false,false,true,false,
4081,2026-09-11T16:11:48.780894+00:00,408.100378,estop_released_dcplus_5v1_power_led_only_no_click,0.000000,0.00000,0.000000,0.00000,LOW,false,false,true,false,
4082,2026-09-11T16:11:48.881058+00:00,408.200329,estop_released_dcplus_5v1_power_led_only_no_click,0.000000,0.00000,0.000000,0.00000,LOW,false,false,true,false,
4083,2026-09-11T16:11:48.980750+00:00,408.300303,estop_released_dcplus_5v1_power_led_only_no_click,0.000000,0.00000,0.000000,0.00000,LOW,false,false,true,false,
4084,2026-09-11T16:11:49.081033+00:00,408.400310,estop_released_dcplus_5v1_power_led_only_no_click,0.000000,0.00000,0.000000,0.00000,LOW,false,false,true,false,
4085,2026-09-11T16:11:49.180775+00:00,408.500306,estop_released_dcplus_5v1_power_led_only_no_click,0.000000,0.00000,0.000000,0.00000,LOW,false,false,true,false,
4086,2026-09-11T16:11:49.280770+00:00,408.600301,estop_released_dcplus_5v1_power_led_only_no_click,0.000000,0.00000,0.000000,0.00000,LOW,false,false,true,false,
4087,2026-09-11T16:11:49.381054+00:00,408.700319,estop_released_dcplus_5v1_power_led_only_no_click,0.000000,0.00000,0.000000,0.00000,LOW,false,false,true,false,
4088,2026-09-11T16:11:49.481211+00:00,408.800407,estop_released_dcplus_5v1_power_led_only_no_click,0.000000,0.00000,0.000000,0.00000,LOW,false,false,true,false,
4089,2026-09-11T16:11:49.580781+00:00,408.900314,estop_released_dcplus_5v1_power_led_only_no_click,0.000000,0.00000,0.000000,0.00000,LOW,false,false,true,false,
4090,2026-09-11T16:11:49.681057+00:00,409.000321,estop_released_dcplus_5v1_power_led_only_no_click,0.000000,0.00000,0.000000,0.00000,LOW,false,false,true,false,
4091,2026-09-11T16:11:49.780737+00:00,409.100292,estop_released_dcplus_5v1_power_led_only_no_click,0.000000,0.00000,0.000000,0.00000,LOW,false,false,true,false,
4092,2026-09-11T16:11:49.881039+00:00,409.200313,estop_released_dcplus_5v1_power_led_only_no_click,0.000000,0.00000,0.000000,0.00000,LOW,false,false,true,false,
4093,2026-09-11T16:11:49.980782+00:00,409.300314,estop_released_dcplus_5v1_power_led_only_no_click,0.000000,0.00000,0.000000,0.00000,LOW,false,false,true,false,
4094,2026-09-11T16:11:50.081033+00:00,409.400315,estop_released_dcplus_5v1_power_led_only_no_click,0.000000,0.00000,0.000000,0.00000,LOW,false,false,true,false,
4095,2026-09-11T16:11:50.180764+00:00,409.500303,estop_released_dcplus_5v1_power_led_only_no_click,0.000000,0.00000,0.000000,0.00000,LOW,false,false,true,false,
4096,2026-09-11T16:11:50.281041+00:00,409.600311,estop_released_dcplus_5v1_power_led_only_no_click,0.000000,0.00000,0.000000,0.00000,LOW,false,false,true,false,
4097,2026-09-11T16:11:50.380741+00:00,409.700291,estop_released_dcplus_5v1_power_led_only_no_click,0.000000,0.00000,0.000000,0.00000,LOW,false,false,true,false,
4098,2026-09-11T16:11:50.481035+00:00,409.800315,estop_released_dcplus_5v1_power_led_only_no_click,0.000000,0.00000,0.000000,0.00000,LOW,false,false,true,false,
4099,2026-09-11T16:11:50.580732+00:00,409.900291,estop_released_dcplus_5v1_power_led_only_no_click,0.000000,0.00000,0.000000,0.00000,LOW,false,false,true,false,
4100,2026-09-11T16:11:50.681305+00:00,410.000407,estop_released_dcplus_5v1_power_led_only_no_click,0.000000,0.00000,0.000000,0.00000,LOW,false,false,true,false,
4101,2026-09-11T16:11:50.780811+00:00,410.100337,estop_released_dcplus_5v1_power_led_only_no_click,0.000000,0.00000,0.000000,0.00000,LOW,false,false,true,false,
4102,2026-09-11T16:11:50.881052+00:00,410.200324,estop_released_dcplus_5v1_power_led_only_no_click,0.000000,0.00000,0.000000,0.00000,LOW,false,false,true,false,
4103,2026-09-11T16:11:50.980747+00:00,410.300294,estop_released_dcplus_5v1_power_led_only_no_click,0.000000,0.00000,0.000000,0.00000,LOW,false,false,true,false,
4104,2026-09-11T16:11:51.081040+00:00,410.400314,estop_released_dcplus_5v1_power_led_only_no_click,0.000000,0.00000,0.000000,0.00000,LOW,false,false,true,false,
4105,2026-09-11T16:11:51.180754+00:00,410.500291,estop_released_dcplus_5v1_power_led_only_no_click,0.000000,0.00000,0.000000,0.00000,LOW,false,false,true,false,
4106,2026-09-11T16:11:51.281063+00:00,410.600330,estop_released_dcplus_5v1_power_led_only_no_click,0.000000,0.00000,0.000000,0.00000,LOW,false,false,true,false,
4107,2026-09-11T16:11:51.380769+00:00,410.700305,estop_released_dcplus_5v1_power_led_only_no_click,0.000000,0.00000,0.000000,0.00000,LOW,false,false,true,false,
4108,2026-09-11T16:11:51.481037+00:00,410.800313,estop_released_dcplus_5v1_power_led_only_no_click,0.000000,0.00000,0.000000,0.00000,LOW,false,false,true,false,
4109,2026-09-11T16:11:51.580727+00:00,410.900284,estop_released_dcplus_5v1_power_led_only_no_click,0.000000,0.00000,0.000000,0.00000,LOW,false,false,true,false,
4110,2026-09-11T16:11:51.681035+00:00,411.000313,estop_released_dcplus_5v1_power_led_only_no_click,0.000000,0.00000,0.000000,0.00000,LOW,false,false,true,false,
4111,2026-09-11T16:11:51.780731+00:00,411.100287,estop_released_dcplus_5v1_power_led_only_no_click,0.000000,0.00000,0.000000,0.00000,LOW,false,false,true,false,
4112,2026-09-11T16:11:51.881043+00:00,411.200311,estop_released_dcplus_5v1_power_led_only_no_click,0.000000,0.00000,0.000000,0.00000,LOW,false,false,true,false,
4113,2026-09-11T16:11:51.980727+00:00,411.300285,estop_released_dcplus_5v1_power_led_only_no_click,0.000000,0.00000,0.000000,0.00000,LOW,false,false,true,false,
4114,2026-09-11T16:11:52.081037+00:00,411.400311,estop_released_dcplus_5v1_power_led_only_no_click,0.000000,0.00000,0.000000,0.00000,LOW,false,false,true,false,
4115,2026-09-11T16:11:52.180719+00:00,411.500281,estop_released_dcplus_5v1_power_led_only_no_click,0.000000,0.00000,0.000000,0.00000,LOW,false,false,true,false,
4116,2026-09-11T16:11:52.281054+00:00,411.600319,estop_released_dcplus_5v1_power_led_only_no_click,0.000000,0.00000,0.000000,0.00000,LOW,false,false,true,false,
4117,2026-09-11T16:11:52.380724+00:00,411.700285,estop_released_dcplus_5v1_power_led_only_no_click,0.000000,0.00000,0.000000,0.00000,LOW,false,false,true,false,
4118,2026-09-11T16:11:52.481038+00:00,411.800305,estop_released_dcplus_5v1_power_led_only_no_click,0.000000,0.00000,0.000000,0.00000,LOW,false,false,true,false,
4119,2026-09-11T16:11:52.580719+00:00,411.900280,estop_released_dcplus_5v1_power_led_only_no_click,0.000000,0.00000,0.000000,0.00000,LOW,false,false,true,false,
4120,2026-09-11T16:11:52.681075+00:00,412.000332,estop_released_dcplus_5v1_power_led_only_no_click,0.000000,0.00000,0.000000,0.00000,LOW,false,false,true,false,
4121,2026-09-11T16:11:52.780730+00:00,412.100289,estop_released_dcplus_5v1_power_led_only_no_click,0.000000,0.00000,0.000000,0.00000,LOW,false,false,true,false,
4122,2026-09-11T16:11:52.881037+00:00,412.200310,estop_released_dcplus_5v1_power_led_only_no_click,0.000000,0.00000,0.000000,0.00000,LOW,false,false,true,false,
4123,2026-09-11T16:11:52.980722+00:00,412.300286,estop_released_dcplus_5v1_power_led_only_no_click,0.000000,0.00000,0.000000,0.00000,LOW,false,false,true,false,
4124,2026-09-11T16:11:53.081150+00:00,412.400314,estop_released_dcplus_5v1_power_led_only_no_click,0.000000,0.00000,0.000000,0.00000,LOW,false,false,true,false,
4125,2026-09-11T16:11:53.180881+00:00,412.500359,estop_released_dcplus_5v1_power_led_only_no_click,0.000000,0.00000,0.000000,0.00000,LOW,false,false,true,false,
4126,2026-09-11T16:11:53.281092+00:00,412.600352,estop_released_dcplus_5v1_power_led_only_no_click,0.000000,0.00000,0.000000,0.00000,LOW,false,false,true,false,
4127,2026-09-11T16:11:53.380729+00:00,412.700291,estop_released_dcplus_5v1_power_led_only_no_click,0.000000,0.00000,0.000000,0.00000,LOW,false,false,true,false,
4128,2026-09-11T16:11:53.481235+00:00,412.800425,estop_released_dcplus_5v1_power_led_only_no_click,0.000000,0.00000,0.000000,0.00000,LOW,false,false,true,false,
4129,2026-09-11T16:11:53.580744+00:00,412.900306,estop_released_dcplus_5v1_power_led_only_no_click,0.000000,0.00000,0.000000,0.00000,LOW,false,false,true,false,
4130,2026-09-11T16:11:53.681238+00:00,413.000313,estop_released_dcplus_5v1_power_led_only_no_click,0.000000,0.00000,0.000000,0.00000,LOW,false,false,true,false,
4131,2026-09-11T16:11:53.781006+00:00,413.100421,estop_released_dcplus_5v1_power_led_only_no_click,0.000000,0.00000,0.000000,0.00000,LOW,false,false,true,false,
4132,2026-09-11T16:11:53.880961+00:00,413.200302,estop_released_dcplus_5v1_power_led_only_no_click,0.000000,0.00000,0.000000,0.00000,LOW,false,false,true,false,
4133,2026-09-11T16:11:53.981005+00:00,413.300447,estop_released_dcplus_5v1_power_led_only_no_click,0.000000,0.00000,0.000000,0.00000,LOW,false,false,true,false,
4134,2026-09-11T16:11:54.080950+00:00,413.400292,estop_released_dcplus_5v1_power_led_only_no_click,0.000000,0.00000,0.000000,0.00000,LOW,false,false,true,false,
4135,2026-09-11T16:11:54.181007+00:00,413.500392,estop_released_dcplus_5v1_power_led_only_no_click,0.000000,0.00000,0.000000,0.00000,LOW,false,false,true,false,
4136,2026-09-11T16:11:54.280764+00:00,413.600308,estop_released_dcplus_5v1_power_led_only_no_click,0.000000,0.00000,0.000000,0.00000,LOW,false,false,true,false,
4137,2026-09-11T16:11:54.380932+00:00,413.700282,estop_released_dcplus_5v1_power_led_only_no_click,0.000000,0.00000,0.000000,0.00000,LOW,false,false,true,false,
4138,2026-09-11T16:11:54.481113+00:00,413.800351,estop_released_dcplus_5v1_power_led_only_no_click,0.000000,0.00000,0.000000,0.00000,LOW,false,false,true,false,
4139,2026-09-11T16:11:54.580834+00:00,413.900317,estop_released_dcplus_5v1_power_led_only_no_click,0.000000,0.00000,0.000000,0.00000,LOW,false,false,true,false,
4140,2026-09-11T16:11:54.681026+00:00,414.000300,estop_released_dcplus_5v1_power_led_only_no_click,0.000000,0.00000,0.000000,0.00000,LOW,false,false,true,false,
4141,2026-09-11T16:11:54.780851+00:00,414.100330,estop_released_dcplus_5v1_power_led_only_no_click,0.000000,0.00000,0.000000,0.00000,LOW,false,false,true,false,
4142,2026-09-11T16:11:54.880929+00:00,414.200283,estop_released_dcplus_5v1_power_led_only_no_click,0.000000,0.00000,0.000000,0.00000,LOW,false,false,true,false,
4143,2026-09-11T16:11:54.980816+00:00,414.300313,estop_released_dcplus_5v1_power_led_only_no_click,0.000000,0.00000,0.000000,0.00000,LOW,false,false,true,false,
4144,2026-09-11T16:11:55.080930+00:00,414.400280,estop_released_dcplus_5v1_power_led_only_no_click,0.000000,0.00000,0.000000,0.00000,LOW,false,false,true,false,
4145,2026-09-11T16:11:55.180864+00:00,414.500332,estop_released_dcplus_5v1_power_led_only_no_click,0.000000,0.00000,0.000000,0.00000,LOW,false,false,true,false,
4146,2026-09-11T16:11:55.280933+00:00,414.600285,estop_released_dcplus_5v1_power_led_only_no_click,0.000000,0.00000,0.000000,0.00000,LOW,false,false,true,false,
4147,2026-09-11T16:11:55.380818+00:00,414.700312,estop_released_dcplus_5v1_power_led_only_no_click,0.000000,0.00000,0.000000,0.00000,LOW,false,false,true,false,
4148,2026-09-11T16:11:55.480938+00:00,414.800284,estop_released_dcplus_5v1_power_led_only_no_click,0.000000,0.00000,0.000000,0.00000,LOW,false,false,true,false,
4149,2026-09-11T16:11:55.580817+00:00,414.900312,estop_released_dcplus_5v1_power_led_only_no_click,0.000000,0.00000,0.000000,0.00000,LOW,false,false,true,false,
4150,2026-09-11T16:11:55.680933+00:00,415.000281,estop_released_dcplus_5v1_power_led_only_no_click,0.000000,0.00000,0.000000,0.00000,LOW,false,false,true,false,
4151,2026-09-11T16:11:55.780842+00:00,415.100317,estop_released_dcplus_5v1_power_led_only_no_click,0.000000,0.00000,0.000000,0.00000,LOW,false,false,true,false,
4152,2026-09-11T16:11:55.880901+00:00,415.200279,estop_released_dcplus_5v1_power_led_only_no_click,0.000000,0.00000,0.000000,0.00000,LOW,false,false,true,false,
4153,2026-09-11T16:11:55.980978+00:00,415.300312,estop_released_dcplus_5v1_power_led_only_no_click,0.000000,0.00000,0.000000,0.00000,LOW,false,false,true,false,
4154,2026-09-11T16:11:56.080904+00:00,415.400281,estop_released_dcplus_5v1_power_led_only_no_click,0.000000,0.00000,0.000000,0.00000,LOW,false,false,true,false,
4155,2026-09-11T16:11:56.181046+00:00,415.500311,estop_released_dcplus_5v1_power_led_only_no_click,0.000000,0.00000,0.000000,0.00000,LOW,false,false,true,false,
4156,2026-09-11T16:11:56.280801+00:00,415.600283,estop_released_dcplus_5v1_power_led_only_no_click,0.000000,0.00000,0.000000,0.00000,LOW,false,false,true,false,
4157,2026-09-11T16:11:56.381063+00:00,415.700317,estop_released_dcplus_5v1_power_led_only_no_click,0.000000,0.00000,0.000000,0.00000,LOW,false,false,true,false,
4158,2026-09-11T16:11:56.480889+00:00,415.800289,estop_released_dcplus_5v1_power_led_only_no_click,0.000000,0.00000,0.000000,0.00000,LOW,false,false,true,false,
4159,2026-09-11T16:11:56.580960+00:00,415.900313,estop_released_dcplus_5v1_power_led_only_no_click,0.000000,0.00000,0.000000,0.00000,LOW,false,false,true,false,
4160,2026-09-11T16:11:56.680803+00:00,416.000285,estop_released_dcplus_5v1_power_led_only_no_click,0.000000,0.00000,0.000000,0.00000,LOW,false,false,true,false,
4161,2026-09-11T16:11:56.780962+00:00,416.100314,estop_released_dcplus_5v1_power_led_only_no_click,0.000000,0.00000,0.000000,0.00000,LOW,false,false,true,false,
4162,2026-09-11T16:11:56.880789+00:00,416.200282,estop_released_dcplus_5v1_power_led_only_no_click,0.000000,0.00000,0.000000,0.00000,LOW,false,false,true,false,
4163,2026-09-11T16:11:56.980968+00:00,416.300308,estop_released_dcplus_5v1_power_led_only_no_click,0.000000,0.00000,0.000000,0.00000,LOW,false,false,true,false,
4164,2026-09-11T16:11:57.080803+00:00,416.400284,estop_released_dcplus_5v1_power_led_only_no_click,0.000000,0.00000,0.000000,0.00000,LOW,false,false,true,false,
4165,2026-09-11T16:11:57.180962+00:00,416.500314,estop_released_dcplus_5v1_power_led_only_no_click,0.000000,0.00000,0.000000,0.00000,LOW,false,false,true,false,
4166,2026-09-11T16:11:57.280798+00:00,416.600282,estop_released_dcplus_5v1_power_led_only_no_click,0.000000,0.00000,0.000000,0.00000,LOW,false,false,true,false,
4167,2026-09-11T16:11:57.380966+00:00,416.700319,estop_released_dcplus_5v1_power_led_only_no_click,0.000000,0.00000,0.000000,0.00000,LOW,false,false,true,false,
4168,2026-09-11T16:11:57.480802+00:00,416.800284,estop_released_dcplus_5v1_power_led_only_no_click,0.000000,0.00000,0.000000,0.00000,LOW,false,false,true,false,
4169,2026-09-11T16:11:57.580961+00:00,416.900309,estop_released_dcplus_5v1_power_led_only_no_click,0.000000,0.00000,0.000000,0.00000,LOW,false,false,true,false,
4170,2026-09-11T16:11:57.680799+00:00,417.000282,estop_released_dcplus_5v1_power_led_only_no_click,0.000000,0.00000,0.000000,0.00000,LOW,false,false,true,false,
4171,2026-09-11T16:11:57.780978+00:00,417.100318,estop_released_dcplus_5v1_power_led_only_no_click,0.000000,0.00000,0.000000,0.00000,LOW,false,false,true,false,
4172,2026-09-11T16:11:57.880806+00:00,417.200281,estop_released_dcplus_5v1_power_led_only_no_click,0.000000,0.00000,0.000000,0.00000,LOW,false,false,true,false,
4173,2026-09-11T16:11:57.980991+00:00,417.300314,estop_released_dcplus_5v1_power_led_only_no_click,0.000000,0.00000,0.000000,0.00000,LOW,false,false,true,false,
4174,2026-09-11T16:11:58.080777+00:00,417.400281,estop_released_dcplus_5v1_power_led_only_no_click,0.000000,0.00000,0.000000,0.00000,LOW,false,false,true,false,
4175,2026-09-11T16:11:58.181048+00:00,417.500319,estop_released_dcplus_5v1_power_led_only_no_click,0.000000,0.00000,0.000000,0.00000,LOW,false,false,true,false,
4176,2026-09-11T16:11:58.280717+00:00,417.600286,estop_released_dcplus_5v1_power_led_only_no_click,0.000000,0.00000,0.000000,0.00000,LOW,false,false,true,false,
4177,2026-09-11T16:11:58.381129+00:00,417.700317,estop_released_dcplus_5v1_power_led_only_no_click,0.000000,0.00000,0.000000,0.00000,LOW,false,false,true,false,
4178,2026-09-11T16:11:58.480731+00:00,417.800293,estop_released_dcplus_5v1_power_led_only_no_click,0.000000,0.00000,0.000000,0.00000,LOW,false,false,true,false,
4179,2026-09-11T16:11:58.581119+00:00,417.900307,estop_released_dcplus_5v1_power_led_only_no_click,0.000000,0.00000,0.000000,0.00000,LOW,false,false,true,false,
4180,2026-09-11T16:11:58.680742+00:00,418.000289,estop_released_dcplus_5v1_power_led_only_no_click,0.000000,0.00000,0.000000,0.00000,LOW,false,false,true,false,
4181,2026-09-11T16:11:58.781154+00:00,418.100363,estop_released_dcplus_5v1_power_led_only_no_click,0.000000,0.00000,0.000000,0.00000,LOW,false,false,true,false,
4182,2026-09-11T16:11:58.881180+00:00,418.200387,estop_released_dcplus_5v1_power_led_only_no_click,0.000000,0.00000,0.000000,0.00000,LOW,false,false,true,false,
4183,2026-09-11T16:11:58.980753+00:00,418.300308,estop_released_dcplus_5v1_power_led_only_no_click,0.000000,0.00000,0.000000,0.00000,LOW,false,false,true,false,
4184,2026-09-11T16:11:59.081250+00:00,418.400424,estop_released_dcplus_5v1_power_led_only_no_click,0.000000,0.00000,0.000000,0.00000,LOW,false,false,true,false,
4185,2026-09-11T16:11:59.180807+00:00,418.500329,estop_released_dcplus_5v1_power_led_only_no_click,0.000000,0.00000,0.000000,0.00000,LOW,false,false,true,false,
4186,2026-09-11T16:11:59.281044+00:00,418.600324,estop_released_dcplus_5v1_power_led_only_no_click,0.000000,0.00000,0.000000,0.00000,LOW,false,false,true,false,
4187,2026-09-11T16:11:59.380738+00:00,418.700288,estop_released_dcplus_5v1_power_led_only_no_click,0.000000,0.00000,0.000000,0.00000,LOW,false,false,true,false,
4188,2026-09-11T16:11:59.481091+00:00,418.800341,estop_released_dcplus_5v1_power_led_only_no_click,0.000000,0.00000,0.000000,0.00000,LOW,false,false,true,false,
4189,2026-09-11T16:11:59.580731+00:00,418.900292,estop_released_dcplus_5v1_power_led_only_no_click,0.000000,0.00000,0.000000,0.00000,LOW,false,false,true,false,
4190,2026-09-11T16:11:59.681265+00:00,419.000316,estop_released_dcplus_5v1_power_led_only_no_click,0.000000,0.00000,0.000000,0.00000,LOW,false,false,true,false,
4191,2026-09-11T16:11:59.780829+00:00,419.100342,estop_released_dcplus_5v1_power_led_only_no_click,0.000000,0.00000,0.000000,0.00000,LOW,false,false,true,false,
4192,2026-09-11T16:11:59.880728+00:00,419.200294,estop_released_dcplus_5v1_power_led_only_no_click,0.000000,0.00000,0.000000,0.00000,LOW,false,false,true,false,
4193,2026-09-11T16:11:59.981049+00:00,419.300316,estop_released_dcplus_5v1_power_led_only_no_click,0.000000,0.00000,0.000000,0.00000,LOW,false,false,true,false,
4194,2026-09-11T16:12:00.080732+00:00,419.400287,estop_released_dcplus_5v1_power_led_only_no_click,0.000000,0.00000,0.000000,0.00000,LOW,false,false,true,false,
4195,2026-09-11T16:12:00.181052+00:00,419.500317,estop_released_dcplus_5v1_power_led_only_no_click,0.000000,0.00000,0.000000,0.00000,LOW,false,false,true,false,
4196,2026-09-11T16:12:00.280743+00:00,419.600293,estop_released_dcplus_5v1_power_led_only_no_click,0.000000,0.00000,0.000000,0.00000,LOW,false,false,true,false,
4197,2026-09-11T16:12:00.381035+00:00,419.700310,estop_released_dcplus_5v1_power_led_only_no_click,0.000000,0.00000,0.000000,0.00000,LOW,false,false,true,false,
4198,2026-09-11T16:12:00.480739+00:00,419.800291,estop_released_dcplus_5v1_power_led_only_no_click,0.000000,0.00000,0.000000,0.00000,LOW,false,false,true,false,
4199,2026-09-11T16:12:00.581064+00:00,419.900321,estop_released_dcplus_5v1_power_led_only_no_click,0.000000,0.00000,0.000000,0.00000,LOW,false,false,true,false,
4200,2026-09-11T16:12:00.680733+00:00,420.000288,estop_released_dcplus_5v1_power_led_only_no_click,0.000000,0.00000,0.000000,0.00000,LOW,false,false,true,false,
4201,2026-09-11T16:12:00.781059+00:00,420.100313,estop_released_dcplus_5v1_power_led_only_no_click,0.000000,0.00000,0.000000,0.00000,LOW,false,false,true,false,
4202,2026-09-11T16:12:00.880739+00:00,420.200291,estop_released_dcplus_5v1_power_led_only_no_click,0.000000,0.00000,0.000000,0.00000,LOW,false,false,true,false,
4203,2026-09-11T16:12:00.981034+00:00,420.300312,estop_released_dcplus_5v1_power_led_only_no_click,0.000000,0.00000,0.000000,0.00000,LOW,false,false,true,false,
4204,2026-09-11T16:12:01.080730+00:00,420.400288,estop_released_dcplus_5v1_power_led_only_no_click,0.000000,0.00000,0.000000,0.00000,LOW,false,false,true,false,
4205,2026-09-11T16:12:01.181051+00:00,420.500312,estop_released_dcplus_5v1_power_led_only_no_click,0.000000,0.00000,0.000000,0.00000,LOW,false,false,true,false,
4206,2026-09-11T16:12:01.280736+00:00,420.600290,estop_released_dcplus_5v1_power_led_only_no_click,0.000000,0.00000,0.000000,0.00000,LOW,false,false,true,false,
4207,2026-09-11T16:12:01.381055+00:00,420.700312,estop_released_dcplus_5v1_power_led_only_no_click,0.000000,0.00000,0.000000,0.00000,LOW,false,false,true,false,
4208,2026-09-11T16:12:01.480757+00:00,420.800305,estop_released_dcplus_5v1_power_led_only_no_click,0.000000,0.00000,0.000000,0.00000,LOW,false,false,true,false,
4209,2026-09-11T16:12:01.581035+00:00,420.900315,estop_released_dcplus_5v1_power_led_only_no_click,0.000000,0.00000,0.000000,0.00000,LOW,false,false,true,false,
4210,2026-09-11T16:12:01.680735+00:00,421.000289,estop_released_dcplus_5v1_power_led_only_no_click,0.000000,0.00000,0.000000,0.00000,LOW,false,false,true,false,
4211,2026-09-11T16:12:01.781037+00:00,421.100314,estop_released_dcplus_5v1_power_led_only_no_click,0.000000,0.00000,0.000000,0.00000,LOW,false,false,true,false,
4212,2026-09-11T16:12:01.880732+00:00,421.200290,estop_released_dcplus_5v1_power_led_only_no_click,0.000000,0.00000,0.000000,0.00000,LOW,false,false,true,false,
4213,2026-09-11T16:12:01.981049+00:00,421.300321,estop_released_dcplus_5v1_power_led_only_no_click,0.000000,0.00000,0.000000,0.00000,LOW,false,false,true,false,
4214,2026-09-11T16:12:02.080714+00:00,421.400282,estop_released_dcplus_5v1_power_led_only_no_click,0.000000,0.00000,0.000000,0.00000,LOW,false,false,true,false,
4215,2026-09-11T16:12:02.181038+00:00,421.500312,estop_released_dcplus_5v1_power_led_only_no_click,0.000000,0.00000,0.000000,0.00000,LOW,false,false,true,false,
4216,2026-09-11T16:12:02.280728+00:00,421.600288,estop_released_dcplus_5v1_power_led_only_no_click,0.000000,0.00000,0.000000,0.00000,LOW,false,false,true,false,
4217,2026-09-11T16:12:02.381036+00:00,421.700313,estop_released_dcplus_5v1_power_led_only_no_click,0.000000,0.00000,0.000000,0.00000,LOW,false,false,true,false,
4218,2026-09-11T16:12:02.480747+00:00,421.800293,estop_released_dcplus_5v1_power_led_only_no_click,0.000000,0.00000,0.000000,0.00000,LOW,false,false,true,false,
4219,2026-09-11T16:12:02.581029+00:00,421.900311,estop_released_dcplus_5v1_power_led_only_no_click,0.000000,0.00000,0.000000,0.00000,LOW,false,false,true,false,
4220,2026-09-11T16:12:02.680781+00:00,422.000305,estop_released_dcplus_5v1_power_led_only_no_click,0.000000,0.00000,0.000000,0.00000,LOW,false,false,true,false,
4221,2026-09-11T16:12:02.781079+00:00,422.100340,estop_released_dcplus_5v1_power_led_only_no_click,0.000000,0.00000,0.000000,0.00000,LOW,false,false,true,false,
4222,2026-09-11T16:12:02.880741+00:00,422.200296,estop_released_dcplus_5v1_power_led_only_no_click,0.000000,0.00000,0.000000,0.00000,LOW,false,false,true,false,
4223,2026-09-11T16:12:02.981055+00:00,422.300324,estop_released_dcplus_5v1_power_led_only_no_click,0.000000,0.00000,0.000000,0.00000,LOW,false,false,true,false,
4224,2026-09-11T16:12:03.080717+00:00,422.400285,estop_released_dcplus_5v1_power_led_only_no_click,0.000000,0.00000,0.000000,0.00000,LOW,false,false,true,false,
4225,2026-09-11T16:12:03.181037+00:00,422.500308,estop_released_dcplus_5v1_power_led_only_no_click,0.000000,0.00000,0.000000,0.00000,LOW,false,false,true,false,
4226,2026-09-11T16:12:03.280734+00:00,422.600288,estop_released_dcplus_5v1_power_led_only_no_click,0.000000,0.00000,0.000000,0.00000,LOW,false,false,true,false,
4227,2026-09-11T16:12:03.381042+00:00,422.700316,estop_released_dcplus_5v1_power_led_only_no_click,0.000000,0.00000,0.000000,0.00000,LOW,false,false,true,false,
4228,2026-09-11T16:12:03.480734+00:00,422.800289,estop_released_dcplus_5v1_power_led_only_no_click,0.000000,0.00000,0.000000,0.00000,LOW,false,false,true,false,
4229,2026-09-11T16:12:03.581039+00:00,422.900316,estop_released_dcplus_5v1_power_led_only_no_click,0.000000,0.00000,0.000000,0.00000,LOW,false,false,true,false,
4230,2026-09-11T16:12:03.680723+00:00,423.000289,estop_released_dcplus_5v1_power_led_only_no_click,0.000000,0.00000,0.000000,0.00000,LOW,false,false,true,false,
4231,2026-09-11T16:12:03.781037+00:00,423.100317,estop_released_dcplus_5v1_power_led_only_no_click,0.000000,0.00000,0.000000,0.00000,LOW,false,false,true,false,
4232,2026-09-11T16:12:03.880725+00:00,423.200284,estop_released_dcplus_5v1_power_led_only_no_click,0.000000,0.00000,0.000000,0.00000,LOW,false,false,true,false,
4233,2026-09-11T16:12:03.981224+00:00,423.300419,estop_released_dcplus_5v1_power_led_only_no_click,0.000000,0.00000,0.000000,0.00000,LOW,false,false,true,false,
4234,2026-09-11T16:12:04.080744+00:00,423.400302,estop_released_dcplus_5v1_power_led_only_no_click,0.000000,0.00000,0.000000,0.00000,LOW,false,false,true,false,
4235,2026-09-11T16:12:04.181037+00:00,423.500311,estop_released_dcplus_5v1_power_led_only_no_click,0.000000,0.00000,0.000000,0.00000,LOW,false,false,true,false,
4236,2026-09-11T16:12:04.280725+00:00,423.600287,estop_released_dcplus_5v1_power_led_only_no_click,0.000000,0.00000,0.000000,0.00000,LOW,false,false,true,false,
4237,2026-09-11T16:12:04.381038+00:00,423.700315,estop_released_dcplus_5v1_power_led_only_no_click,0.000000,0.00000,0.000000,0.00000,LOW,false,false,true,false,
4238,2026-09-11T16:12:04.480738+00:00,423.800292,estop_released_dcplus_5v1_power_led_only_no_click,0.000000,0.00000,0.000000,0.00000,LOW,false,false,true,false,
4239,2026-09-11T16:12:04.581282+00:00,423.900454,estop_released_dcplus_5v1_power_led_only_no_click,0.000000,0.00000,0.000000,0.00000,LOW,false,false,true,false,
4240,2026-09-11T16:12:04.680806+00:00,424.000327,estop_released_dcplus_5v1_power_led_only_no_click,0.000000,0.00000,0.000000,0.00000,LOW,false,false,true,false,
4241,2026-09-11T16:12:04.781054+00:00,424.100327,estop_released_dcplus_5v1_power_led_only_no_click,0.000000,0.00000,0.000000,0.00000,LOW,false,false,true,false,
4242,2026-09-11T16:12:04.880730+00:00,424.200287,estop_released_dcplus_5v1_power_led_only_no_click,0.000000,0.00000,0.000000,0.00000,LOW,false,false,true,false,
4243,2026-09-11T16:12:04.981040+00:00,424.300310,estop_released_dcplus_5v1_power_led_only_no_click,0.000000,0.00000,0.000000,0.00000,LOW,false,false,true,false,
4244,2026-09-11T16:12:05.080820+00:00,424.400332,estop_released_dcplus_5v1_power_led_only_no_click,0.000000,0.00000,0.000000,0.00000,LOW,false,false,true,false,
4245,2026-09-11T16:12:05.180890+00:00,424.500341,estop_released_dcplus_5v1_power_led_only_no_click,0.000000,0.00000,0.000000,0.00000,LOW,false,false,true,false,
4246,2026-09-11T16:12:05.281172+00:00,424.600389,estop_released_dcplus_5v1_power_led_only_no_click,0.000000,0.00000,0.000000,0.00000,LOW,false,false,true,false,
4247,2026-09-11T16:12:05.381053+00:00,424.700336,estop_released_dcplus_5v1_power_led_only_no_click,0.000000,0.00000,0.000000,0.00000,LOW,false,false,true,false,
4248,2026-09-11T16:12:05.480734+00:00,424.800292,estop_released_dcplus_5v1_power_led_only_no_click,0.000000,0.00000,0.000000,0.00000,LOW,false,false,true,false,
4249,2026-09-11T16:12:05.581059+00:00,424.900326,estop_released_dcplus_5v1_power_led_only_no_click,0.000000,0.00000,0.000000,0.00000,LOW,false,false,true,false,
4250,2026-09-11T16:12:05.680987+00:00,425.000311,estop_released_dcplus_5v1_power_led_only_no_click,0.000000,0.00000,0.000000,0.00000,LOW,false,false,true,false,
4251,2026-09-11T16:12:05.780820+00:00,425.100331,estop_released_dcplus_5v1_power_led_only_no_click,0.000000,0.00000,0.000000,0.00000,LOW,false,false,true,false,
4252,2026-09-11T16:12:05.881053+00:00,425.200323,estop_released_dcplus_5v1_power_led_only_no_click,0.000000,0.00000,0.000000,0.00000,LOW,false,false,true,false,
4253,2026-09-11T16:12:05.980755+00:00,425.300299,estop_released_dcplus_5v1_power_led_only_no_click,0.000000,0.00000,0.000000,0.00000,LOW,false,false,true,false,
4254,2026-09-11T16:12:06.081060+00:00,425.400324,estop_released_dcplus_5v1_power_led_only_no_click,0.000000,0.00000,0.000000,0.00000,LOW,false,false,true,false,
4255,2026-09-11T16:12:06.180741+00:00,425.500290,estop_released_dcplus_5v1_power_led_only_no_click,0.000000,0.00000,0.000000,0.00000,LOW,false,false,true,false,
4256,2026-09-11T16:12:06.280937+00:00,425.600386,estop_released_dcplus_5v1_power_led_only_no_click,0.000000,0.00000,0.000000,0.00000,LOW,false,false,true,false,
4257,2026-09-11T16:12:06.381119+00:00,425.700361,estop_released_dcplus_5v1_power_led_only_no_click,0.000000,0.00000,0.000000,0.00000,LOW,false,false,true,false,
4258,2026-09-11T16:12:06.480806+00:00,425.800298,estop_released_dcplus_5v1_power_led_only_no_click,0.000000,0.00000,0.000000,0.00000,LOW,false,false,true,false,
4259,2026-09-11T16:12:06.581133+00:00,425.900369,estop_released_dcplus_5v1_power_led_only_no_click,0.000000,0.00000,0.000000,0.00000,LOW,false,false,true,false,
4260,2026-09-11T16:12:06.680908+00:00,426.000373,estop_released_dcplus_5v1_power_led_only_no_click,0.000000,0.00000,0.000000,0.00000,LOW,false,false,true,false,
4261,2026-09-11T16:12:06.781123+00:00,426.100367,estop_released_dcplus_5v1_power_led_only_no_click,0.000000,0.00000,0.000000,0.00000,LOW,false,false,true,false,
4262,2026-09-11T16:12:06.881039+00:00,426.200322,estop_released_dcplus_5v1_power_led_only_no_click,0.000000,0.00000,0.000000,0.00000,LOW,false,false,true,false,
4263,2026-09-11T16:12:06.980723+00:00,426.300286,estop_released_dcplus_5v1_power_led_only_no_click,0.000000,0.00000,0.000000,0.00000,LOW,false,false,true,false,
4264,2026-09-11T16:12:07.081221+00:00,426.400416,estop_released_dcplus_5v1_power_led_only_no_click,0.000000,0.00000,0.000000,0.00000,LOW,false,false,true,false,
4265,2026-09-11T16:12:07.181083+00:00,426.500339,estop_released_dcplus_5v1_power_led_only_no_click,0.000000,0.00000,0.000000,0.00000,LOW,false,false,true,false,
4266,2026-09-11T16:12:07.280942+00:00,426.600398,estop_released_dcplus_5v1_power_led_only_no_click,0.000000,0.00000,0.000000,0.00000,LOW,false,false,true,false,
4267,2026-09-11T16:12:07.381090+00:00,426.700346,estop_released_dcplus_5v1_power_led_only_no_click,0.000000,0.00000,0.000000,0.00000,LOW,false,false,true,false,
4268,2026-09-11T16:12:07.480946+00:00,426.800406,estop_released_dcplus_5v1_power_led_only_no_click,0.000000,0.00000,0.000000,0.00000,LOW,false,false,true,false,
4269,2026-09-11T16:12:07.581065+00:00,426.900331,estop_released_dcplus_5v1_power_led_only_no_click,0.000000,0.00000,0.000000,0.00000,LOW,false,false,true,false,
4270,2026-09-11T16:12:07.680736+00:00,427.000293,estop_released_dcplus_5v1_power_led_only_no_click,0.000000,0.00000,0.000000,0.00000,LOW,false,false,true,false,
4271,2026-09-11T16:12:07.781107+00:00,427.100347,estop_released_dcplus_5v1_power_led_only_no_click,0.000000,0.00000,0.000000,0.00000,LOW,false,false,true,false,
4272,2026-09-11T16:12:07.880748+00:00,427.200301,estop_released_dcplus_5v1_power_led_only_no_click,0.000000,0.00000,0.000000,0.00000,LOW,false,false,true,false,
4273,2026-09-11T16:12:07.981109+00:00,427.300350,estop_released_dcplus_5v1_power_led_only_no_click,0.000000,0.00000,0.000000,0.00000,LOW,false,false,true,false,
4274,2026-09-11T16:12:08.080732+00:00,427.400295,estop_released_dcplus_5v1_power_led_only_no_click,0.000000,0.00000,0.000000,0.00000,LOW,false,false,true,false,
4275,2026-09-11T16:12:08.181077+00:00,427.500338,estop_released_dcplus_5v1_power_led_only_no_click,0.000000,0.00000,0.000000,0.00000,LOW,false,false,true,false,
4276,2026-09-11T16:12:08.280722+00:00,427.600288,estop_released_dcplus_5v1_power_led_only_no_click,0.000000,0.00000,0.000000,0.00000,LOW,false,false,true,false,
4277,2026-09-11T16:12:08.381045+00:00,427.700315,estop_released_dcplus_5v1_power_led_only_no_click,0.000000,0.00000,0.000000,0.00000,LOW,false,false,true,false,
4278,2026-09-11T16:12:08.480952+00:00,427.800388,estop_released_dcplus_5v1_power_led_only_no_click,0.000000,0.00000,0.000000,0.00000,LOW,false,false,true,false,
4279,2026-09-11T16:12:08.581083+00:00,427.900339,estop_released_dcplus_5v1_power_led_only_no_click,0.000000,0.00000,0.000000,0.00000,LOW,false,false,true,false,
4280,2026-09-11T16:12:08.680756+00:00,428.000302,estop_released_dcplus_5v1_power_led_only_no_click,0.000000,0.00000,0.000000,0.00000,LOW,false,false,true,false,
4281,2026-09-11T16:12:08.781040+00:00,428.100312,estop_released_dcplus_5v1_power_led_only_no_click,0.000000,0.00000,0.000000,0.00000,LOW,false,false,true,false,
4282,2026-09-11T16:12:08.880733+00:00,428.200285,estop_released_dcplus_5v1_power_led_only_no_click,0.000000,0.00000,0.000000,0.00000,LOW,false,false,true,false,
4283,2026-09-11T16:12:08.981105+00:00,428.300347,estop_released_dcplus_5v1_power_led_only_no_click,0.000000,0.00000,0.000000,0.00000,LOW,false,false,true,false,
4284,2026-09-11T16:12:09.081166+00:00,428.400377,estop_released_dcplus_5v1_power_led_only_no_click,0.000000,0.00000,0.000000,0.00000,LOW,false,false,true,false,
4285,2026-09-11T16:12:09.180747+00:00,428.500304,estop_released_dcplus_5v1_power_led_only_no_click,0.000000,0.00000,0.000000,0.00000,LOW,false,false,true,false,
4286,2026-09-11T16:12:09.281189+00:00,428.600326,estop_released_dcplus_5v1_power_led_only_no_click,0.000000,0.00000,0.000000,0.00000,LOW,false,false,true,false,
4287,2026-09-11T16:12:09.380798+00:00,428.700335,estop_released_dcplus_5v1_power_led_only_no_click,0.000000,0.00000,0.000000,0.00000,LOW,false,false,true,false,
4288,2026-09-11T16:12:09.481045+00:00,428.800325,estop_released_dcplus_5v1_power_led_only_no_click,0.000000,0.00000,0.000000,0.00000,LOW,false,false,true,false,
4289,2026-09-11T16:12:09.580738+00:00,428.900292,estop_released_dcplus_5v1_power_led_only_no_click,0.000000,0.00000,0.000000,0.00000,LOW,false,false,true,false,
4290,2026-09-11T16:12:09.681060+00:00,429.000325,estop_released_dcplus_5v1_power_led_only_no_click,0.000000,0.00000,0.000000,0.00000,LOW,false,false,true,false,
4291,2026-09-11T16:12:09.780769+00:00,429.100288,estop_released_dcplus_5v1_power_led_only_no_click,0.000000,0.00000,0.000000,0.00000,LOW,false,false,true,false,
4292,2026-09-11T16:12:09.881069+00:00,429.200337,estop_released_dcplus_5v1_power_led_only_no_click,0.000000,0.00000,0.000000,0.00000,LOW,false,false,true,false,
4293,2026-09-11T16:12:09.980738+00:00,429.300290,estop_released_dcplus_5v1_power_led_only_no_click,0.000000,0.00000,0.000000,0.00000,LOW,false,false,true,false,
4294,2026-09-11T16:12:10.081040+00:00,429.400318,estop_released_dcplus_5v1_power_led_only_no_click,0.000000,0.00000,0.000000,0.00000,LOW,false,false,true,false,
4295,2026-09-11T16:12:10.180733+00:00,429.500286,estop_released_dcplus_5v1_power_led_only_no_click,0.000000,0.00000,0.000000,0.00000,LOW,false,false,true,false,
4296,2026-09-11T16:12:10.281090+00:00,429.600338,estop_released_dcplus_5v1_power_led_only_no_click,0.000000,0.00000,0.000000,0.00000,LOW,false,false,true,false,
4297,2026-09-11T16:12:10.380770+00:00,429.700305,estop_released_dcplus_5v1_power_led_only_no_click,0.000000,0.00000,0.000000,0.00000,LOW,false,false,true,false,
4298,2026-09-11T16:12:10.481055+00:00,429.800315,estop_released_dcplus_5v1_power_led_only_no_click,0.000000,0.00000,0.000000,0.00000,LOW,false,false,true,false,
4299,2026-09-11T16:12:10.580869+00:00,429.900357,estop_released_dcplus_5v1_power_led_only_no_click,0.000000,0.00000,0.000000,0.00000,LOW,false,false,true,false,
4300,2026-09-11T16:12:10.681074+00:00,430.000332,estop_released_dcplus_5v1_power_led_only_no_click,0.000000,0.00000,0.000000,0.00000,LOW,false,false,true,false,
4301,2026-09-11T16:12:10.780885+00:00,430.100307,estop_released_dcplus_5v1_power_led_only_no_click,0.000000,0.00000,0.000000,0.00000,LOW,false,false,true,false,
4302,2026-09-11T16:12:10.881120+00:00,430.200360,estop_released_dcplus_5v1_power_led_only_no_click,0.000000,0.00000,0.000000,0.00000,LOW,false,false,true,false,
4303,2026-09-11T16:12:10.980749+00:00,430.300296,estop_released_dcplus_5v1_power_led_only_no_click,0.000000,0.00000,0.000000,0.00000,LOW,false,false,true,false,
4304,2026-09-11T16:12:11.081057+00:00,430.400322,estop_released_dcplus_5v1_power_led_only_no_click,0.000000,0.00000,0.000000,0.00000,LOW,false,false,true,false,
4305,2026-09-11T16:12:11.180826+00:00,430.500333,estop_released_dcplus_5v1_power_led_only_no_click,0.000000,0.00000,0.000000,0.00000,LOW,false,false,true,false,
4306,2026-09-11T16:12:11.281064+00:00,430.600323,estop_released_dcplus_5v1_power_led_only_no_click,0.000000,0.00000,0.000000,0.00000,LOW,false,false,true,false,
4307,2026-09-11T16:12:11.381212+00:00,430.700409,estop_released_dcplus_5v1_power_led_only_no_click,0.000000,0.00000,0.000000,0.00000,LOW,false,false,true,false,
4308,2026-09-11T16:12:11.481269+00:00,430.800452,estop_released_dcplus_5v1_power_led_only_no_click,0.000000,0.00000,0.000000,0.00000,LOW,false,false,true,false,
4309,2026-09-11T16:12:11.580764+00:00,430.900308,estop_released_dcplus_5v1_power_led_only_no_click,0.000000,0.00000,0.000000,0.00000,LOW,false,false,true,false,
4310,2026-09-11T16:12:11.681344+00:00,431.000344,estop_released_dcplus_5v1_power_led_only_no_click,0.000000,0.00000,0.000000,0.00000,LOW,false,false,true,false,
4311,2026-09-11T16:12:11.780834+00:00,431.100343,estop_released_dcplus_5v1_power_led_only_no_click,0.000000,0.00000,0.000000,0.00000,LOW,false,false,true,false,
4312,2026-09-11T16:12:11.881044+00:00,431.200325,estop_released_dcplus_5v1_power_led_only_no_click,0.000000,0.00000,0.000000,0.00000,LOW,false,false,true,false,
4313,2026-09-11T16:12:11.980804+00:00,431.300326,estop_released_dcplus_5v1_power_led_only_no_click,0.000000,0.00000,0.000000,0.00000,LOW,false,false,true,false,
4314,2026-09-11T16:12:12.081107+00:00,431.400352,estop_released_dcplus_5v1_power_led_only_no_click,0.000000,0.00000,0.000000,0.00000,LOW,false,false,true,false,
4315,2026-09-11T16:12:12.180740+00:00,431.500296,estop_released_dcplus_5v1_power_led_only_no_click,0.000000,0.00000,0.000000,0.00000,LOW,false,false,true,false,
4316,2026-09-11T16:12:12.281040+00:00,431.600315,estop_released_dcplus_5v1_power_led_only_no_click,0.000000,0.00000,0.000000,0.00000,LOW,false,false,true,false,
4317,2026-09-11T16:12:12.380736+00:00,431.700288,estop_released_dcplus_5v1_power_led_only_no_click,0.000000,0.00000,0.000000,0.00000,LOW,false,false,true,false,
4318,2026-09-11T16:12:12.481054+00:00,431.800313,estop_released_dcplus_5v1_power_led_only_no_click,0.000000,0.00000,0.000000,0.00000,LOW,false,false,true,false,
4319,2026-09-11T16:12:12.580747+00:00,431.900292,estop_released_dcplus_5v1_power_led_only_no_click,0.000000,0.00000,0.000000,0.00000,LOW,false,false,true,false,
4320,2026-09-11T16:12:12.681079+00:00,432.000331,estop_released_dcplus_5v1_power_led_only_no_click,0.000000,0.00000,0.000000,0.00000,LOW,false,false,true,false,
4321,2026-09-11T16:12:12.780749+00:00,432.100287,estop_released_dcplus_5v1_power_led_only_no_click,0.000000,0.00000,0.000000,0.00000,LOW,false,false,true,false,
4322,2026-09-11T16:12:12.881065+00:00,432.200328,estop_released_dcplus_5v1_power_led_only_no_click,0.000000,0.00000,0.000000,0.00000,LOW,false,false,true,false,
4323,2026-09-11T16:12:12.980724+00:00,432.300286,estop_released_dcplus_5v1_power_led_only_no_click,0.000000,0.00000,0.000000,0.00000,LOW,false,false,true,false,
4324,2026-09-11T16:12:13.081037+00:00,432.400313,estop_released_dcplus_5v1_power_led_only_no_click,0.000000,0.00000,0.000000,0.00000,LOW,false,false,true,false,
4325,2026-09-11T16:12:13.180949+00:00,432.500399,estop_released_dcplus_5v1_power_led_only_no_click,0.000000,0.00000,0.000000,0.00000,LOW,false,false,true,false,
4326,2026-09-11T16:12:13.281062+00:00,432.600339,estop_released_dcplus_5v1_power_led_only_no_click,0.000000,0.00000,0.000000,0.00000,LOW,false,false,true,false,
4327,2026-09-11T16:12:13.380742+00:00,432.700282,estop_released_dcplus_5v1_power_led_only_no_click,0.000000,0.00000,0.000000,0.00000,LOW,false,false,true,false,
4328,2026-09-11T16:12:13.481044+00:00,432.800319,estop_released_dcplus_5v1_power_led_only_no_click,0.000000,0.00000,0.000000,0.00000,LOW,false,false,true,false,
4329,2026-09-11T16:12:13.580741+00:00,432.900298,estop_released_dcplus_5v1_power_led_only_no_click,0.000000,0.00000,0.000000,0.00000,LOW,false,false,true,false,
4330,2026-09-11T16:12:13.681102+00:00,433.000345,estop_released_dcplus_5v1_power_led_only_no_click,0.000000,0.00000,0.000000,0.00000,LOW,false,false,true,false,
4331,2026-09-11T16:12:13.781073+00:00,433.100320,estop_released_dcplus_5v1_power_led_only_no_click,0.000000,0.00000,0.000000,0.00000,LOW,false,false,true,false,
4332,2026-09-11T16:12:13.880809+00:00,433.200313,estop_released_dcplus_5v1_power_led_only_no_click,0.000000,0.00000,0.000000,0.00000,LOW,false,false,true,false,
4333,2026-09-11T16:12:13.981078+00:00,433.300280,estop_released_dcplus_5v1_power_led_only_no_click,0.000000,0.00000,0.000000,0.00000,LOW,false,false,true,false,
4334,2026-09-11T16:12:14.080946+00:00,433.400360,estop_released_dcplus_5v1_power_led_only_no_click,0.000000,0.00000,0.000000,0.00000,LOW,false,false,true,false,
4335,2026-09-11T16:12:14.180953+00:00,433.500416,estop_released_dcplus_5v1_power_led_only_no_click,0.000000,0.00000,0.000000,0.00000,LOW,false,false,true,false,
4336,2026-09-11T16:12:14.280966+00:00,433.600305,estop_released_dcplus_5v1_power_led_only_no_click,0.000000,0.00000,0.000000,0.00000,LOW,false,false,true,false,
4337,2026-09-11T16:12:14.380813+00:00,433.700315,estop_released_dcplus_5v1_power_led_only_no_click,0.000000,0.00000,0.000000,0.00000,LOW,false,false,true,false,
4338,2026-09-11T16:12:14.480972+00:00,433.800286,estop_released_dcplus_5v1_power_led_only_no_click,0.000000,0.00000,0.000000,0.00000,LOW,false,false,true,false,
4339,2026-09-11T16:12:14.580836+00:00,433.900328,estop_released_dcplus_5v1_power_led_only_no_click,0.000000,0.00000,0.000000,0.00000,LOW,false,false,true,false,
4340,2026-09-11T16:12:14.680941+00:00,434.000287,estop_released_dcplus_5v1_power_led_only_no_click,0.000000,0.00000,0.000000,0.00000,LOW,false,false,true,false,
4341,2026-09-11T16:12:14.780861+00:00,434.100332,estop_released_dcplus_5v1_power_led_only_no_click,0.000000,0.00000,0.000000,0.00000,LOW,false,false,true,false,
4342,2026-09-11T16:12:14.880733+00:00,434.200286,estop_released_dcplus_5v1_power_led_only_no_click,0.000000,0.00000,0.000000,0.00000,LOW,false,false,true,false,
4343,2026-09-11T16:12:14.981012+00:00,434.300298,estop_released_dcplus_5v1_power_led_only_no_click,0.000000,0.00000,0.000000,0.00000,LOW,false,false,true,false,
4344,2026-09-11T16:12:15.080819+00:00,434.400322,estop_released_dcplus_5v1_power_led_only_no_click,0.000000,0.00000,0.000000,0.00000,LOW,false,false,true,false,
4345,2026-09-11T16:12:15.180935+00:00,434.500283,estop_released_dcplus_5v1_power_led_only_no_click,0.000000,0.00000,0.000000,0.00000,LOW,false,false,true,false,
4346,2026-09-11T16:12:15.280818+00:00,434.600314,estop_released_dcplus_5v1_power_led_only_no_click,0.000000,0.00000,0.000000,0.00000,LOW,false,false,true,false,
4347,2026-09-11T16:12:15.380935+00:00,434.700283,estop_released_dcplus_5v1_power_led_only_no_click,0.000000,0.00000,0.000000,0.00000,LOW,false,false,true,false,
4348,2026-09-11T16:12:15.480814+00:00,434.800315,estop_released_dcplus_5v1_power_led_only_no_click,0.000000,0.00000,0.000000,0.00000,LOW,false,false,true,false,
4349,2026-09-11T16:12:15.580948+00:00,434.900291,estop_released_dcplus_5v1_power_led_only_no_click,0.000000,0.00000,0.000000,0.00000,LOW,false,false,true,false,
4350,2026-09-11T16:12:15.680800+00:00,435.000304,estop_released_dcplus_5v1_power_led_only_no_click,0.000000,0.00000,0.000000,0.00000,LOW,false,false,true,false,
4351,2026-09-11T16:12:15.780956+00:00,435.100289,estop_released_dcplus_5v1_power_led_only_no_click,0.000000,0.00000,0.000000,0.00000,LOW,false,false,true,false,
4352,2026-09-11T16:12:15.880810+00:00,435.200311,estop_released_dcplus_5v1_power_led_only_no_click,0.000000,0.00000,0.000000,0.00000,LOW,false,false,true,false,
4353,2026-09-11T16:12:15.980945+00:00,435.300288,estop_released_dcplus_5v1_power_led_only_no_click,0.000000,0.00000,0.000000,0.00000,LOW,false,false,true,false,
4354,2026-09-11T16:12:16.081055+00:00,435.400323,estop_released_dcplus_5v1_power_led_only_no_click,0.000000,0.00000,0.000000,0.00000,LOW,false,false,true,false,
4355,2026-09-11T16:12:16.180804+00:00,435.500306,estop_released_dcplus_5v1_power_led_only_no_click,0.000000,0.00000,0.000000,0.00000,LOW,false,false,true,false,
4356,2026-09-11T16:12:16.280934+00:00,435.600281,estop_released_dcplus_5v1_power_led_only_no_click,0.000000,0.00000,0.000000,0.00000,LOW,false,false,true,false,
4357,2026-09-11T16:12:16.380799+00:00,435.700309,estop_released_dcplus_5v1_power_led_only_no_click,0.000000,0.00000,0.000000,0.00000,LOW,false,false,true,false,
4358,2026-09-11T16:12:16.480932+00:00,435.800275,estop_released_dcplus_5v1_power_led_only_no_click,0.000000,0.00000,0.000000,0.00000,LOW,false,false,true,false,
4359,2026-09-11T16:12:16.580821+00:00,435.900315,estop_released_dcplus_5v1_power_led_only_no_click,0.000000,0.00000,0.000000,0.00000,LOW,false,false,true,false,
4360,2026-09-11T16:12:16.680936+00:00,436.000282,estop_released_dcplus_5v1_power_led_only_no_click,0.000000,0.00000,0.000000,0.00000,LOW,false,false,true,false,
4361,2026-09-11T16:12:16.780843+00:00,436.100309,estop_released_dcplus_5v1_power_led_only_no_click,0.000000,0.00000,0.000000,0.00000,LOW,false,false,true,false,
4362,2026-09-11T16:12:16.880904+00:00,436.200283,estop_released_dcplus_5v1_power_led_only_no_click,0.000000,0.00000,0.000000,0.00000,LOW,false,false,true,false,
4363,2026-09-11T16:12:16.980977+00:00,436.300317,estop_released_dcplus_5v1_power_led_only_no_click,0.000000,0.00000,0.000000,0.00000,LOW,false,false,true,false,
4364,2026-09-11T16:12:17.080899+00:00,436.400322,estop_released_dcplus_5v1_power_led_only_no_click,0.000000,0.00000,0.000000,0.00000,LOW,false,false,true,false,
4365,2026-09-11T16:12:17.181057+00:00,436.500323,estop_released_dcplus_5v1_power_led_only_no_click,0.000000,0.00000,0.000000,0.00000,LOW,false,false,true,false,
4366,2026-09-11T16:12:17.280884+00:00,436.600316,estop_released_dcplus_5v1_power_led_only_no_click,0.000000,0.00000,0.000000,0.00000,LOW,false,false,true,false,
4367,2026-09-11T16:12:17.380964+00:00,436.700320,estop_released_dcplus_5v1_power_led_only_no_click,0.000000,0.00000,0.000000,0.00000,LOW,false,false,true,false,
4368,2026-09-11T16:12:17.480803+00:00,436.800284,estop_released_dcplus_5v1_power_led_only_no_click,0.000000,0.00000,0.000000,0.00000,LOW,false,false,true,false,
4369,2026-09-11T16:12:17.581050+00:00,436.900313,estop_released_dcplus_5v1_power_led_only_no_click,0.000000,0.00000,0.000000,0.00000,LOW,false,false,true,false,
4370,2026-09-11T16:12:17.680985+00:00,437.000285,estop_released_dcplus_5v1_power_led_only_no_click,0.000000,0.00000,0.000000,0.00000,LOW,false,false,true,false,
4371,2026-09-11T16:12:17.781064+00:00,437.100368,estop_released_dcplus_5v1_power_led_only_no_click,0.000000,0.00000,0.000000,0.00000,LOW,false,false,true,false,
4372,2026-09-11T16:12:17.880824+00:00,437.200302,estop_released_dcplus_5v1_power_led_only_no_click,0.000000,0.00000,0.000000,0.00000,LOW,false,false,true,false,
4373,2026-09-11T16:12:17.980980+00:00,437.300326,estop_released_dcplus_5v1_power_led_only_no_click,0.000000,0.00000,0.000000,0.00000,LOW,false,false,true,false,
4374,2026-09-11T16:12:18.080803+00:00,437.400286,estop_released_dcplus_5v1_power_led_only_no_click,0.000000,0.00000,0.000000,0.00000,LOW,false,false,true,false,
4375,2026-09-11T16:12:18.180965+00:00,437.500309,estop_released_dcplus_5v1_power_led_only_no_click,0.000000,0.00000,0.000000,0.00000,LOW,false,false,true,false,
4376,2026-09-11T16:12:18.280798+00:00,437.600284,estop_released_dcplus_5v1_power_led_only_no_click,0.000000,0.00000,0.000000,0.00000,LOW,false,false,true,false,
4377,2026-09-11T16:12:18.380959+00:00,437.700310,estop_released_dcplus_5v1_power_led_only_no_click,0.000000,0.00000,0.000000,0.00000,LOW,false,false,true,false,
4378,2026-09-11T16:12:18.480792+00:00,437.800284,estop_released_dcplus_5v1_power_led_only_no_click,0.000000,0.00000,0.000000,0.00000,LOW,false,false,true,false,
4379,2026-09-11T16:12:18.580968+00:00,437.900311,estop_released_dcplus_5v1_power_led_only_no_click,0.000000,0.00000,0.000000,0.00000,LOW,false,false,true,false,
4380,2026-09-11T16:12:18.680812+00:00,438.000287,estop_released_dcplus_5v1_power_led_only_no_click,0.000000,0.00000,0.000000,0.00000,LOW,false,false,true,false,
4381,2026-09-11T16:12:18.780987+00:00,438.100326,estop_released_dcplus_5v1_power_led_only_no_click,0.000000,0.00000,-0.002000,-0.01212,LOW,false,false,true,false,
4382,2026-09-11T16:12:18.880816+00:00,438.200292,estop_released_dcplus_5v1_power_led_only_no_click,0.000000,0.00000,0.000000,0.00000,LOW,false,false,true,false,
4383,2026-09-11T16:12:18.980984+00:00,438.300310,estop_released_dcplus_5v1_power_led_only_no_click,0.000000,0.00000,0.000000,0.00000,LOW,false,false,true,false,
4384,2026-09-11T16:12:19.080799+00:00,438.400284,estop_released_dcplus_5v1_power_led_only_no_click,0.000000,0.00000,0.000000,0.00000,LOW,false,false,true,false,
4385,2026-09-11T16:12:19.181008+00:00,438.500312,estop_released_dcplus_5v1_power_led_only_no_click,0.000000,0.00000,0.000000,0.00000,LOW,false,false,true,false,
4386,2026-09-11T16:12:19.280871+00:00,438.600346,estop_released_dcplus_5v1_power_led_only_no_click,0.000000,0.00000,0.000000,0.00000,LOW,false,false,true,false,
4387,2026-09-11T16:12:19.381057+00:00,438.700329,estop_released_dcplus_5v1_power_led_only_no_click,0.000000,0.00000,0.000000,0.00000,LOW,false,false,true,false,
4388,2026-09-11T16:12:19.480811+00:00,438.800288,estop_released_dcplus_5v1_power_led_only_no_click,0.000000,0.00000,0.000000,0.00000,LOW,false,false,true,false,
4389,2026-09-11T16:12:19.581110+00:00,438.900312,estop_released_dcplus_5v1_power_led_only_no_click,0.000000,0.00000,0.000000,0.00000,LOW,false,false,true,false,
4390,2026-09-11T16:12:19.680944+00:00,439.000383,estop_released_dcplus_5v1_power_led_only_no_click,0.000000,0.00000,0.000000,0.00000,LOW,false,false,true,false,
4391,2026-09-11T16:12:19.781049+00:00,439.100332,estop_released_dcplus_5v1_power_led_only_no_click,0.000000,0.00000,0.000000,0.00000,LOW,false,false,true,false,
4392,2026-09-11T16:12:19.880753+00:00,439.200301,estop_released_dcplus_5v1_power_led_only_no_click,0.000000,0.00000,0.000000,0.00000,LOW,false,false,true,false,
4393,2026-09-11T16:12:19.981071+00:00,439.300330,estop_released_dcplus_5v1_power_led_only_no_click,0.000000,0.00000,0.000000,0.00000,LOW,false,false,true,false,
4394,2026-09-11T16:12:20.080740+00:00,439.400291,estop_released_dcplus_5v1_power_led_only_no_click,0.000000,0.00000,0.000000,0.00000,LOW,false,false,true,false,
4395,2026-09-11T16:12:20.181043+00:00,439.500313,estop_released_dcplus_5v1_power_led_only_no_click,0.000000,0.00000,0.000000,0.00000,LOW,false,false,true,false,
4396,2026-09-11T16:12:20.280732+00:00,439.600289,estop_released_dcplus_5v1_power_led_only_no_click,0.000000,0.00000,0.000000,0.00000,LOW,false,false,true,false,
4397,2026-09-11T16:12:20.381039+00:00,439.700310,estop_released_dcplus_5v1_power_led_only_no_click,0.000000,0.00000,0.000000,0.00000,LOW,false,false,true,false,
4398,2026-09-11T16:12:20.480734+00:00,439.800292,estop_released_dcplus_5v1_power_led_only_no_click,0.000000,0.00000,0.000000,0.00000,LOW,false,false,true,false,
4399,2026-09-11T16:12:20.581041+00:00,439.900310,estop_released_dcplus_5v1_power_led_only_no_click,0.000000,0.00000,0.000000,0.00000,LOW,false,false,true,false,
4400,2026-09-11T16:12:20.680733+00:00,440.000290,estop_released_dcplus_5v1_power_led_only_no_click,0.000000,0.00000,0.000000,0.00000,LOW,false,false,true,false,
4401,2026-09-11T16:12:20.781045+00:00,440.100311,estop_released_dcplus_5v1_power_led_only_no_click,0.000000,0.00000,0.000000,0.00000,LOW,false,false,true,false,
4402,2026-09-11T16:12:20.880734+00:00,440.200285,estop_released_dcplus_5v1_power_led_only_no_click,0.000000,0.00000,0.000000,0.00000,LOW,false,false,true,false,
4403,2026-09-11T16:12:20.981040+00:00,440.300314,estop_released_dcplus_5v1_power_led_only_no_click,0.000000,0.00000,0.000000,0.00000,LOW,false,false,true,false,
4404,2026-09-11T16:12:21.080735+00:00,440.400289,estop_released_dcplus_5v1_power_led_only_no_click,0.000000,0.00000,0.000000,0.00000,LOW,false,false,true,false,
4405,2026-09-11T16:12:21.181034+00:00,440.500310,estop_released_dcplus_5v1_power_led_only_no_click,0.000000,0.00000,0.000000,0.00000,LOW,false,false,true,false,
4406,2026-09-11T16:12:21.280721+00:00,440.600284,estop_released_dcplus_5v1_power_led_only_no_click,0.000000,0.00000,0.000000,0.00000,LOW,false,false,true,false,
4407,2026-09-11T16:12:21.381043+00:00,440.700316,estop_released_dcplus_5v1_power_led_only_no_click,0.000000,0.00000,0.000000,0.00000,LOW,false,false,true,false,
4408,2026-09-11T16:12:21.480724+00:00,440.800288,estop_released_dcplus_5v1_power_led_only_no_click,0.000000,0.00000,0.000000,0.00000,LOW,false,false,true,false,
4409,2026-09-11T16:12:21.581043+00:00,440.900309,estop_released_dcplus_5v1_power_led_only_no_click,0.000000,0.00000,0.000000,0.00000,LOW,false,false,true,false,
4410,2026-09-11T16:12:21.680727+00:00,441.000286,estop_released_dcplus_5v1_power_led_only_no_click,0.000000,0.00000,0.000000,0.00000,LOW,false,false,true,false,
4411,2026-09-11T16:12:21.781045+00:00,441.100312,estop_released_dcplus_5v1_power_led_only_no_click,0.000000,0.00000,0.000000,0.00000,LOW,false,false,true,false,
4412,2026-09-11T16:12:21.880714+00:00,441.200280,estop_released_dcplus_5v1_power_led_only_no_click,0.000000,0.00000,0.000000,0.00000,LOW,false,false,true,false,
4413,2026-09-11T16:12:21.981069+00:00,441.300315,estop_released_dcplus_5v1_power_led_only_no_click,0.000000,0.00000,0.000000,0.00000,LOW,false,false,true,false,
4414,2026-09-11T16:12:22.081034+00:00,441.400311,estop_released_dcplus_5v1_power_led_only_no_click,0.000000,0.00000,0.000000,0.00000,LOW,false,false,true,false,
4415,2026-09-11T16:12:22.180729+00:00,441.500286,estop_released_dcplus_5v1_power_led_only_no_click,0.000000,0.00000,0.000000,0.00000,LOW,false,false,true,false,
4416,2026-09-11T16:12:22.281041+00:00,441.600306,estop_released_dcplus_5v1_power_led_only_no_click,0.000000,0.00000,0.000000,0.00000,LOW,false,false,true,false,
4417,2026-09-11T16:12:22.380729+00:00,441.700286,estop_released_dcplus_5v1_power_led_only_no_click,0.000000,0.00000,0.000000,0.00000,LOW,false,false,true,false,
4418,2026-09-11T16:12:22.481051+00:00,441.800316,estop_released_dcplus_5v1_power_led_only_no_click,0.000000,0.00000,0.000000,0.00000,LOW,false,false,true,false,
4419,2026-09-11T16:12:22.580721+00:00,441.900285,estop_released_dcplus_5v1_power_led_only_no_click,0.000000,0.00000,0.000000,0.00000,LOW,false,false,true,false,
4420,2026-09-11T16:12:22.681071+00:00,442.000324,estop_released_dcplus_5v1_power_led_only_no_click,0.000000,0.00000,0.000000,0.00000,LOW,false,false,true,false,
4421,2026-09-11T16:12:22.780759+00:00,442.100302,estop_released_dcplus_5v1_power_led_only_no_click,0.000000,0.00000,0.000000,0.00000,LOW,false,false,true,false,
4422,2026-09-11T16:12:22.881033+00:00,442.200316,estop_released_dcplus_5v1_power_led_only_no_click,0.000000,0.00000,0.000000,0.00000,LOW,false,false,true,false,
4423,2026-09-11T16:12:22.980754+00:00,442.300295,estop_released_dcplus_5v1_power_led_only_no_click,0.000000,0.00000,0.000000,0.00000,LOW,false,false,true,false,
4424,2026-09-11T16:12:23.081052+00:00,442.400315,estop_released_dcplus_5v1_power_led_only_no_click,0.000000,0.00000,0.000000,0.00000,LOW,false,false,true,false,
4425,2026-09-11T16:12:23.180767+00:00,442.500286,estop_released_dcplus_5v1_power_led_only_no_click,0.000000,0.00000,0.000000,0.00000,LOW,false,false,true,false,
4426,2026-09-11T16:12:23.281221+00:00,442.600421,estop_released_dcplus_5v1_power_led_only_no_click,0.000000,0.00000,0.000000,0.00000,LOW,false,false,true,false,
4427,2026-09-11T16:12:23.380799+00:00,442.700329,estop_released_dcplus_5v1_power_led_only_no_click,0.000000,0.00000,0.000000,0.00000,LOW,false,false,true,false,
4428,2026-09-11T16:12:23.481056+00:00,442.800324,estop_released_dcplus_5v1_power_led_only_no_click,0.000000,0.00000,0.000000,0.00000,LOW,false,false,true,false,
4429,2026-09-11T16:12:23.580753+00:00,442.900293,estop_released_dcplus_5v1_power_led_only_no_click,0.000000,0.00000,0.000000,0.00000,LOW,false,false,true,false,
4430,2026-09-11T16:12:23.681302+00:00,443.000333,estop_released_dcplus_5v1_power_led_only_no_click,0.000000,0.00000,0.000000,0.00000,LOW,false,false,true,false,
4431,2026-09-11T16:12:23.780837+00:00,443.100344,estop_released_dcplus_5v1_power_led_only_no_click,0.000000,0.00000,0.000000,0.00000,LOW,false,false,true,false,
4432,2026-09-11T16:12:23.881057+00:00,443.200326,estop_released_dcplus_5v1_power_led_only_no_click,0.000000,0.00000,0.000000,0.00000,LOW,false,false,true,false,
4433,2026-09-11T16:12:23.980746+00:00,443.300297,estop_released_dcplus_5v1_power_led_only_no_click,0.000000,0.00000,0.000000,0.00000,LOW,false,false,true,false,
4434,2026-09-11T16:12:24.081041+00:00,443.400314,estop_released_dcplus_5v1_power_led_only_no_click,0.000000,0.00000,0.000000,0.00000,LOW,false,false,true,false,
4435,2026-09-11T16:12:24.180738+00:00,443.500289,estop_released_dcplus_5v1_power_led_only_no_click,0.000000,0.00000,0.000000,0.00000,LOW,false,false,true,false,
4436,2026-09-11T16:12:24.281043+00:00,443.600309,estop_released_dcplus_5v1_power_led_only_no_click,0.000000,0.00000,0.000000,0.00000,LOW,false,false,true,false,
4437,2026-09-11T16:12:24.380871+00:00,443.700359,estop_released_dcplus_5v1_power_led_only_no_click,0.000000,0.00000,0.000000,0.00000,LOW,false,false,true,false,
4438,2026-09-11T16:12:24.481066+00:00,443.800329,estop_released_dcplus_5v1_power_led_only_no_click,0.000000,0.00000,-0.002000,-0.01212,LOW,false,false,true,false,
4439,2026-09-11T16:12:24.580730+00:00,443.900285,estop_released_dcplus_5v1_power_led_only_no_click,0.000000,0.00000,0.000000,0.00000,LOW,false,false,true,false,
4440,2026-09-11T16:12:24.681046+00:00,444.000316,estop_released_dcplus_5v1_power_led_only_no_click,0.000000,0.00000,0.000000,0.00000,LOW,false,false,true,false,
4441,2026-09-11T16:12:24.780736+00:00,444.100287,estop_released_dcplus_5v1_power_led_only_no_click,0.000000,0.00000,0.000000,0.00000,LOW,false,false,true,false,
4442,2026-09-11T16:12:24.881040+00:00,444.200308,estop_released_dcplus_5v1_power_led_only_no_click,0.000000,0.00000,0.000000,0.00000,LOW,false,false,true,false,
4443,2026-09-11T16:12:24.980743+00:00,444.300288,estop_released_dcplus_5v1_power_led_only_no_click,0.000000,0.00000,0.000000,0.00000,LOW,false,false,true,false,
4444,2026-09-11T16:12:25.081061+00:00,444.400328,estop_released_dcplus_5v1_power_led_only_no_click,0.000000,0.00000,0.000000,0.00000,LOW,false,false,true,false,
4445,2026-09-11T16:12:25.180782+00:00,444.500311,estop_released_dcplus_5v1_power_led_only_no_click,0.000000,0.00000,0.000000,0.00000,LOW,false,false,true,false,
4446,2026-09-11T16:12:25.281041+00:00,444.600313,estop_released_dcplus_5v1_power_led_only_no_click,0.000000,0.00000,0.000000,0.00000,LOW,false,false,true,false,
4447,2026-09-11T16:12:25.380733+00:00,444.700284,estop_released_dcplus_5v1_power_led_only_no_click,0.000000,0.00000,0.000000,0.00000,LOW,false,false,true,false,
4448,2026-09-11T16:12:25.481037+00:00,444.800314,estop_released_dcplus_5v1_power_led_only_no_click,0.000000,0.00000,0.000000,0.00000,LOW,false,false,true,false,
4449,2026-09-11T16:12:25.580742+00:00,444.900294,estop_released_dcplus_5v1_power_led_only_no_click,0.000000,0.00000,0.000000,0.00000,LOW,false,false,true,false,
4450,2026-09-11T16:12:25.681039+00:00,445.000310,estop_released_dcplus_5v1_power_led_only_no_click,0.000000,0.00000,0.000000,0.00000,LOW,false,false,true,false,
4451,2026-09-11T16:12:25.780737+00:00,445.100289,estop_released_dcplus_5v1_power_led_only_no_click,0.000000,0.00000,0.000000,0.00000,LOW,false,false,true,false,
4452,2026-09-11T16:12:25.881030+00:00,445.200311,estop_released_dcplus_5v1_power_led_only_no_click,0.000000,0.00000,0.000000,0.00000,LOW,false,false,true,false,
4453,2026-09-11T16:12:25.980722+00:00,445.300283,estop_released_dcplus_5v1_power_led_only_no_click,0.000000,0.00000,0.000000,0.00000,LOW,false,false,true,false,
4454,2026-09-11T16:12:26.081050+00:00,445.400313,estop_released_dcplus_5v1_power_led_only_no_click,0.000000,0.00000,0.000000,0.00000,LOW,false,false,true,false,
4455,2026-09-11T16:12:26.180736+00:00,445.500291,estop_released_dcplus_5v1_power_led_only_no_click,0.000000,0.00000,0.000000,0.00000,LOW,false,false,true,false,
4456,2026-09-11T16:12:26.281038+00:00,445.600313,estop_released_dcplus_5v1_power_led_only_no_click,0.000000,0.00000,0.000000,0.00000,LOW,false,false,true,false,
4457,2026-09-11T16:12:26.380728+00:00,445.700284,estop_released_dcplus_5v1_power_led_only_no_click,0.000000,0.00000,0.000000,0.00000,LOW,false,false,true,false,
4458,2026-09-11T16:12:26.481036+00:00,445.800313,estop_released_dcplus_5v1_power_led_only_no_click,0.000000,0.00000,0.000000,0.00000,LOW,false,false,true,false,
4459,2026-09-11T16:12:26.580737+00:00,445.900290,estop_released_dcplus_5v1_power_led_only_no_click,0.000000,0.00000,0.000000,0.00000,LOW,false,false,true,false,
4460,2026-09-11T16:12:26.681075+00:00,446.000315,estop_released_dcplus_5v1_power_led_only_no_click,0.000000,0.00000,0.000000,0.00000,LOW,false,false,true,false,
4461,2026-09-11T16:12:26.780769+00:00,446.100309,estop_released_dcplus_5v1_power_led_only_no_click,0.000000,0.00000,0.000000,0.00000,LOW,false,false,true,false,
4462,2026-09-11T16:12:26.881054+00:00,446.200319,estop_released_dcplus_5v1_power_led_only_no_click,0.000000,0.00000,0.000000,0.00000,LOW,false,false,true,false,
4463,2026-09-11T16:12:26.980734+00:00,446.300289,estop_released_dcplus_5v1_power_led_only_no_click,0.000000,0.00000,0.000000,0.00000,LOW,false,false,true,false,
4464,2026-09-11T16:12:27.081039+00:00,446.400320,estop_released_dcplus_5v1_power_led_only_no_click,0.000000,0.00000,0.000000,0.00000,LOW,false,false,true,false,
4465,2026-09-11T16:12:27.180725+00:00,446.500282,estop_released_dcplus_5v1_power_led_only_no_click,0.000000,0.00000,0.000000,0.00000,LOW,false,false,true,false,
4466,2026-09-11T16:12:27.281037+00:00,446.600314,estop_released_dcplus_5v1_power_led_only_no_click,0.000000,0.00000,0.000000,0.00000,LOW,false,false,true,false,
4467,2026-09-11T16:12:27.380726+00:00,446.700281,estop_released_dcplus_5v1_power_led_only_no_click,0.000000,0.00000,0.000000,0.00000,LOW,false,false,true,false,
4468,2026-09-11T16:12:27.481033+00:00,446.800314,estop_released_dcplus_5v1_power_led_only_no_click,0.000000,0.00000,0.000000,0.00000,LOW,false,false,true,false,
4469,2026-09-11T16:12:27.580741+00:00,446.900288,estop_released_dcplus_5v1_power_led_only_no_click,0.000000,0.00000,0.000000,0.00000,LOW,false,false,true,false,
4470,2026-09-11T16:12:27.681039+00:00,447.000314,estop_released_dcplus_5v1_power_led_only_no_click,0.000000,0.00000,0.000000,0.00000,LOW,false,false,true,false,
4471,2026-09-11T16:12:27.780722+00:00,447.100282,estop_released_dcplus_5v1_power_led_only_no_click,0.000000,0.00000,0.000000,0.00000,LOW,false,false,true,false,
4472,2026-09-11T16:12:27.881054+00:00,447.200313,estop_released_dcplus_5v1_power_led_only_no_click,0.000000,0.00000,0.000000,0.00000,LOW,false,false,true,false,
4473,2026-09-11T16:12:27.980728+00:00,447.300286,estop_released_dcplus_5v1_power_led_only_no_click,0.000000,0.00000,0.000000,0.00000,LOW,false,false,true,false,
4474,2026-09-11T16:12:28.081071+00:00,447.400325,estop_released_dcplus_5v1_power_led_only_no_click,0.000000,0.00000,0.000000,0.00000,LOW,false,false,true,false,
4475,2026-09-11T16:12:28.180732+00:00,447.500288,estop_released_dcplus_5v1_power_led_only_no_click,0.000000,0.00000,0.000000,0.00000,LOW,false,false,true,false,
4476,2026-09-11T16:12:28.281037+00:00,447.600309,estop_released_dcplus_5v1_power_led_only_no_click,0.000000,0.00000,0.000000,0.00000,LOW,false,false,true,false,
4477,2026-09-11T16:12:28.380721+00:00,447.700287,estop_released_dcplus_5v1_power_led_only_no_click,0.000000,0.00000,0.000000,0.00000,LOW,false,false,true,false,
4478,2026-09-11T16:12:28.481038+00:00,447.800312,estop_released_dcplus_5v1_power_led_only_no_click,0.000000,0.00000,0.000000,0.00000,LOW,false,false,true,false,
4479,2026-09-11T16:12:28.580751+00:00,447.900297,estop_released_dcplus_5v1_power_led_only_no_click,0.000000,0.00000,0.000000,0.00000,LOW,false,false,true,false,
4480,2026-09-11T16:12:28.681039+00:00,448.000313,estop_released_dcplus_5v1_power_led_only_no_click,0.000000,0.00000,0.000000,0.00000,LOW,false,false,true,false,
4481,2026-09-11T16:12:28.780729+00:00,448.100287,estop_released_dcplus_5v1_power_led_only_no_click,0.000000,0.00000,0.000000,0.00000,LOW,false,false,true,false,
4482,2026-09-11T16:12:28.881041+00:00,448.200317,estop_released_dcplus_5v1_power_led_only_no_click,0.000000,0.00000,0.000000,0.00000,LOW,false,false,true,false,
4483,2026-09-11T16:12:28.980723+00:00,448.300283,estop_released_dcplus_5v1_power_led_only_no_click,0.000000,0.00000,0.000000,0.00000,LOW,false,false,true,false,
4484,2026-09-11T16:12:29.081047+00:00,448.400314,estop_released_dcplus_5v1_power_led_only_no_click,0.000000,0.00000,0.000000,0.00000,LOW,false,false,true,false,
4485,2026-09-11T16:12:29.180946+00:00,448.500394,estop_released_dcplus_5v1_power_led_only_no_click,0.000000,0.00000,0.000000,0.00000,LOW,false,false,true,false,
4486,2026-09-11T16:12:29.281100+00:00,448.600349,estop_released_dcplus_5v1_power_led_only_no_click,0.000000,0.00000,0.000000,0.00000,LOW,false,false,true,false,
4487,2026-09-11T16:12:29.380748+00:00,448.700303,estop_released_dcplus_5v1_power_led_only_no_click,0.000000,0.00000,0.000000,0.00000,LOW,false,false,true,false,
4488,2026-09-11T16:12:29.481237+00:00,448.800432,estop_released_dcplus_5v1_power_led_only_no_click,0.000000,0.00000,0.000000,0.00000,LOW,false,false,true,false,
4489,2026-09-11T16:12:29.580755+00:00,448.900300,estop_released_dcplus_5v1_power_led_only_no_click,0.000000,0.00000,0.000000,0.00000,LOW,false,false,true,false,
4490,2026-09-11T16:12:29.681220+00:00,449.000322,estop_released_dcplus_5v1_power_led_only_no_click,0.000000,0.00000,0.000000,0.00000,LOW,false,false,true,false,
4491,2026-09-11T16:12:29.781116+00:00,449.100362,estop_released_dcplus_5v1_power_led_only_no_click,0.000000,0.00000,0.000000,0.00000,LOW,false,false,true,false,
4492,2026-09-11T16:12:29.880755+00:00,449.200298,estop_released_dcplus_5v1_power_led_only_no_click,0.000000,0.00000,0.000000,0.00000,LOW,false,false,true,false,
4493,2026-09-11T16:12:29.981051+00:00,449.300313,estop_released_dcplus_5v1_power_led_only_no_click,0.000000,0.00000,0.000000,0.00000,LOW,false,false,true,false,
4494,2026-09-11T16:12:30.080745+00:00,449.400292,estop_released_dcplus_5v1_power_led_only_no_click,0.000000,0.00000,0.000000,0.00000,LOW,false,false,true,false,
4495,2026-09-11T16:12:30.181054+00:00,449.500320,estop_released_dcplus_5v1_power_led_only_no_click,0.000000,0.00000,0.000000,0.00000,LOW,false,false,true,false,
4496,2026-09-11T16:12:30.280722+00:00,449.600288,estop_released_dcplus_5v1_power_led_only_no_click,0.000000,0.00000,0.000000,0.00000,LOW,false,false,true,false,
4497,2026-09-11T16:12:30.381040+00:00,449.700309,estop_released_dcplus_5v1_power_led_only_no_click,0.000000,0.00000,0.000000,0.00000,LOW,false,false,true,false,
4498,2026-09-11T16:12:30.480727+00:00,449.800285,estop_released_dcplus_5v1_power_led_only_no_click,0.000000,0.00000,0.000000,0.00000,LOW,false,false,true,false,
4499,2026-09-11T16:12:30.581069+00:00,449.900330,estop_released_dcplus_5v1_power_led_only_no_click,0.000000,0.00000,0.000000,0.00000,LOW,false,false,true,false,
4500,2026-09-11T16:12:30.680742+00:00,450.000289,estop_released_dcplus_5v1_power_led_only_no_click,0.000000,0.00000,0.000000,0.00000,LOW,false,false,true,false,
4501,2026-09-11T16:12:30.781054+00:00,450.100325,estop_released_dcplus_5v1_power_led_only_no_click,0.000000,0.00000,0.000000,0.00000,LOW,false,false,true,false,
4502,2026-09-11T16:12:30.880728+00:00,450.200286,estop_released_dcplus_5v1_power_led_only_no_click,0.000000,0.00000,0.000000,0.00000,LOW,false,false,true,false,
4503,2026-09-11T16:12:30.981038+00:00,450.300313,estop_released_dcplus_5v1_power_led_only_no_click,0.000000,0.00000,0.000000,0.00000,LOW,false,false,true,false,
4504,2026-09-11T16:12:31.080722+00:00,450.400285,estop_released_dcplus_5v1_power_led_only_no_click,0.000000,0.00000,0.000000,0.00000,LOW,false,false,true,false,
4505,2026-09-11T16:12:31.181056+00:00,450.500323,estop_released_dcplus_5v1_power_led_only_no_click,0.000000,0.00000,0.000000,0.00000,LOW,false,false,true,false,
4506,2026-09-11T16:12:31.280743+00:00,450.600291,estop_released_dcplus_5v1_power_led_only_no_click,0.000000,0.00000,0.000000,0.00000,LOW,false,false,true,false,
4507,2026-09-11T16:12:31.381038+00:00,450.700313,estop_released_dcplus_5v1_power_led_only_no_click,0.000000,0.00000,0.000000,0.00000,LOW,false,false,true,false,
4508,2026-09-11T16:12:31.480723+00:00,450.800282,estop_released_dcplus_5v1_power_led_only_no_click,0.000000,0.00000,0.000000,0.00000,LOW,false,false,true,false,
4509,2026-09-11T16:12:31.581037+00:00,450.900314,estop_released_dcplus_5v1_power_led_only_no_click,0.000000,0.00000,0.000000,0.00000,LOW,false,false,true,false,
4510,2026-09-11T16:12:31.680726+00:00,451.000285,estop_released_dcplus_5v1_power_led_only_no_click,0.000000,0.00000,0.000000,0.00000,LOW,false,false,true,false,
4511,2026-09-11T16:12:31.781039+00:00,451.100309,estop_released_dcplus_5v1_power_led_only_no_click,0.000000,0.00000,0.000000,0.00000,LOW,false,false,true,false,
4512,2026-09-11T16:12:31.880714+00:00,451.200283,estop_released_dcplus_5v1_power_led_only_no_click,0.000000,0.00000,0.000000,0.00000,LOW,false,false,true,false,
4513,2026-09-11T16:12:31.981039+00:00,451.300310,estop_released_dcplus_5v1_power_led_only_no_click,0.000000,0.00000,0.000000,0.00000,LOW,false,false,true,false,
4514,2026-09-11T16:12:32.080732+00:00,451.400286,estop_released_dcplus_5v1_power_led_only_no_click,0.000000,0.00000,0.000000,0.00000,LOW,false,false,true,false,
4515,2026-09-11T16:12:32.181065+00:00,451.500325,estop_released_dcplus_5v1_power_led_only_no_click,0.000000,0.00000,0.000000,0.00000,LOW,false,false,true,false,
4516,2026-09-11T16:12:32.280732+00:00,451.600289,estop_released_dcplus_5v1_power_led_only_no_click,0.000000,0.00000,0.000000,0.00000,LOW,false,false,true,false,
4517,2026-09-11T16:12:32.381039+00:00,451.700310,estop_released_dcplus_5v1_power_led_only_no_click,0.000000,0.00000,0.000000,0.00000,LOW,false,false,true,false,
4518,2026-09-11T16:12:32.480731+00:00,451.800286,estop_released_dcplus_5v1_power_led_only_no_click,0.000000,0.00000,0.000000,0.00000,LOW,false,false,true,false,
4519,2026-09-11T16:12:32.581056+00:00,451.900315,estop_released_dcplus_5v1_power_led_only_no_click,0.000000,0.00000,0.000000,0.00000,LOW,false,false,true,false,
4520,2026-09-11T16:12:32.680767+00:00,452.000305,estop_released_dcplus_5v1_power_led_only_no_click,0.000000,0.00000,0.000000,0.00000,LOW,false,false,true,false,
4521,2026-09-11T16:12:32.781047+00:00,452.100315,estop_released_dcplus_5v1_power_led_only_no_click,0.000000,0.00000,0.000000,0.00000,LOW,false,false,true,false,
4522,2026-09-11T16:12:32.880737+00:00,452.200288,estop_released_dcplus_5v1_power_led_only_no_click,0.000000,0.00000,0.000000,0.00000,LOW,false,false,true,false,
4523,2026-09-11T16:12:32.981038+00:00,452.300314,estop_released_dcplus_5v1_power_led_only_no_click,0.000000,0.00000,0.000000,0.00000,LOW,false,false,true,false,
4524,2026-09-11T16:12:33.080736+00:00,452.400288,estop_released_dcplus_5v1_power_led_only_no_click,0.000000,0.00000,0.000000,0.00000,LOW,false,false,true,false,
4525,2026-09-11T16:12:33.181063+00:00,452.500320,estop_released_dcplus_5v1_power_led_only_no_click,0.000000,0.00000,0.000000,0.00000,LOW,false,false,true,false,
4526,2026-09-11T16:12:33.280730+00:00,452.600291,estop_released_dcplus_5v1_power_led_only_no_click,0.000000,0.00000,0.000000,0.00000,LOW,false,false,true,false,
4527,2026-09-11T16:12:33.381038+00:00,452.700312,estop_released_dcplus_5v1_power_led_only_no_click,0.000000,0.00000,0.000000,0.00000,LOW,false,false,true,false,
4528,2026-09-11T16:12:33.480722+00:00,452.800283,estop_released_dcplus_5v1_power_led_only_no_click,0.000000,0.00000,0.000000,0.00000,LOW,false,false,true,false,
4529,2026-09-11T16:12:33.581056+00:00,452.900317,estop_released_dcplus_5v1_power_led_only_no_click,0.000000,0.00000,0.000000,0.00000,LOW,false,false,true,false,
4530,2026-09-11T16:12:33.680730+00:00,453.000284,estop_released_dcplus_5v1_power_led_only_no_click,0.000000,0.00000,0.000000,0.00000,LOW,false,false,true,false,
4531,2026-09-11T16:12:33.781039+00:00,453.100308,estop_released_dcplus_5v1_power_led_only_no_click,0.000000,0.00000,0.000000,0.00000,LOW,false,false,true,false,
4532,2026-09-11T16:12:33.880730+00:00,453.200282,estop_released_dcplus_5v1_power_led_only_no_click,0.000000,0.00000,0.000000,0.00000,LOW,false,false,true,false,
4533,2026-09-11T16:12:33.981037+00:00,453.300309,estop_released_dcplus_5v1_power_led_only_no_click,0.000000,0.00000,0.000000,0.00000,LOW,false,false,true,false,
4534,2026-09-11T16:12:34.080730+00:00,453.400287,estop_released_dcplus_5v1_power_led_only_no_click,0.000000,0.00000,0.000000,0.00000,LOW,false,false,true,false,
4535,2026-09-11T16:12:34.181045+00:00,453.500315,estop_released_dcplus_5v1_power_led_only_no_click,0.000000,0.00000,0.000000,0.00000,LOW,false,false,true,false,
4536,2026-09-11T16:12:34.280803+00:00,453.600322,estop_released_dcplus_5v1_power_led_only_no_click,0.000000,0.00000,0.000000,0.00000,LOW,false,false,true,false,
4537,2026-09-11T16:12:34.381056+00:00,453.700325,estop_released_dcplus_5v1_power_led_only_no_click,0.000000,0.00000,0.000000,0.00000,LOW,false,false,true,false,
4538,2026-09-11T16:12:34.480728+00:00,453.800286,estop_released_dcplus_5v1_power_led_only_no_click,0.000000,0.00000,0.000000,0.00000,LOW,false,false,true,false,
4539,2026-09-11T16:12:34.581169+00:00,453.900382,estop_released_dcplus_5v1_power_led_only_no_click,0.000000,0.00000,0.000000,0.00000,LOW,false,false,true,false,
4540,2026-09-11T16:12:34.680748+00:00,454.000297,estop_released_dcplus_5v1_power_led_only_no_click,0.000000,0.00000,0.000000,0.00000,LOW,false,false,true,false,
4541,2026-09-11T16:12:34.781062+00:00,454.100330,estop_released_dcplus_5v1_power_led_only_no_click,0.000000,0.00000,0.000000,0.00000,LOW,false,false,true,false,
4542,2026-09-11T16:12:34.880737+00:00,454.200286,estop_released_dcplus_5v1_power_led_only_no_click,0.000000,0.00000,0.000000,0.00000,LOW,false,false,true,false,
4543,2026-09-11T16:12:34.981051+00:00,454.300314,estop_released_dcplus_5v1_power_led_only_no_click,0.000000,0.00000,0.000000,0.00000,LOW,false,false,true,false,
4544,2026-09-11T16:12:35.080902+00:00,454.400343,estop_released_dcplus_5v1_power_led_only_no_click,0.000000,0.00000,0.000000,0.00000,LOW,false,false,true,false,
4545,2026-09-11T16:12:35.181113+00:00,454.500361,estop_released_dcplus_5v1_power_led_only_no_click,0.000000,0.00000,0.000000,0.00000,LOW,false,false,true,false,
4546,2026-09-11T16:12:35.280796+00:00,454.600321,estop_released_dcplus_5v1_power_led_only_no_click,0.000000,0.00000,0.000000,0.00000,LOW,false,false,true,false,
4547,2026-09-11T16:12:35.381113+00:00,454.700352,estop_released_dcplus_5v1_power_led_only_no_click,0.000000,0.00000,0.000000,0.00000,LOW,false,false,true,false,
4548,2026-09-11T16:12:35.480857+00:00,454.800342,estop_released_dcplus_5v1_power_led_only_no_click,0.000000,0.00000,0.000000,0.00000,LOW,false,false,true,false,
4549,2026-09-11T16:12:35.581022+00:00,454.900291,estop_released_dcplus_5v1_power_led_only_no_click,0.000000,0.00000,0.000000,0.00000,LOW,false,false,true,false,
4550,2026-09-11T16:12:35.681020+00:00,455.000325,estop_released_dcplus_5v1_power_led_only_no_click,0.000000,0.00000,0.000000,0.00000,LOW,false,false,true,false,
4551,2026-09-11T16:12:35.780827+00:00,455.100337,estop_released_dcplus_5v1_power_led_only_no_click,0.000000,0.00000,0.000000,0.00000,LOW,false,false,true,false,
4552,2026-09-11T16:12:35.881063+00:00,455.200388,estop_released_dcplus_5v1_power_led_only_no_click,-0.002000,-0.00606,0.000000,0.00000,LOW,false,false,true,false,
4553,2026-09-11T16:12:35.980818+00:00,455.300310,estop_released_dcplus_5v1_power_led_only_no_click,0.000000,0.00000,0.000000,0.00000,LOW,false,false,true,false,
4554,2026-09-11T16:12:36.080947+00:00,455.400288,estop_released_dcplus_5v1_power_led_only_no_click,0.000000,0.00000,0.000000,0.00000,LOW,false,false,true,false,
4555,2026-09-11T16:12:36.180943+00:00,455.500312,estop_released_dcplus_5v1_power_led_only_no_click,0.000000,0.00000,0.000000,0.00000,LOW,false,false,true,false,
4556,2026-09-11T16:12:36.280946+00:00,455.600291,estop_released_dcplus_5v1_power_led_only_no_click,0.000000,0.00000,0.000000,0.00000,LOW,false,false,true,false,
4557,2026-09-11T16:12:36.380822+00:00,455.700311,estop_released_dcplus_5v1_power_led_only_no_click,0.000000,0.00000,0.000000,0.00000,LOW,false,false,true,false,
4558,2026-09-11T16:12:36.480934+00:00,455.800286,estop_released_dcplus_5v1_power_led_only_no_click,0.000000,0.00000,0.000000,0.00000,LOW,false,false,true,false,
4559,2026-09-11T16:12:36.580817+00:00,455.900311,estop_released_dcplus_5v1_power_led_only_no_click,0.000000,0.00000,0.000000,0.00000,LOW,false,false,true,false,
4560,2026-09-11T16:12:36.680926+00:00,456.000281,estop_released_dcplus_5v1_power_led_only_no_click,0.000000,0.00000,0.000000,0.00000,LOW,false,false,true,false,
4561,2026-09-11T16:12:36.780809+00:00,456.100309,estop_released_dcplus_5v1_power_led_only_no_click,0.000000,0.00000,0.000000,0.00000,LOW,false,false,true,false,
4562,2026-09-11T16:12:36.880924+00:00,456.200278,estop_released_dcplus_5v1_power_led_only_no_click,0.000000,0.00000,0.000000,0.00000,LOW,false,false,true,false,
4563,2026-09-11T16:12:36.981286+00:00,456.300459,estop_released_dcplus_5v1_power_led_only_no_click,0.000000,0.00000,0.000000,0.00000,LOW,false,false,true,false,
4564,2026-09-11T16:12:37.081059+00:00,456.400331,estop_released_dcplus_5v1_power_led_only_no_click,0.000000,0.00000,0.000000,0.00000,LOW,false,false,true,false,
4565,2026-09-11T16:12:37.180816+00:00,456.500309,estop_released_dcplus_5v1_power_led_only_no_click,0.000000,0.00000,0.000000,0.00000,LOW,false,false,true,false,
4566,2026-09-11T16:12:37.280944+00:00,456.600282,estop_released_dcplus_5v1_power_led_only_no_click,0.000000,0.00000,0.000000,0.00000,LOW,false,false,true,false,
4567,2026-09-11T16:12:37.380820+00:00,456.700314,estop_released_dcplus_5v1_power_led_only_no_click,0.000000,0.00000,0.000000,0.00000,LOW,false,false,true,false,
4568,2026-09-11T16:12:37.480937+00:00,456.800285,estop_released_dcplus_5v1_power_led_only_no_click,0.000000,0.00000,0.000000,0.00000,LOW,false,false,true,false,
4569,2026-09-11T16:12:37.580814+00:00,456.900309,estop_released_dcplus_5v1_power_led_only_no_click,0.000000,0.00000,0.000000,0.00000,LOW,false,false,true,false,
4570,2026-09-11T16:12:37.680932+00:00,457.000282,estop_released_dcplus_5v1_power_led_only_no_click,0.000000,0.00000,0.000000,0.00000,LOW,false,false,true,false,
4571,2026-09-11T16:12:37.780867+00:00,457.100311,estop_released_dcplus_5v1_power_led_only_no_click,0.000000,0.00000,0.000000,0.00000,LOW,false,false,true,false,
4572,2026-09-11T16:12:37.880908+00:00,457.200284,estop_released_dcplus_5v1_power_led_only_no_click,0.000000,0.00000,0.000000,0.00000,LOW,false,false,true,false,
4573,2026-09-11T16:12:37.980982+00:00,457.300321,estop_released_dcplus_5v1_power_led_only_no_click,0.000000,0.00000,0.000000,0.00000,LOW,false,false,true,false,
4574,2026-09-11T16:12:38.080935+00:00,457.400283,estop_released_dcplus_5v1_power_led_only_no_click,0.000000,0.00000,0.000000,0.00000,LOW,false,false,true,false,
4575,2026-09-11T16:12:38.181108+00:00,457.500328,estop_released_dcplus_5v1_power_led_only_no_click,0.000000,0.00000,0.000000,0.00000,LOW,false,false,true,false,
4576,2026-09-11T16:12:38.280965+00:00,457.600312,estop_released_dcplus_5v1_power_led_only_no_click,0.000000,0.00000,0.000000,0.00000,LOW,false,false,true,false,
4577,2026-09-11T16:12:38.380880+00:00,457.700286,estop_released_dcplus_5v1_power_led_only_no_click,0.000000,0.00000,0.000000,0.00000,LOW,false,false,true,false,
4578,2026-09-11T16:12:38.480965+00:00,457.800312,estop_released_dcplus_5v1_power_led_only_no_click,0.000000,0.00000,0.000000,0.00000,LOW,false,false,true,false,
4579,2026-09-11T16:12:38.580807+00:00,457.900284,estop_released_dcplus_5v1_power_led_only_no_click,0.000000,0.00000,0.000000,0.00000,LOW,false,false,true,false,
4580,2026-09-11T16:12:38.680974+00:00,458.000304,estop_released_dcplus_5v1_power_led_only_no_click,0.000000,0.00000,0.000000,0.00000,LOW,false,false,true,false,
4581,2026-09-11T16:12:38.780817+00:00,458.100292,estop_released_dcplus_5v1_power_led_only_no_click,0.000000,0.00000,0.000000,0.00000,LOW,false,false,true,false,
4582,2026-09-11T16:12:38.881059+00:00,458.200329,estop_released_dcplus_5v1_power_led_only_no_click,0.000000,0.00000,0.000000,0.00000,LOW,false,false,true,false,
4583,2026-09-11T16:12:38.980963+00:00,458.300310,estop_released_dcplus_5v1_power_led_only_no_click,0.000000,0.00000,0.000000,0.00000,LOW,false,false,true,false,
4584,2026-09-11T16:12:39.080724+00:00,458.400284,estop_released_dcplus_5v1_power_led_only_no_click,0.000000,0.00000,0.000000,0.00000,LOW,false,false,true,false,
4585,2026-09-11T16:12:39.180872+00:00,458.500284,estop_released_dcplus_5v1_power_led_only_no_click,0.000000,0.00000,0.000000,0.00000,LOW,false,false,true,false,
4586,2026-09-11T16:12:39.281093+00:00,458.600346,estop_released_dcplus_5v1_power_led_only_no_click,0.000000,0.00000,0.000000,0.00000,LOW,false,false,true,false,
4587,2026-09-11T16:12:39.380980+00:00,458.700320,estop_released_dcplus_5v1_power_led_only_no_click,0.000000,0.00000,0.000000,0.00000,LOW,false,false,true,false,
4588,2026-09-11T16:12:39.480798+00:00,458.800284,estop_released_dcplus_5v1_power_led_only_no_click,0.000000,0.00000,0.000000,0.00000,LOW,false,false,true,false,
4589,2026-09-11T16:12:39.580971+00:00,458.900315,estop_released_dcplus_5v1_power_led_only_no_click,0.000000,0.00000,0.000000,0.00000,LOW,false,false,true,false,
4590,2026-09-11T16:12:39.680939+00:00,459.000348,estop_released_dcplus_5v1_power_led_only_no_click,0.000000,0.00000,0.000000,0.00000,LOW,false,false,true,false,
4591,2026-09-11T16:12:39.780988+00:00,459.100322,estop_released_dcplus_5v1_power_led_only_no_click,0.000000,0.00000,0.000000,0.00000,LOW,false,false,true,false,
4592,2026-09-11T16:12:39.880807+00:00,459.200294,estop_released_dcplus_5v1_power_led_only_no_click,0.000000,0.00000,0.000000,0.00000,LOW,false,false,true,false,
4593,2026-09-11T16:12:39.981005+00:00,459.300305,estop_released_dcplus_5v1_power_led_only_no_click,0.000000,0.00000,0.000000,0.00000,LOW,false,false,true,false,
4594,2026-09-11T16:12:40.080794+00:00,459.400282,estop_released_dcplus_5v1_power_led_only_no_click,0.000000,0.00000,0.000000,0.00000,LOW,false,false,true,false,
4595,2026-09-11T16:12:40.181042+00:00,459.500307,estop_released_dcplus_5v1_power_led_only_no_click,0.000000,0.00000,0.000000,0.00000,LOW,false,false,true,false,
4596,2026-09-11T16:12:40.280743+00:00,459.600285,estop_released_dcplus_5v1_power_led_only_no_click,0.000000,0.00000,0.000000,0.00000,LOW,false,false,true,false,
4597,2026-09-11T16:12:40.381058+00:00,459.700323,estop_released_dcplus_5v1_power_led_only_no_click,0.000000,0.00000,0.000000,0.00000,LOW,false,false,true,false,
4598,2026-09-11T16:12:40.480800+00:00,459.800281,estop_released_dcplus_5v1_power_led_only_no_click,0.000000,0.00000,0.000000,0.00000,LOW,false,false,true,false,
4599,2026-09-11T16:12:40.581120+00:00,459.900317,estop_released_dcplus_5v1_power_led_only_no_click,0.000000,0.00000,0.000000,0.00000,LOW,false,false,true,false,
4600,2026-09-11T16:12:40.680736+00:00,460.000293,estop_released_dcplus_5v1_power_led_only_no_click,0.000000,0.00000,0.000000,0.00000,LOW,false,false,true,false,
4601,2026-09-11T16:12:40.781040+00:00,460.100314,estop_released_dcplus_5v1_power_led_only_no_click,0.000000,0.00000,0.000000,0.00000,LOW,false,false,true,false,
4602,2026-09-11T16:12:40.880729+00:00,460.200290,estop_released_dcplus_5v1_power_led_only_no_click,0.000000,0.00000,0.000000,0.00000,LOW,false,false,true,false,
4603,2026-09-11T16:12:40.981031+00:00,460.300308,estop_released_dcplus_5v1_power_led_only_no_click,0.000000,0.00000,0.000000,0.00000,LOW,false,false,true,false,
4604,2026-09-11T16:12:41.080837+00:00,460.400281,estop_released_dcplus_5v1_power_led_only_no_click,0.000000,0.00000,0.000000,0.00000,LOW,false,false,true,false,
4605,2026-09-11T16:12:41.180848+00:00,460.500354,estop_released_dcplus_5v1_power_led_only_no_click,0.000000,0.00000,0.000000,0.00000,LOW,false,false,true,false,
4606,2026-09-11T16:12:41.281089+00:00,460.600349,estop_released_dcplus_5v1_power_led_only_no_click,0.000000,0.00000,-0.002000,-0.01212,LOW,false,false,true,false,
4607,2026-09-11T16:12:41.381041+00:00,460.700320,estop_released_dcplus_5v1_power_led_only_no_click,0.000000,0.00000,0.000000,0.00000,LOW,false,false,true,false,
4608,2026-09-11T16:12:41.480771+00:00,460.800308,estop_released_dcplus_5v1_power_led_only_no_click,0.000000,0.00000,0.000000,0.00000,LOW,false,false,true,false,
4609,2026-09-11T16:12:41.581183+00:00,460.900387,estop_released_dcplus_5v1_power_led_only_no_click,0.000000,0.00000,0.000000,0.00000,LOW,false,false,true,false,
4610,2026-09-11T16:12:41.680926+00:00,461.000300,estop_released_dcplus_5v1_power_led_only_no_click,0.000000,0.00000,0.000000,0.00000,LOW,false,false,true,false,
4611,2026-09-11T16:12:41.780825+00:00,461.100335,estop_released_dcplus_5v1_power_led_only_no_click,0.000000,0.00000,0.000000,0.00000,LOW,false,false,true,false,
4612,2026-09-11T16:12:41.881061+00:00,461.200326,estop_released_dcplus_5v1_power_led_only_no_click,0.000000,0.00000,0.000000,0.00000,LOW,false,false,true,false,
4613,2026-09-11T16:12:41.980737+00:00,461.300288,estop_released_dcplus_5v1_power_led_only_no_click,0.000000,0.00000,0.000000,0.00000,LOW,false,false,true,false,
4614,2026-09-11T16:12:42.081043+00:00,461.400311,estop_released_dcplus_5v1_power_led_only_no_click,0.000000,0.00000,0.000000,0.00000,LOW,false,false,true,false,
4615,2026-09-11T16:12:42.180743+00:00,461.500291,estop_released_dcplus_5v1_power_led_only_no_click,0.000000,0.00000,0.000000,0.00000,LOW,false,false,true,false,
4616,2026-09-11T16:12:42.281053+00:00,461.600318,estop_released_dcplus_5v1_power_led_only_no_click,0.000000,0.00000,0.000000,0.00000,LOW,false,false,true,false,
4617,2026-09-11T16:12:42.380729+00:00,461.700286,estop_released_dcplus_5v1_power_led_only_no_click,0.000000,0.00000,0.000000,0.00000,LOW,false,false,true,false,
4618,2026-09-11T16:12:42.481051+00:00,461.800321,estop_released_dcplus_5v1_power_led_only_no_click,0.000000,0.00000,0.000000,0.00000,LOW,false,false,true,false,
4619,2026-09-11T16:12:42.580739+00:00,461.900294,estop_released_dcplus_5v1_power_led_only_no_click,0.000000,0.00000,0.000000,0.00000,LOW,false,false,true,false,
4620,2026-09-11T16:12:42.681083+00:00,462.000328,estop_released_dcplus_5v1_power_led_only_no_click,0.000000,0.00000,0.000000,0.00000,LOW,false,false,true,false,
4621,2026-09-11T16:12:42.780767+00:00,462.100305,estop_released_dcplus_5v1_power_led_only_no_click,0.000000,0.00000,0.000000,0.00000,LOW,false,false,true,false,
4622,2026-09-11T16:12:42.881045+00:00,462.200316,estop_released_dcplus_5v1_power_led_only_no_click,0.000000,0.00000,0.000000,0.00000,LOW,false,false,true,false,
4623,2026-09-11T16:12:42.980721+00:00,462.300285,estop_released_dcplus_5v1_power_led_only_no_click,0.000000,0.00000,0.000000,0.00000,LOW,false,false,true,false,
4624,2026-09-11T16:12:43.081048+00:00,462.400316,estop_released_dcplus_5v1_power_led_only_no_click,0.000000,0.00000,0.000000,0.00000,LOW,false,false,true,false,
4625,2026-09-11T16:12:43.180739+00:00,462.500290,estop_released_dcplus_5v1_power_led_only_no_click,0.000000,0.00000,0.000000,0.00000,LOW,false,false,true,false,
4626,2026-09-11T16:12:43.281057+00:00,462.600319,estop_released_dcplus_5v1_power_led_only_no_click,0.000000,0.00000,0.000000,0.00000,LOW,false,false,true,false,
4627,2026-09-11T16:12:43.380713+00:00,462.700280,estop_released_dcplus_5v1_power_led_only_no_click,0.000000,0.00000,0.000000,0.00000,LOW,false,false,true,false,
4628,2026-09-11T16:12:43.481048+00:00,462.800314,estop_released_dcplus_5v1_power_led_only_no_click,0.000000,0.00000,0.000000,0.00000,LOW,false,false,true,false,
4629,2026-09-11T16:12:43.580732+00:00,462.900285,estop_released_dcplus_5v1_power_led_only_no_click,0.000000,0.00000,0.000000,0.00000,LOW,false,false,true,false,
4630,2026-09-11T16:12:43.681041+00:00,463.000314,estop_released_dcplus_5v1_power_led_only_no_click,0.000000,0.00000,0.000000,0.00000,LOW,false,false,true,false,
4631,2026-09-11T16:12:43.780725+00:00,463.100285,estop_released_dcplus_5v1_power_led_only_no_click,0.000000,0.00000,0.000000,0.00000,LOW,false,false,true,false,
4632,2026-09-11T16:12:43.881028+00:00,463.200309,estop_released_dcplus_5v1_power_led_only_no_click,0.000000,0.00000,0.000000,0.00000,LOW,false,false,true,false,
4633,2026-09-11T16:12:43.980720+00:00,463.300282,estop_released_dcplus_5v1_power_led_only_no_click,0.000000,0.00000,0.000000,0.00000,LOW,false,false,true,false,
4634,2026-09-11T16:12:44.081042+00:00,463.400312,estop_released_dcplus_5v1_power_led_only_no_click,0.000000,0.00000,0.000000,0.00000,LOW,false,false,true,false,
4635,2026-09-11T16:12:44.180720+00:00,463.500283,estop_released_dcplus_5v1_power_led_only_no_click,0.000000,0.00000,0.000000,0.00000,LOW,false,false,true,false,
4636,2026-09-11T16:12:44.281057+00:00,463.600319,estop_released_dcplus_5v1_power_led_only_no_click,0.000000,0.00000,0.000000,0.00000,LOW,false,false,true,false,
4637,2026-09-11T16:12:44.380868+00:00,463.700348,estop_released_dcplus_5v1_power_led_only_no_click,0.000000,0.00000,0.000000,0.00000,LOW,false,false,true,false,
4638,2026-09-11T16:12:44.481065+00:00,463.800331,estop_released_dcplus_5v1_power_led_only_no_click,0.000000,0.00000,0.000000,0.00000,LOW,false,false,true,false,
4639,2026-09-11T16:12:44.580735+00:00,463.900287,estop_released_dcplus_5v1_power_led_only_no_click,0.000000,0.00000,0.000000,0.00000,LOW,false,false,true,false,
4640,2026-09-11T16:12:44.681054+00:00,464.000323,estop_released_dcplus_5v1_power_led_only_no_click,0.000000,0.00000,0.000000,0.00000,LOW,false,false,true,false,
4641,2026-09-11T16:12:44.780873+00:00,464.100360,estop_released_dcplus_5v1_power_led_only_no_click,0.000000,0.00000,0.000000,0.00000,LOW,false,false,true,false,
4642,2026-09-11T16:12:44.881058+00:00,464.200329,estop_released_dcplus_5v1_power_led_only_no_click,0.000000,0.00000,0.000000,0.00000,LOW,false,false,true,false,
4643,2026-09-11T16:12:44.980730+00:00,464.300286,estop_released_dcplus_5v1_power_led_only_no_click,0.000000,0.00000,0.000000,0.00000,LOW,false,false,true,false,
4644,2026-09-11T16:12:45.081041+00:00,464.400313,estop_released_dcplus_5v1_power_led_only_no_click,0.000000,0.00000,0.000000,0.00000,LOW,false,false,true,false,
4645,2026-09-11T16:12:45.180727+00:00,464.500282,estop_released_dcplus_5v1_power_led_only_no_click,-0.002000,-0.00606,0.000000,0.00000,LOW,false,false,true,false,
4646,2026-09-11T16:12:45.281044+00:00,464.600313,estop_released_dcplus_5v1_power_led_only_no_click,0.000000,0.00000,0.000000,0.00000,LOW,false,false,true,false,
4647,2026-09-11T16:12:45.380722+00:00,464.700284,estop_released_dcplus_5v1_power_led_only_no_click,0.000000,0.00000,0.000000,0.00000,LOW,false,false,true,false,
4648,2026-09-11T16:12:45.481066+00:00,464.800327,estop_released_dcplus_5v1_power_led_only_no_click,0.000000,0.00000,0.000000,0.00000,LOW,false,false,true,false,
4649,2026-09-11T16:12:45.580740+00:00,464.900291,estop_released_dcplus_5v1_power_led_only_no_click,0.000000,0.00000,0.000000,0.00000,LOW,false,false,true,false,
4650,2026-09-11T16:12:45.681092+00:00,465.000345,estop_released_dcplus_5v1_power_led_only_no_click,0.000000,0.00000,0.000000,0.00000,LOW,false,false,true,false,
4651,2026-09-11T16:12:45.781046+00:00,465.100321,estop_released_dcplus_5v1_power_led_only_no_click,0.000000,0.00000,0.000000,0.00000,LOW,false,false,true,false,
4652,2026-09-11T16:12:45.880738+00:00,465.200291,estop_released_dcplus_5v1_power_led_only_no_click,0.000000,0.00000,0.000000,0.00000,LOW,false,false,true,false,
4653,2026-09-11T16:12:45.981031+00:00,465.300312,estop_released_dcplus_5v1_power_led_only_no_click,0.000000,0.00000,0.000000,0.00000,LOW,false,false,true,false,
4654,2026-09-11T16:12:46.080728+00:00,465.400284,estop_released_dcplus_5v1_power_led_only_no_click,0.000000,0.00000,0.000000,0.00000,LOW,false,false,true,false,
4655,2026-09-11T16:12:46.181027+00:00,465.500308,estop_released_dcplus_5v1_power_led_only_no_click,0.000000,0.00000,0.000000,0.00000,LOW,false,false,true,false,
4656,2026-09-11T16:12:46.280744+00:00,465.600288,estop_released_dcplus_5v1_power_led_only_no_click,0.000000,0.00000,0.000000,0.00000,LOW,false,false,true,false,
4657,2026-09-11T16:12:46.381044+00:00,465.700310,estop_released_dcplus_5v1_power_led_only_no_click,0.000000,0.00000,0.000000,0.00000,LOW,false,false,true,false,
4658,2026-09-11T16:12:46.480725+00:00,465.800282,estop_released_dcplus_5v1_power_led_only_no_click,0.000000,0.00000,0.000000,0.00000,LOW,false,false,true,false,
4659,2026-09-11T16:12:46.581070+00:00,465.900323,estop_released_dcplus_5v1_power_led_only_no_click,0.000000,0.00000,0.000000,0.00000,LOW,false,false,true,false,
4660,2026-09-11T16:12:46.680854+00:00,466.000354,estop_released_dcplus_5v1_power_led_only_no_click,0.000000,0.00000,0.000000,0.00000,LOW,false,false,true,false,
4661,2026-09-11T16:12:46.781076+00:00,466.100334,estop_released_dcplus_5v1_power_led_only_no_click,0.000000,0.00000,0.000000,0.00000,LOW,false,false,true,false,
4662,2026-09-11T16:12:46.880743+00:00,466.200292,estop_released_dcplus_5v1_power_led_only_no_click,0.000000,0.00000,0.000000,0.00000,LOW,false,false,true,false,
4663,2026-09-11T16:12:46.981054+00:00,466.300315,estop_released_dcplus_5v1_power_led_only_no_click,0.000000,0.00000,0.000000,0.00000,LOW,false,false,true,false,
4664,2026-09-11T16:12:47.080726+00:00,466.400285,estop_released_dcplus_5v1_power_led_only_no_click,0.000000,0.00000,0.000000,0.00000,LOW,false,false,true,false,
4665,2026-09-11T16:12:47.181300+00:00,466.500455,estop_released_dcplus_5v1_power_led_only_no_click,0.000000,0.00000,0.000000,0.00000,LOW,false,false,true,false,
4666,2026-09-11T16:12:47.281077+00:00,466.600343,estop_released_dcplus_5v1_power_led_only_no_click,0.000000,0.00000,0.000000,0.00000,LOW,false,false,true,false,
4667,2026-09-11T16:12:47.380740+00:00,466.700294,estop_released_dcplus_5v1_power_led_only_no_click,0.000000,0.00000,0.000000,0.00000,LOW,false,false,true,false,
4668,2026-09-11T16:12:47.481118+00:00,466.800347,estop_released_dcplus_5v1_power_led_only_no_click,0.000000,0.00000,0.000000,0.00000,LOW,false,false,true,false,
4669,2026-09-11T16:12:47.580753+00:00,466.900300,estop_released_dcplus_5v1_power_led_only_no_click,0.000000,0.00000,0.000000,0.00000,LOW,false,false,true,false,
4670,2026-09-11T16:12:47.681293+00:00,467.000346,estop_released_dcplus_5v1_power_led_only_no_click,0.000000,0.00000,0.000000,0.00000,LOW,false,false,true,false,
4671,2026-09-11T16:12:47.780825+00:00,467.100337,estop_released_dcplus_5v1_power_led_only_no_click,0.000000,0.00000,0.000000,0.00000,LOW,false,false,true,false,
4672,2026-09-11T16:12:47.881056+00:00,467.200325,estop_released_dcplus_5v1_power_led_only_no_click,0.000000,0.00000,0.000000,0.00000,LOW,false,false,true,false,
4673,2026-09-11T16:12:47.980728+00:00,467.300287,estop_released_dcplus_5v1_power_led_only_no_click,0.000000,0.00000,0.000000,0.00000,LOW,false,false,true,false,
4674,2026-09-11T16:12:48.081041+00:00,467.400314,estop_released_dcplus_5v1_power_led_only_no_click,0.000000,0.00000,0.000000,0.00000,LOW,false,false,true,false,
4675,2026-09-11T16:12:48.180719+00:00,467.500278,estop_released_dcplus_5v1_power_led_only_no_click,0.000000,0.00000,0.000000,0.00000,LOW,false,false,true,false,
4676,2026-09-11T16:12:48.281061+00:00,467.600322,estop_released_dcplus_5v1_power_led_only_no_click,0.000000,0.00000,0.000000,0.00000,LOW,false,false,true,false,
4677,2026-09-11T16:12:48.380732+00:00,467.700290,estop_released_dcplus_5v1_power_led_only_no_click,0.000000,0.00000,0.000000,0.00000,LOW,false,false,true,false,
4678,2026-09-11T16:12:48.481032+00:00,467.800312,estop_released_dcplus_5v1_power_led_only_no_click,0.000000,0.00000,0.000000,0.00000,LOW,false,false,true,false,
4679,2026-09-11T16:12:48.580774+00:00,467.900303,estop_released_dcplus_5v1_power_led_only_no_click,0.000000,0.00000,0.000000,0.00000,LOW,false,false,true,false,
4680,2026-09-11T16:12:48.681052+00:00,468.000317,estop_released_dcplus_5v1_power_led_only_no_click,0.000000,0.00000,0.000000,0.00000,LOW,false,false,true,false,
4681,2026-09-11T16:12:48.780742+00:00,468.100290,estop_released_dcplus_5v1_power_led_only_no_click,0.000000,0.00000,0.000000,0.00000,LOW,false,false,true,false,
4682,2026-09-11T16:12:48.881037+00:00,468.200308,estop_released_dcplus_5v1_power_led_only_no_click,0.000000,0.00000,0.000000,0.00000,LOW,false,false,true,false,
4683,2026-09-11T16:12:48.980752+00:00,468.300294,estop_released_dcplus_5v1_power_led_only_no_click,0.000000,0.00000,0.000000,0.00000,LOW,false,false,true,false,
4684,2026-09-11T16:12:49.081045+00:00,468.400318,estop_released_dcplus_5v1_power_led_only_no_click,0.000000,0.00000,0.000000,0.00000,LOW,false,false,true,false,
4685,2026-09-11T16:12:49.180724+00:00,468.500283,estop_released_dcplus_5v1_power_led_only_no_click,0.000000,0.00000,0.000000,0.00000,LOW,false,false,true,false,
4686,2026-09-11T16:12:49.281040+00:00,468.600310,estop_released_dcplus_5v1_power_led_only_no_click,0.000000,0.00000,0.000000,0.00000,LOW,false,false,true,false,
4687,2026-09-11T16:12:49.380858+00:00,468.700353,estop_released_dcplus_5v1_power_led_only_no_click,0.000000,0.00000,0.000000,0.00000,LOW,false,false,true,false,
4688,2026-09-11T16:12:49.481277+00:00,468.800457,estop_released_dcplus_5v1_power_led_only_no_click,0.000000,0.00000,0.000000,0.00000,LOW,false,false,true,false,
4689,2026-09-11T16:12:49.580783+00:00,468.900318,estop_released_dcplus_5v1_power_led_only_no_click,0.000000,0.00000,0.000000,0.00000,LOW,false,false,true,false,
4690,2026-09-11T16:12:49.681039+00:00,469.000317,estop_released_dcplus_5v1_power_led_only_no_click,0.000000,0.00000,0.000000,0.00000,LOW,false,false,true,false,
4691,2026-09-11T16:12:49.780744+00:00,469.100293,estop_released_dcplus_5v1_power_led_only_no_click,0.000000,0.00000,0.000000,0.00000,LOW,false,false,true,false,
4692,2026-09-11T16:12:49.881185+00:00,469.200391,estop_released_dcplus_5v1_power_led_only_no_click,0.000000,0.00000,0.000000,0.00000,LOW,false,false,true,false,
4693,2026-09-11T16:12:49.980743+00:00,469.300301,estop_released_dcplus_5v1_power_led_only_no_click,0.000000,0.00000,0.000000,0.00000,LOW,false,false,true,false,
4694,2026-09-11T16:12:50.081050+00:00,469.400317,estop_released_dcplus_5v1_power_led_only_no_click,0.000000,0.00000,0.000000,0.00000,LOW,false,false,true,false,
4695,2026-09-11T16:12:50.180728+00:00,469.500285,estop_released_dcplus_5v1_power_led_only_no_click,0.000000,0.00000,0.000000,0.00000,LOW,false,false,true,false,
4696,2026-09-11T16:12:50.281032+00:00,469.600313,estop_released_dcplus_5v1_power_led_only_no_click,0.000000,0.00000,0.000000,0.00000,LOW,false,false,true,false,
4697,2026-09-11T16:12:50.380746+00:00,469.700291,estop_released_dcplus_5v1_power_led_only_no_click,0.000000,0.00000,0.000000,0.00000,LOW,false,false,true,false,
4698,2026-09-11T16:12:50.481042+00:00,469.800313,estop_released_dcplus_5v1_power_led_only_no_click,0.000000,0.00000,0.000000,0.00000,LOW,false,false,true,false,
4699,2026-09-11T16:12:50.580740+00:00,469.900289,estop_released_dcplus_5v1_power_led_only_no_click,0.000000,0.00000,0.000000,0.00000,LOW,false,false,true,false,
4700,2026-09-11T16:12:50.681059+00:00,470.000313,estop_released_dcplus_5v1_power_led_only_no_click,0.000000,0.00000,0.000000,0.00000,LOW,false,false,true,false,
4701,2026-09-11T16:12:50.780758+00:00,470.100301,estop_released_dcplus_5v1_power_led_only_no_click,0.000000,0.00000,0.000000,0.00000,LOW,false,false,true,false,
4702,2026-09-11T16:12:50.881058+00:00,470.200322,estop_released_dcplus_5v1_power_led_only_no_click,0.000000,0.00000,0.000000,0.00000,LOW,false,false,true,false,
4703,2026-09-11T16:12:50.980745+00:00,470.300292,estop_released_dcplus_5v1_power_led_only_no_click,0.000000,0.00000,0.000000,0.00000,LOW,false,false,true,false,
4704,2026-09-11T16:12:51.081037+00:00,470.400313,estop_released_dcplus_5v1_power_led_only_no_click,0.000000,0.00000,0.000000,0.00000,LOW,false,false,true,false,
4705,2026-09-11T16:12:51.180731+00:00,470.500288,estop_released_dcplus_5v1_power_led_only_no_click,0.000000,0.00000,0.000000,0.00000,LOW,false,false,true,false,
4706,2026-09-11T16:12:51.281261+00:00,470.600438,estop_released_dcplus_5v1_power_led_only_no_click,0.000000,0.00000,0.000000,0.00000,LOW,false,false,true,false,
4707,2026-09-11T16:12:51.380801+00:00,470.700334,estop_released_dcplus_5v1_power_led_only_no_click,0.000000,0.00000,0.000000,0.00000,LOW,false,false,true,false,
4708,2026-09-11T16:12:51.481050+00:00,470.800324,estop_released_dcplus_5v1_power_led_only_no_click,0.000000,0.00000,0.000000,0.00000,LOW,false,false,true,false,
4709,2026-09-11T16:12:51.580764+00:00,470.900306,estop_released_dcplus_5v1_power_led_only_no_click,0.000000,0.00000,0.000000,0.00000,LOW,false,false,true,false,
4710,2026-09-11T16:12:51.681209+00:00,471.000403,estop_released_dcplus_5v1_power_led_only_no_click,0.000000,0.00000,0.000000,0.00000,LOW,false,false,true,false,
4711,2026-09-11T16:12:51.780823+00:00,471.100337,estop_released_dcplus_5v1_power_led_only_no_click,0.000000,0.00000,0.000000,0.00000,LOW,false,false,true,false,
4712,2026-09-11T16:12:51.881336+00:00,471.200419,estop_released_dcplus_5v1_power_led_only_no_click,0.000000,0.00000,0.000000,0.00000,LOW,false,false,true,false,
4713,2026-09-11T16:12:51.981133+00:00,471.300370,estop_released_dcplus_5v1_power_led_only_no_click,0.000000,0.00000,0.000000,0.00000,LOW,false,false,true,false,
4714,2026-09-11T16:12:52.080861+00:00,471.400306,estop_released_dcplus_5v1_power_led_only_no_click,0.000000,0.00000,0.000000,0.00000,LOW,false,false,true,false,
4715,2026-09-11T16:12:52.181123+00:00,471.500359,estop_released_dcplus_5v1_power_led_only_no_click,0.000000,0.00000,0.000000,0.00000,LOW,false,false,true,false,
4716,2026-09-11T16:12:52.280975+00:00,471.600317,estop_released_dcplus_5v1_power_led_only_no_click,0.000000,0.00000,0.000000,0.00000,LOW,false,false,true,false,
4717,2026-09-11T16:12:52.380827+00:00,471.700334,estop_released_dcplus_5v1_power_led_only_no_click,0.000000,0.00000,0.000000,0.00000,LOW,false,false,true,false,
4718,2026-09-11T16:12:52.481223+00:00,471.800339,estop_released_dcplus_5v1_power_led_only_no_click,0.000000,0.00000,0.000000,0.00000,LOW,false,false,true,false,
4719,2026-09-11T16:12:52.580830+00:00,471.900337,estop_released_dcplus_5v1_power_led_only_no_click,0.000000,0.00000,0.000000,0.00000,LOW,false,false,true,false,
4720,2026-09-11T16:12:52.681105+00:00,472.000344,estop_released_dcplus_5v1_power_led_only_no_click,0.000000,0.00000,0.000000,0.00000,LOW,false,false,true,false,
4721,2026-09-11T16:12:52.780749+00:00,472.100292,estop_released_dcplus_5v1_power_led_only_no_click,0.000000,0.00000,0.000000,0.00000,LOW,false,false,true,false,
4722,2026-09-11T16:12:52.881072+00:00,472.200329,estop_released_dcplus_5v1_power_led_only_no_click,0.000000,0.00000,0.000000,0.00000,LOW,false,false,true,false,
4723,2026-09-11T16:12:52.980761+00:00,472.300292,estop_released_dcplus_5v1_power_led_only_no_click,0.000000,0.00000,0.000000,0.00000,LOW,false,false,true,false,
4724,2026-09-11T16:12:53.081101+00:00,472.400345,estop_released_dcplus_5v1_power_led_only_no_click,0.000000,0.00000,0.000000,0.00000,LOW,false,false,true,false,
4725,2026-09-11T16:12:53.181263+00:00,472.500430,estop_released_dcplus_5v1_power_led_only_no_click,0.000000,0.00000,0.000000,0.00000,LOW,false,false,true,false,
4726,2026-09-11T16:12:53.280753+00:00,472.600309,estop_released_dcplus_5v1_power_led_only_no_click,0.000000,0.00000,0.000000,0.00000,LOW,false,false,true,false,
4727,2026-09-11T16:12:53.381055+00:00,472.700323,estop_released_dcplus_5v1_power_led_only_no_click,0.000000,0.00000,0.000000,0.00000,LOW,false,false,true,false,
4728,2026-09-11T16:12:53.480789+00:00,472.800315,estop_released_dcplus_5v1_power_led_only_no_click,0.000000,0.00000,0.000000,0.00000,LOW,false,false,true,false,
4729,2026-09-11T16:12:53.581247+00:00,472.900427,estop_released_dcplus_5v1_power_led_only_no_click,0.000000,0.00000,0.000000,0.00000,LOW,false,false,true,false,
4730,2026-09-11T16:12:53.680958+00:00,473.000316,estop_released_dcplus_5v1_power_led_only_no_click,0.000000,0.00000,0.000000,0.00000,LOW,false,false,true,false,
4731,2026-09-11T16:12:53.781153+00:00,473.100374,estop_released_dcplus_5v1_power_led_only_no_click,0.000000,0.00000,0.000000,0.00000,LOW,false,false,true,false,
4732,2026-09-11T16:12:53.880750+00:00,473.200297,estop_released_dcplus_5v1_power_led_only_no_click,-0.002000,-0.00606,0.000000,0.00000,LOW,false,false,true,false,
4733,2026-09-11T16:12:53.981052+00:00,473.300318,estop_released_dcplus_5v1_power_led_only_no_click,0.000000,0.00000,0.000000,0.00000,LOW,false,false,true,false,
4734,2026-09-11T16:12:54.080778+00:00,473.400313,estop_released_dcplus_5v1_power_led_only_no_click,0.000000,0.00000,0.000000,0.00000,LOW,false,false,true,false,
4735,2026-09-11T16:12:54.181057+00:00,473.500321,estop_released_dcplus_5v1_power_led_only_no_click,0.000000,0.00000,0.000000,0.00000,LOW,false,false,true,false,
4736,2026-09-11T16:12:54.280727+00:00,473.600286,estop_released_dcplus_5v1_power_led_only_no_click,0.000000,0.00000,0.000000,0.00000,LOW,false,false,true,false,
4737,2026-09-11T16:12:54.381256+00:00,473.700414,estop_released_dcplus_5v1_power_led_only_no_click,0.000000,0.00000,0.000000,0.00000,LOW,false,false,true,false,
4738,2026-09-11T16:12:54.481059+00:00,473.800326,estop_released_dcplus_5v1_power_led_only_no_click,0.000000,0.00000,0.000000,0.00000,LOW,false,false,true,false,
4739,2026-09-11T16:12:54.580746+00:00,473.900292,estop_released_dcplus_5v1_power_led_only_no_click,0.000000,0.00000,0.000000,0.00000,LOW,false,false,true,false,
4740,2026-09-11T16:12:54.681074+00:00,474.000316,estop_released_dcplus_5v1_power_led_only_no_click,0.000000,0.00000,0.000000,0.00000,LOW,false,false,true,false,
4741,2026-09-11T16:12:54.780759+00:00,474.100302,estop_released_dcplus_5v1_power_led_only_no_click,0.000000,0.00000,0.000000,0.00000,LOW,false,false,true,false,
4742,2026-09-11T16:12:54.881100+00:00,474.200343,estop_released_dcplus_5v1_power_led_only_no_click,0.000000,0.00000,0.000000,0.00000,LOW,false,false,true,false,
4743,2026-09-11T16:12:54.981181+00:00,474.300381,estop_released_dcplus_5v1_power_led_only_no_click,0.000000,0.00000,0.000000,0.00000,LOW,false,false,true,false,
4744,2026-09-11T16:12:55.080757+00:00,474.400298,estop_released_dcplus_5v1_power_led_only_no_click,0.000000,0.00000,0.000000,0.00000,LOW,false,false,true,false,
4745,2026-09-11T16:12:55.181047+00:00,474.500316,estop_released_dcplus_5v1_power_led_only_no_click,0.000000,0.00000,0.000000,0.00000,LOW,false,false,true,false,
4746,2026-09-11T16:12:55.280736+00:00,474.600279,estop_released_dcplus_5v1_power_led_only_no_click,0.000000,0.00000,0.000000,0.00000,LOW,false,false,true,false,
4747,2026-09-11T16:12:55.381200+00:00,474.700395,estop_released_dcplus_5v1_power_led_only_no_click,0.000000,0.00000,0.000000,0.00000,LOW,false,false,true,false,
4748,2026-09-11T16:12:55.480746+00:00,474.800302,estop_released_dcplus_5v1_power_led_only_no_click,0.000000,0.00000,0.000000,0.00000,LOW,false,false,true,false,
4749,2026-09-11T16:12:55.581215+00:00,474.900408,estop_released_dcplus_5v1_power_led_only_no_click,0.000000,0.00000,0.000000,0.00000,LOW,false,false,true,false,
4750,2026-09-11T16:12:55.680756+00:00,475.000308,estop_released_dcplus_5v1_power_led_only_no_click,0.000000,0.00000,0.000000,0.00000,LOW,false,false,true,false,
4751,2026-09-11T16:12:55.781057+00:00,475.100321,estop_released_dcplus_5v1_power_led_only_no_click,0.000000,0.00000,0.000000,0.00000,LOW,false,false,true,false,
4752,2026-09-11T16:12:55.881118+00:00,475.200338,estop_released_dcplus_5v1_power_led_only_no_click,0.000000,0.00000,0.000000,0.00000,LOW,false,false,true,false,
4753,2026-09-11T16:12:55.980736+00:00,475.300293,estop_released_dcplus_5v1_power_led_only_no_click,0.000000,0.00000,0.000000,0.00000,LOW,false,false,true,false,
4754,2026-09-11T16:12:56.081090+00:00,475.400337,estop_released_dcplus_5v1_power_led_only_no_click,0.000000,0.00000,0.000000,0.00000,LOW,false,false,true,false,
4755,2026-09-11T16:12:56.180738+00:00,475.500290,estop_released_dcplus_5v1_power_led_only_no_click,0.000000,0.00000,0.000000,0.00000,LOW,false,false,true,false,
4756,2026-09-11T16:12:56.281043+00:00,475.600314,estop_released_dcplus_5v1_power_led_only_no_click,0.000000,0.00000,0.000000,0.00000,LOW,false,false,true,false,
4757,2026-09-11T16:12:56.380732+00:00,475.700290,estop_released_dcplus_5v1_power_led_only_no_click,0.000000,0.00000,0.000000,0.00000,LOW,false,false,true,false,
4758,2026-09-11T16:12:56.481033+00:00,475.800310,estop_released_dcplus_5v1_power_led_only_no_click,0.000000,0.00000,0.000000,0.00000,LOW,false,false,true,false,
4759,2026-09-11T16:12:56.580806+00:00,475.900312,estop_released_dcplus_5v1_power_led_only_no_click,0.000000,0.00000,0.000000,0.00000,LOW,false,false,true,false,
4760,2026-09-11T16:12:56.681025+00:00,476.000290,estop_released_dcplus_5v1_power_led_only_no_click,0.000000,0.00000,0.000000,0.00000,LOW,false,false,true,false,
4761,2026-09-11T16:12:56.780835+00:00,476.100321,estop_released_dcplus_5v1_power_led_only_no_click,0.000000,0.00000,0.000000,0.00000,LOW,false,false,true,false,
4762,2026-09-11T16:12:56.881050+00:00,476.200367,estop_released_dcplus_5v1_power_led_only_no_click,0.000000,0.00000,0.000000,0.00000,LOW,false,false,true,false,
4763,2026-09-11T16:12:56.980935+00:00,476.300397,estop_released_dcplus_5v1_power_led_only_no_click,0.000000,0.00000,0.000000,0.00000,LOW,false,false,true,false,
4764,2026-09-11T16:12:57.080932+00:00,476.400280,estop_released_dcplus_5v1_power_led_only_no_click,0.000000,0.00000,0.000000,0.00000,LOW,false,false,true,false,
4765,2026-09-11T16:12:57.180809+00:00,476.500308,estop_released_dcplus_5v1_power_led_only_no_click,0.000000,0.00000,0.000000,0.00000,LOW,false,false,true,false,
4766,2026-09-11T16:12:57.281037+00:00,476.600284,estop_released_dcplus_5v1_power_led_only_no_click,0.000000,0.00000,0.000000,0.00000,LOW,false,false,true,false,
4767,2026-09-11T16:12:57.380802+00:00,476.700308,estop_released_dcplus_5v1_power_led_only_no_click,0.000000,0.00000,0.000000,0.00000,LOW,false,false,true,false,
4768,2026-09-11T16:12:57.480935+00:00,476.800280,estop_released_dcplus_5v1_power_led_only_no_click,0.000000,0.00000,0.000000,0.00000,LOW,false,false,true,false,
4769,2026-09-11T16:12:57.580818+00:00,476.900313,estop_released_dcplus_5v1_power_led_only_no_click,0.000000,0.00000,0.000000,0.00000,LOW,false,false,true,false,
4770,2026-09-11T16:12:57.680922+00:00,477.000278,estop_released_dcplus_5v1_power_led_only_no_click,0.000000,0.00000,0.000000,0.00000,LOW,false,false,true,false,
4771,2026-09-11T16:12:57.780823+00:00,477.100311,estop_released_dcplus_5v1_power_led_only_no_click,0.000000,0.00000,0.000000,0.00000,LOW,false,false,true,false,
4772,2026-09-11T16:12:57.880935+00:00,477.200279,estop_released_dcplus_5v1_power_led_only_no_click,0.000000,0.00000,0.000000,0.00000,LOW,false,false,true,false,
4773,2026-09-11T16:12:57.980807+00:00,477.300305,estop_released_dcplus_5v1_power_led_only_no_click,0.000000,0.00000,0.000000,0.00000,LOW,false,false,true,false,
4774,2026-09-11T16:12:58.080943+00:00,477.400281,estop_released_dcplus_5v1_power_led_only_no_click,0.000000,0.00000,0.000000,0.00000,LOW,false,false,true,false,
4775,2026-09-11T16:12:58.180809+00:00,477.500311,estop_released_dcplus_5v1_power_led_only_no_click,0.000000,0.00000,0.000000,0.00000,LOW,false,false,true,false,
4776,2026-09-11T16:12:58.281148+00:00,477.600390,estop_released_dcplus_5v1_power_led_only_no_click,0.000000,0.00000,0.000000,0.00000,LOW,false,false,true,false,
4777,2026-09-11T16:12:58.380852+00:00,477.700334,estop_released_dcplus_5v1_power_led_only_no_click,0.000000,0.00000,0.000000,0.00000,LOW,false,false,true,false,
4778,2026-09-11T16:12:58.480937+00:00,477.800281,estop_released_dcplus_5v1_power_led_only_no_click,0.000000,0.00000,0.000000,0.00000,LOW,false,false,true,false,
4779,2026-09-11T16:12:58.580816+00:00,477.900314,estop_released_dcplus_5v1_power_led_only_no_click,0.000000,0.00000,0.000000,0.00000,LOW,false,false,true,false,
4780,2026-09-11T16:12:58.680960+00:00,478.000284,estop_released_dcplus_5v1_power_led_only_no_click,0.000000,0.00000,0.000000,0.00000,LOW,false,false,true,false,
4781,2026-09-11T16:12:58.781123+00:00,478.100358,estop_released_dcplus_5v1_power_led_only_no_click,0.000000,0.00000,0.000000,0.00000,LOW,false,false,true,false,
4782,2026-09-11T16:12:58.880816+00:00,478.200315,estop_released_dcplus_5v1_power_led_only_no_click,0.000000,0.00000,0.000000,0.00000,LOW,false,false,true,false,
4783,2026-09-11T16:12:58.980927+00:00,478.300279,estop_released_dcplus_5v1_power_led_only_no_click,0.000000,0.00000,0.000000,0.00000,LOW,false,false,true,false,
4784,2026-09-11T16:12:59.080979+00:00,478.400390,estop_released_dcplus_5v1_power_led_only_no_click,0.000000,0.00000,0.000000,0.00000,LOW,false,false,true,false,
4785,2026-09-11T16:12:59.180951+00:00,478.500295,estop_released_dcplus_5v1_power_led_only_no_click,0.000000,0.00000,0.000000,0.00000,LOW,false,false,true,false,
4786,2026-09-11T16:12:59.281067+00:00,478.600442,estop_released_dcplus_5v1_power_led_only_no_click,0.000000,0.00000,0.000000,0.00000,LOW,false,false,true,false,
4787,2026-09-11T16:12:59.381022+00:00,478.700329,estop_released_dcplus_5v1_power_led_only_no_click,0.000000,0.00000,0.000000,0.00000,LOW,false,false,true,false,
4788,2026-09-11T16:12:59.480966+00:00,478.800318,estop_released_dcplus_5v1_power_led_only_no_click,0.000000,0.00000,0.000000,0.00000,LOW,false,false,true,false,
4789,2026-09-11T16:12:59.580869+00:00,478.900312,estop_released_dcplus_5v1_power_led_only_no_click,0.000000,0.00000,0.000000,0.00000,LOW,false,false,true,false,
4790,2026-09-11T16:12:59.681284+00:00,479.000331,estop_released_dcplus_5v1_power_led_only_no_click,0.000000,0.00000,0.000000,0.00000,LOW,false,false,true,false,
4791,2026-09-11T16:12:59.780908+00:00,479.100327,estop_released_dcplus_5v1_power_led_only_no_click,0.000000,0.00000,0.000000,0.00000,LOW,false,false,true,false,
4792,2026-09-11T16:12:59.881081+00:00,479.200331,estop_released_dcplus_5v1_power_led_only_no_click,0.000000,0.00000,0.000000,0.00000,LOW,false,false,true,false,
4793,2026-09-11T16:12:59.980878+00:00,479.300284,estop_released_dcplus_5v1_power_led_only_no_click,0.000000,0.00000,0.000000,0.00000,LOW,false,false,true,false,
4794,2026-09-11T16:13:00.081125+00:00,479.400395,estop_released_dcplus_5v1_power_led_only_no_click,0.000000,0.00000,0.000000,0.00000,LOW,false,false,true,false,
4795,2026-09-11T16:13:00.180820+00:00,479.500295,estop_released_dcplus_5v1_power_led_only_no_click,0.000000,0.00000,0.000000,0.00000,LOW,false,false,true,false,
4796,2026-09-11T16:13:00.280961+00:00,479.600313,estop_released_dcplus_5v1_power_led_only_no_click,0.000000,0.00000,0.000000,0.00000,LOW,false,false,true,false,
4797,2026-09-11T16:13:00.380801+00:00,479.700283,estop_released_dcplus_5v1_power_led_only_no_click,0.000000,0.00000,0.000000,0.00000,LOW,false,false,true,false,
4798,2026-09-11T16:13:00.480956+00:00,479.800312,estop_released_dcplus_5v1_power_led_only_no_click,0.000000,0.00000,0.000000,0.00000,LOW,false,false,true,false,
4799,2026-09-11T16:13:00.580817+00:00,479.900290,estop_released_dcplus_5v1_power_led_only_no_click,0.000000,0.00000,0.000000,0.00000,LOW,false,false,true,false,
4800,2026-09-11T16:13:00.681185+00:00,480.000323,estop_released_dcplus_5v1_power_led_only_no_click,0.000000,0.00000,0.000000,0.00000,LOW,false,false,true,false,
4801,2026-09-11T16:13:00.780857+00:00,480.100327,estop_released_dcplus_5v1_power_led_only_no_click,0.000000,0.00000,0.000000,0.00000,LOW,false,false,true,false,
4802,2026-09-11T16:13:00.880981+00:00,480.200329,estop_released_dcplus_5v1_power_led_only_no_click,0.000000,0.00000,0.000000,0.00000,LOW,false,false,true,false,
4803,2026-09-11T16:13:00.980815+00:00,480.300293,estop_released_dcplus_5v1_power_led_only_no_click,0.000000,0.00000,0.000000,0.00000,LOW,false,false,true,false,
4804,2026-09-11T16:13:01.080978+00:00,480.400310,estop_released_dcplus_5v1_power_led_only_no_click,0.000000,0.00000,0.000000,0.00000,LOW,false,false,true,false,
4805,2026-09-11T16:13:01.180788+00:00,480.500281,estop_released_dcplus_5v1_power_led_only_no_click,0.000000,0.00000,0.000000,0.00000,LOW,false,false,true,false,
4806,2026-09-11T16:13:01.280980+00:00,480.600307,estop_released_dcplus_5v1_power_led_only_no_click,0.000000,0.00000,0.000000,0.00000,LOW,false,false,true,false,
4807,2026-09-11T16:13:01.380825+00:00,480.700280,estop_released_dcplus_5v1_power_led_only_no_click,0.000000,0.00000,0.000000,0.00000,LOW,false,false,true,false,
4808,2026-09-11T16:13:01.480987+00:00,480.800321,estop_released_dcplus_5v1_power_led_only_no_click,0.000000,0.00000,0.000000,0.00000,LOW,false,false,true,false,
4809,2026-09-11T16:13:01.580811+00:00,480.900290,estop_released_dcplus_5v1_power_led_only_no_click,0.000000,0.00000,0.000000,0.00000,LOW,false,false,true,false,
4810,2026-09-11T16:13:01.681000+00:00,481.000323,estop_released_dcplus_5v1_power_led_only_no_click,0.000000,0.00000,0.000000,0.00000,LOW,false,false,true,false,
4811,2026-09-11T16:13:01.780778+00:00,481.100282,estop_released_dcplus_5v1_power_led_only_no_click,0.000000,0.00000,0.000000,0.00000,LOW,false,false,true,false,
4812,2026-09-11T16:13:01.881047+00:00,481.200318,estop_released_dcplus_5v1_power_led_only_no_click,0.000000,0.00000,0.000000,0.00000,LOW,false,false,true,false,
4813,2026-09-11T16:13:01.980741+00:00,481.300283,estop_released_dcplus_5v1_power_led_only_no_click,0.000000,0.00000,0.000000,0.00000,LOW,false,false,true,false,
4814,2026-09-11T16:13:02.081050+00:00,481.400316,estop_released_dcplus_5v1_power_led_only_no_click,0.000000,0.00000,0.000000,0.00000,LOW,false,false,true,false,
4815,2026-09-11T16:13:02.180807+00:00,481.500285,estop_released_dcplus_5v1_power_led_only_no_click,0.000000,0.00000,0.000000,0.00000,LOW,false,false,true,false,
4816,2026-09-11T16:13:02.281123+00:00,481.600315,estop_released_dcplus_5v1_power_led_only_no_click,0.000000,0.00000,0.000000,0.00000,LOW,false,false,true,false,
4817,2026-09-11T16:13:02.380801+00:00,481.700288,estop_released_dcplus_5v1_power_led_only_no_click,0.000000,0.00000,0.000000,0.00000,LOW,false,false,true,false,
4818,2026-09-11T16:13:02.481049+00:00,481.800316,estop_released_dcplus_5v1_power_led_only_no_click,0.000000,0.00000,0.000000,0.00000,LOW,false,false,true,false,
4819,2026-09-11T16:13:02.580729+00:00,481.900287,estop_released_dcplus_5v1_power_led_only_no_click,0.000000,0.00000,0.000000,0.00000,LOW,false,false,true,false,
4820,2026-09-11T16:13:02.681104+00:00,482.000327,estop_released_dcplus_5v1_power_led_only_no_click,0.000000,0.00000,0.000000,0.00000,LOW,false,false,true,false,
4821,2026-09-11T16:13:02.780758+00:00,482.100303,estop_released_dcplus_5v1_power_led_only_no_click,0.000000,0.00000,0.000000,0.00000,LOW,false,false,true,false,
4822,2026-09-11T16:13:02.881056+00:00,482.200321,estop_released_dcplus_5v1_power_led_only_no_click,0.000000,0.00000,0.000000,0.00000,LOW,false,false,true,false,
4823,2026-09-11T16:13:02.980738+00:00,482.300292,estop_released_dcplus_5v1_power_led_only_no_click,0.000000,0.00000,0.000000,0.00000,LOW,false,false,true,false,
4824,2026-09-11T16:13:03.081047+00:00,482.400311,estop_released_dcplus_5v1_power_led_only_no_click,0.000000,0.00000,0.000000,0.00000,LOW,false,false,true,false,
4825,2026-09-11T16:13:03.180728+00:00,482.500283,estop_released_dcplus_5v1_power_led_only_no_click,0.000000,0.00000,0.000000,0.00000,LOW,false,false,true,false,
4826,2026-09-11T16:13:03.281037+00:00,482.600306,estop_released_dcplus_5v1_power_led_only_no_click,0.000000,0.00000,0.000000,0.00000,LOW,false,false,true,false,
4827,2026-09-11T16:13:03.380737+00:00,482.700291,estop_released_dcplus_5v1_power_led_only_no_click,0.000000,0.00000,0.000000,0.00000,LOW,false,false,true,false,
4828,2026-09-11T16:13:03.481058+00:00,482.800320,estop_released_dcplus_5v1_power_led_only_no_click,0.000000,0.00000,0.000000,0.00000,LOW,false,false,true,false,
4829,2026-09-11T16:13:03.580748+00:00,482.900297,estop_released_dcplus_5v1_power_led_only_no_click,0.000000,0.00000,0.000000,0.00000,LOW,false,false,true,false,
4830,2026-09-11T16:13:03.681061+00:00,483.000321,estop_released_dcplus_5v1_power_led_only_no_click,0.000000,0.00000,0.000000,0.00000,LOW,false,false,true,false,
4831,2026-09-11T16:13:03.780742+00:00,483.100288,estop_released_dcplus_5v1_power_led_only_no_click,0.000000,0.00000,0.000000,0.00000,LOW,false,false,true,false,
4832,2026-09-11T16:13:03.881058+00:00,483.200316,estop_released_dcplus_5v1_power_led_only_no_click,0.000000,0.00000,0.000000,0.00000,LOW,false,false,true,false,
4833,2026-09-11T16:13:03.980758+00:00,483.300297,estop_released_dcplus_5v1_power_led_only_no_click,0.000000,0.00000,0.000000,0.00000,LOW,false,false,true,false,
4834,2026-09-11T16:13:04.081050+00:00,483.400309,estop_released_dcplus_5v1_power_led_only_no_click,0.000000,0.00000,0.000000,0.00000,LOW,false,false,true,false,
4835,2026-09-11T16:13:04.180750+00:00,483.500292,estop_released_dcplus_5v1_power_led_only_no_click,0.000000,0.00000,0.000000,0.00000,LOW,false,false,true,false,
4836,2026-09-11T16:13:04.281062+00:00,483.600317,estop_released_dcplus_5v1_power_led_only_no_click,0.000000,0.00000,0.000000,0.00000,LOW,false,false,true,false,
4837,2026-09-11T16:13:04.380740+00:00,483.700291,estop_released_dcplus_5v1_power_led_only_no_click,0.000000,0.00000,0.000000,0.00000,LOW,false,false,true,false,
4838,2026-09-11T16:13:04.481047+00:00,483.800319,estop_released_dcplus_5v1_power_led_only_no_click,0.000000,0.00000,0.000000,0.00000,LOW,false,false,true,false,
4839,2026-09-11T16:13:04.580731+00:00,483.900288,estop_released_dcplus_5v1_power_led_only_no_click,0.000000,0.00000,0.000000,0.00000,LOW,false,false,true,false,
4840,2026-09-11T16:13:04.681051+00:00,484.000319,estop_released_dcplus_5v1_power_led_only_no_click,0.000000,0.00000,0.000000,0.00000,LOW,false,false,true,false,
4841,2026-09-11T16:13:04.780729+00:00,484.100290,estop_released_dcplus_5v1_power_led_only_no_click,0.000000,0.00000,0.000000,0.00000,LOW,false,false,true,false,
4842,2026-09-11T16:13:04.881033+00:00,484.200314,estop_released_dcplus_5v1_power_led_only_no_click,0.000000,0.00000,0.000000,0.00000,LOW,false,false,true,false,
4843,2026-09-11T16:13:04.980741+00:00,484.300291,estop_released_dcplus_5v1_power_led_only_no_click,0.000000,0.00000,0.000000,0.00000,LOW,false,false,true,false,
4844,2026-09-11T16:13:05.081030+00:00,484.400310,estop_released_dcplus_5v1_power_led_only_no_click,0.000000,0.00000,0.000000,0.00000,LOW,false,false,true,false,
4845,2026-09-11T16:13:05.180997+00:00,484.500364,estop_released_dcplus_5v1_power_led_only_no_click,0.000000,0.00000,0.000000,0.00000,LOW,false,false,true,false,
4846,2026-09-11T16:13:05.281160+00:00,484.600385,estop_released_dcplus_5v1_power_led_only_no_click,0.000000,0.00000,0.000000,0.00000,LOW,false,false,true,false,
4847,2026-09-11T16:13:05.380743+00:00,484.700299,estop_released_dcplus_5v1_power_led_only_no_click,0.000000,0.00000,0.000000,0.00000,LOW,false,false,true,false,
4848,2026-09-11T16:13:05.481053+00:00,484.800323,estop_released_dcplus_5v1_power_led_only_no_click,0.000000,0.00000,0.000000,0.00000,LOW,false,false,true,false,
4849,2026-09-11T16:13:05.580738+00:00,484.900294,estop_released_dcplus_5v1_power_led_only_no_click,0.000000,0.00000,0.000000,0.00000,LOW,false,false,true,false,
4850,2026-09-11T16:13:05.681283+00:00,485.000337,estop_released_dcplus_5v1_power_led_only_no_click,0.000000,0.00000,0.000000,0.00000,LOW,false,false,true,false,
4851,2026-09-11T16:13:05.780825+00:00,485.100342,estop_released_dcplus_5v1_power_led_only_no_click,0.000000,0.00000,0.000000,0.00000,LOW,false,false,true,false,
4852,2026-09-11T16:13:05.881045+00:00,485.200322,estop_released_dcplus_5v1_power_led_only_no_click,0.000000,0.00000,0.000000,0.00000,LOW,false,false,true,false,
4853,2026-09-11T16:13:05.980759+00:00,485.300302,estop_released_dcplus_5v1_power_led_only_no_click,0.000000,0.00000,0.000000,0.00000,LOW,false,false,true,false,
4854,2026-09-11T16:13:06.081059+00:00,485.400316,estop_released_dcplus_5v1_power_led_only_no_click,0.000000,0.00000,0.000000,0.00000,LOW,false,false,true,false,
4855,2026-09-11T16:13:06.181031+00:00,485.500318,estop_released_dcplus_5v1_power_led_only_no_click,0.000000,0.00000,0.000000,0.00000,LOW,false,false,true,false,
4856,2026-09-11T16:13:06.280729+00:00,485.600288,estop_released_dcplus_5v1_power_led_only_no_click,0.000000,0.00000,0.000000,0.00000,LOW,false,false,true,false,
4857,2026-09-11T16:13:06.381036+00:00,485.700311,estop_released_dcplus_5v1_power_led_only_no_click,0.000000,0.00000,0.000000,0.00000,LOW,false,false,true,false,
4858,2026-09-11T16:13:06.480740+00:00,485.800291,estop_released_dcplus_5v1_power_led_only_no_click,0.000000,0.00000,0.000000,0.00000,LOW,false,false,true,false,
4859,2026-09-11T16:13:06.581064+00:00,485.900324,estop_released_dcplus_5v1_power_led_only_no_click,0.000000,0.00000,0.000000,0.00000,LOW,false,false,true,false,
4860,2026-09-11T16:13:06.680746+00:00,486.000284,estop_released_dcplus_5v1_power_led_only_no_click,0.000000,0.00000,0.000000,0.00000,LOW,false,false,true,false,
4861,2026-09-11T16:13:06.781071+00:00,486.100331,estop_released_dcplus_5v1_power_led_only_no_click,0.000000,0.00000,0.000000,0.00000,LOW,false,false,true,false,
4862,2026-09-11T16:13:06.880733+00:00,486.200288,estop_released_dcplus_5v1_power_led_only_no_click,0.000000,0.00000,0.000000,0.00000,LOW,false,false,true,false,
4863,2026-09-11T16:13:06.981062+00:00,486.300321,estop_released_dcplus_5v1_power_led_only_no_click,0.000000,0.00000,0.000000,0.00000,LOW,false,false,true,false,
4864,2026-09-11T16:13:07.080739+00:00,486.400292,estop_released_dcplus_5v1_power_led_only_no_click,0.000000,0.00000,0.000000,0.00000,LOW,false,false,true,false,
4865,2026-09-11T16:13:07.181047+00:00,486.500318,estop_released_dcplus_5v1_power_led_only_no_click,0.000000,0.00000,0.000000,0.00000,LOW,false,false,true,false,
4866,2026-09-11T16:13:07.280727+00:00,486.600283,estop_released_dcplus_5v1_power_led_only_no_click,0.000000,0.00000,0.000000,0.00000,LOW,false,false,true,false,
4867,2026-09-11T16:13:07.381049+00:00,486.700314,estop_released_dcplus_5v1_power_led_only_no_click,0.000000,0.00000,0.000000,0.00000,LOW,false,false,true,false,
4868,2026-09-11T16:13:07.480729+00:00,486.800283,estop_released_dcplus_5v1_power_led_only_no_click,0.000000,0.00000,0.000000,0.00000,LOW,false,false,true,false,
4869,2026-09-11T16:13:07.581041+00:00,486.900310,estop_released_dcplus_5v1_power_led_only_no_click,0.000000,0.00000,0.000000,0.00000,LOW,false,false,true,false,
4870,2026-09-11T16:13:07.680729+00:00,487.000283,estop_released_dcplus_5v1_power_led_only_no_click,0.000000,0.00000,0.000000,0.00000,LOW,false,false,true,false,
4871,2026-09-11T16:13:07.781039+00:00,487.100312,estop_released_dcplus_5v1_power_led_only_no_click,0.000000,0.00000,0.000000,0.00000,LOW,false,false,true,false,
4872,2026-09-11T16:13:07.880726+00:00,487.200284,estop_released_dcplus_5v1_power_led_only_no_click,0.000000,0.00000,0.000000,0.00000,LOW,false,false,true,false,
4873,2026-09-11T16:13:07.981041+00:00,487.300313,estop_released_dcplus_5v1_power_led_only_no_click,0.000000,0.00000,0.000000,0.00000,LOW,false,false,true,false,
4874,2026-09-11T16:13:08.080731+00:00,487.400287,estop_released_dcplus_5v1_power_led_only_no_click,0.000000,0.00000,0.000000,0.00000,LOW,false,false,true,false,
4875,2026-09-11T16:13:08.181041+00:00,487.500309,estop_released_dcplus_5v1_power_led_only_no_click,0.000000,0.00000,0.000000,0.00000,LOW,false,false,true,false,
4876,2026-09-11T16:13:08.280724+00:00,487.600281,estop_released_dcplus_5v1_power_led_only_no_click,0.000000,0.00000,0.000000,0.00000,LOW,false,false,true,false,
4877,2026-09-11T16:13:08.381024+00:00,487.700303,estop_released_dcplus_5v1_power_led_only_no_click,0.000000,0.00000,0.000000,0.00000,LOW,false,false,true,false,
4878,2026-09-11T16:13:08.480744+00:00,487.800290,estop_released_dcplus_5v1_power_led_only_no_click,0.000000,0.00000,0.000000,0.00000,LOW,false,false,true,false,
4879,2026-09-11T16:13:08.581056+00:00,487.900323,estop_released_dcplus_5v1_power_led_only_no_click,0.000000,0.00000,0.000000,0.00000,LOW,false,false,true,false,
4880,2026-09-11T16:13:08.680722+00:00,488.000283,estop_released_dcplus_5v1_power_led_only_no_click,0.000000,0.00000,0.000000,0.00000,LOW,false,false,true,false,
4881,2026-09-11T16:13:08.781039+00:00,488.100310,estop_released_dcplus_5v1_power_led_only_no_click,0.000000,0.00000,0.000000,0.00000,LOW,false,false,true,false,
4882,2026-09-11T16:13:08.880739+00:00,488.200294,estop_released_dcplus_5v1_power_led_only_no_click,0.000000,0.00000,0.000000,0.00000,LOW,false,false,true,false,
4883,2026-09-11T16:13:08.981056+00:00,488.300315,estop_released_dcplus_5v1_power_led_only_no_click,0.000000,0.00000,0.000000,0.00000,LOW,false,false,true,false,
4884,2026-09-11T16:13:09.080743+00:00,488.400294,estop_released_dcplus_5v1_power_led_only_no_click,0.000000,0.00000,0.000000,0.00000,LOW,false,false,true,false,
4885,2026-09-11T16:13:09.181044+00:00,488.500316,estop_released_dcplus_5v1_power_led_only_no_click,0.000000,0.00000,0.000000,0.00000,LOW,false,false,true,false,
4886,2026-09-11T16:13:09.280721+00:00,488.600282,estop_released_dcplus_5v1_power_led_only_no_click,0.000000,0.00000,0.000000,0.00000,LOW,false,false,true,false,
4887,2026-09-11T16:13:09.381047+00:00,488.700312,estop_released_dcplus_5v1_power_led_only_no_click,0.000000,0.00000,0.000000,0.00000,LOW,false,false,true,false,
4888,2026-09-11T16:13:09.480727+00:00,488.800284,estop_released_dcplus_5v1_power_led_only_no_click,0.000000,0.00000,0.000000,0.00000,LOW,false,false,true,false,
4889,2026-09-11T16:13:09.581057+00:00,488.900320,estop_released_dcplus_5v1_power_led_only_no_click,0.000000,0.00000,0.000000,0.00000,LOW,false,false,true,false,
4890,2026-09-11T16:13:09.680717+00:00,489.000283,estop_released_dcplus_5v1_power_led_only_no_click,0.000000,0.00000,0.000000,0.00000,LOW,false,false,true,false,
4891,2026-09-11T16:13:09.781031+00:00,489.100310,estop_released_dcplus_5v1_power_led_only_no_click,0.000000,0.00000,0.000000,0.00000,LOW,false,false,true,false,
4892,2026-09-11T16:13:09.880756+00:00,489.200298,estop_released_dcplus_5v1_power_led_only_no_click,0.000000,0.00000,0.000000,0.00000,LOW,false,false,true,false,
4893,2026-09-11T16:13:09.981027+00:00,489.300312,estop_released_dcplus_5v1_power_led_only_no_click,0.000000,0.00000,0.000000,0.00000,LOW,false,false,true,false,
4894,2026-09-11T16:13:10.080753+00:00,489.400294,estop_released_dcplus_5v1_power_led_only_no_click,0.000000,0.00000,0.000000,0.00000,LOW,false,false,true,false,
4895,2026-09-11T16:13:10.181042+00:00,489.500315,estop_released_dcplus_5v1_power_led_only_no_click,0.000000,0.00000,0.000000,0.00000,LOW,false,false,true,false,
4896,2026-09-11T16:13:10.281167+00:00,489.600379,estop_released_dcplus_5v1_power_led_only_no_click,0.000000,0.00000,0.000000,0.00000,LOW,false,false,true,false,
4897,2026-09-11T16:13:10.380745+00:00,489.700297,estop_released_dcplus_5v1_power_led_only_no_click,0.000000,0.00000,0.000000,0.00000,LOW,false,false,true,false,
4898,2026-09-11T16:13:10.481042+00:00,489.800315,estop_released_dcplus_5v1_power_led_only_no_click,0.000000,0.00000,0.000000,0.00000,LOW,false,false,true,false,
4899,2026-09-11T16:13:10.580735+00:00,489.900290,estop_released_dcplus_5v1_power_led_only_no_click,0.000000,0.00000,0.000000,0.00000,LOW,false,false,true,false,
4900,2026-09-11T16:13:10.681051+00:00,490.000305,estop_released_dcplus_5v1_power_led_only_no_click,0.000000,0.00000,0.000000,0.00000,LOW,false,false,true,false,
4901,2026-09-11T16:13:10.780747+00:00,490.100297,estop_released_dcplus_5v1_power_led_only_no_click,0.000000,0.00000,0.000000,0.00000,LOW,false,false,true,false,
4902,2026-09-11T16:13:10.881045+00:00,490.200315,estop_released_dcplus_5v1_power_led_only_no_click,0.000000,0.00000,0.000000,0.00000,LOW,false,false,true,false,
4903,2026-09-11T16:13:10.980730+00:00,490.300285,estop_released_dcplus_5v1_power_led_only_no_click,0.000000,0.00000,0.000000,0.00000,LOW,false,false,true,false,
4904,2026-09-11T16:13:11.081078+00:00,490.400328,estop_released_dcplus_5v1_power_led_only_no_click,0.000000,0.00000,0.000000,0.00000,LOW,false,false,true,false,
4905,2026-09-11T16:13:11.180822+00:00,490.500331,estop_released_dcplus_5v1_power_led_only_no_click,0.000000,0.00000,0.000000,0.00000,LOW,false,false,true,false,
4906,2026-09-11T16:13:11.281068+00:00,490.600318,estop_released_dcplus_5v1_power_led_only_no_click,0.000000,0.00000,0.000000,0.00000,LOW,false,false,true,false,
4907,2026-09-11T16:13:11.380777+00:00,490.700312,estop_released_dcplus_5v1_power_led_only_no_click,0.000000,0.00000,0.000000,0.00000,LOW,false,false,true,false,
4908,2026-09-11T16:13:11.481228+00:00,490.800416,estop_released_dcplus_5v1_power_led_only_no_click,0.000000,0.00000,0.000000,0.00000,LOW,false,false,true,false,
4909,2026-09-11T16:13:11.580775+00:00,490.900313,estop_released_dcplus_5v1_power_led_only_no_click,0.000000,0.00000,0.000000,0.00000,LOW,false,false,true,false,
4910,2026-09-11T16:13:11.681239+00:00,491.000320,estop_released_dcplus_5v1_power_led_only_no_click,0.000000,0.00000,0.000000,0.00000,LOW,false,false,true,false,
4911,2026-09-11T16:13:11.780845+00:00,491.100345,estop_released_dcplus_5v1_power_led_only_no_click,0.000000,0.00000,0.000000,0.00000,LOW,false,false,true,false,
4912,2026-09-11T16:13:11.881055+00:00,491.200325,estop_released_dcplus_5v1_power_led_only_no_click,0.000000,0.00000,0.000000,0.00000,LOW,false,false,true,false,
4913,2026-09-11T16:13:11.980782+00:00,491.300308,estop_released_dcplus_5v1_power_led_only_no_click,0.000000,0.00000,0.000000,0.00000,LOW,false,false,true,false,
4914,2026-09-11T16:13:12.081051+00:00,491.400316,estop_released_dcplus_5v1_power_led_only_no_click,0.000000,0.00000,0.000000,0.00000,LOW,false,false,true,false,
4915,2026-09-11T16:13:12.180732+00:00,491.500291,estop_released_dcplus_5v1_power_led_only_no_click,0.000000,0.00000,0.000000,0.00000,LOW,false,false,true,false,
4916,2026-09-11T16:13:12.281197+00:00,491.600396,estop_released_dcplus_5v1_power_led_only_no_click,0.000000,0.00000,0.000000,0.00000,LOW,false,false,true,false,
4917,2026-09-11T16:13:12.380753+00:00,491.700300,estop_released_dcplus_5v1_power_led_only_no_click,0.000000,0.00000,0.000000,0.00000,LOW,false,false,true,false,
4918,2026-09-11T16:13:12.481051+00:00,491.800319,estop_released_dcplus_5v1_power_led_only_no_click,0.000000,0.00000,0.000000,0.00000,LOW,false,false,true,false,
4919,2026-09-11T16:13:12.580768+00:00,491.900304,estop_released_dcplus_5v1_power_led_only_no_click,0.000000,0.00000,0.000000,0.00000,LOW,false,false,true,false,
4920,2026-09-11T16:13:12.681043+00:00,492.000317,estop_released_dcplus_5v1_power_led_only_no_click,0.000000,0.00000,0.000000,0.00000,LOW,false,false,true,false,
4921,2026-09-11T16:13:12.780734+00:00,492.100291,estop_released_dcplus_5v1_power_led_only_no_click,0.000000,0.00000,0.000000,0.00000,LOW,false,false,true,false,
4922,2026-09-11T16:13:12.881049+00:00,492.200316,estop_released_dcplus_5v1_power_led_only_no_click,0.000000,0.00000,0.000000,0.00000,LOW,false,false,true,false,
4923,2026-09-11T16:13:12.980722+00:00,492.300284,estop_released_dcplus_5v1_power_led_only_no_click,-0.002000,-0.00606,0.000000,0.00000,LOW,false,false,true,false,
4924,2026-09-11T16:13:13.081044+00:00,492.400313,estop_released_dcplus_5v1_power_led_only_no_click,0.000000,0.00000,0.000000,0.00000,LOW,false,false,true,false,
4925,2026-09-11T16:13:13.180744+00:00,492.500294,estop_released_dcplus_5v1_power_led_only_no_click,0.000000,0.00000,0.000000,0.00000,LOW,false,false,true,false,
4926,2026-09-11T16:13:13.281038+00:00,492.600314,estop_released_dcplus_5v1_power_led_only_no_click,0.000000,0.00000,0.000000,0.00000,LOW,false,false,true,false,
4927,2026-09-11T16:13:13.380727+00:00,492.700283,estop_released_dcplus_5v1_power_led_only_no_click,0.000000,0.00000,0.000000,0.00000,LOW,false,false,true,false,
4928,2026-09-11T16:13:13.481030+00:00,492.800310,estop_released_dcplus_5v1_power_led_only_no_click,0.000000,0.00000,0.000000,0.00000,LOW,false,false,true,false,
4929,2026-09-11T16:13:13.580775+00:00,492.900308,estop_released_dcplus_5v1_power_led_only_no_click,0.000000,0.00000,0.000000,0.00000,LOW,false,false,true,false,
4930,2026-09-11T16:13:13.681062+00:00,493.000326,estop_released_dcplus_5v1_power_led_only_no_click,0.000000,0.00000,0.000000,0.00000,LOW,false,false,true,false,
4931,2026-09-11T16:13:13.780722+00:00,493.100285,estop_released_dcplus_5v1_power_led_only_no_click,0.000000,0.00000,0.000000,0.00000,LOW,false,false,true,false,
4932,2026-09-11T16:13:13.881046+00:00,493.200312,estop_released_dcplus_5v1_power_led_only_no_click,0.000000,0.00000,0.000000,0.00000,LOW,false,false,true,false,
4933,2026-09-11T16:13:13.980732+00:00,493.300285,estop_released_dcplus_5v1_power_led_only_no_click,0.000000,0.00000,0.000000,0.00000,LOW,false,false,true,false,
4934,2026-09-11T16:13:14.081047+00:00,493.400316,estop_released_dcplus_5v1_power_led_only_no_click,0.000000,0.00000,0.000000,0.00000,LOW,false,false,true,false,
4935,2026-09-11T16:13:14.180743+00:00,493.500295,estop_released_dcplus_5v1_power_led_only_no_click,0.000000,0.00000,0.000000,0.00000,LOW,false,false,true,false,
4936,2026-09-11T16:13:14.281043+00:00,493.600314,estop_released_dcplus_5v1_power_led_only_no_click,0.000000,0.00000,0.000000,0.00000,LOW,false,false,true,false,
4937,2026-09-11T16:13:14.380718+00:00,493.700280,estop_released_dcplus_5v1_power_led_only_no_click,0.000000,0.00000,0.000000,0.00000,LOW,false,false,true,false,
4938,2026-09-11T16:13:14.481051+00:00,493.800310,estop_released_dcplus_5v1_power_led_only_no_click,0.000000,0.00000,0.000000,0.00000,LOW,false,false,true,false,
4939,2026-09-11T16:13:14.580737+00:00,493.900286,estop_released_dcplus_5v1_power_led_only_no_click,0.000000,0.00000,0.000000,0.00000,LOW,false,false,true,false,
4940,2026-09-11T16:13:14.681059+00:00,494.000316,estop_released_dcplus_5v1_power_led_only_no_click,0.000000,0.00000,0.000000,0.00000,LOW,false,false,true,false,
4941,2026-09-11T16:13:14.780766+00:00,494.100300,estop_released_dcplus_5v1_power_led_only_no_click,0.000000,0.00000,0.000000,0.00000,LOW,false,false,true,false,
4942,2026-09-11T16:13:14.881047+00:00,494.200320,estop_released_dcplus_5v1_power_led_only_no_click,0.000000,0.00000,0.000000,0.00000,LOW,false,false,true,false,
4943,2026-09-11T16:13:14.980729+00:00,494.300287,estop_released_dcplus_5v1_power_led_only_no_click,0.000000,0.00000,0.000000,0.00000,LOW,false,false,true,false,
4944,2026-09-11T16:13:15.081043+00:00,494.400313,estop_released_dcplus_5v1_power_led_only_no_click,0.000000,0.00000,0.000000,0.00000,LOW,false,false,true,false,
4945,2026-09-11T16:13:15.180760+00:00,494.500299,estop_released_dcplus_5v1_power_led_only_no_click,0.000000,0.00000,0.000000,0.00000,LOW,false,false,true,false,
4946,2026-09-11T16:13:15.281046+00:00,494.600313,estop_released_dcplus_5v1_power_led_only_no_click,0.000000,0.00000,0.000000,0.00000,LOW,false,false,true,false,
4947,2026-09-11T16:13:15.380868+00:00,494.700358,estop_released_dcplus_5v1_power_led_only_no_click,0.000000,0.00000,0.000000,0.00000,LOW,false,false,true,false,
4948,2026-09-11T16:13:15.481051+00:00,494.800328,estop_released_dcplus_5v1_power_led_only_no_click,0.000000,0.00000,0.000000,0.00000,LOW,false,false,true,false,
4949,2026-09-11T16:13:15.580765+00:00,494.900297,estop_released_dcplus_5v1_power_led_only_no_click,0.000000,0.00000,0.000000,0.00000,LOW,false,false,true,false,
4950,2026-09-11T16:13:15.681046+00:00,495.000319,estop_released_dcplus_5v1_power_led_only_no_click,0.000000,0.00000,0.000000,0.00000,LOW,false,false,true,false,
4951,2026-09-11T16:13:15.780736+00:00,495.100290,estop_released_dcplus_5v1_power_led_only_no_click,0.000000,0.00000,0.000000,0.00000,LOW,false,false,true,false,
4952,2026-09-11T16:13:15.881029+00:00,495.200309,estop_released_dcplus_5v1_power_led_only_no_click,0.000000,0.00000,0.000000,0.00000,LOW,false,false,true,false,
4953,2026-09-11T16:13:15.980741+00:00,495.300291,estop_released_dcplus_5v1_power_led_only_no_click,0.000000,0.00000,0.000000,0.00000,LOW,false,false,true,false,
4954,2026-09-11T16:13:16.081052+00:00,495.400319,estop_released_dcplus_5v1_power_led_only_no_click,0.000000,0.00000,0.000000,0.00000,LOW,false,false,true,false,
4955,2026-09-11T16:13:16.180751+00:00,495.500307,estop_released_dcplus_5v1_power_led_only_no_click,0.000000,0.00000,0.000000,0.00000,LOW,false,false,true,false,
4956,2026-09-11T16:13:16.281045+00:00,495.600313,estop_released_dcplus_5v1_power_led_only_no_click,0.000000,0.00000,0.000000,0.00000,LOW,false,false,true,false,
4957,2026-09-11T16:13:16.381095+00:00,495.700330,estop_released_dcplus_5v1_power_led_only_no_click,0.000000,0.00000,0.000000,0.00000,LOW,false,false,true,false,
4958,2026-09-11T16:13:16.480822+00:00,495.800310,estop_released_dcplus_5v1_power_led_only_no_click,0.000000,0.00000,0.000000,0.00000,LOW,false,false,true,false,
4959,2026-09-11T16:13:16.581030+00:00,495.900361,estop_released_dcplus_5v1_power_led_only_no_click,0.000000,0.00000,0.000000,0.00000,LOW,false,false,true,false,
4960,2026-09-11T16:13:16.680829+00:00,496.000314,estop_released_dcplus_5v1_power_led_only_no_click,0.000000,0.00000,0.000000,0.00000,LOW,false,false,true,false,
4961,2026-09-11T16:13:16.780947+00:00,496.100286,estop_released_dcplus_5v1_power_led_only_no_click,0.000000,0.00000,0.000000,0.00000,LOW,false,false,true,false,
4962,2026-09-11T16:13:16.880810+00:00,496.200312,estop_released_dcplus_5v1_power_led_only_no_click,0.000000,0.00000,0.000000,0.00000,LOW,false,false,true,false,
4963,2026-09-11T16:13:16.980947+00:00,496.300284,estop_released_dcplus_5v1_power_led_only_no_click,0.000000,0.00000,0.000000,0.00000,LOW,false,false,true,false,
4964,2026-09-11T16:13:17.080807+00:00,496.400307,estop_released_dcplus_5v1_power_led_only_no_click,0.000000,0.00000,0.000000,0.00000,LOW,false,false,true,false,
4965,2026-09-11T16:13:17.180929+00:00,496.500276,estop_released_dcplus_5v1_power_led_only_no_click,0.000000,0.00000,0.000000,0.00000,LOW,false,false,true,false,
4966,2026-09-11T16:13:17.281051+00:00,496.600358,estop_released_dcplus_5v1_power_led_only_no_click,0.000000,0.00000,0.000000,0.00000,LOW,false,false,true,false,
4967,2026-09-11T16:13:17.381042+00:00,496.700331,estop_released_dcplus_5v1_power_led_only_no_click,0.000000,0.00000,0.000000,0.00000,LOW,false,false,true,false,
4968,2026-09-11T16:13:17.480827+00:00,496.800321,estop_released_dcplus_5v1_power_led_only_no_click,0.000000,0.00000,0.000000,0.00000,LOW,false,false,true,false,
4969,2026-09-11T16:13:17.580948+00:00,496.900283,estop_released_dcplus_5v1_power_led_only_no_click,0.000000,0.00000,0.000000,0.00000,LOW,false,false,true,false,
4970,2026-09-11T16:13:17.681090+00:00,497.000356,estop_released_dcplus_5v1_power_led_only_no_click,0.000000,0.00000,0.000000,0.00000,LOW,false,false,true,false,
4971,2026-09-11T16:13:17.780827+00:00,497.100336,estop_released_dcplus_5v1_power_led_only_no_click,0.000000,0.00000,0.000000,0.00000,LOW,false,false,true,false,
4972,2026-09-11T16:13:17.880939+00:00,497.200285,estop_released_dcplus_5v1_power_led_only_no_click,0.000000,0.00000,0.000000,0.00000,LOW,false,false,true,false,
4973,2026-09-11T16:13:17.980813+00:00,497.300310,estop_released_dcplus_5v1_power_led_only_no_click,0.000000,0.00000,0.000000,0.00000,LOW,false,false,true,false,
4974,2026-09-11T16:13:18.081104+00:00,497.400285,estop_released_dcplus_5v1_power_led_only_no_click,0.000000,0.00000,0.000000,0.00000,LOW,false,false,true,false,
4975,2026-09-11T16:13:18.180939+00:00,497.500362,estop_released_dcplus_5v1_power_led_only_no_click,0.000000,0.00000,0.000000,0.00000,LOW,false,false,true,false,
4976,2026-09-11T16:13:18.281088+00:00,497.600366,estop_released_dcplus_5v1_power_led_only_no_click,0.000000,0.00000,0.000000,0.00000,LOW,false,false,true,false,
4977,2026-09-11T16:13:18.381008+00:00,497.700345,estop_released_dcplus_5v1_power_led_only_no_click,0.000000,0.00000,0.000000,0.00000,LOW,false,false,true,false,
4978,2026-09-11T16:13:18.480888+00:00,497.800368,estop_released_dcplus_5v1_power_led_only_no_click,0.000000,0.00000,0.000000,0.00000,LOW,false,false,true,false,
4979,2026-09-11T16:13:18.581103+00:00,497.900379,estop_released_dcplus_5v1_power_led_only_no_click,0.000000,0.00000,0.000000,0.00000,LOW,false,false,true,false,
4980,2026-09-11T16:13:18.681303+00:00,498.000437,estop_released_dcplus_5v1_power_led_only_no_click,0.000000,0.00000,0.000000,0.00000,LOW,false,false,true,false,
4981,2026-09-11T16:13:18.781030+00:00,498.100333,estop_released_dcplus_5v1_power_led_only_no_click,0.000000,0.00000,0.000000,0.00000,LOW,false,false,true,false,
4982,2026-09-11T16:13:18.880969+00:00,498.200328,estop_released_dcplus_5v1_power_led_only_no_click,0.000000,0.00000,0.000000,0.00000,LOW,false,false,true,false,
4983,2026-09-11T16:13:18.981127+00:00,498.300401,estop_released_dcplus_5v1_power_led_only_no_click,0.000000,0.00000,0.000000,0.00000,LOW,false,false,true,false,
4984,2026-09-11T16:13:19.081155+00:00,498.400379,estop_released_dcplus_5v1_power_led_only_no_click,0.000000,0.00000,0.000000,0.00000,LOW,false,false,true,false,
4985,2026-09-11T16:13:19.181185+00:00,498.500396,estop_released_dcplus_5v1_power_led_only_no_click,0.000000,0.00000,0.000000,0.00000,LOW,false,false,true,false,
4986,2026-09-11T16:13:19.280980+00:00,498.600332,estop_released_dcplus_5v1_power_led_only_no_click,0.000000,0.00000,0.000000,0.00000,LOW,false,false,true,false,
4987,2026-09-11T16:13:19.380968+00:00,498.700372,estop_released_dcplus_5v1_power_led_only_no_click,0.000000,0.00000,0.000000,0.00000,LOW,false,false,true,false,
4988,2026-09-11T16:13:19.481016+00:00,498.800342,estop_released_dcplus_5v1_power_led_only_no_click,0.000000,0.00000,0.000000,0.00000,LOW,false,false,true,false,
4989,2026-09-11T16:13:19.580802+00:00,498.900291,estop_released_dcplus_5v1_power_led_only_no_click,0.000000,0.00000,0.000000,0.00000,LOW,false,false,true,false,
4990,2026-09-11T16:13:19.681188+00:00,499.000445,estop_released_dcplus_5v1_power_led_only_no_click,0.000000,0.00000,0.000000,0.00000,LOW,false,false,true,false,
4991,2026-09-11T16:13:19.780822+00:00,499.100305,estop_released_dcplus_5v1_power_led_only_no_click,0.000000,0.00000,0.000000,0.00000,LOW,false,false,true,false,
4992,2026-09-11T16:13:19.881009+00:00,499.200342,estop_released_dcplus_5v1_power_led_only_no_click,0.000000,0.00000,0.000000,0.00000,LOW,false,false,true,false,
4993,2026-09-11T16:13:19.980840+00:00,499.300299,estop_released_dcplus_5v1_power_led_only_no_click,0.000000,0.00000,0.000000,0.00000,LOW,false,false,true,false,
4994,2026-09-11T16:13:20.080966+00:00,499.400324,estop_released_dcplus_5v1_power_led_only_no_click,0.000000,0.00000,0.000000,0.00000,LOW,false,false,true,false,
4995,2026-09-11T16:13:20.180793+00:00,499.500285,estop_released_dcplus_5v1_power_led_only_no_click,0.000000,0.00000,0.000000,0.00000,LOW,false,false,true,false,
4996,2026-09-11T16:13:20.280964+00:00,499.600313,estop_released_dcplus_5v1_power_led_only_no_click,0.000000,0.00000,0.000000,0.00000,LOW,false,false,true,false,
4997,2026-09-11T16:13:20.380981+00:00,499.700374,estop_released_dcplus_5v1_power_led_only_no_click,0.000000,0.00000,0.000000,0.00000,LOW,false,false,true,false,
4998,2026-09-11T16:13:20.481112+00:00,499.800395,estop_released_dcplus_5v1_power_led_only_no_click,0.000000,0.00000,0.000000,0.00000,LOW,false,false,true,false,
4999,2026-09-11T16:13:20.580820+00:00,499.900301,estop_released_dcplus_5v1_power_led_only_no_click,0.000000,0.00000,0.000000,0.00000,LOW,false,false,true,false,
5000,2026-09-11T16:13:20.681041+00:00,500.000317,estop_released_dcplus_5v1_power_led_only_no_click,0.000000,0.00000,0.000000,0.00000,LOW,false,false,true,false,
5001,2026-09-11T16:13:20.780753+00:00,500.100286,estop_released_dcplus_5v1_power_led_only_no_click,0.000000,0.00000,0.000000,0.00000,LOW,false,false,true,false,
5002,2026-09-11T16:13:20.881100+00:00,500.200342,estop_released_dcplus_5v1_power_led_only_no_click,0.000000,0.00000,0.000000,0.00000,LOW,false,false,true,false,
5003,2026-09-11T16:13:20.981038+00:00,500.300383,estop_released_dcplus_5v1_power_led_only_no_click,0.000000,0.00000,0.000000,0.00000,LOW,false,false,true,false,
5004,2026-09-11T16:13:21.081167+00:00,500.400340,estop_released_dcplus_5v1_power_led_only_no_click,0.000000,0.00000,0.000000,0.00000,LOW,false,false,true,false,
5005,2026-09-11T16:13:21.180754+00:00,500.500299,estop_released_dcplus_5v1_power_led_only_no_click,0.000000,0.00000,0.000000,0.00000,LOW,false,false,true,false,
5006,2026-09-11T16:13:21.281137+00:00,500.600315,estop_released_dcplus_5v1_power_led_only_no_click,0.000000,0.00000,0.000000,0.00000,LOW,false,false,true,false,
5007,2026-09-11T16:13:21.380750+00:00,500.700293,estop_released_dcplus_5v1_power_led_only_no_click,0.000000,0.00000,0.000000,0.00000,LOW,false,false,true,false,
5008,2026-09-11T16:13:21.481099+00:00,500.800335,estop_released_dcplus_5v1_power_led_only_no_click,0.000000,0.00000,0.000000,0.00000,LOW,false,false,true,false,
5009,2026-09-11T16:13:21.580745+00:00,500.900295,estop_released_dcplus_5v1_power_led_only_no_click,0.000000,0.00000,0.000000,0.00000,LOW,false,false,true,false,
5010,2026-09-11T16:13:21.681034+00:00,501.000307,estop_released_dcplus_5v1_power_led_only_no_click,0.000000,0.00000,0.000000,0.00000,LOW,false,false,true,false,
5011,2026-09-11T16:13:21.780740+00:00,501.100287,estop_released_dcplus_5v1_power_led_only_no_click,0.000000,0.00000,0.000000,0.00000,LOW,false,false,true,false,
5012,2026-09-11T16:13:21.881050+00:00,501.200314,estop_released_dcplus_5v1_power_led_only_no_click,0.000000,0.00000,0.000000,0.00000,LOW,false,false,true,false,
5013,2026-09-11T16:13:21.980741+00:00,501.300292,estop_released_dcplus_5v1_power_led_only_no_click,0.000000,0.00000,0.000000,0.00000,LOW,false,false,true,false,
5014,2026-09-11T16:13:22.081052+00:00,501.400314,estop_released_dcplus_5v1_power_led_only_no_click,0.000000,0.00000,0.000000,0.00000,LOW,false,false,true,false,
5015,2026-09-11T16:13:22.180891+00:00,501.500289,estop_released_dcplus_5v1_power_led_only_no_click,0.000000,0.00000,0.000000,0.00000,LOW,false,false,true,false,
5016,2026-09-11T16:13:22.280797+00:00,501.600330,estop_released_dcplus_5v1_power_led_only_no_click,0.000000,0.00000,0.000000,0.00000,LOW,false,false,true,false,
5017,2026-09-11T16:13:22.381067+00:00,501.700326,estop_released_dcplus_5v1_power_led_only_no_click,0.000000,0.00000,0.000000,0.00000,LOW,false,false,true,false,
5018,2026-09-11T16:13:22.480842+00:00,501.800345,estop_released_dcplus_5v1_power_led_only_no_click,0.000000,0.00000,0.000000,0.00000,LOW,false,false,true,false,
5019,2026-09-11T16:13:22.581072+00:00,501.900336,estop_released_dcplus_5v1_power_led_only_no_click,0.000000,0.00000,0.000000,0.00000,LOW,false,false,true,false,
5020,2026-09-11T16:13:22.681091+00:00,502.000313,estop_released_dcplus_5v1_power_led_only_no_click,0.000000,0.00000,0.000000,0.00000,LOW,false,false,true,false,
5021,2026-09-11T16:13:22.781083+00:00,502.100342,estop_released_dcplus_5v1_power_led_only_no_click,0.000000,0.00000,0.000000,0.00000,LOW,false,false,true,false,
5022,2026-09-11T16:13:22.880752+00:00,502.200294,estop_released_dcplus_5v1_power_led_only_no_click,0.000000,0.00000,0.000000,0.00000,LOW,false,false,true,false,
5023,2026-09-11T16:13:22.981052+00:00,502.300324,estop_released_dcplus_5v1_power_led_only_no_click,0.000000,0.00000,0.000000,0.00000,LOW,false,false,true,false,
5024,2026-09-11T16:13:23.080727+00:00,502.400287,estop_released_dcplus_5v1_power_led_only_no_click,0.000000,0.00000,0.000000,0.00000,LOW,false,false,true,false,
5025,2026-09-11T16:13:23.181045+00:00,502.500318,estop_released_dcplus_5v1_power_led_only_no_click,0.000000,0.00000,0.000000,0.00000,LOW,false,false,true,false,
5026,2026-09-11T16:13:23.280945+00:00,502.600399,estop_released_dcplus_5v1_power_led_only_no_click,0.000000,0.00000,0.000000,0.00000,LOW,false,false,true,false,
5027,2026-09-11T16:13:23.381101+00:00,502.700341,estop_released_dcplus_5v1_power_led_only_no_click,0.000000,0.00000,0.000000,0.00000,LOW,false,false,true,false,
5028,2026-09-11T16:13:23.481084+00:00,502.800337,estop_released_dcplus_5v1_power_led_only_no_click,0.000000,0.00000,0.000000,0.00000,LOW,false,false,true,false,
5029,2026-09-11T16:13:23.581030+00:00,502.900315,estop_released_dcplus_5v1_power_led_only_no_click,0.000000,0.00000,0.000000,0.00000,LOW,false,false,true,false,
5030,2026-09-11T16:13:23.680971+00:00,503.000311,estop_released_dcplus_5v1_power_led_only_no_click,0.000000,0.00000,0.000000,0.00000,LOW,false,false,true,false,
5031,2026-09-11T16:13:23.780820+00:00,503.100333,estop_released_dcplus_5v1_power_led_only_no_click,0.000000,0.00000,0.000000,0.00000,LOW,false,false,true,false,
5032,2026-09-11T16:13:23.881062+00:00,503.200329,estop_released_dcplus_5v1_power_led_only_no_click,0.000000,0.00000,0.000000,0.00000,LOW,false,false,true,false,
5033,2026-09-11T16:13:23.980743+00:00,503.300295,estop_released_dcplus_5v1_power_led_only_no_click,0.000000,0.00000,0.000000,0.00000,LOW,false,false,true,false,
5034,2026-09-11T16:13:24.081188+00:00,503.400386,estop_released_dcplus_5v1_power_led_only_no_click,0.000000,0.00000,0.000000,0.00000,LOW,false,false,true,false,
5035,2026-09-11T16:13:24.181053+00:00,503.500325,estop_released_dcplus_5v1_power_led_only_no_click,0.000000,0.00000,0.000000,0.00000,LOW,false,false,true,false,
5036,2026-09-11T16:13:24.280746+00:00,503.600294,estop_released_dcplus_5v1_power_led_only_no_click,0.000000,0.00000,0.000000,0.00000,LOW,false,false,true,false,
5037,2026-09-11T16:13:24.381050+00:00,503.700316,estop_released_dcplus_5v1_power_led_only_no_click,0.000000,0.00000,0.000000,0.00000,LOW,false,false,true,false,
5038,2026-09-11T16:13:24.480733+00:00,503.800290,estop_released_dcplus_5v1_power_led_only_no_click,0.000000,0.00000,0.000000,0.00000,LOW,false,false,true,false,
5039,2026-09-11T16:13:24.581047+00:00,503.900316,estop_released_dcplus_5v1_power_led_only_no_click,0.000000,0.00000,0.000000,0.00000,LOW,false,false,true,false,
5040,2026-09-11T16:13:24.680725+00:00,504.000285,estop_released_dcplus_5v1_power_led_only_no_click,0.000000,0.00000,0.000000,0.00000,LOW,false,false,true,false,
5041,2026-09-11T16:13:24.781028+00:00,504.100311,estop_released_dcplus_5v1_power_led_only_no_click,0.000000,0.00000,0.000000,0.00000,LOW,false,false,true,false,
5042,2026-09-11T16:13:24.880726+00:00,504.200284,estop_released_dcplus_5v1_power_led_only_no_click,0.000000,0.00000,0.000000,0.00000,LOW,false,false,true,false,
5043,2026-09-11T16:13:24.981234+00:00,504.300422,estop_released_dcplus_5v1_power_led_only_no_click,0.000000,0.00000,0.000000,0.00000,LOW,false,false,true,false,
5044,2026-09-11T16:13:25.081031+00:00,504.400319,estop_released_dcplus_5v1_power_led_only_no_click,0.000000,0.00000,0.000000,0.00000,LOW,false,false,true,false,
5045,2026-09-11T16:13:25.180756+00:00,504.500297,estop_released_dcplus_5v1_power_led_only_no_click,0.000000,0.00000,0.000000,0.00000,LOW,false,false,true,false,
5046,2026-09-11T16:13:25.281027+00:00,504.600310,estop_released_dcplus_5v1_power_led_only_no_click,0.000000,0.00000,0.000000,0.00000,LOW,false,false,true,false,
5047,2026-09-11T16:13:25.380735+00:00,504.700288,estop_released_dcplus_5v1_power_led_only_no_click,0.000000,0.00000,0.000000,0.00000,LOW,false,false,true,false,
5048,2026-09-11T16:13:25.481108+00:00,504.800339,estop_released_dcplus_5v1_power_led_only_no_click,0.000000,0.00000,0.000000,0.00000,LOW,false,false,true,false,
5049,2026-09-11T16:13:25.580871+00:00,504.900362,estop_released_dcplus_5v1_power_led_only_no_click,0.000000,0.00000,0.000000,0.00000,LOW,false,false,true,false,
5050,2026-09-11T16:13:25.681218+00:00,505.000411,estop_released_dcplus_5v1_power_led_only_no_click,0.000000,0.00000,0.000000,0.00000,LOW,false,false,true,false,
5051,2026-09-11T16:13:25.780744+00:00,505.100303,estop_released_dcplus_5v1_power_led_only_no_click,0.000000,0.00000,0.000000,0.00000,LOW,false,false,true,false,
5052,2026-09-11T16:13:25.881052+00:00,505.200322,estop_released_dcplus_5v1_power_led_only_no_click,0.000000,0.00000,0.000000,0.00000,LOW,false,false,true,false,
5053,2026-09-11T16:13:25.980783+00:00,505.300312,estop_released_dcplus_5v1_power_led_only_no_click,0.000000,0.00000,0.000000,0.00000,LOW,false,false,true,false,
5054,2026-09-11T16:13:26.081043+00:00,505.400321,estop_released_dcplus_5v1_power_led_only_no_click,0.000000,0.00000,0.000000,0.00000,LOW,false,false,true,false,
5055,2026-09-11T16:13:26.180759+00:00,505.500299,estop_released_dcplus_5v1_power_led_only_no_click,0.000000,0.00000,0.000000,0.00000,LOW,false,false,true,false,
5056,2026-09-11T16:13:26.281055+00:00,505.600321,estop_released_dcplus_5v1_power_led_only_no_click,0.000000,0.00000,0.000000,0.00000,LOW,false,false,true,false,
5057,2026-09-11T16:13:26.380720+00:00,505.700287,estop_released_dcplus_5v1_power_led_only_no_click,0.000000,0.00000,0.000000,0.00000,LOW,false,false,true,false,
5058,2026-09-11T16:13:26.481293+00:00,505.800328,estop_released_dcplus_5v1_power_led_only_no_click,0.000000,0.00000,0.000000,0.00000,LOW,false,false,true,false,
5059,2026-09-11T16:13:26.581178+00:00,505.900395,estop_released_dcplus_5v1_power_led_only_no_click,0.000000,0.00000,0.000000,0.00000,LOW,false,false,true,false,
5060,2026-09-11T16:13:26.680792+00:00,506.000317,estop_released_dcplus_5v1_power_led_only_no_click,0.000000,0.00000,0.000000,0.00000,LOW,false,false,true,false,
5061,2026-09-11T16:13:26.781077+00:00,506.100334,estop_released_dcplus_5v1_power_led_only_no_click,0.000000,0.00000,0.000000,0.00000,LOW,false,false,true,false,
5062,2026-09-11T16:13:26.880733+00:00,506.200290,estop_released_dcplus_5v1_power_led_only_no_click,0.000000,0.00000,0.000000,0.00000,LOW,false,false,true,false,
5063,2026-09-11T16:13:26.981047+00:00,506.300312,estop_released_dcplus_5v1_power_led_only_no_click,0.000000,0.00000,0.000000,0.00000,LOW,false,false,true,false,
5064,2026-09-11T16:13:27.080735+00:00,506.400288,estop_released_dcplus_5v1_power_led_only_no_click,0.000000,0.00000,0.000000,0.00000,LOW,false,false,true,false,
5065,2026-09-11T16:13:27.181038+00:00,506.500309,estop_released_dcplus_5v1_power_led_only_no_click,0.000000,0.00000,0.000000,0.00000,LOW,false,false,true,false,
5066,2026-09-11T16:13:27.280735+00:00,506.600281,estop_released_dcplus_5v1_power_led_only_no_click,0.000000,0.00000,0.000000,0.00000,LOW,false,false,true,false,
5067,2026-09-11T16:13:27.381041+00:00,506.700312,estop_released_dcplus_5v1_power_led_only_no_click,0.000000,0.00000,0.000000,0.00000,LOW,false,false,true,false,
5068,2026-09-11T16:13:27.480744+00:00,506.800292,estop_released_dcplus_5v1_power_led_only_no_click,0.000000,0.00000,0.000000,0.00000,LOW,false,false,true,false,
5069,2026-09-11T16:13:27.581046+00:00,506.900315,estop_released_dcplus_5v1_power_led_only_no_click,0.000000,0.00000,0.000000,0.00000,LOW,false,false,true,false,
5070,2026-09-11T16:13:27.680742+00:00,507.000293,estop_released_dcplus_5v1_power_led_only_no_click,0.000000,0.00000,0.000000,0.00000,LOW,false,false,true,false,
5071,2026-09-11T16:13:27.781038+00:00,507.100310,estop_released_dcplus_5v1_power_led_only_no_click,0.000000,0.00000,0.000000,0.00000,LOW,false,false,true,false,
5072,2026-09-11T16:13:27.880735+00:00,507.200286,estop_released_dcplus_5v1_power_led_only_no_click,0.000000,0.00000,0.000000,0.00000,LOW,false,false,true,false,
5073,2026-09-11T16:13:27.981041+00:00,507.300317,estop_released_dcplus_5v1_power_led_only_no_click,0.000000,0.00000,0.000000,0.00000,LOW,false,false,true,false,
5074,2026-09-11T16:13:28.080726+00:00,507.400284,estop_released_dcplus_5v1_power_led_only_no_click,0.000000,0.00000,0.000000,0.00000,LOW,false,false,true,false,
5075,2026-09-11T16:13:28.181042+00:00,507.500312,estop_released_dcplus_5v1_power_led_only_no_click,0.000000,0.00000,0.000000,0.00000,LOW,false,false,true,false,
5076,2026-09-11T16:13:28.280720+00:00,507.600283,estop_released_dcplus_5v1_power_led_only_no_click,0.000000,0.00000,0.000000,0.00000,LOW,false,false,true,false,
5077,2026-09-11T16:13:28.381031+00:00,507.700307,estop_released_dcplus_5v1_power_led_only_no_click,0.000000,0.00000,0.000000,0.00000,LOW,false,false,true,false,
5078,2026-09-11T16:13:28.480731+00:00,507.800282,estop_released_dcplus_5v1_power_led_only_no_click,0.000000,0.00000,0.000000,0.00000,LOW,false,false,true,false,
5079,2026-09-11T16:13:28.581044+00:00,507.900314,estop_released_dcplus_5v1_power_led_only_no_click,0.000000,0.00000,0.000000,0.00000,LOW,false,false,true,false,
5080,2026-09-11T16:13:28.680736+00:00,508.000289,estop_released_dcplus_5v1_power_led_only_no_click,0.000000,0.00000,0.000000,0.00000,LOW,false,false,true,false,
5081,2026-09-11T16:13:28.781046+00:00,508.100319,estop_released_dcplus_5v1_power_led_only_no_click,0.000000,0.00000,0.000000,0.00000,LOW,false,false,true,false,
5082,2026-09-11T16:13:28.880711+00:00,508.200277,estop_released_dcplus_5v1_power_led_only_no_click,0.000000,0.00000,0.000000,0.00000,LOW,false,false,true,false,
5083,2026-09-11T16:13:28.981042+00:00,508.300310,estop_released_dcplus_5v1_power_led_only_no_click,0.000000,0.00000,0.000000,0.00000,LOW,false,false,true,false,
5084,2026-09-11T16:13:29.080750+00:00,508.400293,estop_released_dcplus_5v1_power_led_only_no_click,0.000000,0.00000,0.000000,0.00000,LOW,false,false,true,false,
5085,2026-09-11T16:13:29.181259+00:00,508.500439,estop_released_dcplus_5v1_power_led_only_no_click,0.000000,0.00000,0.000000,0.00000,LOW,false,false,true,false,
5086,2026-09-11T16:13:29.280775+00:00,508.600313,estop_released_dcplus_5v1_power_led_only_no_click,0.000000,0.00000,0.000000,0.00000,LOW,false,false,true,false,
5087,2026-09-11T16:13:29.381108+00:00,508.700353,estop_released_dcplus_5v1_power_led_only_no_click,0.000000,0.00000,0.000000,0.00000,LOW,false,false,true,false,
5088,2026-09-11T16:13:29.480786+00:00,508.800317,estop_released_dcplus_5v1_power_led_only_no_click,0.000000,0.00000,0.000000,0.00000,LOW,false,false,true,false,
5089,2026-09-11T16:13:29.581060+00:00,508.900326,estop_released_dcplus_5v1_power_led_only_no_click,0.000000,0.00000,0.000000,0.00000,LOW,false,false,true,false,
5090,2026-09-11T16:13:29.680895+00:00,509.000286,estop_released_dcplus_5v1_power_led_only_no_click,0.000000,0.00000,0.000000,0.00000,LOW,false,false,true,false,
5091,2026-09-11T16:13:29.780814+00:00,509.100332,estop_released_dcplus_5v1_power_led_only_no_click,0.000000,0.00000,0.000000,0.00000,LOW,false,false,true,false,
5092,2026-09-11T16:13:29.881053+00:00,509.200322,estop_released_dcplus_5v1_power_led_only_no_click,0.000000,0.00000,0.000000,0.00000,LOW,false,false,true,false,
5093,2026-09-11T16:13:29.980743+00:00,509.300293,estop_released_dcplus_5v1_power_led_only_no_click,0.000000,0.00000,0.000000,0.00000,LOW,false,false,true,false,
5094,2026-09-11T16:13:30.081054+00:00,509.400316,estop_released_dcplus_5v1_power_led_only_no_click,0.000000,0.00000,0.000000,0.00000,LOW,false,false,true,false,
5095,2026-09-11T16:13:30.180742+00:00,509.500289,estop_released_dcplus_5v1_power_led_only_no_click,0.000000,0.00000,0.000000,0.00000,LOW,false,false,true,false,
5096,2026-09-11T16:13:30.281061+00:00,509.600319,estop_released_dcplus_5v1_power_led_only_no_click,0.000000,0.00000,0.000000,0.00000,LOW,false,false,true,false,
5097,2026-09-11T16:13:30.380735+00:00,509.700287,estop_released_dcplus_5v1_power_led_only_no_click,0.000000,0.00000,0.000000,0.00000,LOW,false,false,true,false,
5098,2026-09-11T16:13:30.481043+00:00,509.800310,estop_released_dcplus_5v1_power_led_only_no_click,0.000000,0.00000,0.000000,0.00000,LOW,false,false,true,false,
5099,2026-09-11T16:13:30.580748+00:00,509.900293,estop_released_dcplus_5v1_power_led_only_no_click,0.000000,0.00000,0.000000,0.00000,LOW,false,false,true,false,
5100,2026-09-11T16:13:30.680861+00:00,510.000350,estop_released_dcplus_5v1_power_led_only_no_click,0.000000,0.00000,0.000000,0.00000,LOW,false,false,true,false,
5101,2026-09-11T16:13:30.781068+00:00,510.100337,estop_released_dcplus_5v1_power_led_only_no_click,0.000000,0.00000,0.000000,0.00000,LOW,false,false,true,false,
5102,2026-09-11T16:13:30.880730+00:00,510.200287,estop_released_dcplus_5v1_power_led_only_no_click,0.000000,0.00000,0.000000,0.00000,LOW,false,false,true,false,
5103,2026-09-11T16:13:30.981031+00:00,510.300312,estop_released_dcplus_5v1_power_led_only_no_click,0.000000,0.00000,0.000000,0.00000,LOW,false,false,true,false,
5104,2026-09-11T16:13:31.080738+00:00,510.400289,estop_released_dcplus_5v1_power_led_only_no_click,0.000000,0.00000,0.000000,0.00000,LOW,false,false,true,false,
5105,2026-09-11T16:13:31.181045+00:00,510.500313,estop_released_dcplus_5v1_power_led_only_no_click,0.000000,0.00000,0.000000,0.00000,LOW,false,false,true,false,
5106,2026-09-11T16:13:31.280740+00:00,510.600296,estop_released_dcplus_5v1_power_led_only_no_click,0.000000,0.00000,0.000000,0.00000,LOW,false,false,true,false,
5107,2026-09-11T16:13:31.381045+00:00,510.700313,estop_released_dcplus_5v1_power_led_only_no_click,0.000000,0.00000,0.000000,0.00000,LOW,false,false,true,false,
5108,2026-09-11T16:13:31.480720+00:00,510.800282,estop_released_dcplus_5v1_power_led_only_no_click,0.000000,0.00000,0.000000,0.00000,LOW,false,false,true,false,
5109,2026-09-11T16:13:31.581109+00:00,510.900360,estop_released_dcplus_5v1_power_led_only_no_click,0.000000,0.00000,0.000000,0.00000,LOW,false,false,true,false,
5110,2026-09-11T16:13:31.680758+00:00,511.000301,estop_released_dcplus_5v1_power_led_only_no_click,0.000000,0.00000,0.000000,0.00000,LOW,false,false,true,false,
5111,2026-09-11T16:13:31.781047+00:00,511.100318,estop_released_dcplus_5v1_power_led_only_no_click,0.000000,0.00000,0.000000,0.00000,LOW,false,false,true,false,
5112,2026-09-11T16:13:31.880731+00:00,511.200283,estop_released_dcplus_5v1_power_led_only_no_click,0.000000,0.00000,0.000000,0.00000,LOW,false,false,true,false,
5113,2026-09-11T16:13:31.981040+00:00,511.300315,estop_released_dcplus_5v1_power_led_only_no_click,0.000000,0.00000,0.000000,0.00000,LOW,false,false,true,false,
5114,2026-09-11T16:13:32.080738+00:00,511.400291,estop_released_dcplus_5v1_power_led_only_no_click,0.000000,0.00000,0.000000,0.00000,LOW,false,false,true,false,
5115,2026-09-11T16:13:32.181052+00:00,511.500310,estop_released_dcplus_5v1_power_led_only_no_click,0.000000,0.00000,0.000000,0.00000,LOW,false,false,true,false,
5116,2026-09-11T16:13:32.280725+00:00,511.600285,estop_released_dcplus_5v1_power_led_only_no_click,0.000000,0.00000,0.000000,0.00000,LOW,false,false,true,false,
5117,2026-09-11T16:13:32.381042+00:00,511.700317,estop_released_dcplus_5v1_power_led_only_no_click,0.000000,0.00000,0.000000,0.00000,LOW,false,false,true,false,
5118,2026-09-11T16:13:32.480729+00:00,511.800287,estop_released_dcplus_5v1_power_led_only_no_click,0.000000,0.00000,0.000000,0.00000,LOW,false,false,true,false,
5119,2026-09-11T16:13:32.581042+00:00,511.900317,estop_released_dcplus_5v1_power_led_only_no_click,0.000000,0.00000,0.000000,0.00000,LOW,false,false,true,false,
5120,2026-09-11T16:13:32.680761+00:00,512.000292,estop_released_dcplus_5v1_power_led_only_no_click,0.000000,0.00000,0.000000,0.00000,LOW,false,false,true,false,
5121,2026-09-11T16:13:32.781065+00:00,512.100329,estop_released_dcplus_5v1_power_led_only_no_click,0.000000,0.00000,0.000000,0.00000,LOW,false,false,true,false,
5122,2026-09-11T16:13:32.880731+00:00,512.200287,estop_released_dcplus_5v1_power_led_only_no_click,0.000000,0.00000,0.000000,0.00000,LOW,false,false,true,false,
5123,2026-09-11T16:13:32.981032+00:00,512.300308,estop_released_dcplus_5v1_power_led_only_no_click,0.000000,0.00000,0.000000,0.00000,LOW,false,false,true,false,
5124,2026-09-11T16:13:33.080736+00:00,512.400286,estop_released_dcplus_5v1_power_led_only_no_click,0.000000,0.00000,0.000000,0.00000,LOW,false,false,true,false,
5125,2026-09-11T16:13:33.181041+00:00,512.500313,estop_released_dcplus_5v1_power_led_only_no_click,0.000000,0.00000,0.000000,0.00000,LOW,false,false,true,false,
5126,2026-09-11T16:13:33.280737+00:00,512.600288,estop_released_dcplus_5v1_power_led_only_no_click,0.000000,0.00000,0.000000,0.00000,LOW,false,false,true,false,
5127,2026-09-11T16:13:33.381045+00:00,512.700313,estop_released_dcplus_5v1_power_led_only_no_click,0.000000,0.00000,0.000000,0.00000,LOW,false,false,true,false,
5128,2026-09-11T16:13:33.480727+00:00,512.800287,estop_released_dcplus_5v1_power_led_only_no_click,0.000000,0.00000,0.000000,0.00000,LOW,false,false,true,false,
5129,2026-09-11T16:13:33.581035+00:00,512.900309,estop_released_dcplus_5v1_power_led_only_no_click,0.000000,0.00000,0.000000,0.00000,LOW,false,false,true,false,
5130,2026-09-11T16:13:33.680741+00:00,513.000290,estop_released_dcplus_5v1_power_led_only_no_click,0.000000,0.00000,0.000000,0.00000,LOW,false,false,true,false,
5131,2026-09-11T16:13:33.781059+00:00,513.100321,estop_released_dcplus_5v1_power_led_only_no_click,0.000000,0.00000,0.000000,0.00000,LOW,false,false,true,false,
5132,2026-09-11T16:13:33.880746+00:00,513.200291,estop_released_dcplus_5v1_power_led_only_no_click,0.000000,0.00000,0.000000,0.00000,LOW,false,false,true,false,
5133,2026-09-11T16:13:33.981033+00:00,513.300309,estop_released_dcplus_5v1_power_led_only_no_click,0.000000,0.00000,0.000000,0.00000,LOW,false,false,true,false,
5134,2026-09-11T16:13:34.080719+00:00,513.400283,estop_released_dcplus_5v1_power_led_only_no_click,0.000000,0.00000,0.000000,0.00000,LOW,false,false,true,false,
5135,2026-09-11T16:13:34.181037+00:00,513.500310,estop_released_dcplus_5v1_power_led_only_no_click,0.000000,0.00000,0.000000,0.00000,LOW,false,false,true,false,
5136,2026-09-11T16:13:34.280841+00:00,513.600338,estop_released_dcplus_5v1_power_led_only_no_click,0.000000,0.00000,0.000000,0.00000,LOW,false,false,true,false,
5137,2026-09-11T16:13:34.381066+00:00,513.700333,estop_released_dcplus_5v1_power_led_only_no_click,0.000000,0.00000,0.000000,0.00000,LOW,false,false,true,false,
5138,2026-09-11T16:13:34.480728+00:00,513.800289,estop_released_dcplus_5v1_power_led_only_no_click,0.000000,0.00000,0.000000,0.00000,LOW,false,false,true,false,
5139,2026-09-11T16:13:34.581061+00:00,513.900310,estop_released_dcplus_5v1_power_led_only_no_click,0.000000,0.00000,0.000000,0.00000,LOW,false,false,true,false,
5140,2026-09-11T16:13:34.681170+00:00,514.000373,estop_released_dcplus_5v1_power_led_only_no_click,0.000000,0.00000,0.000000,0.00000,LOW,false,false,true,false,
5141,2026-09-11T16:13:34.780763+00:00,514.100308,estop_released_dcplus_5v1_power_led_only_no_click,0.000000,0.00000,0.000000,0.00000,LOW,false,false,true,false,
5142,2026-09-11T16:13:34.881043+00:00,514.200318,estop_released_dcplus_5v1_power_led_only_no_click,0.000000,0.00000,0.000000,0.00000,LOW,false,false,true,false,
5143,2026-09-11T16:13:34.980893+00:00,514.300301,estop_released_dcplus_5v1_power_led_only_no_click,0.000000,0.00000,0.000000,0.00000,LOW,false,false,true,false,
5144,2026-09-11T16:13:35.081137+00:00,514.400361,estop_released_dcplus_5v1_power_led_only_no_click,0.000000,0.00000,0.000000,0.00000,LOW,false,false,true,false,
5145,2026-09-11T16:13:35.180951+00:00,514.500392,estop_released_dcplus_5v1_power_led_only_no_click,0.000000,0.00000,0.000000,0.00000,LOW,false,false,true,false,
5146,2026-09-11T16:13:35.281066+00:00,514.600335,estop_released_dcplus_5v1_power_led_only_no_click,0.000000,0.00000,0.000000,0.00000,LOW,false,false,true,false,
5147,2026-09-11T16:13:35.380815+00:00,514.700330,estop_released_dcplus_5v1_power_led_only_no_click,0.000000,0.00000,0.000000,0.00000,LOW,false,false,true,false,
5148,2026-09-11T16:13:35.481191+00:00,514.800352,estop_released_dcplus_5v1_power_led_only_no_click,0.000000,0.00000,0.000000,0.00000,LOW,false,false,true,false,
5149,2026-09-11T16:13:35.581183+00:00,514.900400,estop_released_dcplus_5v1_power_led_only_no_click,0.000000,0.00000,0.000000,0.00000,LOW,false,false,true,false,
5150,2026-09-11T16:13:35.681008+00:00,515.000326,estop_released_dcplus_5v1_power_led_only_no_click,0.000000,0.00000,0.000000,0.00000,LOW,false,false,true,false,
5151,2026-09-11T16:13:35.780893+00:00,515.100372,estop_released_dcplus_5v1_power_led_only_no_click,0.000000,0.00000,0.000000,0.00000,LOW,false,false,true,false,
5152,2026-09-11T16:13:35.881054+00:00,515.200333,estop_released_dcplus_5v1_power_led_only_no_click,0.000000,0.00000,0.000000,0.00000,LOW,false,false,true,false,
5153,2026-09-11T16:13:35.980945+00:00,515.300391,estop_released_dcplus_5v1_power_led_only_no_click,0.000000,0.00000,0.000000,0.00000,LOW,false,false,true,false,
5154,2026-09-11T16:13:36.081097+00:00,515.400354,estop_released_dcplus_5v1_power_led_only_no_click,0.000000,0.00000,0.000000,0.00000,LOW,false,false,true,false,
5155,2026-09-11T16:13:36.180964+00:00,515.500400,estop_released_dcplus_5v1_power_led_only_no_click,0.000000,0.00000,0.000000,0.00000,LOW,false,false,true,false,
5156,2026-09-11T16:13:36.281092+00:00,515.600352,estop_released_dcplus_5v1_power_led_only_no_click,0.000000,0.00000,0.000000,0.00000,LOW,false,false,true,false,
5157,2026-09-11T16:13:36.380952+00:00,515.700389,estop_released_dcplus_5v1_power_led_only_no_click,0.000000,0.00000,0.000000,0.00000,LOW,false,false,true,false,
5158,2026-09-11T16:13:36.481068+00:00,515.800339,estop_released_dcplus_5v1_power_led_only_no_click,0.000000,0.00000,0.000000,0.00000,LOW,false,false,true,false,
5159,2026-09-11T16:13:36.581074+00:00,515.900325,estop_released_dcplus_5v1_power_led_only_no_click,0.000000,0.00000,0.000000,0.00000,LOW,false,false,true,false,
5160,2026-09-11T16:13:36.680862+00:00,516.000364,estop_released_dcplus_5v1_power_led_only_no_click,0.000000,0.00000,0.000000,0.00000,LOW,false,false,true,false,
5161,2026-09-11T16:13:36.781065+00:00,516.100321,estop_released_dcplus_5v1_power_led_only_no_click,0.000000,0.00000,0.000000,0.00000,LOW,false,false,true,false,
5162,2026-09-11T16:13:36.880954+00:00,516.200369,estop_released_dcplus_5v1_power_led_only_no_click,0.000000,0.00000,0.000000,0.00000,LOW,false,false,true,false,
5163,2026-09-11T16:13:36.981038+00:00,516.300379,estop_released_dcplus_5v1_power_led_only_no_click,0.000000,0.00000,0.000000,0.00000,LOW,false,false,true,false,
5164,2026-09-11T16:13:37.080810+00:00,516.400306,estop_released_dcplus_5v1_power_led_only_no_click,0.000000,0.00000,0.000000,0.00000,LOW,false,false,true,false,
5165,2026-09-11T16:13:37.180942+00:00,516.500282,estop_released_dcplus_5v1_power_led_only_no_click,0.000000,0.00000,0.000000,0.00000,LOW,false,false,true,false,
5166,2026-09-11T16:13:37.281053+00:00,516.600403,estop_released_dcplus_5v1_power_led_only_no_click,0.000000,0.00000,0.000000,0.00000,LOW,false,false,true,false,
5167,2026-09-11T16:13:37.380969+00:00,516.700306,estop_released_dcplus_5v1_power_led_only_no_click,0.000000,0.00000,0.000000,0.00000,LOW,false,false,true,false,
5168,2026-09-11T16:13:37.480830+00:00,516.800321,estop_released_dcplus_5v1_power_led_only_no_click,0.000000,0.00000,0.000000,0.00000,LOW,false,false,true,false,
5169,2026-09-11T16:13:37.580949+00:00,516.900287,estop_released_dcplus_5v1_power_led_only_no_click,0.000000,0.00000,0.000000,0.00000,LOW,false,false,true,false,
5170,2026-09-11T16:13:37.680815+00:00,517.000313,estop_released_dcplus_5v1_power_led_only_no_click,0.000000,0.00000,0.000000,0.00000,LOW,false,false,true,false,
5171,2026-09-11T16:13:37.781033+00:00,517.100306,estop_released_dcplus_5v1_power_led_only_no_click,0.000000,0.00000,0.000000,0.00000,LOW,false,false,true,false,
5172,2026-09-11T16:13:37.880830+00:00,517.200322,estop_released_dcplus_5v1_power_led_only_no_click,0.000000,0.00000,0.000000,0.00000,LOW,false,false,true,false,
5173,2026-09-11T16:13:37.980934+00:00,517.300284,estop_released_dcplus_5v1_power_led_only_no_click,0.000000,0.00000,0.000000,0.00000,LOW,false,false,true,false,
5174,2026-09-11T16:13:38.080808+00:00,517.400310,estop_released_dcplus_5v1_power_led_only_no_click,0.000000,0.00000,0.000000,0.00000,LOW,false,false,true,false,
5175,2026-09-11T16:13:38.181154+00:00,517.500374,estop_released_dcplus_5v1_power_led_only_no_click,0.000000,0.00000,0.000000,0.00000,LOW,false,false,true,false,
5176,2026-09-11T16:13:38.280847+00:00,517.600334,estop_released_dcplus_5v1_power_led_only_no_click,0.000000,0.00000,0.000000,0.00000,LOW,false,false,true,false,
5177,2026-09-11T16:13:38.380930+00:00,517.700284,estop_released_dcplus_5v1_power_led_only_no_click,0.000000,0.00000,0.000000,0.00000,LOW,false,false,true,false,
5178,2026-09-11T16:13:38.480817+00:00,517.800313,estop_released_dcplus_5v1_power_led_only_no_click,0.000000,0.00000,0.000000,0.00000,LOW,false,false,true,false,
5179,2026-09-11T16:13:38.580932+00:00,517.900280,estop_released_dcplus_5v1_power_led_only_no_click,0.000000,0.00000,0.000000,0.00000,LOW,false,false,true,false,
5180,2026-09-11T16:13:38.680849+00:00,518.000326,estop_released_dcplus_5v1_power_led_only_no_click,0.000000,0.00000,0.000000,0.00000,LOW,false,false,true,false,
5181,2026-09-11T16:13:38.780986+00:00,518.100312,estop_released_dcplus_5v1_power_led_only_no_click,0.000000,0.00000,0.000000,0.00000,LOW,false,false,true,false,
5182,2026-09-11T16:13:38.880960+00:00,518.200322,estop_released_dcplus_5v1_power_led_only_no_click,0.000000,0.00000,0.000000,0.00000,LOW,false,false,true,false,
5183,2026-09-11T16:13:38.980920+00:00,518.300283,estop_released_dcplus_5v1_power_led_only_no_click,0.000000,0.00000,0.000000,0.00000,LOW,false,false,true,false,
5184,2026-09-11T16:13:39.081091+00:00,518.400314,estop_released_dcplus_5v1_power_led_only_no_click,0.000000,0.00000,0.000000,0.00000,LOW,false,false,true,false,
5185,2026-09-11T16:13:39.181067+00:00,518.500305,estop_released_dcplus_5v1_power_led_only_no_click,0.000000,0.00000,0.000000,0.00000,LOW,false,false,true,false,
5186,2026-09-11T16:13:39.280951+00:00,518.600323,estop_released_dcplus_5v1_power_led_only_no_click,0.000000,0.00000,0.000000,0.00000,LOW,false,false,true,false,
5187,2026-09-11T16:13:39.381052+00:00,518.700320,estop_released_dcplus_5v1_power_led_only_no_click,0.000000,0.00000,0.000000,0.00000,LOW,false,false,true,false,
5188,2026-09-11T16:13:39.480867+00:00,518.800326,estop_released_dcplus_5v1_power_led_only_no_click,0.000000,0.00000,0.000000,0.00000,LOW,false,false,true,false,
5189,2026-09-11T16:13:39.580985+00:00,518.900328,estop_released_dcplus_5v1_power_led_only_no_click,0.000000,0.00000,0.000000,0.00000,LOW,false,false,true,false,
5190,2026-09-11T16:13:39.680790+00:00,519.000286,estop_released_dcplus_5v1_power_led_only_no_click,0.000000,0.00000,0.000000,0.00000,LOW,false,false,true,false,
5191,2026-09-11T16:13:39.781057+00:00,519.100323,estop_released_dcplus_5v1_power_led_only_no_click,0.000000,0.00000,0.000000,0.00000,LOW,false,false,true,false,
5192,2026-09-11T16:13:39.881136+00:00,519.200401,estop_released_dcplus_5v1_power_led_only_no_click,0.000000,0.00000,0.000000,0.00000,LOW,false,false,true,false,
5193,2026-09-11T16:13:39.980842+00:00,519.300310,estop_released_dcplus_5v1_power_led_only_no_click,0.000000,0.00000,0.000000,0.00000,LOW,false,false,true,false,
5194,2026-09-11T16:13:40.080966+00:00,519.400319,estop_released_dcplus_5v1_power_led_only_no_click,0.000000,0.00000,0.000000,0.00000,LOW,false,false,true,false,
5195,2026-09-11T16:13:40.180804+00:00,519.500285,estop_released_dcplus_5v1_power_led_only_no_click,0.000000,0.00000,0.000000,0.00000,LOW,false,false,true,false,
5196,2026-09-11T16:13:40.280968+00:00,519.600317,estop_released_dcplus_5v1_power_led_only_no_click,0.000000,0.00000,0.000000,0.00000,LOW,false,false,true,false,
5197,2026-09-11T16:13:40.380799+00:00,519.700282,estop_released_dcplus_5v1_power_led_only_no_click,0.000000,0.00000,0.000000,0.00000,LOW,false,false,true,false,
5198,2026-09-11T16:13:40.480963+00:00,519.800308,estop_released_dcplus_5v1_power_led_only_no_click,0.000000,0.00000,0.000000,0.00000,LOW,false,false,true,false,
5199,2026-09-11T16:13:40.580818+00:00,519.900289,estop_released_dcplus_5v1_power_led_only_no_click,0.000000,0.00000,0.000000,0.00000,LOW,false,false,true,false,
5200,2026-09-11T16:13:40.680961+00:00,520.000311,estop_released_dcplus_5v1_power_led_only_no_click,0.000000,0.00000,0.000000,0.00000,LOW,false,false,true,false,
5201,2026-09-11T16:13:40.780824+00:00,520.100291,estop_released_dcplus_5v1_power_led_only_no_click,0.000000,0.00000,0.000000,0.00000,LOW,false,false,true,false,
5202,2026-09-11T16:13:40.881167+00:00,520.200377,estop_released_dcplus_5v1_power_led_only_no_click,0.000000,0.00000,0.000000,0.00000,LOW,false,false,true,false,
5203,2026-09-11T16:13:40.980733+00:00,520.300295,estop_released_dcplus_5v1_power_led_only_no_click,0.000000,0.00000,0.000000,0.00000,LOW,false,false,true,false,
5204,2026-09-11T16:13:41.081047+00:00,520.400312,estop_released_dcplus_5v1_power_led_only_no_click,0.000000,0.00000,0.000000,0.00000,LOW,false,false,true,false,
5205,2026-09-11T16:13:41.180906+00:00,520.500333,estop_released_dcplus_5v1_power_led_only_no_click,0.000000,0.00000,0.000000,0.00000,LOW,false,false,true,false,
5206,2026-09-11T16:13:41.281337+00:00,520.600467,estop_released_dcplus_5v1_power_led_only_no_click,0.000000,0.00000,0.000000,0.00000,LOW,false,false,true,false,
5207,2026-09-11T16:13:41.381160+00:00,520.700333,estop_released_dcplus_5v1_power_led_only_no_click,0.000000,0.00000,0.000000,0.00000,LOW,false,false,true,false,
5208,2026-09-11T16:13:41.480732+00:00,520.800291,estop_released_dcplus_5v1_power_led_only_no_click,0.000000,0.00000,0.000000,0.00000,LOW,false,false,true,false,
5209,2026-09-11T16:13:41.581066+00:00,520.900326,estop_released_dcplus_5v1_power_led_only_no_click,0.000000,0.00000,0.000000,0.00000,LOW,false,false,true,false,
5210,2026-09-11T16:13:41.680933+00:00,521.000315,estop_released_dcplus_5v1_power_led_only_no_click,0.000000,0.00000,0.000000,0.00000,LOW,false,false,true,false,
5211,2026-09-11T16:13:41.780805+00:00,521.100330,estop_released_dcplus_5v1_power_led_only_no_click,0.000000,0.00000,0.000000,0.00000,LOW,false,false,true,false,
5212,2026-09-11T16:13:41.881048+00:00,521.200325,estop_released_dcplus_5v1_power_led_only_no_click,0.000000,0.00000,0.000000,0.00000,LOW,false,false,true,false,
5213,2026-09-11T16:13:41.980857+00:00,521.300290,estop_released_dcplus_5v1_power_led_only_no_click,0.000000,0.00000,0.000000,0.00000,LOW,false,false,true,false,
5214,2026-09-11T16:13:42.080803+00:00,521.400331,estop_released_dcplus_5v1_power_led_only_no_click,0.000000,0.00000,0.000000,0.00000,LOW,false,false,true,false,
5215,2026-09-11T16:13:42.181046+00:00,521.500315,estop_released_dcplus_5v1_power_led_only_no_click,0.000000,0.00000,0.000000,0.00000,LOW,false,false,true,false,
5216,2026-09-11T16:13:42.280735+00:00,521.600289,estop_released_dcplus_5v1_power_led_only_no_click,0.000000,0.00000,0.000000,0.00000,LOW,false,false,true,false,
5217,2026-09-11T16:13:42.381040+00:00,521.700311,estop_released_dcplus_5v1_power_led_only_no_click,0.000000,0.00000,0.000000,0.00000,LOW,false,false,true,false,
5218,2026-09-11T16:13:42.480748+00:00,521.800282,estop_released_dcplus_5v1_power_led_only_no_click,0.000000,0.00000,0.000000,0.00000,LOW,false,false,true,false,
5219,2026-09-11T16:13:42.580760+00:00,521.900304,estop_released_dcplus_5v1_power_led_only_no_click,0.000000,0.00000,0.000000,0.00000,LOW,false,false,true,false,
5220,2026-09-11T16:13:42.681048+00:00,522.000317,estop_released_dcplus_5v1_power_led_only_no_click,0.000000,0.00000,0.000000,0.00000,LOW,false,false,true,false,
5221,2026-09-11T16:13:42.780936+00:00,522.100395,estop_released_dcplus_5v1_power_led_only_no_click,0.000000,0.00000,0.000000,0.00000,LOW,false,false,true,false,
5222,2026-09-11T16:13:42.881064+00:00,522.200336,estop_released_dcplus_5v1_power_led_only_no_click,0.000000,0.00000,0.000000,0.00000,LOW,false,false,true,false,
5223,2026-09-11T16:13:42.980882+00:00,522.300361,estop_released_dcplus_5v1_power_led_only_no_click,0.000000,0.00000,0.000000,0.00000,LOW,false,false,true,false,
5224,2026-09-11T16:13:43.080753+00:00,522.400306,estop_released_dcplus_5v1_power_led_only_no_click,0.000000,0.00000,0.000000,0.00000,LOW,false,false,true,false,
5225,2026-09-11T16:13:43.181057+00:00,522.500323,estop_released_dcplus_5v1_power_led_only_no_click,0.000000,0.00000,0.000000,0.00000,LOW,false,false,true,false,
5226,2026-09-11T16:13:43.280762+00:00,522.600304,estop_released_dcplus_5v1_power_led_only_no_click,0.000000,0.00000,0.000000,0.00000,LOW,false,false,true,false,
5227,2026-09-11T16:13:43.381050+00:00,522.700311,estop_released_dcplus_5v1_power_led_only_no_click,0.000000,0.00000,0.000000,0.00000,LOW,false,false,true,false,
5228,2026-09-11T16:13:43.480728+00:00,522.800284,estop_released_dcplus_5v1_power_led_only_no_click,0.000000,0.00000,0.000000,0.00000,LOW,false,false,true,false,
5229,2026-09-11T16:13:43.581067+00:00,522.900324,estop_released_dcplus_5v1_power_led_only_no_click,0.000000,0.00000,0.000000,0.00000,LOW,false,false,true,false,
5230,2026-09-11T16:13:43.680739+00:00,523.000290,estop_released_dcplus_5v1_power_led_only_no_click,0.000000,0.00000,0.000000,0.00000,LOW,false,false,true,false,
5231,2026-09-11T16:13:43.781081+00:00,523.100329,estop_released_dcplus_5v1_power_led_only_no_click,0.000000,0.00000,0.000000,0.00000,LOW,false,false,true,false,
5232,2026-09-11T16:13:43.880768+00:00,523.200292,estop_released_dcplus_5v1_power_led_only_no_click,0.000000,0.00000,0.000000,0.00000,LOW,false,false,true,false,
5233,2026-09-11T16:13:43.981104+00:00,523.300353,estop_released_dcplus_5v1_power_led_only_no_click,0.000000,0.00000,0.000000,0.00000,LOW,false,false,true,false,
5234,2026-09-11T16:13:44.080741+00:00,523.400297,estop_released_dcplus_5v1_power_led_only_no_click,0.000000,0.00000,0.000000,0.00000,LOW,false,false,true,false,
5235,2026-09-11T16:13:44.181040+00:00,523.500309,estop_released_dcplus_5v1_power_led_only_no_click,0.000000,0.00000,0.000000,0.00000,LOW,false,false,true,false,
5236,2026-09-11T16:13:44.280735+00:00,523.600285,estop_released_dcplus_5v1_power_led_only_no_click,0.000000,0.00000,0.000000,0.00000,LOW,false,false,true,false,
5237,2026-09-11T16:13:44.381053+00:00,523.700317,estop_released_dcplus_5v1_power_led_only_no_click,0.000000,0.00000,0.000000,0.00000,LOW,false,false,true,false,
5238,2026-09-11T16:13:44.480735+00:00,523.800287,estop_released_dcplus_5v1_power_led_only_no_click,0.000000,0.00000,0.000000,0.00000,LOW,false,false,true,false,
5239,2026-09-11T16:13:44.581042+00:00,523.900312,estop_released_dcplus_5v1_power_led_only_no_click,0.000000,0.00000,0.000000,0.00000,LOW,false,false,true,false,
5240,2026-09-11T16:13:44.680734+00:00,524.000289,estop_released_dcplus_5v1_power_led_only_no_click,0.000000,0.00000,0.000000,0.00000,LOW,false,false,true,false,
5241,2026-09-11T16:13:44.781038+00:00,524.100309,estop_released_dcplus_5v1_power_led_only_no_click,0.000000,0.00000,0.000000,0.00000,LOW,false,false,true,false,
5242,2026-09-11T16:13:44.880738+00:00,524.200292,estop_released_dcplus_5v1_power_led_only_no_click,0.000000,0.00000,0.000000,0.00000,LOW,false,false,true,false,
5243,2026-09-11T16:13:44.981037+00:00,524.300314,estop_released_dcplus_5v1_power_led_only_no_click,0.000000,0.00000,0.000000,0.00000,LOW,false,false,true,false,
5244,2026-09-11T16:13:45.080730+00:00,524.400286,estop_released_dcplus_5v1_power_led_only_no_click,0.000000,0.00000,0.000000,0.00000,LOW,false,false,true,false,
5245,2026-09-11T16:13:45.181046+00:00,524.500314,estop_released_dcplus_5v1_power_led_only_no_click,0.000000,0.00000,0.000000,0.00000,LOW,false,false,true,false,
5246,2026-09-11T16:13:45.280723+00:00,524.600286,estop_released_dcplus_5v1_power_led_only_no_click,0.000000,0.00000,0.000000,0.00000,LOW,false,false,true,false,
5247,2026-09-11T16:13:45.381038+00:00,524.700316,estop_released_dcplus_5v1_power_led_only_no_click,0.000000,0.00000,0.000000,0.00000,LOW,false,false,true,false,
5248,2026-09-11T16:13:45.480724+00:00,524.800288,estop_released_dcplus_5v1_power_led_only_no_click,0.000000,0.00000,0.000000,0.00000,LOW,false,false,true,false,
5249,2026-09-11T16:13:45.581038+00:00,524.900309,estop_released_dcplus_5v1_power_led_only_no_click,0.000000,0.00000,0.000000,0.00000,LOW,false,false,true,false,
5250,2026-09-11T16:13:45.680734+00:00,525.000290,estop_released_dcplus_5v1_power_led_only_no_click,0.000000,0.00000,0.000000,0.00000,LOW,false,false,true,false,
5251,2026-09-11T16:13:45.781042+00:00,525.100312,estop_released_dcplus_5v1_power_led_only_no_click,0.000000,0.00000,0.000000,0.00000,LOW,false,false,true,false,
5252,2026-09-11T16:13:45.880733+00:00,525.200289,estop_released_dcplus_5v1_power_led_only_no_click,0.000000,0.00000,0.000000,0.00000,LOW,false,false,true,false,
5253,2026-09-11T16:13:45.980841+00:00,525.300348,estop_released_dcplus_5v1_power_led_only_no_click,0.000000,0.00000,0.000000,0.00000,LOW,false,false,true,false,
5254,2026-09-11T16:13:46.081051+00:00,525.400325,estop_released_dcplus_5v1_power_led_only_no_click,0.000000,0.00000,0.000000,0.00000,LOW,false,false,true,false,
5255,2026-09-11T16:13:46.180727+00:00,525.500289,estop_released_dcplus_5v1_power_led_only_no_click,0.000000,0.00000,0.000000,0.00000,LOW,false,false,true,false,
5256,2026-09-11T16:13:46.281045+00:00,525.600313,estop_released_dcplus_5v1_power_led_only_no_click,0.000000,0.00000,0.000000,0.00000,LOW,false,false,true,false,
5257,2026-09-11T16:13:46.380731+00:00,525.700291,estop_released_dcplus_5v1_power_led_only_no_click,-0.002000,-0.00606,0.000000,0.00000,LOW,false,false,true,false,
5258,2026-09-11T16:13:46.481042+00:00,525.800315,estop_released_dcplus_5v1_power_led_only_no_click,0.000000,0.00000,0.000000,0.00000,LOW,false,false,true,false,
5259,2026-09-11T16:13:46.580737+00:00,525.900293,estop_released_dcplus_5v1_power_led_only_no_click,0.000000,0.00000,0.000000,0.00000,LOW,false,false,true,false,
5260,2026-09-11T16:13:46.681048+00:00,526.000318,estop_released_dcplus_5v1_power_led_only_no_click,0.000000,0.00000,0.000000,0.00000,LOW,false,false,true,false,
5261,2026-09-11T16:13:46.780759+00:00,526.100301,estop_released_dcplus_5v1_power_led_only_no_click,0.000000,0.00000,0.000000,0.00000,LOW,false,false,true,false,
5262,2026-09-11T16:13:46.881044+00:00,526.200313,estop_released_dcplus_5v1_power_led_only_no_click,0.000000,0.00000,0.000000,0.00000,LOW,false,false,true,false,
5263,2026-09-11T16:13:46.980748+00:00,526.300293,estop_released_dcplus_5v1_power_led_only_no_click,0.000000,0.00000,0.000000,0.00000,LOW,false,false,true,false,
5264,2026-09-11T16:13:47.081093+00:00,526.400339,estop_released_dcplus_5v1_power_led_only_no_click,0.000000,0.00000,0.000000,0.00000,LOW,false,false,true,false,
5265,2026-09-11T16:13:47.181254+00:00,526.500424,estop_released_dcplus_5v1_power_led_only_no_click,0.000000,0.00000,0.000000,0.00000,LOW,false,false,true,false,
5266,2026-09-11T16:13:47.280823+00:00,526.600341,estop_released_dcplus_5v1_power_led_only_no_click,0.000000,0.00000,0.000000,0.00000,LOW,false,false,true,false,
5267,2026-09-11T16:13:47.381076+00:00,526.700318,estop_released_dcplus_5v1_power_led_only_no_click,0.000000,0.00000,0.000000,0.00000,LOW,false,false,true,false,
5268,2026-09-11T16:13:47.480738+00:00,526.800290,estop_released_dcplus_5v1_power_led_only_no_click,0.000000,0.00000,0.000000,0.00000,LOW,false,false,true,false,
5269,2026-09-11T16:13:47.581050+00:00,526.900317,estop_released_dcplus_5v1_power_led_only_no_click,0.000000,0.00000,0.000000,0.00000,LOW,false,false,true,false,
5270,2026-09-11T16:13:47.680987+00:00,527.000312,estop_released_dcplus_5v1_power_led_only_no_click,0.000000,0.00000,0.000000,0.00000,LOW,false,false,true,false,
5271,2026-09-11T16:13:47.781132+00:00,527.100366,estop_released_dcplus_5v1_power_led_only_no_click,0.000000,0.00000,0.000000,0.00000,LOW,false,false,true,false,
5272,2026-09-11T16:13:47.881046+00:00,527.200317,estop_released_dcplus_5v1_power_led_only_no_click,0.000000,0.00000,0.000000,0.00000,LOW,false,false,true,false,
5273,2026-09-11T16:13:47.981046+00:00,527.300323,estop_released_dcplus_5v1_power_led_only_no_click,0.000000,0.00000,0.000000,0.00000,LOW,false,false,true,false,
5274,2026-09-11T16:13:48.080763+00:00,527.400293,estop_released_dcplus_5v1_power_led_only_no_click,0.000000,0.00000,0.000000,0.00000,LOW,false,false,true,false,
5275,2026-09-11T16:13:48.181052+00:00,527.500322,estop_released_dcplus_5v1_power_led_only_no_click,0.000000,0.00000,0.000000,0.00000,LOW,false,false,true,false,
5276,2026-09-11T16:13:48.280733+00:00,527.600289,estop_released_dcplus_5v1_power_led_only_no_click,0.000000,0.00000,0.000000,0.00000,LOW,false,false,true,false,
5277,2026-09-11T16:13:48.381053+00:00,527.700309,estop_released_dcplus_5v1_power_led_only_no_click,0.000000,0.00000,-0.002000,-0.01212,LOW,false,false,true,false,
5278,2026-09-11T16:13:48.480734+00:00,527.800290,estop_released_dcplus_5v1_power_led_only_no_click,0.000000,0.00000,0.000000,0.00000,LOW,false,false,true,false,
5279,2026-09-11T16:13:48.581047+00:00,527.900311,estop_released_dcplus_5v1_power_led_only_no_click,0.000000,0.00000,0.000000,0.00000,LOW,false,false,true,false,
5280,2026-09-11T16:13:48.680729+00:00,528.000285,estop_released_dcplus_5v1_power_led_only_no_click,0.000000,0.00000,0.000000,0.00000,LOW,false,false,true,false,
5281,2026-09-11T16:13:48.781036+00:00,528.100313,estop_released_dcplus_5v1_power_led_only_no_click,0.000000,0.00000,0.000000,0.00000,LOW,false,false,true,false,
5282,2026-09-11T16:13:48.880731+00:00,528.200287,estop_released_dcplus_5v1_power_led_only_no_click,0.000000,0.00000,0.000000,0.00000,LOW,false,false,true,false,
5283,2026-09-11T16:13:48.981059+00:00,528.300324,estop_released_dcplus_5v1_power_led_only_no_click,0.000000,0.00000,0.000000,0.00000,LOW,false,false,true,false,
5284,2026-09-11T16:13:49.080737+00:00,528.400292,estop_released_dcplus_5v1_power_led_only_no_click,0.000000,0.00000,0.000000,0.00000,LOW,false,false,true,false,
5285,2026-09-11T16:13:49.181034+00:00,528.500312,estop_released_dcplus_5v1_power_led_only_no_click,0.000000,0.00000,0.000000,0.00000,LOW,false,false,true,false,
5286,2026-09-11T16:13:49.280731+00:00,528.600286,estop_released_dcplus_5v1_power_led_only_no_click,0.000000,0.00000,0.000000,0.00000,LOW,false,false,true,false,
5287,2026-09-11T16:13:49.381042+00:00,528.700307,estop_released_dcplus_5v1_power_led_only_no_click,0.000000,0.00000,0.000000,0.00000,LOW,false,false,true,false,
5288,2026-09-11T16:13:49.480745+00:00,528.800286,estop_released_dcplus_5v1_power_led_only_no_click,0.000000,0.00000,0.000000,0.00000,LOW,false,false,true,false,
5289,2026-09-11T16:13:49.581047+00:00,528.900314,estop_released_dcplus_5v1_power_led_only_no_click,0.000000,0.00000,0.000000,0.00000,LOW,false,false,true,false,
5290,2026-09-11T16:13:49.680733+00:00,529.000287,estop_released_dcplus_5v1_power_led_only_no_click,0.000000,0.00000,0.000000,0.00000,LOW,false,false,true,false,
5291,2026-09-11T16:13:49.781037+00:00,529.100313,estop_released_dcplus_5v1_power_led_only_no_click,0.000000,0.00000,0.000000,0.00000,LOW,false,false,true,false,
5292,2026-09-11T16:13:49.880732+00:00,529.200286,estop_released_dcplus_5v1_power_led_only_no_click,0.000000,0.00000,0.000000,0.00000,LOW,false,false,true,false,
5293,2026-09-11T16:13:49.981041+00:00,529.300312,estop_released_dcplus_5v1_power_led_only_no_click,0.000000,0.00000,0.000000,0.00000,LOW,false,false,true,false,
5294,2026-09-11T16:13:50.080735+00:00,529.400290,estop_released_dcplus_5v1_power_led_only_no_click,0.000000,0.00000,0.000000,0.00000,LOW,false,false,true,false,
5295,2026-09-11T16:13:50.181039+00:00,529.500311,estop_released_dcplus_5v1_power_led_only_no_click,0.000000,0.00000,0.000000,0.00000,LOW,false,false,true,false,
5296,2026-09-11T16:13:50.280742+00:00,529.600287,estop_released_dcplus_5v1_power_led_only_no_click,0.000000,0.00000,0.000000,0.00000,LOW,false,false,true,false,
5297,2026-09-11T16:13:50.381050+00:00,529.700319,estop_released_dcplus_5v1_power_led_only_no_click,0.000000,0.00000,0.000000,0.00000,LOW,false,false,true,false,
5298,2026-09-11T16:13:50.480736+00:00,529.800287,estop_released_dcplus_5v1_power_led_only_no_click,0.000000,0.00000,0.000000,0.00000,LOW,false,false,true,false,
5299,2026-09-11T16:13:50.581048+00:00,529.900313,estop_released_dcplus_5v1_power_led_only_no_click,0.000000,0.00000,0.000000,0.00000,LOW,false,false,true,false,
5300,2026-09-11T16:13:50.680946+00:00,530.000394,estop_released_dcplus_5v1_power_led_only_no_click,0.000000,0.00000,0.000000,0.00000,LOW,false,false,true,false,
5301,2026-09-11T16:13:50.781116+00:00,530.100359,estop_released_dcplus_5v1_power_led_only_no_click,0.000000,0.00000,0.000000,0.00000,LOW,false,false,true,false,
5302,2026-09-11T16:13:50.880742+00:00,530.200298,estop_released_dcplus_5v1_power_led_only_no_click,0.000000,0.00000,0.000000,0.00000,LOW,false,false,true,false,
5303,2026-09-11T16:13:50.981049+00:00,530.300310,estop_released_dcplus_5v1_power_led_only_no_click,0.000000,0.00000,0.000000,0.00000,LOW,false,false,true,false,
5304,2026-09-11T16:13:51.080961+00:00,530.400399,estop_released_dcplus_5v1_power_led_only_no_click,0.000000,0.00000,0.000000,0.00000,LOW,false,false,true,false,
5305,2026-09-11T16:13:51.181094+00:00,530.500350,estop_released_dcplus_5v1_power_led_only_no_click,0.000000,0.00000,0.000000,0.00000,LOW,false,false,true,false,
5306,2026-09-11T16:13:51.280878+00:00,530.600369,estop_released_dcplus_5v1_power_led_only_no_click,0.000000,0.00000,0.000000,0.00000,LOW,false,false,true,false,
5307,2026-09-11T16:13:51.381097+00:00,530.700348,estop_released_dcplus_5v1_power_led_only_no_click,0.000000,0.00000,0.000000,0.00000,LOW,false,false,true,false,
5308,2026-09-11T16:13:51.480894+00:00,530.800377,estop_released_dcplus_5v1_power_led_only_no_click,0.000000,0.00000,0.000000,0.00000,LOW,false,false,true,false,
5309,2026-09-11T16:13:51.581116+00:00,530.900361,estop_released_dcplus_5v1_power_led_only_no_click,0.000000,0.00000,0.000000,0.00000,LOW,false,false,true,false,
5310,2026-09-11T16:13:51.680959+00:00,531.000324,estop_released_dcplus_5v1_power_led_only_no_click,0.000000,0.00000,0.000000,0.00000,LOW,false,false,true,false,
5311,2026-09-11T16:13:51.780781+00:00,531.100326,estop_released_dcplus_5v1_power_led_only_no_click,0.000000,0.00000,0.000000,0.00000,LOW,false,false,true,false,
5312,2026-09-11T16:13:51.881141+00:00,531.200324,estop_released_dcplus_5v1_power_led_only_no_click,0.000000,0.00000,0.000000,0.00000,LOW,false,false,true,false,
5313,2026-09-11T16:13:51.981078+00:00,531.300346,estop_released_dcplus_5v1_power_led_only_no_click,0.000000,0.00000,0.000000,0.00000,LOW,false,false,true,false,
5314,2026-09-11T16:13:52.081890+00:00,531.400300,estop_released_dcplus_5v1_power_led_only_no_click,0.000000,0.00000,0.000000,0.00000,LOW,false,false,true,false,
5315,2026-09-11T16:13:52.181179+00:00,531.500372,estop_released_dcplus_5v1_power_led_only_no_click,0.000000,0.00000,0.000000,0.00000,LOW,false,false,true,false,
5316,2026-09-11T16:13:52.281058+00:00,531.600330,estop_released_dcplus_5v1_power_led_only_no_click,0.000000,0.00000,0.000000,0.00000,LOW,false,false,true,false,
5317,2026-09-11T16:13:52.380747+00:00,531.700294,estop_released_dcplus_5v1_power_led_only_no_click,0.000000,0.00000,0.000000,0.00000,LOW,false,false,true,false,
5318,2026-09-11T16:13:52.481063+00:00,531.800325,estop_released_dcplus_5v1_power_led_only_no_click,0.000000,0.00000,0.000000,0.00000,LOW,false,false,true,false,
5319,2026-09-11T16:13:52.580755+00:00,531.900295,estop_released_dcplus_5v1_power_led_only_no_click,0.000000,0.00000,0.000000,0.00000,LOW,false,false,true,false,
5320,2026-09-11T16:13:52.681074+00:00,532.000328,estop_released_dcplus_5v1_power_led_only_no_click,0.000000,0.00000,0.000000,0.00000,LOW,false,false,true,false,
5321,2026-09-11T16:13:52.780771+00:00,532.100307,estop_released_dcplus_5v1_power_led_only_no_click,0.000000,0.00000,0.000000,0.00000,LOW,false,false,true,false,
5322,2026-09-11T16:13:52.881044+00:00,532.200315,estop_released_dcplus_5v1_power_led_only_no_click,0.000000,0.00000,0.000000,0.00000,LOW,false,false,true,false,
5323,2026-09-11T16:13:52.980909+00:00,532.300382,estop_released_dcplus_5v1_power_led_only_no_click,0.000000,0.00000,0.000000,0.00000,LOW,false,false,true,false,
5324,2026-09-11T16:13:53.081066+00:00,532.400337,estop_released_dcplus_5v1_power_led_only_no_click,0.000000,0.00000,0.000000,0.00000,LOW,false,false,true,false,
5325,2026-09-11T16:13:53.180739+00:00,532.500291,estop_released_dcplus_5v1_power_led_only_no_click,0.000000,0.00000,0.000000,0.00000,LOW,false,false,true,false,
5326,2026-09-11T16:13:53.281060+00:00,532.600321,estop_released_dcplus_5v1_power_led_only_no_click,0.000000,0.00000,0.000000,0.00000,LOW,false,false,true,false,
5327,2026-09-11T16:13:53.380965+00:00,532.700414,estop_released_dcplus_5v1_power_led_only_no_click,0.000000,0.00000,0.000000,0.00000,LOW,false,false,true,false,
5328,2026-09-11T16:13:53.481094+00:00,532.800351,estop_released_dcplus_5v1_power_led_only_no_click,0.000000,0.00000,0.000000,0.00000,LOW,false,false,true,false,
5329,2026-09-11T16:13:53.580813+00:00,532.900330,estop_released_dcplus_5v1_power_led_only_no_click,0.000000,0.00000,0.000000,0.00000,LOW,false,false,true,false,
5330,2026-09-11T16:13:53.681224+00:00,533.000350,estop_released_dcplus_5v1_power_led_only_no_click,-0.002000,-0.00606,0.000000,0.00000,LOW,false,false,true,false,
5331,2026-09-11T16:13:53.780955+00:00,533.100399,estop_released_dcplus_5v1_power_led_only_no_click,0.000000,0.00000,0.000000,0.00000,LOW,false,false,true,false,
5332,2026-09-11T16:13:53.881060+00:00,533.200334,estop_released_dcplus_5v1_power_led_only_no_click,0.000000,0.00000,0.000000,0.00000,LOW,false,false,true,false,
5333,2026-09-11T16:13:53.980738+00:00,533.300295,estop_released_dcplus_5v1_power_led_only_no_click,0.000000,0.00000,0.000000,0.00000,LOW,false,false,true,false,
5334,2026-09-11T16:13:54.081056+00:00,533.400323,estop_released_dcplus_5v1_power_led_only_no_click,0.000000,0.00000,0.000000,0.00000,LOW,false,false,true,false,
5335,2026-09-11T16:13:54.180741+00:00,533.500295,estop_released_dcplus_5v1_power_led_only_no_click,0.000000,0.00000,0.000000,0.00000,LOW,false,false,true,false,
5336,2026-09-11T16:13:54.281081+00:00,533.600337,estop_released_dcplus_5v1_power_led_only_no_click,0.000000,0.00000,0.000000,0.00000,LOW,false,false,true,false,
5337,2026-09-11T16:13:54.380732+00:00,533.700287,estop_released_dcplus_5v1_power_led_only_no_click,0.000000,0.00000,0.000000,0.00000,LOW,false,false,true,false,
5338,2026-09-11T16:13:54.481044+00:00,533.800314,estop_released_dcplus_5v1_power_led_only_no_click,0.000000,0.00000,0.000000,0.00000,LOW,false,false,true,false,
5339,2026-09-11T16:13:54.580730+00:00,533.900284,estop_released_dcplus_5v1_power_led_only_no_click,0.000000,0.00000,0.000000,0.00000,LOW,false,false,true,false,
5340,2026-09-11T16:13:54.681223+00:00,534.000411,estop_released_dcplus_5v1_power_led_only_no_click,0.000000,0.00000,0.000000,0.00000,LOW,false,false,true,false,
5341,2026-09-11T16:13:54.780849+00:00,534.100313,estop_released_dcplus_5v1_power_led_only_no_click,0.000000,0.00000,0.000000,0.00000,LOW,false,false,true,false,
5342,2026-09-11T16:13:54.880832+00:00,534.200339,estop_released_dcplus_5v1_power_led_only_no_click,0.000000,0.00000,0.000000,0.00000,LOW,false,false,true,false,
5343,2026-09-11T16:13:54.981053+00:00,534.300328,estop_released_dcplus_5v1_power_led_only_no_click,0.000000,0.00000,0.000000,0.00000,LOW,false,false,true,false,
5344,2026-09-11T16:13:55.080745+00:00,534.400291,estop_released_dcplus_5v1_power_led_only_no_click,0.000000,0.00000,0.000000,0.00000,LOW,false,false,true,false,
5345,2026-09-11T16:13:55.181059+00:00,534.500321,estop_released_dcplus_5v1_power_led_only_no_click,0.000000,0.00000,0.000000,0.00000,LOW,false,false,true,false,
5346,2026-09-11T16:13:55.280774+00:00,534.600312,estop_released_dcplus_5v1_power_led_only_no_click,0.000000,0.00000,0.000000,0.00000,LOW,false,false,true,false,
5347,2026-09-11T16:13:55.381085+00:00,534.700335,estop_released_dcplus_5v1_power_led_only_no_click,0.000000,0.00000,0.000000,0.00000,LOW,false,false,true,false,
5348,2026-09-11T16:13:55.480822+00:00,534.800317,estop_released_dcplus_5v1_power_led_only_no_click,0.000000,0.00000,0.000000,0.00000,LOW,false,false,true,false,
5349,2026-09-11T16:13:55.580980+00:00,534.900288,estop_released_dcplus_5v1_power_led_only_no_click,0.000000,0.00000,0.000000,0.00000,LOW,false,false,true,false,
5350,2026-09-11T16:13:55.680821+00:00,535.000313,estop_released_dcplus_5v1_power_led_only_no_click,0.000000,0.00000,0.000000,0.00000,LOW,false,false,true,false,
5351,2026-09-11T16:13:55.781055+00:00,535.100365,estop_released_dcplus_5v1_power_led_only_no_click,0.000000,0.00000,0.000000,0.00000,LOW,false,false,true,false,
5352,2026-09-11T16:13:55.880868+00:00,535.200333,estop_released_dcplus_5v1_power_led_only_no_click,0.000000,0.00000,0.000000,0.00000,LOW,false,false,true,false,
5353,2026-09-11T16:13:55.980939+00:00,535.300285,estop_released_dcplus_5v1_power_led_only_no_click,0.000000,0.00000,0.000000,0.00000,LOW,false,false,true,false,
5354,2026-09-11T16:13:56.080817+00:00,535.400311,estop_released_dcplus_5v1_power_led_only_no_click,0.000000,0.00000,0.000000,0.00000,LOW,false,false,true,false,
5355,2026-09-11T16:13:56.181085+00:00,535.500349,estop_released_dcplus_5v1_power_led_only_no_click,0.000000,0.00000,0.000000,0.00000,LOW,false,false,true,false,
5356,2026-09-11T16:13:56.280947+00:00,535.600326,estop_released_dcplus_5v1_power_led_only_no_click,0.000000,0.00000,0.000000,0.00000,LOW,false,false,true,false,
5357,2026-09-11T16:13:56.380937+00:00,535.700281,estop_released_dcplus_5v1_power_led_only_no_click,0.000000,0.00000,0.000000,0.00000,LOW,false,false,true,false,
5358,2026-09-11T16:13:56.480807+00:00,535.800309,estop_released_dcplus_5v1_power_led_only_no_click,0.000000,0.00000,0.000000,0.00000,LOW,false,false,true,false,
5359,2026-09-11T16:13:56.580952+00:00,535.900286,estop_released_dcplus_5v1_power_led_only_no_click,0.000000,0.00000,0.000000,0.00000,LOW,false,false,true,false,
5360,2026-09-11T16:13:56.680815+00:00,536.000314,estop_released_dcplus_5v1_power_led_only_no_click,0.000000,0.00000,0.000000,0.00000,LOW,false,false,true,false,
5361,2026-09-11T16:13:56.780933+00:00,536.100279,estop_released_dcplus_5v1_power_led_only_no_click,0.000000,0.00000,0.000000,0.00000,LOW,false,false,true,false,
5362,2026-09-11T16:13:56.881042+00:00,536.200315,estop_released_dcplus_5v1_power_led_only_no_click,0.000000,0.00000,0.000000,0.00000,LOW,false,false,true,false,
5363,2026-09-11T16:13:56.980808+00:00,536.300309,estop_released_dcplus_5v1_power_led_only_no_click,0.000000,0.00000,0.000000,0.00000,LOW,false,false,true,false,
5364,2026-09-11T16:13:57.080935+00:00,536.400281,estop_released_dcplus_5v1_power_led_only_no_click,0.000000,0.00000,0.000000,0.00000,LOW,false,false,true,false,
5365,2026-09-11T16:13:57.180835+00:00,536.500317,estop_released_dcplus_5v1_power_led_only_no_click,0.000000,0.00000,0.000000,0.00000,LOW,false,false,true,false,
5366,2026-09-11T16:13:57.280954+00:00,536.600280,estop_released_dcplus_5v1_power_led_only_no_click,0.000000,0.00000,0.000000,0.00000,LOW,false,false,true,false,
5367,2026-09-11T16:13:57.380820+00:00,536.700319,estop_released_dcplus_5v1_power_led_only_no_click,0.000000,0.00000,0.000000,0.00000,LOW,false,false,true,false,
5368,2026-09-11T16:13:57.480936+00:00,536.800284,estop_released_dcplus_5v1_power_led_only_no_click,0.000000,0.00000,0.000000,0.00000,LOW,false,false,true,false,
5369,2026-09-11T16:13:57.581045+00:00,536.900315,estop_released_dcplus_5v1_power_led_only_no_click,0.000000,0.00000,0.000000,0.00000,LOW,false,false,true,false,
5370,2026-09-11T16:13:57.681022+00:00,537.000421,estop_released_dcplus_5v1_power_led_only_no_click,0.000000,0.00000,0.000000,0.00000,LOW,false,false,true,false,
5371,2026-09-11T16:13:57.780953+00:00,537.100297,estop_released_dcplus_5v1_power_led_only_no_click,0.000000,0.00000,0.000000,0.00000,LOW,false,false,true,false,
5372,2026-09-11T16:13:57.880962+00:00,537.200313,estop_released_dcplus_5v1_power_led_only_no_click,0.000000,0.00000,0.000000,0.00000,LOW,false,false,true,false,
5373,2026-09-11T16:13:57.980874+00:00,537.300287,estop_released_dcplus_5v1_power_led_only_no_click,0.000000,0.00000,0.000000,0.00000,LOW,false,false,true,false,
5374,2026-09-11T16:13:58.080965+00:00,537.400306,estop_released_dcplus_5v1_power_led_only_no_click,0.000000,0.00000,0.000000,0.00000,LOW,false,false,true,false,
5375,2026-09-11T16:13:58.181024+00:00,537.500314,estop_released_dcplus_5v1_power_led_only_no_click,0.000000,0.00000,0.000000,0.00000,LOW,false,false,true,false,
5376,2026-09-11T16:13:58.281059+00:00,537.600322,estop_released_dcplus_5v1_power_led_only_no_click,0.000000,0.00000,0.000000,0.00000,LOW,false,false,true,false,
5377,2026-09-11T16:13:58.381043+00:00,537.700342,estop_released_dcplus_5v1_power_led_only_no_click,0.000000,0.00000,0.000000,0.00000,LOW,false,false,true,false,
5378,2026-09-11T16:13:58.481060+00:00,537.800322,estop_released_dcplus_5v1_power_led_only_no_click,0.000000,0.00000,0.000000,0.00000,LOW,false,false,true,false,
5379,2026-09-11T16:13:58.580902+00:00,537.900291,estop_released_dcplus_5v1_power_led_only_no_click,0.000000,0.00000,0.000000,0.00000,LOW,false,false,true,false,
5380,2026-09-11T16:13:58.681016+00:00,538.000332,estop_released_dcplus_5v1_power_led_only_no_click,0.000000,0.00000,0.000000,0.00000,LOW,false,false,true,false,
5381,2026-09-11T16:13:58.780834+00:00,538.100298,estop_released_dcplus_5v1_power_led_only_no_click,0.000000,0.00000,0.000000,0.00000,LOW,false,false,true,false,
5382,2026-09-11T16:13:58.881044+00:00,538.200314,estop_released_dcplus_5v1_power_led_only_no_click,0.000000,0.00000,0.000000,0.00000,LOW,false,false,true,false,
5383,2026-09-11T16:13:58.980802+00:00,538.300283,estop_released_dcplus_5v1_power_led_only_no_click,0.000000,0.00000,0.000000,0.00000,LOW,false,false,true,false,
5384,2026-09-11T16:13:59.080965+00:00,538.400319,estop_released_dcplus_5v1_power_led_only_no_click,0.000000,0.00000,0.000000,0.00000,LOW,false,false,true,false,
5385,2026-09-11T16:13:59.180798+00:00,538.500283,estop_released_dcplus_5v1_power_led_only_no_click,0.000000,0.00000,0.000000,0.00000,LOW,false,false,true,false,
5386,2026-09-11T16:13:59.281169+00:00,538.600433,estop_released_dcplus_5v1_power_led_only_no_click,0.000000,0.00000,0.000000,0.00000,LOW,false,false,true,false,
5387,2026-09-11T16:13:59.380870+00:00,538.700319,estop_released_dcplus_5v1_power_led_only_no_click,0.000000,0.00000,0.000000,0.00000,LOW,false,false,true,false,
5388,2026-09-11T16:13:59.480986+00:00,538.800331,estop_released_dcplus_5v1_power_led_only_no_click,0.000000,0.00000,0.000000,0.00000,LOW,false,false,true,false,
5389,2026-09-11T16:13:59.580817+00:00,538.900292,estop_released_dcplus_5v1_power_led_only_no_click,0.000000,0.00000,0.000000,0.00000,LOW,false,false,true,false,
5390,2026-09-11T16:13:59.681226+00:00,539.000337,estop_released_dcplus_5v1_power_led_only_no_click,0.000000,0.00000,0.000000,0.00000,LOW,false,false,true,false,
5391,2026-09-11T16:13:59.780899+00:00,539.100334,estop_released_dcplus_5v1_power_led_only_no_click,0.000000,0.00000,0.000000,0.00000,LOW,false,false,true,false,
5392,2026-09-11T16:13:59.880966+00:00,539.200321,estop_released_dcplus_5v1_power_led_only_no_click,0.000000,0.00000,0.000000,0.00000,LOW,false,false,true,false,
5393,2026-09-11T16:13:59.980816+00:00,539.300287,estop_released_dcplus_5v1_power_led_only_no_click,0.000000,0.00000,0.000000,0.00000,LOW,false,false,true,false,
5394,2026-09-11T16:14:00.080964+00:00,539.400314,estop_released_dcplus_5v1_power_led_only_no_click,0.000000,0.00000,0.000000,0.00000,LOW,false,false,true,false,
5395,2026-09-11T16:14:00.180811+00:00,539.500282,estop_released_dcplus_5v1_power_led_only_no_click,0.000000,0.00000,0.000000,0.00000,LOW,false,false,true,false,
5396,2026-09-11T16:14:00.281014+00:00,539.600316,estop_released_dcplus_5v1_power_led_only_no_click,0.000000,0.00000,0.000000,0.00000,LOW,false,false,true,false,
5397,2026-09-11T16:14:00.380785+00:00,539.700282,estop_released_dcplus_5v1_power_led_only_no_click,0.000000,0.00000,0.000000,0.00000,LOW,false,false,true,false,
5398,2026-09-11T16:14:00.481039+00:00,539.800310,estop_released_dcplus_5v1_power_led_only_no_click,0.000000,0.00000,0.000000,0.00000,LOW,false,false,true,false,
5399,2026-09-11T16:14:00.580801+00:00,539.900289,estop_released_dcplus_5v1_power_led_only_no_click,0.000000,0.00000,0.000000,0.00000,LOW,false,false,true,false,
5400,2026-09-11T16:14:00.681141+00:00,540.000324,estop_released_dcplus_5v1_power_led_only_no_click,0.000000,0.00000,0.000000,0.00000,LOW,false,false,true,false,
5401,2026-09-11T16:14:00.780737+00:00,540.100291,estop_released_dcplus_5v1_power_led_only_no_click,0.000000,0.00000,0.000000,0.00000,LOW,false,false,true,false,
5402,2026-09-11T16:14:00.881118+00:00,540.200317,estop_released_dcplus_5v1_power_led_only_no_click,0.000000,0.00000,0.000000,0.00000,LOW,false,false,true,false,
5403,2026-09-11T16:14:00.980731+00:00,540.300287,estop_released_dcplus_5v1_power_led_only_no_click,0.000000,0.00000,0.000000,0.00000,LOW,false,false,true,false,
5404,2026-09-11T16:14:01.081038+00:00,540.400314,estop_released_dcplus_5v1_power_led_only_no_click,0.000000,0.00000,0.000000,0.00000,LOW,false,false,true,false,
5405,2026-09-11T16:14:01.180715+00:00,540.500284,estop_released_dcplus_5v1_power_led_only_no_click,0.000000,0.00000,0.000000,0.00000,LOW,false,false,true,false,
5406,2026-09-11T16:14:01.281187+00:00,540.600392,estop_released_dcplus_5v1_power_led_only_no_click,0.000000,0.00000,0.000000,0.00000,LOW,false,false,true,false,
5407,2026-09-11T16:14:01.380750+00:00,540.700300,estop_released_dcplus_5v1_power_led_only_no_click,0.000000,0.00000,0.000000,0.00000,LOW,false,false,true,false,
5408,2026-09-11T16:14:01.481053+00:00,540.800323,estop_released_dcplus_5v1_power_led_only_no_click,0.000000,0.00000,0.000000,0.00000,LOW,false,false,true,false,
5409,2026-09-11T16:14:01.580753+00:00,540.900300,estop_released_dcplus_5v1_power_led_only_no_click,0.000000,0.00000,0.000000,0.00000,LOW,false,false,true,false,
5410,2026-09-11T16:14:01.681037+00:00,541.000315,estop_released_dcplus_5v1_power_led_only_no_click,0.000000,0.00000,0.000000,0.00000,LOW,false,false,true,false,
5411,2026-09-11T16:14:01.780731+00:00,541.100289,estop_released_dcplus_5v1_power_led_only_no_click,0.000000,0.00000,0.000000,0.00000,LOW,false,false,true,false,
5412,2026-09-11T16:14:01.881044+00:00,541.200312,estop_released_dcplus_5v1_power_led_only_no_click,0.000000,0.00000,0.000000,0.00000,LOW,false,false,true,false,
5413,2026-09-11T16:14:01.980716+00:00,541.300285,estop_released_dcplus_5v1_power_led_only_no_click,0.000000,0.00000,0.000000,0.00000,LOW,false,false,true,false,
5414,2026-09-11T16:14:02.081057+00:00,541.400310,estop_released_dcplus_5v1_power_led_only_no_click,0.000000,0.00000,0.000000,0.00000,LOW,false,false,true,false,
5415,2026-09-11T16:14:02.180719+00:00,541.500286,estop_released_dcplus_5v1_power_led_only_no_click,0.000000,0.00000,0.000000,0.00000,LOW,false,false,true,false,
5416,2026-09-11T16:14:02.281062+00:00,541.600324,estop_released_dcplus_5v1_power_led_only_no_click,0.000000,0.00000,0.000000,0.00000,LOW,false,false,true,false,
5417,2026-09-11T16:14:02.381042+00:00,541.700309,estop_released_dcplus_5v1_power_led_only_no_click,0.000000,0.00000,0.000000,0.00000,LOW,false,false,true,false,
5418,2026-09-11T16:14:02.480726+00:00,541.800288,estop_released_dcplus_5v1_power_led_only_no_click,0.000000,0.00000,0.000000,0.00000,LOW,false,false,true,false,
5419,2026-09-11T16:14:02.581038+00:00,541.900314,estop_released_dcplus_5v1_power_led_only_no_click,0.000000,0.00000,0.000000,0.00000,LOW,false,false,true,false,
5420,2026-09-11T16:14:02.680724+00:00,542.000286,estop_released_dcplus_5v1_power_led_only_no_click,0.000000,0.00000,0.000000,0.00000,LOW,false,false,true,false,
5421,2026-09-11T16:14:02.781291+00:00,542.100466,estop_released_dcplus_5v1_power_led_only_no_click,0.000000,0.00000,0.000000,0.00000,LOW,false,false,true,false,
5422,2026-09-11T16:14:02.881048+00:00,542.200325,estop_released_dcplus_5v1_power_led_only_no_click,0.000000,0.00000,0.000000,0.00000,LOW,false,false,true,false,
5423,2026-09-11T16:14:02.980738+00:00,542.300296,estop_released_dcplus_5v1_power_led_only_no_click,0.000000,0.00000,0.000000,0.00000,LOW,false,false,true,false,
5424,2026-09-11T16:14:03.081045+00:00,542.400313,estop_released_dcplus_5v1_power_led_only_no_click,0.000000,0.00000,0.000000,0.00000,LOW,false,false,true,false,
5425,2026-09-11T16:14:03.180741+00:00,542.500291,estop_released_dcplus_5v1_power_led_only_no_click,0.000000,0.00000,0.000000,0.00000,LOW,false,false,true,false,
5426,2026-09-11T16:14:03.281044+00:00,542.600316,estop_released_dcplus_5v1_power_led_only_no_click,0.000000,0.00000,0.000000,0.00000,LOW,false,false,true,false,
5427,2026-09-11T16:14:03.380732+00:00,542.700290,estop_released_dcplus_5v1_power_led_only_no_click,0.000000,0.00000,0.000000,0.00000,LOW,false,false,true,false,
5428,2026-09-11T16:14:03.481040+00:00,542.800318,estop_released_dcplus_5v1_power_led_only_no_click,0.000000,0.00000,0.000000,0.00000,LOW,false,false,true,false,
5429,2026-09-11T16:14:03.580809+00:00,542.900324,estop_released_dcplus_5v1_power_led_only_no_click,0.000000,0.00000,0.000000,0.00000,LOW,false,false,true,false,
5430,2026-09-11T16:14:03.681047+00:00,543.000321,estop_released_dcplus_5v1_power_led_only_no_click,0.000000,0.00000,0.000000,0.00000,LOW,false,false,true,false,
5431,2026-09-11T16:14:03.780874+00:00,543.100365,estop_released_dcplus_5v1_power_led_only_no_click,0.000000,0.00000,0.000000,0.00000,LOW,false,false,true,false,
5432,2026-09-11T16:14:03.881065+00:00,543.200335,estop_released_dcplus_5v1_power_led_only_no_click,0.000000,0.00000,0.000000,0.00000,LOW,false,false,true,false,
5433,2026-09-11T16:14:03.980730+00:00,543.300289,estop_released_dcplus_5v1_power_led_only_no_click,0.000000,0.00000,0.000000,0.00000,LOW,false,false,true,false,
5434,2026-09-11T16:14:04.081036+00:00,543.400317,estop_released_dcplus_5v1_power_led_only_no_click,0.000000,0.00000,0.000000,0.00000,LOW,false,false,true,false,
5435,2026-09-11T16:14:04.180746+00:00,543.500293,estop_released_dcplus_5v1_power_led_only_no_click,0.000000,0.00000,0.000000,0.00000,LOW,false,false,true,false,
5436,2026-09-11T16:14:04.281030+00:00,543.600312,estop_released_dcplus_5v1_power_led_only_no_click,0.000000,0.00000,0.000000,0.00000,LOW,false,false,true,false,
5437,2026-09-11T16:14:04.380735+00:00,543.700292,estop_released_dcplus_5v1_power_led_only_no_click,0.000000,0.00000,0.000000,0.00000,LOW,false,false,true,false,
5438,2026-09-11T16:14:04.481075+00:00,543.800331,estop_released_dcplus_5v1_power_led_only_no_click,0.000000,0.00000,0.000000,0.00000,LOW,false,false,true,false,
5439,2026-09-11T16:14:04.580745+00:00,543.900298,estop_released_dcplus_5v1_power_led_only_no_click,0.000000,0.00000,0.000000,0.00000,LOW,false,false,true,false,
5440,2026-09-11T16:14:04.681036+00:00,544.000315,estop_released_dcplus_5v1_power_led_only_no_click,0.000000,0.00000,0.000000,0.00000,LOW,false,false,true,false,
5441,2026-09-11T16:14:04.780738+00:00,544.100291,estop_released_dcplus_5v1_power_led_only_no_click,0.000000,0.00000,0.000000,0.00000,LOW,false,false,true,false,
5442,2026-09-11T16:14:04.881052+00:00,544.200321,estop_released_dcplus_5v1_power_led_only_no_click,0.000000,0.00000,0.000000,0.00000,LOW,false,false,true,false,
5443,2026-09-11T16:14:04.980728+00:00,544.300288,estop_released_dcplus_5v1_power_led_only_no_click,0.000000,0.00000,0.000000,0.00000,LOW,false,false,true,false,
5444,2026-09-11T16:14:05.081039+00:00,544.400308,estop_released_dcplus_5v1_power_led_only_no_click,0.000000,0.00000,0.000000,0.00000,LOW,false,false,true,false,
5445,2026-09-11T16:14:05.180881+00:00,544.500335,estop_released_dcplus_5v1_power_led_only_no_click,0.000000,0.00000,0.000000,0.00000,LOW,false,false,true,false,
5446,2026-09-11T16:14:05.280844+00:00,544.600339,estop_released_dcplus_5v1_power_led_only_no_click,0.000000,0.00000,0.000000,0.00000,LOW,false,false,true,false,
5447,2026-09-11T16:14:05.381101+00:00,544.700356,estop_released_dcplus_5v1_power_led_only_no_click,0.000000,0.00000,0.000000,0.00000,LOW,false,false,true,false,
5448,2026-09-11T16:14:05.480727+00:00,544.800294,estop_released_dcplus_5v1_power_led_only_no_click,0.000000,0.00000,0.000000,0.00000,LOW,false,false,true,false,
5449,2026-09-11T16:14:05.581046+00:00,544.900316,estop_released_dcplus_5v1_power_led_only_no_click,0.000000,0.00000,0.000000,0.00000,LOW,false,false,true,false,
5450,2026-09-11T16:14:05.681013+00:00,545.000314,estop_released_dcplus_5v1_power_led_only_no_click,0.000000,0.00000,0.000000,0.00000,LOW,false,false,true,false,
5451,2026-09-11T16:14:05.781144+00:00,545.100375,estop_released_dcplus_5v1_power_led_only_no_click,0.000000,0.00000,0.000000,0.00000,LOW,false,false,true,false,
5452,2026-09-11T16:14:05.880749+00:00,545.200301,estop_released_dcplus_5v1_power_led_only_no_click,0.000000,0.00000,0.000000,0.00000,LOW,false,false,true,false,
5453,2026-09-11T16:14:05.981046+00:00,545.300316,estop_released_dcplus_5v1_power_led_only_no_click,0.000000,0.00000,0.000000,0.00000,LOW,false,false,true,false,
5454,2026-09-11T16:14:06.080730+00:00,545.400286,estop_released_dcplus_5v1_power_led_only_no_click,0.000000,0.00000,0.000000,0.00000,LOW,false,false,true,false,
5455,2026-09-11T16:14:06.181049+00:00,545.500317,estop_released_dcplus_5v1_power_led_only_no_click,0.000000,0.00000,0.000000,0.00000,LOW,false,false,true,false,
5456,2026-09-11T16:14:06.280751+00:00,545.600297,estop_released_dcplus_5v1_power_led_only_no_click,0.000000,0.00000,0.000000,0.00000,LOW,false,false,true,false,
5457,2026-09-11T16:14:06.380852+00:00,545.700347,estop_released_dcplus_5v1_power_led_only_no_click,0.000000,0.00000,0.000000,0.00000,LOW,false,false,true,false,
5458,2026-09-11T16:14:06.481047+00:00,545.800325,estop_released_dcplus_5v1_power_led_only_no_click,0.000000,0.00000,0.000000,0.00000,LOW,false,false,true,false,
5459,2026-09-11T16:14:06.580732+00:00,545.900290,estop_released_dcplus_5v1_power_led_only_no_click,0.000000,0.00000,0.000000,0.00000,LOW,false,false,true,false,
5460,2026-09-11T16:14:06.681058+00:00,546.000315,estop_released_dcplus_5v1_power_led_only_no_click,0.000000,0.00000,0.000000,0.00000,LOW,false,false,true,false,
5461,2026-09-11T16:14:06.780738+00:00,546.100298,estop_released_dcplus_5v1_power_led_only_no_click,0.000000,0.00000,0.000000,0.00000,LOW,false,false,true,false,
5462,2026-09-11T16:14:06.881038+00:00,546.200314,estop_released_dcplus_5v1_power_led_only_no_click,0.000000,0.00000,0.000000,0.00000,LOW,false,false,true,false,
5463,2026-09-11T16:14:06.980735+00:00,546.300287,estop_released_dcplus_5v1_power_led_only_no_click,0.000000,0.00000,0.000000,0.00000,LOW,false,false,true,false,
5464,2026-09-11T16:14:07.081038+00:00,546.400306,estop_released_dcplus_5v1_power_led_only_no_click,0.000000,0.00000,0.000000,0.00000,LOW,false,false,true,false,
5465,2026-09-11T16:14:07.180730+00:00,546.500287,estop_released_dcplus_5v1_power_led_only_no_click,0.000000,0.00000,0.000000,0.00000,LOW,false,false,true,false,
5466,2026-09-11T16:14:07.281036+00:00,546.600316,estop_released_dcplus_5v1_power_led_only_no_click,0.000000,0.00000,0.000000,0.00000,LOW,false,false,true,false,
5467,2026-09-11T16:14:07.380733+00:00,546.700287,estop_released_dcplus_5v1_power_led_only_no_click,0.000000,0.00000,0.000000,0.00000,LOW,false,false,true,false,
5468,2026-09-11T16:14:07.481041+00:00,546.800316,estop_released_dcplus_5v1_power_led_only_no_click,0.000000,0.00000,0.000000,0.00000,LOW,false,false,true,false,
5469,2026-09-11T16:14:07.580791+00:00,546.900314,estop_released_dcplus_5v1_power_led_only_no_click,0.000000,0.00000,0.000000,0.00000,LOW,false,false,true,false,
5470,2026-09-11T16:14:07.681050+00:00,547.000318,estop_released_dcplus_5v1_power_led_only_no_click,0.000000,0.00000,0.000000,0.00000,LOW,false,false,true,false,
5471,2026-09-11T16:14:07.780736+00:00,547.100286,estop_released_dcplus_5v1_power_led_only_no_click,0.000000,0.00000,0.000000,0.00000,LOW,false,false,true,false,
5472,2026-09-11T16:14:07.881035+00:00,547.200314,estop_released_dcplus_5v1_power_led_only_no_click,0.000000,0.00000,0.000000,0.00000,LOW,false,false,true,false,
5473,2026-09-11T16:14:07.980728+00:00,547.300284,estop_released_dcplus_5v1_power_led_only_no_click,0.000000,0.00000,0.000000,0.00000,LOW,false,false,true,false,
5474,2026-09-11T16:14:08.081031+00:00,547.400306,estop_released_dcplus_5v1_power_led_only_no_click,0.000000,0.00000,0.000000,0.00000,LOW,false,false,true,false,
5475,2026-09-11T16:14:08.180729+00:00,547.500284,estop_released_dcplus_5v1_power_led_only_no_click,0.000000,0.00000,0.000000,0.00000,LOW,false,false,true,false,
5476,2026-09-11T16:14:08.281039+00:00,547.600311,estop_released_dcplus_5v1_power_led_only_no_click,0.000000,0.00000,0.000000,0.00000,LOW,false,false,true,false,
5477,2026-09-11T16:14:08.380739+00:00,547.700291,estop_released_dcplus_5v1_power_led_only_no_click,0.000000,0.00000,0.000000,0.00000,LOW,false,false,true,false,
5478,2026-09-11T16:14:08.481159+00:00,547.800370,estop_released_dcplus_5v1_power_led_only_no_click,0.000000,0.00000,0.000000,0.00000,LOW,false,false,true,false,
5479,2026-09-11T16:14:08.580777+00:00,547.900314,estop_released_dcplus_5v1_power_led_only_no_click,0.000000,0.00000,0.000000,0.00000,LOW,false,false,true,false,
5480,2026-09-11T16:14:08.681047+00:00,548.000316,estop_released_dcplus_5v1_power_led_only_no_click,0.000000,0.00000,0.000000,0.00000,LOW,false,false,true,false,
5481,2026-09-11T16:14:08.780729+00:00,548.100291,estop_released_dcplus_5v1_power_led_only_no_click,0.000000,0.00000,0.000000,0.00000,LOW,false,false,true,false,
5482,2026-09-11T16:14:08.881048+00:00,548.200315,estop_released_dcplus_5v1_power_led_only_no_click,0.000000,0.00000,0.000000,0.00000,LOW,false,false,true,false,
5483,2026-09-11T16:14:08.980738+00:00,548.300289,estop_released_dcplus_5v1_power_led_only_no_click,0.000000,0.00000,0.000000,0.00000,LOW,false,false,true,false,
5484,2026-09-11T16:14:09.081039+00:00,548.400310,estop_released_dcplus_5v1_power_led_only_no_click,0.000000,0.00000,0.000000,0.00000,LOW,false,false,true,false,
5485,2026-09-11T16:14:09.180753+00:00,548.500297,estop_released_dcplus_5v1_power_led_only_no_click,-0.002000,-0.00606,0.000000,0.00000,LOW,false,false,true,false,
5486,2026-09-11T16:14:09.281050+00:00,548.600313,estop_released_dcplus_5v1_power_led_only_no_click,0.000000,0.00000,0.000000,0.00000,LOW,false,false,true,false,
5487,2026-09-11T16:14:09.380735+00:00,548.700285,estop_released_dcplus_5v1_power_led_only_no_click,0.000000,0.00000,0.000000,0.00000,LOW,false,false,true,false,
5488,2026-09-11T16:14:09.481059+00:00,548.800320,estop_released_dcplus_5v1_power_led_only_no_click,0.000000,0.00000,0.000000,0.00000,LOW,false,false,true,false,
5489,2026-09-11T16:14:09.580724+00:00,548.900281,estop_released_dcplus_5v1_power_led_only_no_click,0.000000,0.00000,0.000000,0.00000,LOW,false,false,true,false,
5490,2026-09-11T16:14:09.681049+00:00,549.000308,estop_released_dcplus_5v1_power_led_only_no_click,0.000000,0.00000,0.000000,0.00000,LOW,false,false,true,false,
5491,2026-09-11T16:14:09.780730+00:00,549.100284,estop_released_dcplus_5v1_power_led_only_no_click,0.000000,0.00000,0.000000,0.00000,LOW,false,false,true,false,
5492,2026-09-11T16:14:09.881462+00:00,549.200469,estop_released_dcplus_5v1_power_led_only_no_click,0.000000,0.00000,0.000000,0.00000,LOW,false,false,true,false,
5493,2026-09-11T16:14:09.980103+00:00,549.300333,estop_released_dcplus_5v1_power_led_only_no_click,0.000000,0.00000,0.000000,0.00000,LOW,false,false,true,false,
5494,2026-09-11T16:14:10.079665+00:00,549.400258,estop_released_dcplus_5v1_power_led_only_no_click,0.000000,0.00000,0.000000,0.00000,LOW,false,false,true,false,
5495,2026-09-11T16:14:10.179595+00:00,549.500227,estop_released_dcplus_5v1_power_led_only_no_click,0.000000,0.00000,0.000000,0.00000,LOW,false,false,true,false,
5496,2026-09-11T16:14:10.279533+00:00,549.600196,estop_released_dcplus_5v1_power_led_only_no_click,0.000000,0.00000,0.000000,0.00000,LOW,false,false,true,false,
5497,2026-09-11T16:14:10.379517+00:00,549.700186,estop_released_dcplus_5v1_power_led_only_no_click,0.000000,0.00000,0.000000,0.00000,LOW,false,false,true,false,
5498,2026-09-11T16:14:10.479530+00:00,549.800189,estop_released_dcplus_5v1_power_led_only_no_click,0.000000,0.00000,0.000000,0.00000,LOW,false,false,true,false,
5499,2026-09-11T16:14:10.579536+00:00,549.900194,estop_released_dcplus_5v1_power_led_only_no_click,0.000000,0.00000,0.000000,0.00000,LOW,false,false,true,false,
5500,2026-09-11T16:14:10.679522+00:00,550.000185,estop_released_dcplus_5v1_power_led_only_no_click,0.000000,0.00000,0.000000,0.00000,LOW,false,false,true,false,
5501,2026-09-11T16:14:10.779528+00:00,550.100195,estop_released_dcplus_5v1_power_led_only_no_click,0.000000,0.00000,0.000000,0.00000,LOW,false,false,true,false,
5502,2026-09-11T16:14:10.879509+00:00,550.200184,estop_released_dcplus_5v1_power_led_only_no_click,0.000000,0.00000,0.000000,0.00000,LOW,false,false,true,false,
5503,2026-09-11T16:14:10.979524+00:00,550.300186,estop_released_dcplus_5v1_power_led_only_no_click,0.000000,0.00000,0.000000,0.00000,LOW,false,false,true,false,
5504,2026-09-11T16:14:11.079508+00:00,550.400182,estop_released_dcplus_5v1_power_led_only_no_click,0.000000,0.00000,0.000000,0.00000,LOW,false,false,true,false,
5505,2026-09-11T16:14:11.179582+00:00,550.500213,estop_released_dcplus_5v1_power_led_only_no_click,0.000000,0.00000,0.000000,0.00000,LOW,false,false,true,false,
5506,2026-09-11T16:14:11.279525+00:00,550.600192,estop_released_dcplus_5v1_power_led_only_no_click,0.000000,0.00000,0.000000,0.00000,LOW,false,false,true,false,
5507,2026-09-11T16:14:11.379556+00:00,550.700179,estop_released_dcplus_5v1_power_led_only_no_click,0.000000,0.00000,0.000000,0.00000,LOW,false,false,true,false,
5508,2026-09-11T16:14:11.479699+00:00,550.800280,estop_released_dcplus_5v1_power_led_only_no_click,0.000000,0.00000,0.000000,0.00000,LOW,false,false,true,false,
5509,2026-09-11T16:14:11.579543+00:00,550.900205,estop_released_dcplus_5v1_power_led_only_no_click,0.000000,0.00000,0.000000,0.00000,LOW,false,false,true,false,
5510,2026-09-11T16:14:11.679711+00:00,551.000201,estop_released_dcplus_5v1_power_led_only_no_click,0.000000,0.00000,0.000000,0.00000,LOW,false,false,true,false,
5511,2026-09-11T16:14:11.779603+00:00,551.100231,estop_released_dcplus_5v1_power_led_only_no_click,0.000000,0.00000,0.000000,0.00000,LOW,false,false,true,false,
5512,2026-09-11T16:14:11.879520+00:00,551.200192,estop_released_dcplus_5v1_power_led_only_no_click,0.000000,0.00000,0.000000,0.00000,LOW,false,false,true,false,
5513,2026-09-11T16:14:11.979508+00:00,551.300183,estop_released_dcplus_5v1_power_led_only_no_click,0.000000,0.00000,0.000000,0.00000,LOW,false,false,true,false,
5514,2026-09-11T16:14:12.079512+00:00,551.400184,estop_released_dcplus_5v1_power_led_only_no_click,0.000000,0.00000,0.000000,0.00000,LOW,false,false,true,false,
5515,2026-09-11T16:14:12.179498+00:00,551.500178,estop_released_dcplus_5v1_power_led_only_no_click,0.000000,0.00000,0.000000,0.00000,LOW,false,false,true,false,
5516,2026-09-11T16:14:12.279503+00:00,551.600177,estop_released_dcplus_5v1_power_led_only_no_click,0.000000,0.00000,0.000000,0.00000,LOW,false,false,true,false,
5517,2026-09-11T16:14:12.379505+00:00,551.700179,estop_released_dcplus_5v1_power_led_only_no_click,0.000000,0.00000,0.000000,0.00000,LOW,false,false,true,false,
5518,2026-09-11T16:14:12.479502+00:00,551.800180,estop_released_dcplus_5v1_power_led_only_no_click,0.000000,0.00000,0.000000,0.00000,LOW,false,false,true,false,
5519,2026-09-11T16:14:12.579530+00:00,551.900192,estop_released_dcplus_5v1_power_led_only_no_click,0.000000,0.00000,0.000000,0.00000,LOW,false,false,true,false,
5520,2026-09-11T16:14:12.679516+00:00,552.000186,estop_released_dcplus_5v1_power_led_only_no_click,0.000000,0.00000,0.000000,0.00000,LOW,false,false,true,false,
5521,2026-09-11T16:14:12.779540+00:00,552.100197,estop_released_dcplus_5v1_power_led_only_no_click,0.000000,0.00000,0.000000,0.00000,LOW,false,false,true,false,
5522,2026-09-11T16:14:12.879507+00:00,552.200182,estop_released_dcplus_5v1_power_led_only_no_click,0.000000,0.00000,0.000000,0.00000,LOW,false,false,true,false,
5523,2026-09-11T16:14:12.979521+00:00,552.300184,estop_released_dcplus_5v1_power_led_only_no_click,0.000000,0.00000,0.000000,0.00000,LOW,false,false,true,false,
5524,2026-09-11T16:14:13.079511+00:00,552.400181,estop_released_dcplus_5v1_power_led_only_no_click,0.000000,0.00000,0.000000,0.00000,LOW,false,false,true,false,
5525,2026-09-11T16:14:13.179511+00:00,552.500181,estop_released_dcplus_5v1_power_led_only_no_click,0.000000,0.00000,0.000000,0.00000,LOW,false,false,true,false,
5526,2026-09-11T16:14:13.279505+00:00,552.600175,estop_released_dcplus_5v1_power_led_only_no_click,0.000000,0.00000,0.000000,0.00000,LOW,false,false,true,false,
5527,2026-09-11T16:14:13.379508+00:00,552.700180,estop_released_dcplus_5v1_power_led_only_no_click,0.000000,0.00000,0.000000,0.00000,LOW,false,false,true,false,
5528,2026-09-11T16:14:13.479504+00:00,552.800176,estop_released_dcplus_5v1_power_led_only_no_click,0.000000,0.00000,0.000000,0.00000,LOW,false,false,true,false,
5529,2026-09-11T16:14:13.579532+00:00,552.900192,estop_released_dcplus_5v1_power_led_only_no_click,0.000000,0.00000,0.000000,0.00000,LOW,false,false,true,false,
5530,2026-09-11T16:14:13.679702+00:00,553.000272,estop_released_dcplus_5v1_power_led_only_no_click,0.000000,0.00000,0.000000,0.00000,LOW,false,false,true,false,
5531,2026-09-11T16:14:13.779546+00:00,553.100208,estop_released_dcplus_5v1_power_led_only_no_click,0.000000,0.00000,0.000000,0.00000,LOW,false,false,true,false,
5532,2026-09-11T16:14:13.879515+00:00,553.200186,estop_released_dcplus_5v1_power_led_only_no_click,0.000000,0.00000,0.000000,0.00000,LOW,false,false,true,false,
5533,2026-09-11T16:14:13.979511+00:00,553.300181,estop_released_dcplus_5v1_power_led_only_no_click,0.000000,0.00000,0.000000,0.00000,LOW,false,false,true,false,
5534,2026-09-11T16:14:14.079514+00:00,553.400181,estop_released_dcplus_5v1_power_led_only_no_click,0.000000,0.00000,0.000000,0.00000,LOW,false,false,true,false,
5535,2026-09-11T16:14:14.179512+00:00,553.500181,estop_released_dcplus_5v1_power_led_only_no_click,0.000000,0.00000,0.000000,0.00000,LOW,false,false,true,false,
5536,2026-09-11T16:14:14.279523+00:00,553.600188,estop_released_dcplus_5v1_power_led_only_no_click,0.000000,0.00000,0.000000,0.00000,LOW,false,false,true,false,
5537,2026-09-11T16:14:14.379510+00:00,553.700184,estop_released_dcplus_5v1_power_led_only_no_click,0.000000,0.00000,0.000000,0.00000,LOW,false,false,true,false,
5538,2026-09-11T16:14:14.479505+00:00,553.800179,estop_released_dcplus_5v1_power_led_only_no_click,0.000000,0.00000,0.000000,0.00000,LOW,false,false,true,false,
5539,2026-09-11T16:14:14.579540+00:00,553.900191,estop_released_dcplus_5v1_power_led_only_no_click,0.000000,0.00000,0.000000,0.00000,LOW,false,false,true,false,
5540,2026-09-11T16:14:14.679509+00:00,554.000181,estop_released_dcplus_5v1_power_led_only_no_click,0.000000,0.00000,0.000000,0.00000,LOW,false,false,true,false,
5541,2026-09-11T16:14:14.779538+00:00,554.100195,estop_released_dcplus_5v1_power_led_only_no_click,0.000000,0.00000,0.000000,0.00000,LOW,false,false,true,false,
5542,2026-09-11T16:14:14.879510+00:00,554.200185,estop_released_dcplus_5v1_power_led_only_no_click,0.000000,0.00000,0.000000,0.00000,LOW,false,false,true,false,
5543,2026-09-11T16:14:14.981057+00:00,554.300314,estop_released_dcplus_5v1_power_led_only_no_click,0.000000,0.00000,0.000000,0.00000,LOW,false,false,true,false,
5544,2026-09-11T16:14:15.081037+00:00,554.400315,estop_released_dcplus_5v1_power_led_only_no_click,0.000000,0.00000,0.000000,0.00000,LOW,false,false,true,false,
5545,2026-09-11T16:14:15.180721+00:00,554.500284,estop_released_dcplus_5v1_power_led_only_no_click,0.000000,0.00000,0.000000,0.00000,LOW,false,false,true,false,
5546,2026-09-11T16:14:15.281040+00:00,554.600310,estop_released_dcplus_5v1_power_led_only_no_click,0.000000,0.00000,0.000000,0.00000,LOW,false,false,true,false,
5547,2026-09-11T16:14:15.380725+00:00,554.700284,estop_released_dcplus_5v1_power_led_only_no_click,0.000000,0.00000,0.000000,0.00000,LOW,false,false,true,false,
5548,2026-09-11T16:14:15.481039+00:00,554.800311,estop_released_dcplus_5v1_power_led_only_no_click,0.000000,0.00000,0.000000,0.00000,LOW,false,false,true,false,
5549,2026-09-11T16:14:15.580739+00:00,554.900292,estop_released_dcplus_5v1_power_led_only_no_click,0.000000,0.00000,0.000000,0.00000,LOW,false,false,true,false,
5550,2026-09-11T16:14:15.681038+00:00,555.000316,estop_released_dcplus_5v1_power_led_only_no_click,0.000000,0.00000,0.000000,0.00000,LOW,false,false,true,false,
5551,2026-09-11T16:14:15.780732+00:00,555.100287,estop_released_dcplus_5v1_power_led_only_no_click,0.000000,0.00000,0.000000,0.00000,LOW,false,false,true,false,
5552,2026-09-11T16:14:15.881036+00:00,555.200312,estop_released_dcplus_5v1_power_led_only_no_click,0.000000,0.00000,0.000000,0.00000,LOW,false,false,true,false,
5553,2026-09-11T16:14:15.980713+00:00,555.300281,estop_released_dcplus_5v1_power_led_only_no_click,0.000000,0.00000,0.000000,0.00000,LOW,false,false,true,false,
5554,2026-09-11T16:14:16.081040+00:00,555.400317,estop_released_dcplus_5v1_power_led_only_no_click,0.000000,0.00000,0.000000,0.00000,LOW,false,false,true,false,
5555,2026-09-11T16:14:16.180721+00:00,555.500284,estop_released_dcplus_5v1_power_led_only_no_click,0.000000,0.00000,0.000000,0.00000,LOW,false,false,true,false,
5556,2026-09-11T16:14:16.281037+00:00,555.600312,estop_released_dcplus_5v1_power_led_only_no_click,0.000000,0.00000,0.000000,0.00000,LOW,false,false,true,false,
5557,2026-09-11T16:14:16.380722+00:00,555.700287,estop_released_dcplus_5v1_power_led_only_no_click,0.000000,0.00000,0.000000,0.00000,LOW,false,false,true,false,
5558,2026-09-11T16:14:16.481038+00:00,555.800308,estop_released_dcplus_5v1_power_led_only_no_click,0.000000,0.00000,0.000000,0.00000,LOW,false,false,true,false,
5559,2026-09-11T16:14:16.580864+00:00,555.900353,estop_released_dcplus_5v1_power_led_only_no_click,0.000000,0.00000,0.000000,0.00000,LOW,false,false,true,false,
5560,2026-09-11T16:14:16.681238+00:00,556.000428,estop_released_dcplus_5v1_power_led_only_no_click,0.000000,0.00000,0.000000,0.00000,LOW,false,false,true,false,
5561,2026-09-11T16:14:16.780765+00:00,556.100314,estop_released_dcplus_5v1_power_led_only_no_click,0.000000,0.00000,0.000000,0.00000,LOW,false,false,true,false,
5562,2026-09-11T16:14:16.881036+00:00,556.200318,estop_released_dcplus_5v1_power_led_only_no_click,0.000000,0.00000,0.000000,0.00000,LOW,false,false,true,false,
5563,2026-09-11T16:14:16.980719+00:00,556.300284,estop_released_dcplus_5v1_power_led_only_no_click,0.000000,0.00000,0.000000,0.00000,LOW,false,false,true,false,
5564,2026-09-11T16:14:17.081053+00:00,556.400321,estop_released_dcplus_5v1_power_led_only_no_click,0.000000,0.00000,0.000000,0.00000,LOW,false,false,true,false,
5565,2026-09-11T16:14:17.180767+00:00,556.500304,estop_released_dcplus_5v1_power_led_only_no_click,0.000000,0.00000,0.000000,0.00000,LOW,false,false,true,false,
5566,2026-09-11T16:14:17.281220+00:00,556.600374,estop_released_dcplus_5v1_power_led_only_no_click,0.000000,0.00000,0.000000,0.00000,LOW,false,false,true,false,
5567,2026-09-11T16:14:17.381143+00:00,556.700357,estop_released_dcplus_5v1_power_led_only_no_click,0.000000,0.00000,0.000000,0.00000,LOW,false,false,true,false,
5568,2026-09-11T16:14:17.480785+00:00,556.800319,estop_released_dcplus_5v1_power_led_only_no_click,0.000000,0.00000,0.000000,0.00000,LOW,false,false,true,false,
5569,2026-09-11T16:14:17.581049+00:00,556.900320,estop_released_dcplus_5v1_power_led_only_no_click,0.000000,0.00000,0.000000,0.00000,LOW,false,false,true,false,
5570,2026-09-11T16:14:17.681012+00:00,557.000323,estop_released_dcplus_5v1_power_led_only_no_click,0.000000,0.00000,0.000000,0.00000,LOW,false,false,true,false,
5571,2026-09-11T16:14:17.780841+00:00,557.100345,estop_released_dcplus_5v1_power_led_only_no_click,0.000000,0.00000,0.000000,0.00000,LOW,false,false,true,false,
5572,2026-09-11T16:14:17.881045+00:00,557.200328,estop_released_dcplus_5v1_power_led_only_no_click,0.000000,0.00000,0.000000,0.00000,LOW,false,false,true,false,
5573,2026-09-11T16:14:17.980741+00:00,557.300292,estop_released_dcplus_5v1_power_led_only_no_click,0.000000,0.00000,0.000000,0.00000,LOW,false,false,true,false,
5574,2026-09-11T16:14:18.081043+00:00,557.400317,estop_released_dcplus_5v1_power_led_only_no_click,0.000000,0.00000,0.000000,0.00000,LOW,false,false,true,false,
5575,2026-09-11T16:14:18.180739+00:00,557.500287,estop_released_dcplus_5v1_power_led_only_no_click,0.000000,0.00000,0.000000,0.00000,LOW,false,false,true,false,
5576,2026-09-11T16:14:18.281046+00:00,557.600311,estop_released_dcplus_5v1_power_led_only_no_click,0.000000,0.00000,0.000000,0.00000,LOW,false,false,true,false,
5577,2026-09-11T16:14:18.380733+00:00,557.700287,estop_released_dcplus_5v1_power_led_only_no_click,0.000000,0.00000,0.000000,0.00000,LOW,false,false,true,false,
5578,2026-09-11T16:14:18.481050+00:00,557.800314,estop_released_dcplus_5v1_power_led_only_no_click,0.000000,0.00000,0.000000,0.00000,LOW,false,false,true,false,
5579,2026-09-11T16:14:18.581288+00:00,557.900444,estop_released_dcplus_5v1_power_led_only_no_click,0.000000,0.00000,0.000000,0.00000,LOW,false,false,true,false,
5580,2026-09-11T16:14:18.680886+00:00,558.000359,estop_released_dcplus_5v1_power_led_only_no_click,0.000000,0.00000,0.000000,0.00000,LOW,false,false,true,false,
5581,2026-09-11T16:14:18.781093+00:00,558.100349,estop_released_dcplus_5v1_power_led_only_no_click,0.000000,0.00000,0.000000,0.00000,LOW,false,false,true,false,
5582,2026-09-11T16:14:18.880743+00:00,558.200300,estop_released_dcplus_5v1_power_led_only_no_click,0.000000,0.00000,0.000000,0.00000,LOW,false,false,true,false,
5583,2026-09-11T16:14:18.981039+00:00,558.300314,estop_released_dcplus_5v1_power_led_only_no_click,0.000000,0.00000,0.000000,0.00000,LOW,false,false,true,false,
5584,2026-09-11T16:14:19.080736+00:00,558.400285,estop_released_dcplus_5v1_power_led_only_no_click,0.000000,0.00000,0.000000,0.00000,LOW,false,false,true,false,
5585,2026-09-11T16:14:19.181040+00:00,558.500316,estop_released_dcplus_5v1_power_led_only_no_click,0.000000,0.00000,0.000000,0.00000,LOW,false,false,true,false,
5586,2026-09-11T16:14:19.280742+00:00,558.600291,estop_released_dcplus_5v1_power_led_only_no_click,0.000000,0.00000,0.000000,0.00000,LOW,false,false,true,false,
5587,2026-09-11T16:14:19.381041+00:00,558.700312,estop_released_dcplus_5v1_power_led_only_no_click,0.000000,0.00000,0.000000,0.00000,LOW,false,false,true,false,
5588,2026-09-11T16:14:19.480749+00:00,558.800302,estop_released_dcplus_5v1_power_led_only_no_click,0.000000,0.00000,0.000000,0.00000,LOW,false,false,true,false,
5589,2026-09-11T16:14:19.581031+00:00,558.900311,estop_released_dcplus_5v1_power_led_only_no_click,0.000000,0.00000,0.000000,0.00000,LOW,false,false,true,false,
5590,2026-09-11T16:14:19.681032+00:00,559.000441,estop_released_dcplus_5v1_power_led_only_no_click,0.000000,0.00000,0.000000,0.00000,LOW,false,false,true,false,
5591,2026-09-11T16:14:19.780972+00:00,559.100304,estop_released_dcplus_5v1_power_led_only_no_click,0.000000,0.00000,0.000000,0.00000,LOW,false,false,true,false,
5592,2026-09-11T16:14:19.880949+00:00,559.200411,estop_released_dcplus_5v1_power_led_only_no_click,0.000000,0.00000,0.000000,0.00000,LOW,false,false,true,false,
5593,2026-09-11T16:14:19.980947+00:00,559.300287,estop_released_dcplus_5v1_power_led_only_no_click,0.000000,0.00000,0.000000,0.00000,LOW,false,false,true,false,
5594,2026-09-11T16:14:20.080818+00:00,559.400312,estop_released_dcplus_5v1_power_led_only_no_click,0.000000,0.00000,0.000000,0.00000,LOW,false,false,true,false,
5595,2026-09-11T16:14:20.180933+00:00,559.500282,estop_released_dcplus_5v1_power_led_only_no_click,0.000000,0.00000,0.000000,0.00000,LOW,false,false,true,false,
5596,2026-09-11T16:14:20.280824+00:00,559.600312,estop_released_dcplus_5v1_power_led_only_no_click,0.000000,0.00000,0.000000,0.00000,LOW,false,false,true,false,
5597,2026-09-11T16:14:20.380932+00:00,559.700281,estop_released_dcplus_5v1_power_led_only_no_click,0.000000,0.00000,0.000000,0.00000,LOW,false,false,true,false,
5598,2026-09-11T16:14:20.480824+00:00,559.800314,estop_released_dcplus_5v1_power_led_only_no_click,0.000000,0.00000,0.000000,0.00000,LOW,false,false,true,false,
5599,2026-09-11T16:14:20.580930+00:00,559.900280,estop_released_dcplus_5v1_power_led_only_no_click,0.000000,0.00000,0.000000,0.00000,LOW,false,false,true,false,
5600,2026-09-11T16:14:20.680826+00:00,560.000316,estop_released_dcplus_5v1_power_led_only_no_click,0.000000,0.00000,0.000000,0.00000,LOW,false,false,true,false,
5601,2026-09-11T16:14:20.780947+00:00,560.100286,estop_released_dcplus_5v1_power_led_only_no_click,0.000000,0.00000,0.000000,0.00000,LOW,false,false,true,false,
5602,2026-09-11T16:14:20.880807+00:00,560.200309,estop_released_dcplus_5v1_power_led_only_no_click,0.000000,0.00000,0.000000,0.00000,LOW,false,false,true,false,
5603,2026-09-11T16:14:20.980925+00:00,560.300280,estop_released_dcplus_5v1_power_led_only_no_click,0.000000,0.00000,0.000000,0.00000,LOW,false,false,true,false,
5604,2026-09-11T16:14:21.080824+00:00,560.400313,estop_released_dcplus_5v1_power_led_only_no_click,0.000000,0.00000,0.000000,0.00000,LOW,false,false,true,false,
5605,2026-09-11T16:14:21.180929+00:00,560.500285,estop_released_dcplus_5v1_power_led_only_no_click,0.000000,0.00000,0.000000,0.00000,LOW,false,false,true,false,
5606,2026-09-11T16:14:21.280804+00:00,560.600309,estop_released_dcplus_5v1_power_led_only_no_click,0.000000,0.00000,0.000000,0.00000,LOW,false,false,true,false,
5607,2026-09-11T16:14:21.380929+00:00,560.700283,estop_released_dcplus_5v1_power_led_only_no_click,0.000000,0.00000,0.000000,0.00000,LOW,false,false,true,false,
5608,2026-09-11T16:14:21.480957+00:00,560.800310,estop_released_dcplus_5v1_power_led_only_no_click,0.000000,0.00000,0.000000,0.00000,LOW,false,false,true,false,
5609,2026-09-11T16:14:21.580860+00:00,560.900285,estop_released_dcplus_5v1_power_led_only_no_click,0.000000,0.00000,0.000000,0.00000,LOW,false,false,true,false,
5610,2026-09-11T16:14:21.681205+00:00,561.000383,estop_released_dcplus_5v1_power_led_only_no_click,0.000000,0.00000,0.000000,0.00000,LOW,false,false,true,false,
5611,2026-09-11T16:14:21.780824+00:00,561.100302,estop_released_dcplus_5v1_power_led_only_no_click,0.000000,0.00000,0.000000,0.00000,LOW,false,false,true,false,
5612,2026-09-11T16:14:21.881071+00:00,561.200324,estop_released_dcplus_5v1_power_led_only_no_click,0.000000,0.00000,0.000000,0.00000,LOW,false,false,true,false,
5613,2026-09-11T16:14:21.980794+00:00,561.300284,estop_released_dcplus_5v1_power_led_only_no_click,0.000000,0.00000,0.000000,0.00000,LOW,false,false,true,false,
5614,2026-09-11T16:14:22.081045+00:00,561.400307,estop_released_dcplus_5v1_power_led_only_no_click,0.000000,0.00000,0.000000,0.00000,LOW,false,false,true,false,
5615,2026-09-11T16:14:22.180786+00:00,561.500280,estop_released_dcplus_5v1_power_led_only_no_click,0.000000,0.00000,0.000000,0.00000,LOW,false,false,true,false,
5616,2026-09-11T16:14:22.281062+00:00,561.600314,estop_released_dcplus_5v1_power_led_only_no_click,0.000000,0.00000,0.000000,0.00000,LOW,false,false,true,false,
5617,2026-09-11T16:14:22.380792+00:00,561.700283,estop_released_dcplus_5v1_power_led_only_no_click,0.000000,0.00000,0.000000,0.00000,LOW,false,false,true,false,
5618,2026-09-11T16:14:22.480963+00:00,561.800307,estop_released_dcplus_5v1_power_led_only_no_click,0.000000,0.00000,0.000000,0.00000,LOW,false,false,true,false,
5619,2026-09-11T16:14:22.580799+00:00,561.900284,estop_released_dcplus_5v1_power_led_only_no_click,0.000000,0.00000,0.000000,0.00000,LOW,false,false,true,false,
5620,2026-09-11T16:14:22.680967+00:00,562.000308,estop_released_dcplus_5v1_power_led_only_no_click,0.000000,0.00000,0.000000,0.00000,LOW,false,false,true,false,
5621,2026-09-11T16:14:22.780871+00:00,562.100322,estop_released_dcplus_5v1_power_led_only_no_click,0.000000,0.00000,0.000000,0.00000,LOW,false,false,true,false,
5622,2026-09-11T16:14:22.880967+00:00,562.200317,estop_released_dcplus_5v1_power_led_only_no_click,0.000000,0.00000,0.000000,0.00000,LOW,false,false,true,false,
5623,2026-09-11T16:14:22.980794+00:00,562.300281,estop_released_dcplus_5v1_power_led_only_no_click,0.000000,0.00000,0.000000,0.00000,LOW,false,false,true,false,
5624,2026-09-11T16:14:23.080967+00:00,562.400313,estop_released_dcplus_5v1_power_led_only_no_click,0.000000,0.00000,0.000000,0.00000,LOW,false,false,true,false,
5625,2026-09-11T16:14:23.180801+00:00,562.500281,estop_released_dcplus_5v1_power_led_only_no_click,0.000000,0.00000,0.000000,0.00000,LOW,false,false,true,false,
5626,2026-09-11T16:14:23.281187+00:00,562.600417,estop_released_dcplus_5v1_power_led_only_no_click,0.000000,0.00000,0.000000,0.00000,LOW,false,false,true,false,
5627,2026-09-11T16:14:23.380870+00:00,562.700322,estop_released_dcplus_5v1_power_led_only_no_click,0.000000,0.00000,0.000000,0.00000,LOW,false,false,true,false,
5628,2026-09-11T16:14:23.480970+00:00,562.800320,estop_released_dcplus_5v1_power_led_only_no_click,0.000000,0.00000,0.000000,0.00000,LOW,false,false,true,false,
5629,2026-09-11T16:14:23.580814+00:00,562.900295,estop_released_dcplus_5v1_power_led_only_no_click,0.000000,0.00000,0.000000,0.00000,LOW,false,false,true,false,
5630,2026-09-11T16:14:23.681315+00:00,563.000330,estop_released_dcplus_5v1_power_led_only_no_click,0.000000,0.00000,0.000000,0.00000,LOW,false,false,true,false,
5631,2026-09-11T16:14:23.780834+00:00,563.100334,estop_released_dcplus_5v1_power_led_only_no_click,0.000000,0.00000,0.000000,0.00000,LOW,false,false,true,false,
5632,2026-09-11T16:14:23.881055+00:00,563.200329,estop_released_dcplus_5v1_power_led_only_no_click,0.000000,0.00000,0.000000,0.00000,LOW,false,false,true,false,
5633,2026-09-11T16:14:23.980807+00:00,563.300293,estop_released_dcplus_5v1_power_led_only_no_click,0.000000,0.00000,0.000000,0.00000,LOW,false,false,true,false,
5634,2026-09-11T16:14:24.081122+00:00,563.400318,estop_released_dcplus_5v1_power_led_only_no_click,0.000000,0.00000,0.000000,0.00000,LOW,false,false,true,false,
5635,2026-09-11T16:14:24.180724+00:00,563.500288,estop_released_dcplus_5v1_power_led_only_no_click,0.000000,0.00000,0.000000,0.00000,LOW,false,false,true,false,
5636,2026-09-11T16:14:24.281037+00:00,563.600318,estop_released_dcplus_5v1_power_led_only_no_click,0.000000,0.00000,0.000000,0.00000,LOW,false,false,true,false,
5637,2026-09-11T16:14:24.380737+00:00,563.700294,estop_released_dcplus_5v1_power_led_only_no_click,0.000000,0.00000,0.000000,0.00000,LOW,false,false,true,false,
5638,2026-09-11T16:14:24.481039+00:00,563.800308,estop_released_dcplus_5v1_power_led_only_no_click,0.000000,0.00000,0.000000,0.00000,LOW,false,false,true,false,
5639,2026-09-11T16:14:24.580732+00:00,563.900290,estop_released_dcplus_5v1_power_led_only_no_click,0.000000,0.00000,0.000000,0.00000,LOW,false,false,true,false,
5640,2026-09-11T16:14:24.681043+00:00,564.000310,estop_released_dcplus_5v1_power_led_only_no_click,0.000000,0.00000,0.000000,0.00000,LOW,false,false,true,false,
5641,2026-09-11T16:14:24.780742+00:00,564.100293,estop_released_dcplus_5v1_power_led_only_no_click,0.000000,0.00000,0.000000,0.00000,LOW,false,false,true,false,
5642,2026-09-11T16:14:24.881037+00:00,564.200315,estop_released_dcplus_5v1_power_led_only_no_click,0.000000,0.00000,0.000000,0.00000,LOW,false,false,true,false,
5643,2026-09-11T16:14:24.980726+00:00,564.300284,estop_released_dcplus_5v1_power_led_only_no_click,0.000000,0.00000,0.000000,0.00000,LOW,false,false,true,false,
5644,2026-09-11T16:14:25.081041+00:00,564.400314,estop_released_dcplus_5v1_power_led_only_no_click,0.000000,0.00000,0.000000,0.00000,LOW,false,false,true,false,
5645,2026-09-11T16:14:25.180724+00:00,564.500286,estop_released_dcplus_5v1_power_led_only_no_click,0.000000,0.00000,0.000000,0.00000,LOW,false,false,true,false,
5646,2026-09-11T16:14:25.281047+00:00,564.600312,estop_released_dcplus_5v1_power_led_only_no_click,0.000000,0.00000,0.000000,0.00000,LOW,false,false,true,false,
5647,2026-09-11T16:14:25.380727+00:00,564.700287,estop_released_dcplus_5v1_power_led_only_no_click,0.000000,0.00000,0.000000,0.00000,LOW,false,false,true,false,
5648,2026-09-11T16:14:25.481043+00:00,564.800311,estop_released_dcplus_5v1_power_led_only_no_click,0.000000,0.00000,0.000000,0.00000,LOW,false,false,true,false,
5649,2026-09-11T16:14:25.580742+00:00,564.900291,estop_released_dcplus_5v1_power_led_only_no_click,0.000000,0.00000,0.000000,0.00000,LOW,false,false,true,false,
5650,2026-09-11T16:14:25.681047+00:00,565.000315,estop_released_dcplus_5v1_power_led_only_no_click,0.000000,0.00000,0.000000,0.00000,LOW,false,false,true,false,
5651,2026-09-11T16:14:25.780730+00:00,565.100285,estop_released_dcplus_5v1_power_led_only_no_click,0.000000,0.00000,0.000000,0.00000,LOW,false,false,true,false,
5652,2026-09-11T16:14:25.881050+00:00,565.200323,estop_released_dcplus_5v1_power_led_only_no_click,0.000000,0.00000,0.000000,0.00000,LOW,false,false,true,false,
5653,2026-09-11T16:14:25.980727+00:00,565.300287,estop_released_dcplus_5v1_power_led_only_no_click,0.000000,0.00000,0.000000,0.00000,LOW,false,false,true,false,
5654,2026-09-11T16:14:26.081045+00:00,565.400314,estop_released_dcplus_5v1_power_led_only_no_click,0.000000,0.00000,0.000000,0.00000,LOW,false,false,true,false,
5655,2026-09-11T16:14:26.180727+00:00,565.500284,estop_released_dcplus_5v1_power_led_only_no_click,0.000000,0.00000,0.000000,0.00000,LOW,false,false,true,false,
5656,2026-09-11T16:14:26.281038+00:00,565.600311,estop_released_dcplus_5v1_power_led_only_no_click,0.000000,0.00000,0.000000,0.00000,LOW,false,false,true,false,
5657,2026-09-11T16:14:26.380729+00:00,565.700288,estop_released_dcplus_5v1_power_led_only_no_click,0.000000,0.00000,0.000000,0.00000,LOW,false,false,true,false,
5658,2026-09-11T16:14:26.481042+00:00,565.800309,estop_released_dcplus_5v1_power_led_only_no_click,0.000000,0.00000,0.000000,0.00000,LOW,false,false,true,false,
5659,2026-09-11T16:14:26.580722+00:00,565.900283,estop_released_dcplus_5v1_power_led_only_no_click,0.000000,0.00000,0.000000,0.00000,LOW,false,false,true,false,
5660,2026-09-11T16:14:26.681043+00:00,566.000314,estop_released_dcplus_5v1_power_led_only_no_click,0.000000,0.00000,0.000000,0.00000,LOW,false,false,true,false,
5661,2026-09-11T16:14:26.780885+00:00,566.100374,estop_released_dcplus_5v1_power_led_only_no_click,0.000000,0.00000,0.000000,0.00000,LOW,false,false,true,false,
5662,2026-09-11T16:14:26.881097+00:00,566.200339,estop_released_dcplus_5v1_power_led_only_no_click,0.000000,0.00000,0.000000,0.00000,LOW,false,false,true,false,
5663,2026-09-11T16:14:26.980743+00:00,566.300294,estop_released_dcplus_5v1_power_led_only_no_click,0.000000,0.00000,0.000000,0.00000,LOW,false,false,true,false,
5664,2026-09-11T16:14:27.081040+00:00,566.400315,estop_released_dcplus_5v1_power_led_only_no_click,0.000000,0.00000,0.000000,0.00000,LOW,false,false,true,false,
5665,2026-09-11T16:14:27.180732+00:00,566.500288,estop_released_dcplus_5v1_power_led_only_no_click,0.000000,0.00000,0.000000,0.00000,LOW,false,false,true,false,
5666,2026-09-11T16:14:27.281043+00:00,566.600310,estop_released_dcplus_5v1_power_led_only_no_click,0.000000,0.00000,0.000000,0.00000,LOW,false,false,true,false,
5667,2026-09-11T16:14:27.380731+00:00,566.700288,estop_released_dcplus_5v1_power_led_only_no_click,0.000000,0.00000,0.000000,0.00000,LOW,false,false,true,false,
5668,2026-09-11T16:14:27.481041+00:00,566.800314,estop_released_dcplus_5v1_power_led_only_no_click,0.000000,0.00000,0.000000,0.00000,LOW,false,false,true,false,
5669,2026-09-11T16:14:27.580721+00:00,566.900283,estop_released_dcplus_5v1_power_led_only_no_click,0.000000,0.00000,0.000000,0.00000,LOW,false,false,true,false,
5670,2026-09-11T16:14:27.681060+00:00,567.000326,estop_released_dcplus_5v1_power_led_only_no_click,0.000000,0.00000,0.000000,0.00000,LOW,false,false,true,false,
5671,2026-09-11T16:14:27.780744+00:00,567.100292,estop_released_dcplus_5v1_power_led_only_no_click,0.000000,0.00000,0.000000,0.00000,LOW,false,false,true,false,
5672,2026-09-11T16:14:27.881055+00:00,567.200311,estop_released_dcplus_5v1_power_led_only_no_click,0.000000,0.00000,0.000000,0.00000,LOW,false,false,true,false,
5673,2026-09-11T16:14:27.980735+00:00,567.300289,estop_released_dcplus_5v1_power_led_only_no_click,0.000000,0.00000,0.000000,0.00000,LOW,false,false,true,false,
5674,2026-09-11T16:14:28.080742+00:00,567.400293,estop_released_dcplus_5v1_power_led_only_no_click,0.000000,0.00000,0.000000,0.00000,LOW,false,false,true,false,
5675,2026-09-11T16:14:28.181035+00:00,567.500315,estop_released_dcplus_5v1_power_led_only_no_click,0.000000,0.00000,0.000000,0.00000,LOW,false,false,true,false,
5676,2026-09-11T16:14:28.280719+00:00,567.600285,estop_released_dcplus_5v1_power_led_only_no_click,0.000000,0.00000,0.000000,0.00000,LOW,false,false,true,false,
5677,2026-09-11T16:14:28.381043+00:00,567.700317,estop_released_dcplus_5v1_power_led_only_no_click,0.000000,0.00000,0.000000,0.00000,LOW,false,false,true,false,
5678,2026-09-11T16:14:28.480720+00:00,567.800285,estop_released_dcplus_5v1_power_led_only_no_click,0.000000,0.00000,0.000000,0.00000,LOW,false,false,true,false,
5679,2026-09-11T16:14:28.581036+00:00,567.900320,estop_released_dcplus_5v1_power_led_only_no_click,0.000000,0.00000,0.000000,0.00000,LOW,false,false,true,false,
5680,2026-09-11T16:14:28.680741+00:00,568.000294,estop_released_dcplus_5v1_power_led_only_no_click,0.000000,0.00000,0.000000,0.00000,LOW,false,false,true,false,
5681,2026-09-11T16:14:28.781035+00:00,568.100312,estop_released_dcplus_5v1_power_led_only_no_click,0.000000,0.00000,0.000000,0.00000,LOW,false,false,true,false,
5682,2026-09-11T16:14:28.880726+00:00,568.200284,estop_released_dcplus_5v1_power_led_only_no_click,0.000000,0.00000,0.000000,0.00000,LOW,false,false,true,false,
5683,2026-09-11T16:14:28.981048+00:00,568.300317,estop_released_dcplus_5v1_power_led_only_no_click,0.000000,0.00000,0.000000,0.00000,LOW,false,false,true,false,
5684,2026-09-11T16:14:29.080740+00:00,568.400292,estop_released_dcplus_5v1_power_led_only_no_click,0.000000,0.00000,0.000000,0.00000,LOW,false,false,true,false,
5685,2026-09-11T16:14:29.181232+00:00,568.500423,estop_released_dcplus_5v1_power_led_only_no_click,0.000000,0.00000,0.000000,0.00000,LOW,false,false,true,false,
5686,2026-09-11T16:14:29.280766+00:00,568.600315,estop_released_dcplus_5v1_power_led_only_no_click,0.000000,0.00000,0.000000,0.00000,LOW,false,false,true,false,
5687,2026-09-11T16:14:29.381122+00:00,568.700356,estop_released_dcplus_5v1_power_led_only_no_click,0.000000,0.00000,0.000000,0.00000,LOW,false,false,true,false,
5688,2026-09-11T16:14:29.480802+00:00,568.800324,estop_released_dcplus_5v1_power_led_only_no_click,0.000000,0.00000,0.000000,0.00000,LOW,false,false,true,false,
5689,2026-09-11T16:14:29.581035+00:00,568.900318,estop_released_dcplus_5v1_power_led_only_no_click,0.000000,0.00000,0.000000,0.00000,LOW,false,false,true,false,
5690,2026-09-11T16:14:29.680933+00:00,569.000295,estop_released_dcplus_5v1_power_led_only_no_click,0.000000,0.00000,0.000000,0.00000,LOW,false,false,true,false,
5691,2026-09-11T16:14:29.780819+00:00,569.100336,estop_released_dcplus_5v1_power_led_only_no_click,0.000000,0.00000,0.000000,0.00000,LOW,false,false,true,false,
5692,2026-09-11T16:14:29.881049+00:00,569.200323,estop_released_dcplus_5v1_power_led_only_no_click,0.000000,0.00000,0.000000,0.00000,LOW,false,false,true,false,
5693,2026-09-11T16:14:29.980751+00:00,569.300299,estop_released_dcplus_5v1_power_led_only_no_click,0.000000,0.00000,0.000000,0.00000,LOW,false,false,true,false,
5694,2026-09-11T16:14:30.081038+00:00,569.400313,estop_released_dcplus_5v1_power_led_only_no_click,0.000000,0.00000,0.000000,0.00000,LOW,false,false,true,false,
5695,2026-09-11T16:14:30.180735+00:00,569.500290,estop_released_dcplus_5v1_power_led_only_no_click,0.000000,0.00000,0.000000,0.00000,LOW,false,false,true,false,
5696,2026-09-11T16:14:30.281036+00:00,569.600311,estop_released_dcplus_5v1_power_led_only_no_click,0.000000,0.00000,0.000000,0.00000,LOW,false,false,true,false,
5697,2026-09-11T16:14:30.380718+00:00,569.700283,estop_released_dcplus_5v1_power_led_only_no_click,0.000000,0.00000,0.000000,0.00000,LOW,false,false,true,false,
5698,2026-09-11T16:14:30.481051+00:00,569.800313,estop_released_dcplus_5v1_power_led_only_no_click,0.000000,0.00000,0.000000,0.00000,LOW,false,false,true,false,
5699,2026-09-11T16:14:30.580726+00:00,569.900286,estop_released_dcplus_5v1_power_led_only_no_click,0.000000,0.00000,0.000000,0.00000,LOW,false,false,true,false,
5700,2026-09-11T16:14:30.681097+00:00,570.000316,estop_released_dcplus_5v1_power_led_only_no_click,0.000000,0.00000,0.000000,0.00000,LOW,false,false,true,false,
5701,2026-09-11T16:14:30.780932+00:00,570.100390,estop_released_dcplus_5v1_power_led_only_no_click,0.000000,0.00000,0.000000,0.00000,LOW,false,false,true,false,
5702,2026-09-11T16:14:30.881056+00:00,570.200332,estop_released_dcplus_5v1_power_led_only_no_click,0.000000,0.00000,0.000000,0.00000,LOW,false,false,true,false,
5703,2026-09-11T16:14:30.980758+00:00,570.300300,estop_released_dcplus_5v1_power_led_only_no_click,0.000000,0.00000,0.000000,0.00000,LOW,false,false,true,false,
5704,2026-09-11T16:14:31.081046+00:00,570.400316,estop_released_dcplus_5v1_power_led_only_no_click,0.000000,0.00000,0.000000,0.00000,LOW,false,false,true,false,
5705,2026-09-11T16:14:31.180755+00:00,570.500297,estop_released_dcplus_5v1_power_led_only_no_click,0.000000,0.00000,0.000000,0.00000,LOW,false,false,true,false,
5706,2026-09-11T16:14:31.281044+00:00,570.600313,estop_released_dcplus_5v1_power_led_only_no_click,0.000000,0.00000,0.000000,0.00000,LOW,false,false,true,false,
5707,2026-09-11T16:14:31.380733+00:00,570.700286,estop_released_dcplus_5v1_power_led_only_no_click,0.000000,0.00000,0.000000,0.00000,LOW,false,false,true,false,
5708,2026-09-11T16:14:31.481088+00:00,570.800339,estop_released_dcplus_5v1_power_led_only_no_click,0.000000,0.00000,0.000000,0.00000,LOW,false,false,true,false,
5709,2026-09-11T16:14:31.580732+00:00,570.900289,estop_released_dcplus_5v1_power_led_only_no_click,0.000000,0.00000,0.000000,0.00000,LOW,false,false,true,false,
5710,2026-09-11T16:14:31.681046+00:00,571.000313,estop_released_dcplus_5v1_power_led_only_no_click,0.000000,0.00000,0.000000,0.00000,LOW,false,false,true,false,
5711,2026-09-11T16:14:31.780736+00:00,571.100291,estop_released_dcplus_5v1_power_led_only_no_click,0.000000,0.00000,0.000000,0.00000,LOW,false,false,true,false,
5712,2026-09-11T16:14:31.881179+00:00,571.200383,estop_released_dcplus_5v1_power_led_only_no_click,0.000000,0.00000,0.000000,0.00000,LOW,false,false,true,false,
5713,2026-09-11T16:14:31.980782+00:00,571.300319,estop_released_dcplus_5v1_power_led_only_no_click,0.000000,0.00000,0.000000,0.00000,LOW,false,false,true,false,
5714,2026-09-11T16:14:32.081042+00:00,571.400323,estop_released_dcplus_5v1_power_led_only_no_click,0.000000,0.00000,0.000000,0.00000,LOW,false,false,true,false,
5715,2026-09-11T16:14:32.180729+00:00,571.500289,estop_released_dcplus_5v1_power_led_only_no_click,0.000000,0.00000,0.000000,0.00000,LOW,false,false,true,false,
5716,2026-09-11T16:14:32.281030+00:00,571.600309,estop_released_dcplus_5v1_power_led_only_no_click,0.000000,0.00000,0.000000,0.00000,LOW,false,false,true,false,
5717,2026-09-11T16:14:32.380720+00:00,571.700286,estop_released_dcplus_5v1_power_led_only_no_click,0.000000,0.00000,0.000000,0.00000,LOW,false,false,true,false,
5718,2026-09-11T16:14:32.481067+00:00,571.800322,estop_released_dcplus_5v1_power_led_only_no_click,0.000000,0.00000,0.000000,0.00000,LOW,false,false,true,false,
5719,2026-09-11T16:14:32.580723+00:00,571.900285,estop_released_dcplus_5v1_power_led_only_no_click,0.000000,0.00000,0.000000,0.00000,LOW,false,false,true,false,
5720,2026-09-11T16:14:32.681042+00:00,572.000312,estop_released_dcplus_5v1_power_led_only_no_click,0.000000,0.00000,0.000000,0.00000,LOW,false,false,true,false,
5721,2026-09-11T16:14:32.780784+00:00,572.100307,estop_released_dcplus_5v1_power_led_only_no_click,0.000000,0.00000,0.000000,0.00000,LOW,false,false,true,false,
5722,2026-09-11T16:14:32.881038+00:00,572.200319,estop_released_dcplus_5v1_power_led_only_no_click,0.000000,0.00000,0.000000,0.00000,LOW,false,false,true,false,
5723,2026-09-11T16:14:32.980740+00:00,572.300293,estop_released_dcplus_5v1_power_led_only_no_click,0.000000,0.00000,0.000000,0.00000,LOW,false,false,true,false,
5724,2026-09-11T16:14:33.081047+00:00,572.400318,estop_released_dcplus_5v1_power_led_only_no_click,0.000000,0.00000,0.000000,0.00000,LOW,false,false,true,false,
5725,2026-09-11T16:14:33.180749+00:00,572.500293,estop_released_dcplus_5v1_power_led_only_no_click,0.000000,0.00000,0.000000,0.00000,LOW,false,false,true,false,
5726,2026-09-11T16:14:33.281044+00:00,572.600312,estop_released_dcplus_5v1_power_led_only_no_click,0.000000,0.00000,0.000000,0.00000,LOW,false,false,true,false,
5727,2026-09-11T16:14:33.380735+00:00,572.700285,estop_released_dcplus_5v1_power_led_only_no_click,0.000000,0.00000,0.000000,0.00000,LOW,false,false,true,false,
5728,2026-09-11T16:14:33.481044+00:00,572.800314,estop_released_dcplus_5v1_power_led_only_no_click,0.000000,0.00000,0.000000,0.00000,LOW,false,false,true,false,
5729,2026-09-11T16:14:33.580728+00:00,572.900279,estop_released_dcplus_5v1_power_led_only_no_click,0.000000,0.00000,0.000000,0.00000,LOW,false,false,true,false,
5730,2026-09-11T16:14:33.681052+00:00,573.000312,estop_released_dcplus_5v1_power_led_only_no_click,0.000000,0.00000,0.000000,0.00000,LOW,false,false,true,false,
5731,2026-09-11T16:14:33.780746+00:00,573.100290,estop_released_dcplus_5v1_power_led_only_no_click,0.000000,0.00000,0.000000,0.00000,LOW,false,false,true,false,
5732,2026-09-11T16:14:33.881051+00:00,573.200314,estop_released_dcplus_5v1_power_led_only_no_click,0.000000,0.00000,0.000000,0.00000,LOW,false,false,true,false,
5733,2026-09-11T16:14:33.980723+00:00,573.300285,estop_released_dcplus_5v1_power_led_only_no_click,0.000000,0.00000,0.000000,0.00000,LOW,false,false,true,false,
5734,2026-09-11T16:14:34.081056+00:00,573.400321,estop_released_dcplus_5v1_power_led_only_no_click,0.000000,0.00000,0.000000,0.00000,LOW,false,false,true,false,
5735,2026-09-11T16:14:34.180861+00:00,573.500350,estop_released_dcplus_5v1_power_led_only_no_click,0.000000,0.00000,0.000000,0.00000,LOW,false,false,true,false,
5736,2026-09-11T16:14:34.281054+00:00,573.600323,estop_released_dcplus_5v1_power_led_only_no_click,0.000000,0.00000,0.000000,0.00000,LOW,false,false,true,false,
5737,2026-09-11T16:14:34.380747+00:00,573.700293,estop_released_dcplus_5v1_power_led_only_no_click,0.000000,0.00000,0.000000,0.00000,LOW,false,false,true,false,
5738,2026-09-11T16:14:34.481056+00:00,573.800323,estop_released_dcplus_5v1_power_led_only_no_click,0.000000,0.00000,0.000000,0.00000,LOW,false,false,true,false,
5739,2026-09-11T16:14:34.580742+00:00,573.900291,estop_released_dcplus_5v1_power_led_only_no_click,0.000000,0.00000,0.000000,0.00000,LOW,false,false,true,false,
5740,2026-09-11T16:14:34.681057+00:00,574.000316,estop_released_dcplus_5v1_power_led_only_no_click,0.000000,0.00000,0.000000,0.00000,LOW,false,false,true,false,
5741,2026-09-11T16:14:34.780756+00:00,574.100302,estop_released_dcplus_5v1_power_led_only_no_click,0.000000,0.00000,0.000000,0.00000,LOW,false,false,true,false,
5742,2026-09-11T16:14:34.881060+00:00,574.200325,estop_released_dcplus_5v1_power_led_only_no_click,0.000000,0.00000,0.000000,0.00000,LOW,false,false,true,false,
5743,2026-09-11T16:14:34.980733+00:00,574.300285,estop_released_dcplus_5v1_power_led_only_no_click,0.000000,0.00000,0.000000,0.00000,LOW,false,false,true,false,
5744,2026-09-11T16:14:35.081058+00:00,574.400323,estop_released_dcplus_5v1_power_led_only_no_click,0.000000,0.00000,0.000000,0.00000,LOW,false,false,true,false,
5745,2026-09-11T16:14:35.180734+00:00,574.500289,estop_released_dcplus_5v1_power_led_only_no_click,0.000000,0.00000,0.000000,0.00000,LOW,false,false,true,false,
5746,2026-09-11T16:14:35.281082+00:00,574.600310,estop_released_dcplus_5v1_power_led_only_no_click,0.000000,0.00000,0.000000,0.00000,LOW,false,false,true,false,
5747,2026-09-11T16:14:35.381204+00:00,574.700404,estop_released_dcplus_5v1_power_led_only_no_click,0.000000,0.00000,0.000000,0.00000,LOW,false,false,true,false,
5748,2026-09-11T16:14:35.480766+00:00,574.800308,estop_released_dcplus_5v1_power_led_only_no_click,0.000000,0.00000,0.000000,0.00000,LOW,false,false,true,false,
5749,2026-09-11T16:14:35.581057+00:00,574.900323,estop_released_dcplus_5v1_power_led_only_no_click,0.000000,0.00000,0.000000,0.00000,LOW,false,false,true,false,
5750,2026-09-11T16:14:35.680968+00:00,575.000308,estop_released_dcplus_5v1_power_led_only_no_click,0.000000,0.00000,0.000000,0.00000,LOW,false,false,true,false,
5751,2026-09-11T16:14:35.780819+00:00,575.100331,estop_released_dcplus_5v1_power_led_only_no_click,0.000000,0.00000,0.000000,0.00000,LOW,false,false,true,false,
5752,2026-09-11T16:14:35.881059+00:00,575.200325,estop_released_dcplus_5v1_power_led_only_no_click,0.000000,0.00000,0.000000,0.00000,LOW,false,false,true,false,
5753,2026-09-11T16:14:35.980738+00:00,575.300293,estop_released_dcplus_5v1_power_led_only_no_click,0.000000,0.00000,0.000000,0.00000,LOW,false,false,true,false,
5754,2026-09-11T16:14:36.081064+00:00,575.400319,estop_released_dcplus_5v1_power_led_only_no_click,0.000000,0.00000,0.000000,0.00000,LOW,false,false,true,false,
5755,2026-09-11T16:14:36.180727+00:00,575.500287,estop_released_dcplus_5v1_power_led_only_no_click,0.000000,0.00000,0.000000,0.00000,LOW,false,false,true,false,
5756,2026-09-11T16:14:36.281030+00:00,575.600310,estop_released_dcplus_5v1_power_led_only_no_click,0.000000,0.00000,0.000000,0.00000,LOW,false,false,true,false,
5757,2026-09-11T16:14:36.380730+00:00,575.700281,estop_released_dcplus_5v1_power_led_only_no_click,0.000000,0.00000,0.000000,0.00000,LOW,false,false,true,false,
5758,2026-09-11T16:14:36.481027+00:00,575.800312,estop_released_dcplus_5v1_power_led_only_no_click,0.000000,0.00000,0.000000,0.00000,LOW,false,false,true,false,
5759,2026-09-11T16:14:36.580732+00:00,575.900287,estop_released_dcplus_5v1_power_led_only_no_click,0.000000,0.00000,0.000000,0.00000,LOW,false,false,true,false,
5760,2026-09-11T16:14:36.681048+00:00,576.000316,estop_released_dcplus_5v1_power_led_only_no_click,0.000000,0.00000,0.000000,0.00000,LOW,false,false,true,false,
5761,2026-09-11T16:14:36.780729+00:00,576.100285,estop_released_dcplus_5v1_power_led_only_no_click,0.000000,0.00000,0.000000,0.00000,LOW,false,false,true,false,
5762,2026-09-11T16:14:36.881053+00:00,576.200316,estop_released_dcplus_5v1_power_led_only_no_click,0.000000,0.00000,0.000000,0.00000,LOW,false,false,true,false,
5763,2026-09-11T16:14:36.980867+00:00,576.300357,estop_released_dcplus_5v1_power_led_only_no_click,0.000000,0.00000,0.000000,0.00000,LOW,false,false,true,false,
5764,2026-09-11T16:14:37.081056+00:00,576.400325,estop_released_dcplus_5v1_power_led_only_no_click,0.000000,0.00000,0.000000,0.00000,LOW,false,false,true,false,
5765,2026-09-11T16:14:37.180744+00:00,576.500294,estop_released_dcplus_5v1_power_led_only_no_click,0.000000,0.00000,0.000000,0.00000,LOW,false,false,true,false,
5766,2026-09-11T16:14:37.281038+00:00,576.600310,estop_released_dcplus_5v1_power_led_only_no_click,0.000000,0.00000,0.000000,0.00000,LOW,false,false,true,false,
5767,2026-09-11T16:14:37.380732+00:00,576.700286,estop_released_dcplus_5v1_power_led_only_no_click,0.000000,0.00000,0.000000,0.00000,LOW,false,false,true,false,
5768,2026-09-11T16:14:37.481050+00:00,576.800314,estop_released_dcplus_5v1_power_led_only_no_click,0.000000,0.00000,0.000000,0.00000,LOW,false,false,true,false,
5769,2026-09-11T16:14:37.580745+00:00,576.900292,estop_released_dcplus_5v1_power_led_only_no_click,0.000000,0.00000,0.000000,0.00000,LOW,false,false,true,false,
5770,2026-09-11T16:14:37.681037+00:00,577.000314,estop_released_dcplus_5v1_power_led_only_no_click,0.000000,0.00000,0.000000,0.00000,LOW,false,false,true,false,
5771,2026-09-11T16:14:37.780734+00:00,577.100286,estop_released_dcplus_5v1_power_led_only_no_click,0.000000,0.00000,0.000000,0.00000,LOW,false,false,true,false,
5772,2026-09-11T16:14:37.881046+00:00,577.200315,estop_released_dcplus_5v1_power_led_only_no_click,0.000000,0.00000,0.000000,0.00000,LOW,false,false,true,false,
5773,2026-09-11T16:14:37.980741+00:00,577.300287,estop_released_dcplus_5v1_power_led_only_no_click,0.000000,0.00000,0.000000,0.00000,LOW,false,false,true,false,
5774,2026-09-11T16:14:38.081035+00:00,577.400315,estop_released_dcplus_5v1_power_led_only_no_click,0.000000,0.00000,0.000000,0.00000,LOW,false,false,true,false,
5775,2026-09-11T16:14:38.180982+00:00,577.500424,estop_released_dcplus_5v1_power_led_only_no_click,0.000000,0.00000,0.000000,0.00000,LOW,false,false,true,false,
5776,2026-09-11T16:14:38.281125+00:00,577.600356,estop_released_dcplus_5v1_power_led_only_no_click,0.000000,0.00000,0.000000,0.00000,LOW,false,false,true,false,
5777,2026-09-11T16:14:38.380817+00:00,577.700328,estop_released_dcplus_5v1_power_led_only_no_click,0.000000,0.00000,0.000000,0.00000,LOW,false,false,true,false,
5778,2026-09-11T16:14:38.481052+00:00,577.800311,estop_released_dcplus_5v1_power_led_only_no_click,0.000000,0.00000,0.000000,0.00000,LOW,false,false,true,false,
5779,2026-09-11T16:14:38.580838+00:00,577.900318,estop_released_dcplus_5v1_power_led_only_no_click,0.000000,0.00000,0.000000,0.00000,LOW,false,false,true,false,
5780,2026-09-11T16:14:38.680953+00:00,578.000286,estop_released_dcplus_5v1_power_led_only_no_click,0.000000,0.00000,0.000000,0.00000,LOW,false,false,true,false,
5781,2026-09-11T16:14:38.780961+00:00,578.100420,estop_released_dcplus_5v1_power_led_only_no_click,0.000000,0.00000,0.000000,0.00000,LOW,false,false,true,false,
5782,2026-09-11T16:14:38.880939+00:00,578.200284,estop_released_dcplus_5v1_power_led_only_no_click,0.000000,0.00000,0.000000,0.00000,LOW,false,false,true,false,
5783,2026-09-11T16:14:38.980822+00:00,578.300310,estop_released_dcplus_5v1_power_led_only_no_click,0.000000,0.00000,0.000000,0.00000,LOW,false,false,true,false,
5784,2026-09-11T16:14:39.080948+00:00,578.400283,estop_released_dcplus_5v1_power_led_only_no_click,0.000000,0.00000,0.000000,0.00000,LOW,false,false,true,false,
5785,2026-09-11T16:14:39.180837+00:00,578.500320,estop_released_dcplus_5v1_power_led_only_no_click,0.000000,0.00000,0.000000,0.00000,LOW,false,false,true,false,
5786,2026-09-11T16:14:39.280949+00:00,578.600287,estop_released_dcplus_5v1_power_led_only_no_click,0.000000,0.00000,0.000000,0.00000,LOW,false,false,true,false,
5787,2026-09-11T16:14:39.380814+00:00,578.700312,estop_released_dcplus_5v1_power_led_only_no_click,0.000000,0.00000,0.000000,0.00000,LOW,false,false,true,false,
5788,2026-09-11T16:14:39.480923+00:00,578.800281,estop_released_dcplus_5v1_power_led_only_no_click,0.000000,0.00000,0.000000,0.00000,LOW,false,false,true,false,
5789,2026-09-11T16:14:39.580820+00:00,578.900315,estop_released_dcplus_5v1_power_led_only_no_click,0.000000,0.00000,0.000000,0.00000,LOW,false,false,true,false,
5790,2026-09-11T16:14:39.680939+00:00,579.000283,estop_released_dcplus_5v1_power_led_only_no_click,0.000000,0.00000,0.000000,0.00000,LOW,false,false,true,false,
5791,2026-09-11T16:14:39.780804+00:00,579.100308,estop_released_dcplus_5v1_power_led_only_no_click,0.000000,0.00000,0.000000,0.00000,LOW,false,false,true,false,
5792,2026-09-11T16:14:39.880971+00:00,579.200289,estop_released_dcplus_5v1_power_led_only_no_click,0.000000,0.00000,0.000000,0.00000,LOW,false,false,true,false,
5793,2026-09-11T16:14:39.980813+00:00,579.300314,estop_released_dcplus_5v1_power_led_only_no_click,0.000000,0.00000,0.000000,0.00000,LOW,false,false,true,false,
5794,2026-09-11T16:14:40.080934+00:00,579.400280,estop_released_dcplus_5v1_power_led_only_no_click,0.000000,0.00000,0.000000,0.00000,LOW,false,false,true,false,
5795,2026-09-11T16:14:40.180828+00:00,579.500319,estop_released_dcplus_5v1_power_led_only_no_click,0.000000,0.00000,0.000000,0.00000,LOW,false,false,true,false,
5796,2026-09-11T16:14:40.280945+00:00,579.600287,estop_released_dcplus_5v1_power_led_only_no_click,0.000000,0.00000,0.000000,0.00000,LOW,false,false,true,false,
5797,2026-09-11T16:14:40.380814+00:00,579.700312,estop_released_dcplus_5v1_power_led_only_no_click,0.000000,0.00000,0.000000,0.00000,LOW,false,false,true,false,
5798,2026-09-11T16:14:40.480930+00:00,579.800277,estop_released_dcplus_5v1_power_led_only_no_click,0.000000,0.00000,0.000000,0.00000,LOW,false,false,true,false,
5799,2026-09-11T16:14:40.580823+00:00,579.900315,estop_released_dcplus_5v1_power_led_only_no_click,0.000000,0.00000,0.000000,0.00000,LOW,false,false,true,false,
5800,2026-09-11T16:14:40.680940+00:00,580.000285,estop_released_dcplus_5v1_power_led_only_no_click,0.000000,0.00000,0.000000,0.00000,LOW,false,false,true,false,
5801,2026-09-11T16:14:40.780871+00:00,580.100311,estop_released_dcplus_5v1_power_led_only_no_click,0.000000,0.00000,0.000000,0.00000,LOW,false,false,true,false,
5802,2026-09-11T16:14:40.880901+00:00,580.200280,estop_released_dcplus_5v1_power_led_only_no_click,0.000000,0.00000,0.000000,0.00000,LOW,false,false,true,false,
5803,2026-09-11T16:14:40.980976+00:00,580.300311,estop_released_dcplus_5v1_power_led_only_no_click,0.000000,0.00000,0.000000,0.00000,LOW,false,false,true,false,
5804,2026-09-11T16:14:41.080895+00:00,580.400276,estop_released_dcplus_5v1_power_led_only_no_click,0.000000,0.00000,0.000000,0.00000,LOW,false,false,true,false,
5805,2026-09-11T16:14:41.180973+00:00,580.500314,estop_released_dcplus_5v1_power_led_only_no_click,0.000000,0.00000,0.000000,0.00000,LOW,false,false,true,false,
5806,2026-09-11T16:14:41.280982+00:00,580.600400,estop_released_dcplus_5v1_power_led_only_no_click,0.000000,0.00000,0.000000,0.00000,LOW,false,false,true,false,
5807,2026-09-11T16:14:41.380807+00:00,580.700295,estop_released_dcplus_5v1_power_led_only_no_click,0.000000,0.00000,0.000000,0.00000,LOW,false,false,true,false,
5808,2026-09-11T16:14:41.480962+00:00,580.800314,estop_released_dcplus_5v1_power_led_only_no_click,0.000000,0.00000,0.000000,0.00000,LOW,false,false,true,false,
5809,2026-09-11T16:14:41.580886+00:00,580.900324,estop_released_dcplus_5v1_power_led_only_no_click,0.000000,0.00000,0.000000,0.00000,LOW,false,false,true,false,
5810,2026-09-11T16:14:41.681154+00:00,581.000332,estop_released_dcplus_5v1_power_led_only_no_click,0.000000,0.00000,0.000000,0.00000,LOW,false,false,true,false,
5811,2026-09-11T16:14:41.780811+00:00,581.100327,estop_released_dcplus_5v1_power_led_only_no_click,0.000000,0.00000,0.000000,0.00000,LOW,false,false,true,false,
5812,2026-09-11T16:14:41.880811+00:00,581.200287,estop_released_dcplus_5v1_power_led_only_no_click,0.000000,0.00000,0.000000,0.00000,LOW,false,false,true,false,
5813,2026-09-11T16:14:41.980970+00:00,581.300318,estop_released_dcplus_5v1_power_led_only_no_click,0.000000,0.00000,0.000000,0.00000,LOW,false,false,true,false,
5814,2026-09-11T16:14:42.080950+00:00,581.400356,estop_released_dcplus_5v1_power_led_only_no_click,0.000000,0.00000,0.000000,0.00000,LOW,false,false,true,false,
5815,2026-09-11T16:14:42.180971+00:00,581.500327,estop_released_dcplus_5v1_power_led_only_no_click,0.000000,0.00000,0.000000,0.00000,LOW,false,false,true,false,
5816,2026-09-11T16:14:42.280808+00:00,581.600292,estop_released_dcplus_5v1_power_led_only_no_click,0.000000,0.00000,0.000000,0.00000,LOW,false,false,true,false,
5817,2026-09-11T16:14:42.380958+00:00,581.700312,estop_released_dcplus_5v1_power_led_only_no_click,0.000000,0.00000,0.000000,0.00000,LOW,false,false,true,false,
5818,2026-09-11T16:14:42.480789+00:00,581.800276,estop_released_dcplus_5v1_power_led_only_no_click,0.000000,0.00000,0.000000,0.00000,LOW,false,false,true,false,
5819,2026-09-11T16:14:42.580962+00:00,581.900315,estop_released_dcplus_5v1_power_led_only_no_click,0.000000,0.00000,0.000000,0.00000,LOW,false,false,true,false,
5820,2026-09-11T16:14:42.680814+00:00,582.000284,estop_released_dcplus_5v1_power_led_only_no_click,0.000000,0.00000,0.000000,0.00000,LOW,false,false,true,false,
5821,2026-09-11T16:14:42.781037+00:00,582.100339,estop_released_dcplus_5v1_power_led_only_no_click,0.000000,0.00000,0.000000,0.00000,LOW,false,false,true,false,
5822,2026-09-11T16:14:42.880780+00:00,582.200288,estop_released_dcplus_5v1_power_led_only_no_click,0.000000,0.00000,0.000000,0.00000,LOW,false,false,true,false,
5823,2026-09-11T16:14:42.981042+00:00,582.300314,estop_released_dcplus_5v1_power_led_only_no_click,0.000000,0.00000,0.000000,0.00000,LOW,false,false,true,false,
5824,2026-09-11T16:14:43.080723+00:00,582.400284,estop_released_dcplus_5v1_power_led_only_no_click,0.000000,0.00000,0.000000,0.00000,LOW,false,false,true,false,
5825,2026-09-11T16:14:43.181104+00:00,582.500313,estop_released_dcplus_5v1_power_led_only_no_click,0.000000,0.00000,0.000000,0.00000,LOW,false,false,true,false,
5826,2026-09-11T16:14:43.280760+00:00,582.600300,estop_released_dcplus_5v1_power_led_only_no_click,0.000000,0.00000,0.000000,0.00000,LOW,false,false,true,false,
5827,2026-09-11T16:14:43.381131+00:00,582.700315,estop_released_dcplus_5v1_power_led_only_no_click,0.000000,0.00000,0.000000,0.00000,LOW,false,false,true,false,
5828,2026-09-11T16:14:43.480732+00:00,582.800288,estop_released_dcplus_5v1_power_led_only_no_click,0.000000,0.00000,0.000000,0.00000,LOW,false,false,true,false,
5829,2026-09-11T16:14:43.581048+00:00,582.900315,estop_released_dcplus_5v1_power_led_only_no_click,0.000000,0.00000,0.000000,0.00000,LOW,false,false,true,false,
5830,2026-09-11T16:14:43.680735+00:00,583.000287,estop_released_dcplus_5v1_power_led_only_no_click,0.000000,0.00000,0.000000,0.00000,LOW,false,false,true,false,
5831,2026-09-11T16:14:43.781047+00:00,583.100312,estop_released_dcplus_5v1_power_led_only_no_click,0.000000,0.00000,0.000000,0.00000,LOW,false,false,true,false,
5832,2026-09-11T16:14:43.880730+00:00,583.200287,estop_released_dcplus_5v1_power_led_only_no_click,0.000000,0.00000,0.000000,0.00000,LOW,false,false,true,false,
5833,2026-09-11T16:14:43.981037+00:00,583.300308,estop_released_dcplus_5v1_power_led_only_no_click,0.000000,0.00000,0.000000,0.00000,LOW,false,false,true,false,
5834,2026-09-11T16:14:44.080735+00:00,583.400290,estop_released_dcplus_5v1_power_led_only_no_click,0.000000,0.00000,0.000000,0.00000,LOW,false,false,true,false,
5835,2026-09-11T16:14:44.181050+00:00,583.500315,estop_released_dcplus_5v1_power_led_only_no_click,0.000000,0.00000,0.000000,0.00000,LOW,false,false,true,false,
5836,2026-09-11T16:14:44.280756+00:00,583.600298,estop_released_dcplus_5v1_power_led_only_no_click,0.000000,0.00000,0.000000,0.00000,LOW,false,false,true,false,
5837,2026-09-11T16:14:44.381099+00:00,583.700316,estop_released_dcplus_5v1_power_led_only_no_click,0.000000,0.00000,0.000000,0.00000,LOW,false,false,true,false,
5838,2026-09-11T16:14:44.480788+00:00,583.800324,estop_released_dcplus_5v1_power_led_only_no_click,0.000000,0.00000,0.000000,0.00000,LOW,false,false,true,false,
5839,2026-09-11T16:14:44.581077+00:00,583.900330,estop_released_dcplus_5v1_power_led_only_no_click,0.000000,0.00000,0.000000,0.00000,LOW,false,false,true,false,
5840,2026-09-11T16:14:44.680750+00:00,584.000296,estop_released_dcplus_5v1_power_led_only_no_click,0.000000,0.00000,0.000000,0.00000,LOW,false,false,true,false,
5841,2026-09-11T16:14:44.781058+00:00,584.100318,estop_released_dcplus_5v1_power_led_only_no_click,0.000000,0.00000,0.000000,0.00000,LOW,false,false,true,false,
5842,2026-09-11T16:14:44.880737+00:00,584.200286,estop_released_dcplus_5v1_power_led_only_no_click,0.000000,0.00000,0.000000,0.00000,LOW,false,false,true,false,
5843,2026-09-11T16:14:44.981202+00:00,584.300386,estop_released_dcplus_5v1_power_led_only_no_click,0.000000,0.00000,0.000000,0.00000,LOW,false,false,true,false,
5844,2026-09-11T16:14:45.081048+00:00,584.400324,estop_released_dcplus_5v1_power_led_only_no_click,0.000000,0.00000,0.000000,0.00000,LOW,false,false,true,false,
5845,2026-09-11T16:14:45.180730+00:00,584.500292,estop_released_dcplus_5v1_power_led_only_no_click,0.000000,0.00000,0.000000,0.00000,LOW,false,false,true,false,
5846,2026-09-11T16:14:45.281060+00:00,584.600320,estop_released_dcplus_5v1_power_led_only_no_click,0.000000,0.00000,0.000000,0.00000,LOW,false,false,true,false,
5847,2026-09-11T16:14:45.380804+00:00,584.700327,estop_released_dcplus_5v1_power_led_only_no_click,0.000000,0.00000,0.000000,0.00000,LOW,false,false,true,false,
5848,2026-09-11T16:14:45.481075+00:00,584.800331,estop_released_dcplus_5v1_power_led_only_no_click,0.000000,0.00000,0.000000,0.00000,LOW,false,false,true,false,
5849,2026-09-11T16:14:45.580741+00:00,584.900294,estop_released_dcplus_5v1_power_led_only_no_click,0.000000,0.00000,0.000000,0.00000,LOW,false,false,true,false,
5850,2026-09-11T16:14:45.681107+00:00,585.000348,estop_released_dcplus_5v1_power_led_only_no_click,0.000000,0.00000,0.000000,0.00000,LOW,false,false,true,false,
5851,2026-09-11T16:14:45.780753+00:00,585.100302,estop_released_dcplus_5v1_power_led_only_no_click,0.000000,0.00000,0.000000,0.00000,LOW,false,false,true,false,
5852,2026-09-11T16:14:45.881046+00:00,585.200316,estop_released_dcplus_5v1_power_led_only_no_click,0.000000,0.00000,0.000000,0.00000,LOW,false,false,true,false,
5853,2026-09-11T16:14:45.980772+00:00,585.300311,estop_released_dcplus_5v1_power_led_only_no_click,0.000000,0.00000,0.000000,0.00000,LOW,false,false,true,false,
5854,2026-09-11T16:14:46.081046+00:00,585.400322,estop_released_dcplus_5v1_power_led_only_no_click,0.000000,0.00000,0.000000,0.00000,LOW,false,false,true,false,
5855,2026-09-11T16:14:46.180728+00:00,585.500288,estop_released_dcplus_5v1_power_led_only_no_click,0.000000,0.00000,0.000000,0.00000,LOW,false,false,true,false,
5856,2026-09-11T16:14:46.281043+00:00,585.600315,estop_released_dcplus_5v1_power_led_only_no_click,0.000000,0.00000,0.000000,0.00000,LOW,false,false,true,false,
5857,2026-09-11T16:14:46.380748+00:00,585.700295,estop_released_dcplus_5v1_power_led_only_no_click,0.000000,0.00000,0.000000,0.00000,LOW,false,false,true,false,
5858,2026-09-11T16:14:46.481035+00:00,585.800307,estop_released_dcplus_5v1_power_led_only_no_click,0.000000,0.00000,0.000000,0.00000,LOW,false,false,true,false,
5859,2026-09-11T16:14:46.580742+00:00,585.900294,estop_released_dcplus_5v1_power_led_only_no_click,0.000000,0.00000,0.000000,0.00000,LOW,false,false,true,false,
5860,2026-09-11T16:14:46.681044+00:00,586.000310,estop_released_dcplus_5v1_power_led_only_no_click,0.000000,0.00000,0.000000,0.00000,LOW,false,false,true,false,
5861,2026-09-11T16:14:46.780753+00:00,586.100303,estop_released_dcplus_5v1_power_led_only_no_click,0.000000,0.00000,0.000000,0.00000,LOW,false,false,true,false,
5862,2026-09-11T16:14:46.881042+00:00,586.200318,estop_released_dcplus_5v1_power_led_only_no_click,0.000000,0.00000,0.000000,0.00000,LOW,false,false,true,false,
5863,2026-09-11T16:14:46.980726+00:00,586.300287,estop_released_dcplus_5v1_power_led_only_no_click,0.000000,0.00000,0.000000,0.00000,LOW,false,false,true,false,
5864,2026-09-11T16:14:47.081039+00:00,586.400309,estop_released_dcplus_5v1_power_led_only_no_click,0.000000,0.00000,0.000000,0.00000,LOW,false,false,true,false,
5865,2026-09-11T16:14:47.180993+00:00,586.500396,estop_released_dcplus_5v1_power_led_only_no_click,0.000000,0.00000,0.000000,0.00000,LOW,false,false,true,false,
5866,2026-09-11T16:14:47.281159+00:00,586.600388,estop_released_dcplus_5v1_power_led_only_no_click,0.000000,0.00000,0.000000,0.00000,LOW,false,false,true,false,
5867,2026-09-11T16:14:47.380787+00:00,586.700300,estop_released_dcplus_5v1_power_led_only_no_click,0.000000,0.00000,0.000000,0.00000,LOW,false,false,true,false,
5868,2026-09-11T16:14:47.481082+00:00,586.800339,estop_released_dcplus_5v1_power_led_only_no_click,0.000000,0.00000,0.000000,0.00000,LOW,false,false,true,false,
5869,2026-09-11T16:14:47.580815+00:00,586.900335,estop_released_dcplus_5v1_power_led_only_no_click,0.000000,0.00000,0.000000,0.00000,LOW,false,false,true,false,
5870,2026-09-11T16:14:47.681248+00:00,587.000345,estop_released_dcplus_5v1_power_led_only_no_click,0.000000,0.00000,0.000000,0.00000,LOW,false,false,true,false,
5871,2026-09-11T16:14:47.780843+00:00,587.100348,estop_released_dcplus_5v1_power_led_only_no_click,0.000000,0.00000,0.000000,0.00000,LOW,false,false,true,false,
5872,2026-09-11T16:14:47.881064+00:00,587.200334,estop_released_dcplus_5v1_power_led_only_no_click,0.000000,0.00000,0.000000,0.00000,LOW,false,false,true,false,
5873,2026-09-11T16:14:47.980734+00:00,587.300292,estop_released_dcplus_5v1_power_led_only_no_click,0.000000,0.00000,0.000000,0.00000,LOW,false,false,true,false,
5874,2026-09-11T16:14:48.081037+00:00,587.400315,estop_released_dcplus_5v1_power_led_only_no_click,0.000000,0.00000,0.000000,0.00000,LOW,false,false,true,false,
5875,2026-09-11T16:14:48.180734+00:00,587.500289,estop_released_dcplus_5v1_power_led_only_no_click,0.000000,0.00000,0.000000,0.00000,LOW,false,false,true,false,
5876,2026-09-11T16:14:48.281054+00:00,587.600318,estop_released_dcplus_5v1_power_led_only_no_click,0.000000,0.00000,0.000000,0.00000,LOW,false,false,true,false,
5877,2026-09-11T16:14:48.380749+00:00,587.700293,estop_released_dcplus_5v1_power_led_only_no_click,0.000000,0.00000,0.000000,0.00000,LOW,false,false,true,false,
5878,2026-09-11T16:14:48.481058+00:00,587.800312,estop_released_dcplus_5v1_power_led_only_no_click,0.000000,0.00000,0.000000,0.00000,LOW,false,false,true,false,
5879,2026-09-11T16:14:48.580755+00:00,587.900301,estop_released_dcplus_5v1_power_led_only_no_click,0.000000,0.00000,0.000000,0.00000,LOW,false,false,true,false,
5880,2026-09-11T16:14:48.681037+00:00,588.000311,estop_released_dcplus_5v1_power_led_only_no_click,0.000000,0.00000,0.000000,0.00000,LOW,false,false,true,false,
5881,2026-09-11T16:14:48.780739+00:00,588.100283,estop_released_dcplus_5v1_power_led_only_no_click,0.000000,0.00000,-0.002000,-0.01212,LOW,false,false,true,false,
5882,2026-09-11T16:14:48.881053+00:00,588.200324,estop_released_dcplus_5v1_power_led_only_no_click,0.000000,0.00000,0.000000,0.00000,LOW,false,false,true,false,
5883,2026-09-11T16:14:48.980726+00:00,588.300287,estop_released_dcplus_5v1_power_led_only_no_click,0.000000,0.00000,0.000000,0.00000,LOW,false,false,true,false,
5884,2026-09-11T16:14:49.081043+00:00,588.400316,estop_released_dcplus_5v1_power_led_only_no_click,0.000000,0.00000,0.000000,0.00000,LOW,false,false,true,false,
5885,2026-09-11T16:14:49.180735+00:00,588.500288,estop_released_dcplus_5v1_power_led_only_no_click,0.000000,0.00000,0.000000,0.00000,LOW,false,false,true,false,
5886,2026-09-11T16:14:49.281039+00:00,588.600311,estop_released_dcplus_5v1_power_led_only_no_click,0.000000,0.00000,0.000000,0.00000,LOW,false,false,true,false,
5887,2026-09-11T16:14:49.380739+00:00,588.700286,estop_released_dcplus_5v1_power_led_only_no_click,0.000000,0.00000,0.000000,0.00000,LOW,false,false,true,false,
5888,2026-09-11T16:14:49.481040+00:00,588.800315,estop_released_dcplus_5v1_power_led_only_no_click,0.000000,0.00000,0.000000,0.00000,LOW,false,false,true,false,
5889,2026-09-11T16:14:49.580741+00:00,588.900292,estop_released_dcplus_5v1_power_led_only_no_click,0.000000,0.00000,0.000000,0.00000,LOW,false,false,true,false,
5890,2026-09-11T16:14:49.681054+00:00,589.000317,estop_released_dcplus_5v1_power_led_only_no_click,0.000000,0.00000,0.000000,0.00000,LOW,false,false,true,false,
5891,2026-09-11T16:14:49.780724+00:00,589.100285,estop_released_dcplus_5v1_power_led_only_no_click,0.000000,0.00000,0.000000,0.00000,LOW,false,false,true,false,
5892,2026-09-11T16:14:49.881043+00:00,589.200313,estop_released_dcplus_5v1_power_led_only_no_click,0.000000,0.00000,0.000000,0.00000,LOW,false,false,true,false,
5893,2026-09-11T16:14:49.980731+00:00,589.300287,estop_released_dcplus_5v1_power_led_only_no_click,0.000000,0.00000,0.000000,0.00000,LOW,false,false,true,false,
5894,2026-09-11T16:14:50.081042+00:00,589.400312,estop_released_dcplus_5v1_power_led_only_no_click,0.000000,0.00000,0.000000,0.00000,LOW,false,false,true,false,
5895,2026-09-11T16:14:50.180726+00:00,589.500283,estop_released_dcplus_5v1_power_led_only_no_click,0.000000,0.00000,0.000000,0.00000,LOW,false,false,true,false,
5896,2026-09-11T16:14:50.281165+00:00,589.600376,estop_released_dcplus_5v1_power_led_only_no_click,0.000000,0.00000,0.000000,0.00000,LOW,false,false,true,false,
5897,2026-09-11T16:14:50.380741+00:00,589.700295,estop_released_dcplus_5v1_power_led_only_no_click,0.000000,0.00000,0.000000,0.00000,LOW,false,false,true,false,
5898,2026-09-11T16:14:50.481037+00:00,589.800319,estop_released_dcplus_5v1_power_led_only_no_click,0.000000,0.00000,0.000000,0.00000,LOW,false,false,true,false,
5899,2026-09-11T16:14:50.580739+00:00,589.900291,estop_released_dcplus_5v1_power_led_only_no_click,0.000000,0.00000,0.000000,0.00000,LOW,false,false,true,false,
5900,2026-09-11T16:14:50.681037+00:00,590.000312,estop_released_dcplus_5v1_power_led_only_no_click,0.000000,0.00000,0.000000,0.00000,LOW,false,false,true,false,
5901,2026-09-11T16:14:50.780753+00:00,590.100298,estop_released_dcplus_5v1_power_led_only_no_click,0.000000,0.00000,0.000000,0.00000,LOW,false,false,true,false,
5902,2026-09-11T16:14:50.881041+00:00,590.200315,estop_released_dcplus_5v1_power_led_only_no_click,0.000000,0.00000,0.000000,0.00000,LOW,false,false,true,false,
5903,2026-09-11T16:14:50.980729+00:00,590.300285,estop_released_dcplus_5v1_power_led_only_no_click,0.000000,0.00000,0.000000,0.00000,LOW,false,false,true,false,
5904,2026-09-11T16:14:51.081034+00:00,590.400315,estop_released_dcplus_5v1_power_led_only_no_click,0.000000,0.00000,0.000000,0.00000,LOW,false,false,true,false,
5905,2026-09-11T16:14:51.180727+00:00,590.500287,estop_released_dcplus_5v1_power_led_only_no_click,0.000000,0.00000,0.000000,0.00000,LOW,false,false,true,false,
5906,2026-09-11T16:14:51.281042+00:00,590.600315,estop_released_dcplus_5v1_power_led_only_no_click,0.000000,0.00000,0.000000,0.00000,LOW,false,false,true,false,
5907,2026-09-11T16:14:51.380729+00:00,590.700284,estop_released_dcplus_5v1_power_led_only_no_click,0.000000,0.00000,0.000000,0.00000,LOW,false,false,true,false,
5908,2026-09-11T16:14:51.481064+00:00,590.800319,estop_released_dcplus_5v1_power_led_only_no_click,0.000000,0.00000,0.000000,0.00000,LOW,false,false,true,false,
5909,2026-09-11T16:14:51.580734+00:00,590.900290,estop_released_dcplus_5v1_power_led_only_no_click,0.000000,0.00000,0.000000,0.00000,LOW,false,false,true,false,
5910,2026-09-11T16:14:51.681043+00:00,591.000318,estop_released_dcplus_5v1_power_led_only_no_click,0.000000,0.00000,0.000000,0.00000,LOW,false,false,true,false,
5911,2026-09-11T16:14:51.780726+00:00,591.100284,estop_released_dcplus_5v1_power_led_only_no_click,0.000000,0.00000,0.000000,0.00000,LOW,false,false,true,false,
5912,2026-09-11T16:14:51.881056+00:00,591.200315,estop_released_dcplus_5v1_power_led_only_no_click,0.000000,0.00000,0.000000,0.00000,LOW,false,false,true,false,
5913,2026-09-11T16:14:51.980736+00:00,591.300290,estop_released_dcplus_5v1_power_led_only_no_click,0.000000,0.00000,0.000000,0.00000,LOW,false,false,true,false,
5914,2026-09-11T16:14:52.081043+00:00,591.400307,estop_released_dcplus_5v1_power_led_only_no_click,0.000000,0.00000,0.000000,0.00000,LOW,false,false,true,false,
5915,2026-09-11T16:14:52.180748+00:00,591.500294,estop_released_dcplus_5v1_power_led_only_no_click,0.000000,0.00000,0.000000,0.00000,LOW,false,false,true,false,
5916,2026-09-11T16:14:52.281166+00:00,591.600382,estop_released_dcplus_5v1_power_led_only_no_click,0.000000,0.00000,0.000000,0.00000,LOW,false,false,true,false,
5917,2026-09-11T16:14:52.380743+00:00,591.700301,estop_released_dcplus_5v1_power_led_only_no_click,0.000000,0.00000,0.000000,0.00000,LOW,false,false,true,false,
5918,2026-09-11T16:14:52.481057+00:00,591.800327,estop_released_dcplus_5v1_power_led_only_no_click,0.000000,0.00000,0.000000,0.00000,LOW,false,false,true,false,
5919,2026-09-11T16:14:52.580740+00:00,591.900293,estop_released_dcplus_5v1_power_led_only_no_click,0.000000,0.00000,0.000000,0.00000,LOW,false,false,true,false,
5920,2026-09-11T16:14:52.681040+00:00,592.000308,estop_released_dcplus_5v1_power_led_only_no_click,0.000000,0.00000,0.000000,0.00000,LOW,false,false,true,false,
5921,2026-09-11T16:14:52.780759+00:00,592.100297,estop_released_dcplus_5v1_power_led_only_no_click,0.000000,0.00000,0.000000,0.00000,LOW,false,false,true,false,
5922,2026-09-11T16:14:52.881048+00:00,592.200312,estop_released_dcplus_5v1_power_led_only_no_click,0.000000,0.00000,0.000000,0.00000,LOW,false,false,true,false,
5923,2026-09-11T16:14:52.980738+00:00,592.300289,estop_released_dcplus_5v1_power_led_only_no_click,0.000000,0.00000,0.000000,0.00000,LOW,false,false,true,false,
5924,2026-09-11T16:14:53.081043+00:00,592.400309,estop_released_dcplus_5v1_power_led_only_no_click,0.000000,0.00000,0.000000,0.00000,LOW,false,false,true,false,
5925,2026-09-11T16:14:53.180728+00:00,592.500286,estop_released_dcplus_5v1_power_led_only_no_click,0.000000,0.00000,0.000000,0.00000,LOW,false,false,true,false,
5926,2026-09-11T16:14:53.281046+00:00,592.600312,estop_released_dcplus_5v1_power_led_only_no_click,0.000000,0.00000,0.000000,0.00000,LOW,false,false,true,false,
5927,2026-09-11T16:14:53.381244+00:00,592.700427,estop_released_dcplus_5v1_power_led_only_no_click,0.000000,0.00000,0.000000,0.00000,LOW,false,false,true,false,
5928,2026-09-11T16:14:53.481075+00:00,592.800340,estop_released_dcplus_5v1_power_led_only_no_click,0.000000,0.00000,0.000000,0.00000,LOW,false,false,true,false,
5929,2026-09-11T16:14:53.580795+00:00,592.900319,estop_released_dcplus_5v1_power_led_only_no_click,0.000000,0.00000,0.000000,0.00000,LOW,false,false,true,false,
5930,2026-09-11T16:14:53.681404+00:00,593.000346,estop_released_dcplus_5v1_power_led_only_no_click,0.000000,0.00000,0.000000,0.00000,LOW,false,false,true,false,
5931,2026-09-11T16:14:53.781147+00:00,593.100367,estop_released_dcplus_5v1_power_led_only_no_click,0.000000,0.00000,0.000000,0.00000,LOW,false,false,true,false,
5932,2026-09-11T16:14:53.880744+00:00,593.200300,estop_released_dcplus_5v1_power_led_only_no_click,0.000000,0.00000,0.000000,0.00000,LOW,false,false,true,false,
5933,2026-09-11T16:14:53.981056+00:00,593.300319,estop_released_dcplus_5v1_power_led_only_no_click,0.000000,0.00000,0.000000,0.00000,LOW,false,false,true,false,
5934,2026-09-11T16:14:54.080725+00:00,593.400287,estop_released_dcplus_5v1_power_led_only_no_click,0.000000,0.00000,0.000000,0.00000,LOW,false,false,true,false,
5935,2026-09-11T16:14:54.181040+00:00,593.500318,estop_released_dcplus_5v1_power_led_only_no_click,0.000000,0.00000,0.000000,0.00000,LOW,false,false,true,false,
5936,2026-09-11T16:14:54.280734+00:00,593.600290,estop_released_dcplus_5v1_power_led_only_no_click,0.000000,0.00000,0.000000,0.00000,LOW,false,false,true,false,
5937,2026-09-11T16:14:54.381042+00:00,593.700314,estop_released_dcplus_5v1_power_led_only_no_click,0.000000,0.00000,0.000000,0.00000,LOW,false,false,true,false,
5938,2026-09-11T16:14:54.480742+00:00,593.800292,estop_released_dcplus_5v1_power_led_only_no_click,0.000000,0.00000,0.000000,0.00000,LOW,false,false,true,false,
5939,2026-09-11T16:14:54.581356+00:00,593.900627,control_com_near_0v_ch1_idle_4v7,0.000000,0.00000,0.000000,0.00000,LOW,false,false,true,false,mark:control_com_near_0v_ch1_idle_4v7
5940,2026-09-11T16:14:54.681319+00:00,594.000432,control_com_near_0v_ch1_idle_4v7,0.000000,0.00000,0.000000,0.00000,LOW,false,false,true,false,
5941,2026-09-11T16:14:54.781309+00:00,594.100422,control_com_near_0v_ch1_idle_4v7,0.000000,0.00000,0.000000,0.00000,LOW,false,false,true,false,
5942,2026-09-11T16:14:54.881317+00:00,594.200424,control_com_near_0v_ch1_idle_4v7,0.000000,0.00000,0.000000,0.00000,LOW,false,false,true,false,
5943,2026-09-11T16:14:54.981024+00:00,594.300395,control_com_near_0v_ch1_idle_4v7,0.000000,0.00000,0.000000,0.00000,LOW,false,false,true,false,
5944,2026-09-11T16:14:55.081331+00:00,594.400428,control_com_near_0v_ch1_idle_4v7,0.000000,0.00000,0.000000,0.00000,LOW,false,false,true,false,
5945,2026-09-11T16:14:55.180950+00:00,594.500390,control_com_near_0v_ch1_idle_4v7,0.000000,0.00000,0.000000,0.00000,LOW,false,false,true,false,
5946,2026-09-11T16:14:55.281318+00:00,594.600431,control_com_near_0v_ch1_idle_4v7,0.000000,0.00000,0.000000,0.00000,LOW,false,false,true,false,
5947,2026-09-11T16:14:55.381357+00:00,594.700425,control_com_near_0v_ch1_idle_4v7,0.000000,0.00000,0.000000,0.00000,LOW,false,false,true,false,
5948,2026-09-11T16:14:55.481068+00:00,594.800396,control_com_near_0v_ch1_idle_4v7,0.000000,0.00000,0.000000,0.00000,LOW,false,false,true,false,
5949,2026-09-11T16:14:55.580959+00:00,594.900395,control_com_near_0v_ch1_idle_4v7,0.000000,0.00000,0.000000,0.00000,LOW,false,false,true,false,
5950,2026-09-11T16:14:55.681306+00:00,595.000430,control_com_near_0v_ch1_idle_4v7,0.000000,0.00000,0.000000,0.00000,LOW,false,false,true,false,
5951,2026-09-11T16:14:55.781003+00:00,595.100399,control_com_near_0v_ch1_idle_4v7,0.000000,0.00000,0.000000,0.00000,LOW,false,false,true,false,
5952,2026-09-11T16:14:55.881001+00:00,595.200393,control_com_near_0v_ch1_idle_4v7,0.000000,0.00000,0.000000,0.00000,LOW,false,false,true,false,
5953,2026-09-11T16:14:55.981347+00:00,595.300429,control_com_near_0v_ch1_idle_4v7,0.000000,0.00000,0.000000,0.00000,LOW,false,false,true,false,
5954,2026-09-11T16:14:56.081278+00:00,595.400436,control_com_near_0v_ch1_idle_4v7,0.000000,0.00000,0.000000,0.00000,LOW,false,false,true,false,
5955,2026-09-11T16:14:56.180912+00:00,595.500388,control_com_near_0v_ch1_idle_4v7,0.000000,0.00000,0.000000,0.00000,LOW,false,false,true,false,
5956,2026-09-11T16:14:56.281050+00:00,595.600333,control_com_near_0v_ch1_idle_4v7,0.000000,0.00000,0.000000,0.00000,LOW,false,false,true,false,
5957,2026-09-11T16:14:56.380730+00:00,595.700289,control_com_near_0v_ch1_idle_4v7,0.000000,0.00000,0.000000,0.00000,LOW,false,false,true,false,
5958,2026-09-11T16:14:56.481049+00:00,595.800308,control_com_near_0v_ch1_idle_4v7,0.000000,0.00000,0.000000,0.00000,LOW,false,false,true,false,
5959,2026-09-11T16:14:56.580749+00:00,595.900296,control_com_near_0v_ch1_idle_4v7,0.000000,0.00000,0.000000,0.00000,LOW,false,false,true,false,
5960,2026-09-11T16:14:56.681033+00:00,596.000315,control_com_near_0v_ch1_idle_4v7,0.000000,0.00000,0.000000,0.00000,LOW,false,false,true,false,
5961,2026-09-11T16:14:56.780734+00:00,596.100288,control_com_near_0v_ch1_idle_4v7,0.000000,0.00000,0.000000,0.00000,LOW,false,false,true,false,
5962,2026-09-11T16:14:56.881035+00:00,596.200312,control_com_near_0v_ch1_idle_4v7,0.000000,0.00000,0.000000,0.00000,LOW,false,false,true,false,
5963,2026-09-11T16:14:56.980723+00:00,596.300282,control_com_near_0v_ch1_idle_4v7,0.000000,0.00000,0.000000,0.00000,LOW,false,false,true,false,
5964,2026-09-11T16:14:57.081034+00:00,596.400312,control_com_near_0v_ch1_idle_4v7,0.000000,0.00000,0.000000,0.00000,LOW,false,false,true,false,
5965,2026-09-11T16:14:57.180748+00:00,596.500306,control_com_near_0v_ch1_idle_4v7,0.000000,0.00000,0.000000,0.00000,LOW,false,false,true,false,
5966,2026-09-11T16:14:57.281034+00:00,596.600314,control_com_near_0v_ch1_idle_4v7,0.000000,0.00000,0.000000,0.00000,LOW,false,false,true,false,
5967,2026-09-11T16:14:57.380969+00:00,596.700384,control_com_near_0v_ch1_idle_4v7,0.000000,0.00000,0.000000,0.00000,LOW,false,false,true,false,
5968,2026-09-11T16:14:57.480953+00:00,596.800297,control_com_near_0v_ch1_idle_4v7,0.000000,0.00000,0.000000,0.00000,LOW,false,false,true,false,
5969,2026-09-11T16:14:57.580869+00:00,596.900333,control_com_near_0v_ch1_idle_4v7,0.000000,0.00000,0.000000,0.00000,LOW,false,false,true,false,
5970,2026-09-11T16:14:57.681038+00:00,597.000370,control_com_near_0v_ch1_idle_4v7,0.000000,0.00000,0.000000,0.00000,LOW,false,false,true,false,
5971,2026-09-11T16:14:57.780908+00:00,597.100397,control_com_near_0v_ch1_idle_4v7,0.000000,0.00000,0.000000,0.00000,LOW,false,false,true,false,
5972,2026-09-11T16:14:57.880934+00:00,597.200276,control_com_near_0v_ch1_idle_4v7,0.000000,0.00000,0.000000,0.00000,LOW,false,false,true,false,
5973,2026-09-11T16:14:57.980805+00:00,597.300304,control_com_near_0v_ch1_idle_4v7,0.000000,0.00000,0.000000,0.00000,LOW,false,false,true,false,
5974,2026-09-11T16:14:58.080937+00:00,597.400281,control_com_near_0v_ch1_idle_4v7,0.000000,0.00000,0.000000,0.00000,LOW,false,false,true,false,
5975,2026-09-11T16:14:58.180811+00:00,597.500307,control_com_near_0v_ch1_idle_4v7,0.000000,0.00000,0.000000,0.00000,LOW,false,false,true,false,
5976,2026-09-11T16:14:58.280924+00:00,597.600278,control_com_near_0v_ch1_idle_4v7,0.000000,0.00000,0.000000,0.00000,LOW,false,false,true,false,
5977,2026-09-11T16:14:58.380815+00:00,597.700306,control_com_near_0v_ch1_idle_4v7,0.000000,0.00000,0.000000,0.00000,LOW,false,false,true,false,
5978,2026-09-11T16:14:58.480944+00:00,597.800282,control_com_near_0v_ch1_idle_4v7,0.000000,0.00000,0.000000,0.00000,LOW,false,false,true,false,
5979,2026-09-11T16:14:58.580829+00:00,597.900315,control_com_near_0v_ch1_idle_4v7,0.000000,0.00000,0.000000,0.00000,LOW,false,false,true,false,
5980,2026-09-11T16:14:58.680940+00:00,598.000287,control_com_near_0v_ch1_idle_4v7,0.000000,0.00000,0.000000,0.00000,LOW,false,false,true,false,
5981,2026-09-11T16:14:58.781095+00:00,598.100346,control_com_near_0v_ch1_idle_4v7,0.000000,0.00000,0.000000,0.00000,LOW,false,false,true,false,
5982,2026-09-11T16:14:58.881036+00:00,598.200314,control_com_near_0v_ch1_idle_4v7,0.000000,0.00000,0.000000,0.00000,LOW,false,false,true,false,
5983,2026-09-11T16:14:58.980804+00:00,598.300304,control_com_near_0v_ch1_idle_4v7,0.000000,0.00000,0.000000,0.00000,LOW,false,false,true,false,
5984,2026-09-11T16:14:59.080935+00:00,598.400279,control_com_near_0v_ch1_idle_4v7,0.000000,0.00000,0.000000,0.00000,LOW,false,false,true,false,
5985,2026-09-11T16:14:59.180803+00:00,598.500306,control_com_near_0v_ch1_idle_4v7,0.000000,0.00000,0.000000,0.00000,LOW,false,false,true,false,
5986,2026-09-11T16:14:59.280954+00:00,598.600375,control_com_near_0v_ch1_idle_4v7,0.000000,0.00000,0.000000,0.00000,LOW,false,false,true,false,
5987,2026-09-11T16:14:59.381061+00:00,598.700336,control_com_near_0v_ch1_idle_4v7,0.000000,0.00000,0.000000,0.00000,LOW,false,false,true,false,
5988,2026-09-11T16:14:59.480838+00:00,598.800331,control_com_near_0v_ch1_idle_4v7,0.000000,0.00000,0.000000,0.00000,LOW,false,false,true,false,
5989,2026-09-11T16:14:59.580912+00:00,598.900286,control_com_near_0v_ch1_idle_4v7,0.000000,0.00000,0.000000,0.00000,LOW,false,false,true,false,
5990,2026-09-11T16:14:59.681191+00:00,599.000330,control_com_near_0v_ch1_idle_4v7,0.000000,0.00000,0.000000,0.00000,LOW,false,false,true,false,
5991,2026-09-11T16:14:59.780838+00:00,599.100342,control_com_near_0v_ch1_idle_4v7,0.000000,0.00000,0.000000,0.00000,LOW,false,false,true,false,
5992,2026-09-11T16:14:59.880800+00:00,599.200289,control_com_near_0v_ch1_idle_4v7,0.000000,0.00000,0.000000,0.00000,LOW,false,false,true,false,
5993,2026-09-11T16:14:59.981056+00:00,599.300311,control_com_near_0v_ch1_idle_4v7,0.000000,0.00000,0.000000,0.00000,LOW,false,false,true,false,
5994,2026-09-11T16:15:00.080804+00:00,599.400279,control_com_near_0v_ch1_idle_4v7,0.000000,0.00000,0.000000,0.00000,LOW,false,false,true,false,
5995,2026-09-11T16:15:00.180963+00:00,599.500315,control_com_near_0v_ch1_idle_4v7,0.000000,0.00000,0.000000,0.00000,LOW,false,false,true,false,
5996,2026-09-11T16:15:00.280800+00:00,599.600282,control_com_near_0v_ch1_idle_4v7,0.000000,0.00000,0.000000,0.00000,LOW,false,false,true,false,
5997,2026-09-11T16:15:00.380971+00:00,599.700317,control_com_near_0v_ch1_idle_4v7,0.000000,0.00000,0.000000,0.00000,LOW,false,false,true,false,
5998,2026-09-11T16:15:00.480907+00:00,599.800337,control_com_near_0v_ch1_idle_4v7,0.000000,0.00000,0.000000,0.00000,LOW,false,false,true,false,
5999,2026-09-11T16:15:00.580999+00:00,599.900322,control_com_near_0v_ch1_idle_4v7,0.000000,0.00000,0.000000,0.00000,LOW,false,false,true,false,
6000,2026-09-11T16:15:00.680819+00:00,600.000288,control_com_near_0v_ch1_idle_4v7,0.000000,0.00000,0.000000,0.00000,LOW,false,false,true,false,
6001,2026-09-11T16:15:00.781221+00:00,600.100457,control_com_near_0v_ch1_idle_4v7,0.000000,0.00000,0.000000,0.00000,LOW,false,false,true,false,
6002,2026-09-11T16:15:00.880837+00:00,600.200309,control_com_near_0v_ch1_idle_4v7,0.000000,0.00000,0.000000,0.00000,LOW,false,false,true,false,
6003,2026-09-11T16:15:00.980970+00:00,600.300320,control_com_near_0v_ch1_idle_4v7,0.000000,0.00000,0.000000,0.00000,LOW,false,false,true,false,
6004,2026-09-11T16:15:01.080795+00:00,600.400282,control_com_near_0v_ch1_idle_4v7,0.000000,0.00000,0.000000,0.00000,LOW,false,false,true,false,
6005,2026-09-11T16:15:01.180983+00:00,600.500312,control_com_near_0v_ch1_idle_4v7,0.000000,0.00000,0.000000,0.00000,LOW,false,false,true,false,
6006,2026-09-11T16:15:01.280796+00:00,600.600284,control_com_near_0v_ch1_idle_4v7,0.000000,0.00000,0.000000,0.00000,LOW,false,false,true,false,
6007,2026-09-11T16:15:01.380971+00:00,600.700313,control_com_near_0v_ch1_idle_4v7,0.000000,0.00000,0.000000,0.00000,LOW,false,false,true,false,
6008,2026-09-11T16:15:01.480821+00:00,600.800297,control_com_near_0v_ch1_idle_4v7,0.000000,0.00000,0.000000,0.00000,LOW,false,false,true,false,
6009,2026-09-11T16:15:01.580963+00:00,600.900315,control_com_near_0v_ch1_idle_4v7,0.000000,0.00000,0.000000,0.00000,LOW,false,false,true,false,
6010,2026-09-11T16:15:01.680813+00:00,601.000291,control_com_near_0v_ch1_idle_4v7,0.000000,0.00000,0.000000,0.00000,LOW,false,false,true,false,
6011,2026-09-11T16:15:01.781036+00:00,601.100316,control_com_near_0v_ch1_idle_4v7,0.000000,0.00000,0.000000,0.00000,LOW,false,false,true,false,
6012,2026-09-11T16:15:01.880724+00:00,601.200283,control_com_near_0v_ch1_idle_4v7,0.000000,0.00000,0.000000,0.00000,LOW,false,false,true,false,
6013,2026-09-11T16:15:01.981040+00:00,601.300313,control_com_near_0v_ch1_idle_4v7,0.000000,0.00000,0.000000,0.00000,LOW,false,false,true,false,
6014,2026-09-11T16:15:02.080849+00:00,601.400310,control_com_near_0v_ch1_idle_4v7,0.000000,0.00000,0.000000,0.00000,LOW,false,false,true,false,
6015,2026-09-11T16:15:02.181135+00:00,601.500324,control_com_near_0v_ch1_idle_4v7,0.000000,0.00000,0.000000,0.00000,LOW,false,false,true,false,
6016,2026-09-11T16:15:02.280794+00:00,601.600284,control_com_near_0v_ch1_idle_4v7,0.000000,0.00000,0.000000,0.00000,LOW,false,false,true,false,
6017,2026-09-11T16:15:02.381119+00:00,601.700309,control_com_near_0v_ch1_idle_4v7,0.000000,0.00000,0.000000,0.00000,LOW,false,false,true,false,
6018,2026-09-11T16:15:02.480868+00:00,601.800360,control_com_near_0v_ch1_idle_4v7,0.000000,0.00000,0.000000,0.00000,LOW,false,false,true,false,
6019,2026-09-11T16:15:02.581056+00:00,601.900329,control_com_near_0v_ch1_idle_4v7,0.000000,0.00000,0.000000,0.00000,LOW,false,false,true,false,
6020,2026-09-11T16:15:02.680742+00:00,602.000299,control_com_near_0v_ch1_idle_4v7,0.000000,0.00000,0.000000,0.00000,LOW,false,false,true,false,
6021,2026-09-11T16:15:02.781106+00:00,602.100355,control_com_near_0v_ch1_idle_4v7,0.000000,0.00000,0.000000,0.00000,LOW,false,false,true,false,
6022,2026-09-11T16:15:02.880726+00:00,602.200291,control_com_near_0v_ch1_idle_4v7,0.000000,0.00000,0.000000,0.00000,LOW,false,false,true,false,
6023,2026-09-11T16:15:02.981040+00:00,602.300317,control_com_near_0v_ch1_idle_4v7,0.000000,0.00000,0.000000,0.00000,LOW,false,false,true,false,
6024,2026-09-11T16:15:03.080713+00:00,602.400282,control_com_near_0v_ch1_idle_4v7,0.000000,0.00000,0.000000,0.00000,LOW,false,false,true,false,
6025,2026-09-11T16:15:03.181060+00:00,602.500321,control_com_near_0v_ch1_idle_4v7,0.000000,0.00000,0.000000,0.00000,LOW,false,false,true,false,
6026,2026-09-11T16:15:03.280721+00:00,602.600286,control_com_near_0v_ch1_idle_4v7,0.000000,0.00000,0.000000,0.00000,LOW,false,false,true,false,
6027,2026-09-11T16:15:03.381042+00:00,602.700314,control_com_near_0v_ch1_idle_4v7,0.000000,0.00000,0.000000,0.00000,LOW,false,false,true,false,
6028,2026-09-11T16:15:03.480736+00:00,602.800288,control_com_near_0v_ch1_idle_4v7,0.000000,0.00000,0.000000,0.00000,LOW,false,false,true,false,
6029,2026-09-11T16:15:03.581055+00:00,602.900318,control_com_near_0v_ch1_idle_4v7,0.000000,0.00000,0.000000,0.00000,LOW,false,false,true,false,
6030,2026-09-11T16:15:03.680733+00:00,603.000287,control_com_near_0v_ch1_idle_4v7,0.000000,0.00000,0.000000,0.00000,LOW,false,false,true,false,
6031,2026-09-11T16:15:03.781056+00:00,603.100318,control_com_near_0v_ch1_idle_4v7,0.000000,0.00000,0.000000,0.00000,LOW,false,false,true,false,
6032,2026-09-11T16:15:03.880732+00:00,603.200289,control_com_near_0v_ch1_idle_4v7,0.000000,0.00000,0.000000,0.00000,LOW,false,false,true,false,
6033,2026-09-11T16:15:03.981143+00:00,603.300362,control_com_near_0v_ch1_idle_4v7,0.000000,0.00000,0.000000,0.00000,LOW,false,false,true,false,
6034,2026-09-11T16:15:04.080761+00:00,603.400304,control_com_near_0v_ch1_idle_4v7,0.000000,0.00000,0.000000,0.00000,LOW,false,false,true,false,
6035,2026-09-11T16:15:04.181083+00:00,603.500314,control_com_near_0v_ch1_idle_4v7,0.000000,0.00000,0.000000,0.00000,LOW,false,false,true,false,
6036,2026-09-11T16:15:04.280732+00:00,603.600285,control_com_near_0v_ch1_idle_4v7,0.000000,0.00000,0.000000,0.00000,LOW,false,false,true,false,
6037,2026-09-11T16:15:04.381038+00:00,603.700308,control_com_near_0v_ch1_idle_4v7,0.000000,0.00000,0.000000,0.00000,LOW,false,false,true,false,
6038,2026-09-11T16:15:04.480739+00:00,603.800288,control_com_near_0v_ch1_idle_4v7,0.000000,0.00000,0.000000,0.00000,LOW,false,false,true,false,
6039,2026-09-11T16:15:04.581036+00:00,603.900310,control_com_near_0v_ch1_idle_4v7,0.000000,0.00000,0.000000,0.00000,LOW,false,false,true,false,
6040,2026-09-11T16:15:04.680722+00:00,604.000284,control_com_near_0v_ch1_idle_4v7,0.000000,0.00000,0.000000,0.00000,LOW,false,false,true,false,
6041,2026-09-11T16:15:04.781041+00:00,604.100316,control_com_near_0v_ch1_idle_4v7,0.000000,0.00000,0.000000,0.00000,LOW,false,false,true,false,
6042,2026-09-11T16:15:04.880752+00:00,604.200296,control_com_near_0v_ch1_idle_4v7,0.000000,0.00000,0.000000,0.00000,LOW,false,false,true,false,
6043,2026-09-11T16:15:04.981247+00:00,604.300435,control_com_near_0v_ch1_idle_4v7,0.000000,0.00000,0.000000,0.00000,LOW,false,false,true,false,
6044,2026-09-11T16:15:05.081059+00:00,604.400336,control_com_near_0v_ch1_idle_4v7,0.000000,0.00000,0.000000,0.00000,LOW,false,false,true,false,
6045,2026-09-11T16:15:05.180944+00:00,604.500399,control_com_near_0v_ch1_idle_4v7,0.000000,0.00000,0.000000,0.00000,LOW,false,false,true,false,
6046,2026-09-11T16:15:05.281210+00:00,604.600407,control_com_near_0v_ch1_idle_4v7,0.000000,0.00000,0.000000,0.00000,LOW,false,false,true,false,
6047,2026-09-11T16:15:05.380770+00:00,604.700316,control_com_near_0v_ch1_idle_4v7,0.000000,0.00000,0.000000,0.00000,LOW,false,false,true,false,
6048,2026-09-11T16:15:05.481240+00:00,604.800430,control_com_near_0v_ch1_idle_4v7,0.000000,0.00000,0.000000,0.00000,LOW,false,false,true,false,
6049,2026-09-11T16:15:05.581077+00:00,604.900344,control_com_near_0v_ch1_idle_4v7,0.000000,0.00000,0.000000,0.00000,LOW,false,false,true,false,
6050,2026-09-11T16:15:05.681042+00:00,605.000295,control_com_near_0v_ch1_idle_4v7,0.000000,0.00000,0.000000,0.00000,LOW,false,false,true,false,
6051,2026-09-11T16:15:05.780829+00:00,605.100340,control_com_near_0v_ch1_idle_4v7,0.000000,0.00000,0.000000,0.00000,LOW,false,false,true,false,
6052,2026-09-11T16:15:05.881062+00:00,605.200335,control_com_near_0v_ch1_idle_4v7,0.000000,0.00000,0.000000,0.00000,LOW,false,false,true,false,
6053,2026-09-11T16:15:05.980788+00:00,605.300317,control_com_near_0v_ch1_idle_4v7,0.000000,0.00000,0.000000,0.00000,LOW,false,false,true,false,
6054,2026-09-11T16:15:06.081263+00:00,605.400449,control_com_near_0v_ch1_idle_4v7,0.000000,0.00000,0.000000,0.00000,LOW,false,false,true,false,
6055,2026-09-11T16:15:06.181161+00:00,605.500341,control_com_near_0v_ch1_idle_4v7,0.000000,0.00000,0.000000,0.00000,LOW,false,false,true,false,
6056,2026-09-11T16:15:06.280807+00:00,605.600339,control_com_near_0v_ch1_idle_4v7,0.000000,0.00000,0.000000,0.00000,LOW,false,false,true,false,
6057,2026-09-11T16:15:06.381038+00:00,605.700320,control_com_near_0v_ch1_idle_4v7,0.000000,0.00000,0.000000,0.00000,LOW,false,false,true,false,
6058,2026-09-11T16:15:06.480717+00:00,605.800285,control_com_near_0v_ch1_idle_4v7,0.000000,0.00000,0.000000,0.00000,LOW,false,false,true,false,
6059,2026-09-11T16:15:06.581090+00:00,605.900338,control_com_near_0v_ch1_idle_4v7,0.000000,0.00000,0.000000,0.00000,LOW,false,false,true,false,
6060,2026-09-11T16:15:06.680747+00:00,606.000290,control_com_near_0v_ch1_idle_4v7,0.000000,0.00000,0.000000,0.00000,LOW,false,false,true,false,
6061,2026-09-11T16:15:06.781113+00:00,606.100349,control_com_near_0v_ch1_idle_4v7,0.000000,0.00000,0.000000,0.00000,LOW,false,false,true,false,
6062,2026-09-11T16:15:06.880738+00:00,606.200299,control_com_near_0v_ch1_idle_4v7,0.000000,0.00000,0.000000,0.00000,LOW,false,false,true,false,
6063,2026-09-11T16:15:06.981038+00:00,606.300318,control_com_near_0v_ch1_idle_4v7,0.000000,0.00000,0.000000,0.00000,LOW,false,false,true,false,
6064,2026-09-11T16:15:07.080725+00:00,606.400283,control_com_near_0v_ch1_idle_4v7,0.000000,0.00000,0.000000,0.00000,LOW,false,false,true,false,
6065,2026-09-11T16:15:07.181160+00:00,606.500313,control_com_near_0v_ch1_idle_4v7,0.000000,0.00000,0.000000,0.00000,LOW,false,false,true,false,
6066,2026-09-11T16:15:07.281121+00:00,606.600361,control_com_near_0v_ch1_idle_4v7,0.000000,0.00000,0.000000,0.00000,LOW,false,false,true,false,
6067,2026-09-11T16:15:07.380734+00:00,606.700296,control_com_near_0v_ch1_idle_4v7,0.000000,0.00000,0.000000,0.00000,LOW,false,false,true,false,
6068,2026-09-11T16:15:07.481048+00:00,606.800323,control_com_near_0v_ch1_idle_4v7,0.000000,0.00000,0.000000,0.00000,LOW,false,false,true,false,
6069,2026-09-11T16:15:07.581179+00:00,606.900388,control_com_near_0v_ch1_idle_4v7,0.000000,0.00000,0.000000,0.00000,LOW,false,false,true,false,
6070,2026-09-11T16:15:07.680740+00:00,607.000300,control_com_near_0v_ch1_idle_4v7,0.000000,0.00000,0.000000,0.00000,LOW,false,false,true,false,
6071,2026-09-11T16:15:07.781068+00:00,607.100328,control_com_near_0v_ch1_idle_4v7,0.000000,0.00000,0.000000,0.00000,LOW,false,false,true,false,
6072,2026-09-11T16:15:07.880743+00:00,607.200295,control_com_near_0v_ch1_idle_4v7,0.000000,0.00000,0.000000,0.00000,LOW,false,false,true,false,
6073,2026-09-11T16:15:07.981029+00:00,607.300314,control_com_near_0v_ch1_idle_4v7,0.000000,0.00000,0.000000,0.00000,LOW,false,false,true,false,
6074,2026-09-11T16:15:08.080898+00:00,607.400373,control_com_near_0v_ch1_idle_4v7,0.000000,0.00000,0.000000,0.00000,LOW,false,false,true,false,
6075,2026-09-11T16:15:08.180744+00:00,607.500299,control_com_near_0v_ch1_idle_4v7,0.000000,0.00000,0.000000,0.00000,LOW,false,false,true,false,
6076,2026-09-11T16:15:08.281046+00:00,607.600316,control_com_near_0v_ch1_idle_4v7,0.000000,0.00000,0.000000,0.00000,LOW,false,false,true,false,
6077,2026-09-11T16:15:08.380745+00:00,607.700294,control_com_near_0v_ch1_idle_4v7,0.000000,0.00000,0.000000,0.00000,LOW,false,false,true,false,
6078,2026-09-11T16:15:08.481047+00:00,607.800318,control_com_near_0v_ch1_idle_4v7,0.000000,0.00000,0.000000,0.00000,LOW,false,false,true,false,
6079,2026-09-11T16:15:08.580758+00:00,607.900288,control_com_near_0v_ch1_idle_4v7,0.000000,0.00000,0.000000,0.00000,LOW,false,false,true,false,
6080,2026-09-11T16:15:08.681050+00:00,608.000321,control_com_near_0v_ch1_idle_4v7,0.000000,0.00000,0.000000,0.00000,LOW,false,false,true,false,
6081,2026-09-11T16:15:08.780723+00:00,608.100281,control_com_near_0v_ch1_idle_4v7,0.000000,0.00000,0.000000,0.00000,LOW,false,false,true,false,
6082,2026-09-11T16:15:08.881078+00:00,608.200327,control_com_near_0v_ch1_idle_4v7,0.000000,0.00000,0.000000,0.00000,LOW,false,false,true,false,
6083,2026-09-11T16:15:08.980772+00:00,608.300303,control_com_near_0v_ch1_idle_4v7,0.000000,0.00000,0.000000,0.00000,LOW,false,false,true,false,
6084,2026-09-11T16:15:09.081128+00:00,608.400315,control_com_near_0v_ch1_idle_4v7,0.000000,0.00000,0.000000,0.00000,LOW,false,false,true,false,
6085,2026-09-11T16:15:09.180801+00:00,608.500331,control_com_near_0v_ch1_idle_4v7,0.000000,0.00000,0.000000,0.00000,LOW,false,false,true,false,
6086,2026-09-11T16:15:09.280924+00:00,608.600358,control_com_near_0v_ch1_idle_4v7,0.000000,0.00000,0.000000,0.00000,LOW,false,false,true,false,
6087,2026-09-11T16:15:09.381164+00:00,608.700378,control_com_near_0v_ch1_idle_4v7,0.000000,0.00000,0.000000,0.00000,LOW,false,false,true,false,
6088,2026-09-11T16:15:09.480753+00:00,608.800303,control_com_near_0v_ch1_idle_4v7,0.000000,0.00000,0.000000,0.00000,LOW,false,false,true,false,
6089,2026-09-11T16:15:09.581045+00:00,608.900319,control_com_near_0v_ch1_idle_4v7,0.000000,0.00000,0.000000,0.00000,LOW,false,false,true,false,
6090,2026-09-11T16:15:09.680738+00:00,609.000295,control_com_near_0v_ch1_idle_4v7,0.000000,0.00000,0.000000,0.00000,LOW,false,false,true,false,
6091,2026-09-11T16:15:09.781047+00:00,609.100315,control_com_near_0v_ch1_idle_4v7,0.000000,0.00000,0.000000,0.00000,LOW,false,false,true,false,
6092,2026-09-11T16:15:09.880794+00:00,609.200315,control_com_near_0v_ch1_idle_4v7,0.000000,0.00000,0.000000,0.00000,LOW,false,false,true,false,
6093,2026-09-11T16:15:09.981106+00:00,609.300328,control_com_near_0v_ch1_idle_4v7,0.000000,0.00000,0.000000,0.00000,LOW,false,false,true,false,
6094,2026-09-11T16:15:10.080770+00:00,609.400315,control_com_near_0v_ch1_idle_4v7,0.000000,0.00000,0.000000,0.00000,LOW,false,false,true,false,
6095,2026-09-11T16:15:10.181033+00:00,609.500317,control_com_near_0v_ch1_idle_4v7,0.000000,0.00000,0.000000,0.00000,LOW,false,false,true,false,
6096,2026-09-11T16:15:10.280734+00:00,609.600288,control_com_near_0v_ch1_idle_4v7,0.000000,0.00000,0.000000,0.00000,LOW,false,false,true,false,
6097,2026-09-11T16:15:10.381050+00:00,609.700315,control_com_near_0v_ch1_idle_4v7,0.000000,0.00000,0.000000,0.00000,LOW,false,false,true,false,
6098,2026-09-11T16:15:10.480723+00:00,609.800285,control_com_near_0v_ch1_idle_4v7,0.000000,0.00000,0.000000,0.00000,LOW,false,false,true,false,
6099,2026-09-11T16:15:10.581060+00:00,609.900324,control_com_near_0v_ch1_idle_4v7,0.000000,0.00000,0.000000,0.00000,LOW,false,false,true,false,
6100,2026-09-11T16:15:10.680750+00:00,610.000297,control_com_near_0v_ch1_idle_4v7,0.000000,0.00000,0.000000,0.00000,LOW,false,false,true,false,
6101,2026-09-11T16:15:10.781067+00:00,610.100333,control_com_near_0v_ch1_idle_4v7,0.000000,0.00000,0.000000,0.00000,LOW,false,false,true,false,
6102,2026-09-11T16:15:10.880746+00:00,610.200293,control_com_near_0v_ch1_idle_4v7,0.000000,0.00000,0.000000,0.00000,LOW,false,false,true,false,
6103,2026-09-11T16:15:10.981033+00:00,610.300315,control_com_near_0v_ch1_idle_4v7,0.000000,0.00000,0.000000,0.00000,LOW,false,false,true,false,
6104,2026-09-11T16:15:11.080734+00:00,610.400285,control_com_near_0v_ch1_idle_4v7,0.000000,0.00000,0.000000,0.00000,LOW,false,false,true,false,
6105,2026-09-11T16:15:11.181126+00:00,610.500352,control_com_near_0v_ch1_idle_4v7,0.000000,0.00000,0.000000,0.00000,LOW,false,false,true,false,
6106,2026-09-11T16:15:11.280754+00:00,610.600299,control_com_near_0v_ch1_idle_4v7,0.000000,0.00000,0.000000,0.00000,LOW,false,false,true,false,
6107,2026-09-11T16:15:11.381223+00:00,610.700415,control_com_near_0v_ch1_idle_4v7,0.000000,0.00000,0.000000,0.00000,LOW,false,false,true,false,
6108,2026-09-11T16:15:11.481064+00:00,610.800333,control_com_near_0v_ch1_idle_4v7,0.000000,0.00000,0.000000,0.00000,LOW,false,false,true,false,
6109,2026-09-11T16:15:11.580746+00:00,610.900295,control_com_near_0v_ch1_idle_4v7,0.000000,0.00000,0.000000,0.00000,LOW,false,false,true,false,
6110,2026-09-11T16:15:11.681359+00:00,611.000354,control_com_near_0v_ch1_idle_4v7,0.000000,0.00000,0.000000,0.00000,LOW,false,false,true,false,
6111,2026-09-11T16:15:11.781162+00:00,611.100376,control_com_near_0v_ch1_idle_4v7,0.000000,0.00000,0.000000,0.00000,LOW,false,false,true,false,
6112,2026-09-11T16:15:11.881041+00:00,611.200322,control_com_near_0v_ch1_idle_4v7,0.000000,0.00000,0.000000,0.00000,LOW,false,false,true,false,
6113,2026-09-11T16:15:11.981232+00:00,611.300423,control_com_near_0v_ch1_idle_4v7,0.000000,0.00000,0.000000,0.00000,LOW,false,false,true,false,
6114,2026-09-11T16:15:12.080760+00:00,611.400308,control_com_near_0v_ch1_idle_4v7,0.000000,0.00000,0.000000,0.00000,LOW,false,false,true,false,
6115,2026-09-11T16:15:12.181046+00:00,611.500319,control_com_near_0v_ch1_idle_4v7,0.000000,0.00000,0.000000,0.00000,LOW,false,false,true,false,
6116,2026-09-11T16:15:12.280730+00:00,611.600290,control_com_near_0v_ch1_idle_4v7,0.000000,0.00000,0.000000,0.00000,LOW,false,false,true,false,
6117,2026-09-11T16:15:12.381048+00:00,611.700310,control_com_near_0v_ch1_idle_4v7,0.000000,0.00000,0.000000,0.00000,LOW,false,false,true,false,
6118,2026-09-11T16:15:12.480785+00:00,611.800312,control_com_near_0v_ch1_idle_4v7,0.000000,0.00000,0.000000,0.00000,LOW,false,false,true,false,
6119,2026-09-11T16:15:12.581044+00:00,611.900324,control_com_near_0v_ch1_idle_4v7,0.000000,0.00000,0.000000,0.00000,LOW,false,false,true,false,
6120,2026-09-11T16:15:12.681224+00:00,612.000382,control_com_near_0v_ch1_idle_4v7,0.000000,0.00000,0.000000,0.00000,LOW,false,false,true,false,
6121,2026-09-11T16:15:12.780893+00:00,612.100317,control_com_near_0v_ch1_idle_4v7,0.000000,0.00000,0.000000,0.00000,LOW,false,false,true,false,
6122,2026-09-11T16:15:12.881093+00:00,612.200351,control_com_near_0v_ch1_idle_4v7,0.000000,0.00000,0.000000,0.00000,LOW,false,false,true,false,
6123,2026-09-11T16:15:12.980804+00:00,612.300320,control_com_near_0v_ch1_idle_4v7,0.000000,0.00000,0.000000,0.00000,LOW,false,false,true,false,
6124,2026-09-11T16:15:13.081055+00:00,612.400323,control_com_near_0v_ch1_idle_4v7,0.000000,0.00000,0.000000,0.00000,LOW,false,false,true,false,
6125,2026-09-11T16:15:13.180732+00:00,612.500287,control_com_near_0v_ch1_idle_4v7,0.000000,0.00000,0.000000,0.00000,LOW,false,false,true,false,
6126,2026-09-11T16:15:13.281055+00:00,612.600315,control_com_near_0v_ch1_idle_4v7,0.000000,0.00000,0.000000,0.00000,LOW,false,false,true,false,
6127,2026-09-11T16:15:13.380731+00:00,612.700293,control_com_near_0v_ch1_idle_4v7,0.000000,0.00000,0.000000,0.00000,LOW,false,false,true,false,
6128,2026-09-11T16:15:13.481063+00:00,612.800326,control_com_near_0v_ch1_idle_4v7,0.000000,0.00000,0.000000,0.00000,LOW,false,false,true,false,
6129,2026-09-11T16:15:13.580735+00:00,612.900288,control_com_near_0v_ch1_idle_4v7,0.000000,0.00000,0.000000,0.00000,LOW,false,false,true,false,
6130,2026-09-11T16:15:13.681046+00:00,613.000317,control_com_near_0v_ch1_idle_4v7,0.000000,0.00000,0.000000,0.00000,LOW,false,false,true,false,
6131,2026-09-11T16:15:13.780737+00:00,613.100283,control_com_near_0v_ch1_idle_4v7,0.000000,0.00000,0.000000,0.00000,LOW,false,false,true,false,
6132,2026-09-11T16:15:13.881041+00:00,613.200325,control_com_near_0v_ch1_idle_4v7,0.000000,0.00000,0.000000,0.00000,LOW,false,false,true,false,
6133,2026-09-11T16:15:13.980741+00:00,613.300292,control_com_near_0v_ch1_idle_4v7,0.000000,0.00000,0.000000,0.00000,LOW,false,false,true,false,
6134,2026-09-11T16:15:14.081044+00:00,613.400313,control_com_near_0v_ch1_idle_4v7,0.000000,0.00000,0.000000,0.00000,LOW,false,false,true,false,
6135,2026-09-11T16:15:14.180720+00:00,613.500285,control_com_near_0v_ch1_idle_4v7,0.000000,0.00000,0.000000,0.00000,LOW,false,false,true,false,
6136,2026-09-11T16:15:14.281076+00:00,613.600310,control_com_near_0v_ch1_idle_4v7,0.000000,0.00000,0.000000,0.00000,LOW,false,false,true,false,
6137,2026-09-11T16:15:14.380746+00:00,613.700295,control_com_near_0v_ch1_idle_4v7,0.000000,0.00000,0.000000,0.00000,LOW,false,false,true,false,
6138,2026-09-11T16:15:14.481060+00:00,613.800321,control_com_near_0v_ch1_idle_4v7,0.000000,0.00000,0.000000,0.00000,LOW,false,false,true,false,
6139,2026-09-11T16:15:14.580738+00:00,613.900286,control_com_near_0v_ch1_idle_4v7,0.000000,0.00000,0.000000,0.00000,LOW,false,false,true,false,
6140,2026-09-11T16:15:14.681048+00:00,614.000314,control_com_near_0v_ch1_idle_4v7,0.000000,0.00000,0.000000,0.00000,LOW,false,false,true,false,
6141,2026-09-11T16:15:14.780754+00:00,614.100303,control_com_near_0v_ch1_idle_4v7,0.000000,0.00000,0.000000,0.00000,LOW,false,false,true,false,
6142,2026-09-11T16:15:14.881044+00:00,614.200309,control_com_near_0v_ch1_idle_4v7,0.000000,0.00000,0.000000,0.00000,LOW,false,false,true,false,
6143,2026-09-11T16:15:14.980746+00:00,614.300293,control_com_near_0v_ch1_idle_4v7,0.000000,0.00000,0.000000,0.00000,LOW,false,false,true,false,
6144,2026-09-11T16:15:15.081048+00:00,614.400310,control_com_near_0v_ch1_idle_4v7,0.000000,0.00000,0.000000,0.00000,LOW,false,false,true,false,
6145,2026-09-11T16:15:15.180869+00:00,614.500361,control_com_near_0v_ch1_idle_4v7,0.000000,0.00000,0.000000,0.00000,LOW,false,false,true,false,
6146,2026-09-11T16:15:15.281049+00:00,614.600326,control_com_near_0v_ch1_idle_4v7,0.000000,0.00000,0.000000,0.00000,LOW,false,false,true,false,
6147,2026-09-11T16:15:15.380740+00:00,614.700296,control_com_near_0v_ch1_idle_4v7,0.000000,0.00000,0.000000,0.00000,LOW,false,false,true,false,
6148,2026-09-11T16:15:15.481061+00:00,614.800326,control_com_near_0v_ch1_idle_4v7,0.000000,0.00000,0.000000,0.00000,LOW,false,false,true,false,
6149,2026-09-11T16:15:15.581054+00:00,614.900321,control_com_near_0v_ch1_idle_4v7,0.000000,0.00000,0.000000,0.00000,LOW,false,false,true,false,
6150,2026-09-11T16:15:15.680735+00:00,615.000286,control_com_near_0v_ch1_idle_4v7,0.000000,0.00000,0.000000,0.00000,LOW,false,false,true,false,
6151,2026-09-11T16:15:15.781042+00:00,615.100315,control_com_near_0v_ch1_idle_4v7,0.000000,0.00000,0.000000,0.00000,LOW,false,false,true,false,
6152,2026-09-11T16:15:15.880725+00:00,615.200285,control_com_near_0v_ch1_idle_4v7,0.000000,0.00000,0.000000,0.00000,LOW,false,false,true,false,
6153,2026-09-11T16:15:15.981052+00:00,615.300315,control_com_near_0v_ch1_idle_4v7,0.000000,0.00000,0.000000,0.00000,LOW,false,false,true,false,
6154,2026-09-11T16:15:16.080732+00:00,615.400287,control_com_near_0v_ch1_idle_4v7,0.000000,0.00000,0.000000,0.00000,LOW,false,false,true,false,
6155,2026-09-11T16:15:16.181038+00:00,615.500311,control_com_near_0v_ch1_idle_4v7,0.000000,0.00000,0.000000,0.00000,LOW,false,false,true,false,
6156,2026-09-11T16:15:16.280736+00:00,615.600286,control_com_near_0v_ch1_idle_4v7,0.000000,0.00000,0.000000,0.00000,LOW,false,false,true,false,
6157,2026-09-11T16:15:16.381038+00:00,615.700307,control_com_near_0v_ch1_idle_4v7,0.000000,0.00000,0.000000,0.00000,LOW,false,false,true,false,
6158,2026-09-11T16:15:16.481012+00:00,615.800422,control_com_near_0v_ch1_idle_4v7,0.000000,0.00000,0.000000,0.00000,LOW,false,false,true,false,
6159,2026-09-11T16:15:16.581060+00:00,615.900326,control_com_near_0v_ch1_idle_4v7,0.000000,0.00000,0.000000,0.00000,LOW,false,false,true,false,
6160,2026-09-11T16:15:16.680901+00:00,616.000322,control_com_near_0v_ch1_idle_4v7,0.000000,0.00000,0.000000,0.00000,LOW,false,false,true,false,
6161,2026-09-11T16:15:16.781126+00:00,616.100427,control_com_near_0v_ch1_idle_4v7,0.000000,0.00000,0.000000,0.00000,LOW,false,false,true,false,
6162,2026-09-11T16:15:16.881010+00:00,616.200405,control_com_near_0v_ch1_idle_4v7,0.000000,0.00000,0.000000,0.00000,LOW,false,false,true,false,
6163,2026-09-11T16:15:16.981031+00:00,616.300312,control_com_near_0v_ch1_idle_4v7,0.000000,0.00000,0.000000,0.00000,LOW,false,false,true,false,
6164,2026-09-11T16:15:17.080845+00:00,616.400326,control_com_near_0v_ch1_idle_4v7,0.000000,0.00000,0.000000,0.00000,LOW,false,false,true,false,
6165,2026-09-11T16:15:17.180927+00:00,616.500285,control_com_near_0v_ch1_idle_4v7,0.000000,0.00000,0.000000,0.00000,LOW,false,false,true,false,
6166,2026-09-11T16:15:17.281025+00:00,616.600317,control_com_near_0v_ch1_idle_4v7,0.000000,0.00000,0.000000,0.00000,LOW,false,false,true,false,
6167,2026-09-11T16:15:17.380961+00:00,616.700395,control_com_near_0v_ch1_idle_4v7,0.000000,0.00000,0.000000,0.00000,LOW,false,false,true,false,
6168,2026-09-11T16:15:17.481123+00:00,616.800318,control_com_near_0v_ch1_idle_4v7,0.000000,0.00000,0.000000,0.00000,LOW,false,false,true,false,
6169,2026-09-11T16:15:17.580958+00:00,616.900380,control_com_near_0v_ch1_idle_4v7,0.000000,0.00000,0.000000,0.00000,LOW,false,false,true,false,
6170,2026-09-11T16:15:17.681228+00:00,617.000309,control_com_near_0v_ch1_idle_4v7,0.000000,0.00000,0.000000,0.00000,LOW,false,false,true,false,
6171,2026-09-11T16:15:17.781008+00:00,617.100411,control_com_near_0v_ch1_idle_4v7,0.000000,0.00000,0.000000,0.00000,LOW,false,false,true,false,
6172,2026-09-11T16:15:17.881038+00:00,617.200324,control_com_near_0v_ch1_idle_4v7,0.000000,0.00000,0.000000,0.00000,LOW,false,false,true,false,
6173,2026-09-11T16:15:17.980833+00:00,617.300327,control_com_near_0v_ch1_idle_4v7,0.000000,0.00000,0.000000,0.00000,LOW,false,false,true,false,
6174,2026-09-11T16:15:18.080953+00:00,617.400288,control_com_near_0v_ch1_idle_4v7,0.000000,0.00000,0.000000,0.00000,LOW,false,false,true,false,
6175,2026-09-11T16:15:18.180835+00:00,617.500311,control_com_near_0v_ch1_idle_4v7,0.000000,0.00000,0.000000,0.00000,LOW,false,false,true,false,
6176,2026-09-11T16:15:18.280944+00:00,617.600293,control_com_near_0v_ch1_idle_4v7,0.000000,0.00000,0.000000,0.00000,LOW,false,false,true,false,
6177,2026-09-11T16:15:18.380874+00:00,617.700339,control_com_near_0v_ch1_idle_4v7,0.000000,0.00000,0.000000,0.00000,LOW,false,false,true,false,
6178,2026-09-11T16:15:18.480916+00:00,617.800289,control_com_near_0v_ch1_idle_4v7,0.000000,0.00000,0.000000,0.00000,LOW,false,false,true,false,
6179,2026-09-11T16:15:18.580984+00:00,617.900327,control_com_near_0v_ch1_idle_4v7,0.000000,0.00000,0.000000,0.00000,LOW,false,false,true,false,
6180,2026-09-11T16:15:18.680962+00:00,618.000389,control_com_near_0v_ch1_idle_4v7,0.000000,0.00000,0.000000,0.00000,LOW,false,false,true,false,
6181,2026-09-11T16:15:18.780932+00:00,618.100304,control_com_near_0v_ch1_idle_4v7,0.000000,0.00000,0.000000,0.00000,LOW,false,false,true,false,
6182,2026-09-11T16:15:18.881059+00:00,618.200325,control_com_near_0v_ch1_idle_4v7,0.000000,0.00000,0.000000,0.00000,LOW,false,false,true,false,
6183,2026-09-11T16:15:18.980790+00:00,618.300281,control_com_near_0v_ch1_idle_4v7,0.000000,0.00000,0.000000,0.00000,LOW,false,false,true,false,
6184,2026-09-11T16:15:19.080961+00:00,618.400313,control_com_near_0v_ch1_idle_4v7,0.000000,0.00000,0.000000,0.00000,LOW,false,false,true,false,
6185,2026-09-11T16:15:19.180949+00:00,618.500310,control_com_near_0v_ch1_idle_4v7,0.000000,0.00000,0.000000,0.00000,LOW,false,false,true,false,
6186,2026-09-11T16:15:19.281110+00:00,618.600338,control_com_near_0v_ch1_idle_4v7,0.000000,0.00000,0.000000,0.00000,LOW,false,false,true,false,
6187,2026-09-11T16:15:19.381253+00:00,618.700413,control_com_near_0v_ch1_idle_4v7,0.000000,0.00000,0.000000,0.00000,LOW,false,false,true,false,
6188,2026-09-11T16:15:19.480827+00:00,618.800304,control_com_near_0v_ch1_idle_4v7,0.000000,0.00000,0.000000,0.00000,LOW,false,false,true,false,
6189,2026-09-11T16:15:19.581019+00:00,618.900321,control_com_near_0v_ch1_idle_4v7,0.000000,0.00000,0.000000,0.00000,LOW,false,false,true,false,
6190,2026-09-11T16:15:19.681026+00:00,619.000394,control_com_near_0v_ch1_idle_4v7,0.000000,0.00000,0.000000,0.00000,LOW,false,false,true,false,
6191,2026-09-11T16:15:19.780980+00:00,619.100331,control_com_near_0v_ch1_idle_4v7,0.000000,0.00000,0.000000,0.00000,LOW,false,false,true,false,
6192,2026-09-11T16:15:19.880848+00:00,619.200305,control_com_near_0v_ch1_idle_4v7,0.000000,0.00000,0.000000,0.00000,LOW,false,false,true,false,
6193,2026-09-11T16:15:19.980954+00:00,619.300319,control_com_near_0v_ch1_idle_4v7,0.000000,0.00000,0.000000,0.00000,LOW,false,false,true,false,
6194,2026-09-11T16:15:20.080800+00:00,619.400285,control_com_near_0v_ch1_idle_4v7,0.000000,0.00000,0.000000,0.00000,LOW,false,false,true,false,
6195,2026-09-11T16:15:20.180969+00:00,619.500320,control_com_near_0v_ch1_idle_4v7,0.000000,0.00000,0.000000,0.00000,LOW,false,false,true,false,
6196,2026-09-11T16:15:20.280813+00:00,619.600290,control_com_near_0v_ch1_idle_4v7,0.000000,0.00000,0.000000,0.00000,LOW,false,false,true,false,
6197,2026-09-11T16:15:20.380960+00:00,619.700310,control_com_near_0v_ch1_idle_4v7,0.000000,0.00000,0.000000,0.00000,LOW,false,false,true,false,
6198,2026-09-11T16:15:20.480784+00:00,619.800277,control_com_near_0v_ch1_idle_4v7,0.000000,0.00000,0.000000,0.00000,LOW,false,false,true,false,
6199,2026-09-11T16:15:20.581240+00:00,619.900422,control_com_near_0v_ch1_idle_4v7,0.000000,0.00000,0.000000,0.00000,LOW,false,false,true,false,
6200,2026-09-11T16:15:20.681058+00:00,620.000332,control_com_near_0v_ch1_idle_4v7,0.000000,0.00000,0.000000,0.00000,LOW,false,false,true,false,
6201,2026-09-11T16:15:20.781229+00:00,620.100419,control_com_near_0v_ch1_idle_4v7,0.000000,0.00000,0.000000,0.00000,LOW,false,false,true,false,
6202,2026-09-11T16:15:20.880994+00:00,620.200335,control_com_near_0v_ch1_idle_4v7,0.000000,0.00000,0.000000,0.00000,LOW,false,false,true,false,
6203,2026-09-11T16:15:20.980800+00:00,620.300291,control_com_near_0v_ch1_idle_4v7,0.000000,0.00000,0.000000,0.00000,LOW,false,false,true,false,
6204,2026-09-11T16:15:21.080994+00:00,620.400312,control_com_near_0v_ch1_idle_4v7,0.000000,0.00000,0.000000,0.00000,LOW,false,false,true,false,
6205,2026-09-11T16:15:21.180815+00:00,620.500287,control_com_near_0v_ch1_idle_4v7,0.000000,0.00000,0.000000,0.00000,LOW,false,false,true,false,
6206,2026-09-11T16:15:21.281097+00:00,620.600342,control_com_near_0v_ch1_idle_4v7,0.000000,0.00000,0.000000,0.00000,LOW,false,false,true,false,
6207,2026-09-11T16:15:21.380722+00:00,620.700288,control_com_near_0v_ch1_idle_4v7,0.000000,0.00000,0.000000,0.00000,LOW,false,false,true,false,
6208,2026-09-11T16:15:21.481125+00:00,620.800310,control_com_near_0v_ch1_idle_4v7,0.000000,0.00000,0.000000,0.00000,LOW,false,false,true,false,
6209,2026-09-11T16:15:21.580741+00:00,620.900294,control_com_near_0v_ch1_idle_4v7,0.000000,0.00000,0.000000,0.00000,LOW,false,false,true,false,
6210,2026-09-11T16:15:21.681052+00:00,621.000316,control_com_near_0v_ch1_idle_4v7,0.000000,0.00000,0.000000,0.00000,LOW,false,false,true,false,
6211,2026-09-11T16:15:21.780724+00:00,621.100286,control_com_near_0v_ch1_idle_4v7,0.000000,0.00000,0.000000,0.00000,LOW,false,false,true,false,
6212,2026-09-11T16:15:21.881047+00:00,621.200314,control_com_near_0v_ch1_idle_4v7,0.000000,0.00000,0.000000,0.00000,LOW,false,false,true,false,
6213,2026-09-11T16:15:21.980750+00:00,621.300291,control_com_near_0v_ch1_idle_4v7,0.000000,0.00000,0.000000,0.00000,LOW,false,false,true,false,
6214,2026-09-11T16:15:22.081036+00:00,621.400311,control_com_near_0v_ch1_idle_4v7,0.000000,0.00000,0.000000,0.00000,LOW,false,false,true,false,
6215,2026-09-11T16:15:22.180742+00:00,621.500292,control_com_near_0v_ch1_idle_4v7,0.000000,0.00000,0.000000,0.00000,LOW,false,false,true,false,
6216,2026-09-11T16:15:22.281037+00:00,621.600308,control_com_near_0v_ch1_idle_4v7,0.000000,0.00000,0.000000,0.00000,LOW,false,false,true,false,
6217,2026-09-11T16:15:22.380723+00:00,621.700288,control_com_near_0v_ch1_idle_4v7,0.000000,0.00000,0.000000,0.00000,LOW,false,false,true,false,
6218,2026-09-11T16:15:22.481042+00:00,621.800310,control_com_near_0v_ch1_idle_4v7,0.000000,0.00000,0.000000,0.00000,LOW,false,false,true,false,
6219,2026-09-11T16:15:22.580729+00:00,621.900284,control_com_near_0v_ch1_idle_4v7,0.000000,0.00000,0.000000,0.00000,LOW,false,false,true,false,
6220,2026-09-11T16:15:22.681041+00:00,622.000314,control_com_near_0v_ch1_idle_4v7,0.000000,0.00000,0.000000,0.00000,LOW,false,false,true,false,
6221,2026-09-11T16:15:22.780777+00:00,622.100301,control_com_near_0v_ch1_idle_4v7,0.000000,0.00000,0.000000,0.00000,LOW,false,false,true,false,
6222,2026-09-11T16:15:22.881214+00:00,622.200409,control_com_near_0v_ch1_idle_4v7,0.000000,0.00000,0.000000,0.00000,LOW,false,false,true,false,
6223,2026-09-11T16:15:22.980768+00:00,622.300313,control_com_near_0v_ch1_idle_4v7,0.000000,0.00000,0.000000,0.00000,LOW,false,false,true,false,
6224,2026-09-11T16:15:23.081037+00:00,622.400315,control_com_near_0v_ch1_idle_4v7,0.000000,0.00000,0.000000,0.00000,LOW,false,false,true,false,
6225,2026-09-11T16:15:23.180741+00:00,622.500292,control_com_near_0v_ch1_idle_4v7,0.000000,0.00000,0.000000,0.00000,LOW,false,false,true,false,
6226,2026-09-11T16:15:23.281253+00:00,622.600424,control_com_near_0v_ch1_idle_4v7,0.000000,0.00000,0.000000,0.00000,LOW,false,false,true,false,
6227,2026-09-11T16:15:23.381229+00:00,622.700421,control_com_near_0v_ch1_idle_4v7,0.000000,0.00000,0.000000,0.00000,LOW,false,false,true,false,
6228,2026-09-11T16:15:23.480797+00:00,622.800327,control_com_near_0v_ch1_idle_4v7,0.000000,0.00000,0.000000,0.00000,LOW,false,false,true,false,
6229,2026-09-11T16:15:23.581067+00:00,622.900331,control_com_near_0v_ch1_idle_4v7,0.000000,0.00000,0.000000,0.00000,LOW,false,false,true,false,
6230,2026-09-11T16:15:23.680964+00:00,623.000310,control_com_near_0v_ch1_idle_4v7,0.000000,0.00000,0.000000,0.00000,LOW,false,false,true,false,
6231,2026-09-11T16:15:23.780828+00:00,623.100338,control_com_near_0v_ch1_idle_4v7,0.000000,0.00000,0.000000,0.00000,LOW,false,false,true,false,
6232,2026-09-11T16:15:23.881127+00:00,623.200364,control_com_near_0v_ch1_idle_4v7,0.000000,0.00000,0.000000,0.00000,LOW,false,false,true,false,
6233,2026-09-11T16:15:23.980753+00:00,623.300304,control_com_near_0v_ch1_idle_4v7,0.000000,0.00000,0.000000,0.00000,LOW,false,false,true,false,
6234,2026-09-11T16:15:24.081042+00:00,623.400314,control_com_near_0v_ch1_idle_4v7,0.000000,0.00000,0.000000,0.00000,LOW,false,false,true,false,
6235,2026-09-11T16:15:24.180761+00:00,623.500300,control_com_near_0v_ch1_idle_4v7,0.000000,0.00000,0.000000,0.00000,LOW,false,false,true,false,
6236,2026-09-11T16:15:24.281050+00:00,623.600318,control_com_near_0v_ch1_idle_4v7,0.000000,0.00000,0.000000,0.00000,LOW,false,false,true,false,
6237,2026-09-11T16:15:24.380784+00:00,623.700312,control_com_near_0v_ch1_idle_4v7,0.000000,0.00000,0.000000,0.00000,LOW,false,false,true,false,
6238,2026-09-11T16:15:24.481044+00:00,623.800316,control_com_near_0v_ch1_idle_4v7,0.000000,0.00000,0.000000,0.00000,LOW,false,false,true,false,
6239,2026-09-11T16:15:24.580726+00:00,623.900286,control_com_near_0v_ch1_idle_4v7,0.000000,0.00000,0.000000,0.00000,LOW,false,false,true,false,
6240,2026-09-11T16:15:24.681056+00:00,624.000322,control_com_near_0v_ch1_idle_4v7,0.000000,0.00000,0.000000,0.00000,LOW,false,false,true,false,
6241,2026-09-11T16:15:24.780736+00:00,624.100289,control_com_near_0v_ch1_idle_4v7,0.000000,0.00000,0.000000,0.00000,LOW,false,false,true,false,
6242,2026-09-11T16:15:24.881041+00:00,624.200309,control_com_near_0v_ch1_idle_4v7,0.000000,0.00000,0.000000,0.00000,LOW,false,false,true,false,
6243,2026-09-11T16:15:24.980730+00:00,624.300284,control_com_near_0v_ch1_idle_4v7,0.000000,0.00000,0.000000,0.00000,LOW,false,false,true,false,
6244,2026-09-11T16:15:25.081049+00:00,624.400310,control_com_near_0v_ch1_idle_4v7,0.000000,0.00000,0.000000,0.00000,LOW,false,false,true,false,
6245,2026-09-11T16:15:25.180707+00:00,624.500266,control_com_near_0v_ch1_idle_4v7,0.000000,0.00000,0.000000,0.00000,LOW,false,false,true,false,
6246,2026-09-11T16:15:25.281054+00:00,624.600323,control_com_near_0v_ch1_idle_4v7,0.000000,0.00000,0.000000,0.00000,LOW,false,false,true,false,
6247,2026-09-11T16:15:25.380742+00:00,624.700288,control_com_near_0v_ch1_idle_4v7,0.000000,0.00000,0.000000,0.00000,LOW,false,false,true,false,
6248,2026-09-11T16:15:25.481038+00:00,624.800309,control_com_near_0v_ch1_idle_4v7,0.000000,0.00000,0.000000,0.00000,LOW,false,false,true,false,
6249,2026-09-11T16:15:25.580732+00:00,624.900286,control_com_near_0v_ch1_idle_4v7,0.000000,0.00000,0.000000,0.00000,LOW,false,false,true,false,
6250,2026-09-11T16:15:25.681039+00:00,625.000310,control_com_near_0v_ch1_idle_4v7,0.000000,0.00000,0.000000,0.00000,LOW,false,false,true,false,
6251,2026-09-11T16:15:25.780738+00:00,625.100293,control_com_near_0v_ch1_idle_4v7,0.000000,0.00000,0.000000,0.00000,LOW,false,false,true,false,
6252,2026-09-11T16:15:25.881038+00:00,625.200312,control_com_near_0v_ch1_idle_4v7,0.000000,0.00000,0.000000,0.00000,LOW,false,false,true,false,
6253,2026-09-11T16:15:25.980725+00:00,625.300284,control_com_near_0v_ch1_idle_4v7,0.000000,0.00000,0.000000,0.00000,LOW,false,false,true,false,
6254,2026-09-11T16:15:26.081039+00:00,625.400312,control_com_near_0v_ch1_idle_4v7,0.000000,0.00000,0.000000,0.00000,LOW,false,false,true,false,
6255,2026-09-11T16:15:26.180727+00:00,625.500284,control_com_near_0v_ch1_idle_4v7,0.000000,0.00000,0.000000,0.00000,LOW,false,false,true,false,
6256,2026-09-11T16:15:26.281053+00:00,625.600318,control_com_near_0v_ch1_idle_4v7,0.000000,0.00000,0.000000,0.00000,LOW,false,false,true,false,
6257,2026-09-11T16:15:26.380720+00:00,625.700284,control_com_near_0v_ch1_idle_4v7,0.000000,0.00000,0.000000,0.00000,LOW,false,false,true,false,
6258,2026-09-11T16:15:26.481036+00:00,625.800308,control_com_near_0v_ch1_idle_4v7,0.000000,0.00000,0.000000,0.00000,LOW,false,false,true,false,
6259,2026-09-11T16:15:26.580735+00:00,625.900288,control_com_near_0v_ch1_idle_4v7,0.000000,0.00000,0.000000,0.00000,LOW,false,false,true,false,
6260,2026-09-11T16:15:26.681060+00:00,626.000315,control_com_near_0v_ch1_idle_4v7,0.000000,0.00000,0.000000,0.00000,LOW,false,false,true,false,
6261,2026-09-11T16:15:26.780760+00:00,626.100304,control_com_near_0v_ch1_idle_4v7,0.000000,0.00000,0.000000,0.00000,LOW,false,false,true,false,
6262,2026-09-11T16:15:26.881037+00:00,626.200314,control_com_near_0v_ch1_idle_4v7,0.000000,0.00000,0.000000,0.00000,LOW,false,false,true,false,
6263,2026-09-11T16:15:26.980734+00:00,626.300286,control_com_near_0v_ch1_idle_4v7,0.000000,0.00000,0.000000,0.00000,LOW,false,false,true,false,
6264,2026-09-11T16:15:27.081042+00:00,626.400316,control_com_near_0v_ch1_idle_4v7,0.000000,0.00000,0.000000,0.00000,LOW,false,false,true,false,
6265,2026-09-11T16:15:27.180728+00:00,626.500290,control_com_near_0v_ch1_idle_4v7,0.000000,0.00000,0.000000,0.00000,LOW,false,false,true,false,
6266,2026-09-11T16:15:27.281036+00:00,626.600313,control_com_near_0v_ch1_idle_4v7,0.000000,0.00000,0.000000,0.00000,LOW,false,false,true,false,
6267,2026-09-11T16:15:27.380718+00:00,626.700280,control_com_near_0v_ch1_idle_4v7,0.000000,0.00000,0.000000,0.00000,LOW,false,false,true,false,
6268,2026-09-11T16:15:27.481080+00:00,626.800312,control_com_near_0v_ch1_idle_4v7,0.000000,0.00000,0.000000,0.00000,LOW,false,false,true,false,
6269,2026-09-11T16:15:27.580959+00:00,626.900429,control_com_near_0v_ch1_idle_4v7,0.000000,0.00000,0.000000,0.00000,LOW,false,false,true,false,
6270,2026-09-11T16:15:27.681053+00:00,627.000330,control_com_near_0v_ch1_idle_4v7,0.000000,0.00000,0.000000,0.00000,LOW,false,false,true,false,
6271,2026-09-11T16:15:27.780744+00:00,627.100291,control_com_near_0v_ch1_idle_4v7,0.000000,0.00000,0.000000,0.00000,LOW,false,false,true,false,
6272,2026-09-11T16:15:27.881037+00:00,627.200314,control_com_near_0v_ch1_idle_4v7,0.000000,0.00000,0.000000,0.00000,LOW,false,false,true,false,
6273,2026-09-11T16:15:27.980856+00:00,627.300351,control_com_near_0v_ch1_idle_4v7,0.000000,0.00000,0.000000,0.00000,LOW,false,false,true,false,
6274,2026-09-11T16:15:28.081059+00:00,627.400329,control_com_near_0v_ch1_idle_4v7,0.000000,0.00000,0.000000,0.00000,LOW,false,false,true,false,
6275,2026-09-11T16:15:28.180734+00:00,627.500293,control_com_near_0v_ch1_idle_4v7,0.000000,0.00000,0.000000,0.00000,LOW,false,false,true,false,
6276,2026-09-11T16:15:28.281060+00:00,627.600312,control_com_near_0v_ch1_idle_4v7,0.000000,0.00000,0.000000,0.00000,LOW,false,false,true,false,
6277,2026-09-11T16:15:28.381037+00:00,627.700314,control_com_near_0v_ch1_idle_4v7,0.000000,0.00000,0.000000,0.00000,LOW,false,false,true,false,
6278,2026-09-11T16:15:28.480734+00:00,627.800290,control_com_near_0v_ch1_idle_4v7,0.000000,0.00000,0.000000,0.00000,LOW,false,false,true,false,
6279,2026-09-11T16:15:28.581068+00:00,627.900322,control_com_near_0v_ch1_idle_4v7,0.000000,0.00000,0.000000,0.00000,LOW,false,false,true,false,
6280,2026-09-11T16:15:28.680730+00:00,628.000284,control_com_near_0v_ch1_idle_4v7,0.000000,0.00000,0.000000,0.00000,LOW,false,false,true,false,
6281,2026-09-11T16:15:28.781038+00:00,628.100312,control_com_near_0v_ch1_idle_4v7,0.000000,0.00000,0.000000,0.00000,LOW,false,false,true,false,
6282,2026-09-11T16:15:28.880731+00:00,628.200284,control_com_near_0v_ch1_idle_4v7,0.000000,0.00000,0.000000,0.00000,LOW,false,false,true,false,
6283,2026-09-11T16:15:28.981040+00:00,628.300316,control_com_near_0v_ch1_idle_4v7,0.000000,0.00000,0.000000,0.00000,LOW,false,false,true,false,
6284,2026-09-11T16:15:29.080732+00:00,628.400286,control_com_near_0v_ch1_idle_4v7,0.000000,0.00000,0.000000,0.00000,LOW,false,false,true,false,
6285,2026-09-11T16:15:29.181040+00:00,628.500311,control_com_near_0v_ch1_idle_4v7,0.000000,0.00000,0.000000,0.00000,LOW,false,false,true,false,
6286,2026-09-11T16:15:29.280732+00:00,628.600284,control_com_near_0v_ch1_idle_4v7,0.000000,0.00000,0.000000,0.00000,LOW,false,false,true,false,
6287,2026-09-11T16:15:29.380953+00:00,628.700373,control_com_near_0v_ch1_idle_4v7,0.000000,0.00000,0.000000,0.00000,LOW,false,false,true,false,
6288,2026-09-11T16:15:29.481129+00:00,628.800369,control_com_near_0v_ch1_idle_4v7,0.000000,0.00000,0.000000,0.00000,LOW,false,false,true,false,
6289,2026-09-11T16:15:29.580895+00:00,628.900366,control_com_near_0v_ch1_idle_4v7,0.000000,0.00000,0.000000,0.00000,LOW,false,false,true,false,
6290,2026-09-11T16:15:29.681454+00:00,629.000397,control_com_near_0v_ch1_idle_4v7,0.000000,0.00000,0.000000,0.00000,LOW,false,false,true,false,
6291,2026-09-11T16:15:29.780835+00:00,629.100353,control_com_near_0v_ch1_idle_4v7,0.000000,0.00000,0.000000,0.00000,LOW,false,false,true,false,
6292,2026-09-11T16:15:29.881054+00:00,629.200330,control_com_near_0v_ch1_idle_4v7,0.000000,0.00000,0.000000,0.00000,LOW,false,false,true,false,
6293,2026-09-11T16:15:29.980742+00:00,629.300293,control_com_near_0v_ch1_idle_4v7,0.000000,0.00000,0.000000,0.00000,LOW,false,false,true,false,
6294,2026-09-11T16:15:30.081045+00:00,629.400314,control_com_near_0v_ch1_idle_4v7,0.000000,0.00000,0.000000,0.00000,LOW,false,false,true,false,
6295,2026-09-11T16:15:30.180728+00:00,629.500288,control_com_near_0v_ch1_idle_4v7,0.000000,0.00000,0.000000,0.00000,LOW,false,false,true,false,
6296,2026-09-11T16:15:30.281058+00:00,629.600326,control_com_near_0v_ch1_idle_4v7,0.000000,0.00000,0.000000,0.00000,LOW,false,false,true,false,
6297,2026-09-11T16:15:30.380747+00:00,629.700298,control_com_near_0v_ch1_idle_4v7,0.000000,0.00000,0.000000,0.00000,LOW,false,false,true,false,
6298,2026-09-11T16:15:30.481060+00:00,629.800324,control_com_near_0v_ch1_idle_4v7,0.000000,0.00000,0.000000,0.00000,LOW,false,false,true,false,
6299,2026-09-11T16:15:30.580733+00:00,629.900290,control_com_near_0v_ch1_idle_4v7,0.000000,0.00000,0.000000,0.00000,LOW,false,false,true,false,
6300,2026-09-11T16:15:30.681068+00:00,630.000312,control_com_near_0v_ch1_idle_4v7,0.000000,0.00000,0.000000,0.00000,LOW,false,false,true,false,
6301,2026-09-11T16:15:30.780768+00:00,630.100307,control_com_near_0v_ch1_idle_4v7,0.000000,0.00000,0.000000,0.00000,LOW,false,false,true,false,
6302,2026-09-11T16:15:30.881050+00:00,630.200317,control_com_near_0v_ch1_idle_4v7,0.000000,0.00000,0.000000,0.00000,LOW,false,false,true,false,
6303,2026-09-11T16:15:30.980736+00:00,630.300282,control_com_near_0v_ch1_idle_4v7,0.000000,0.00000,0.000000,0.00000,LOW,false,false,true,false,
6304,2026-09-11T16:15:31.081048+00:00,630.400319,control_com_near_0v_ch1_idle_4v7,0.000000,0.00000,0.000000,0.00000,LOW,false,false,true,false,
6305,2026-09-11T16:15:31.180735+00:00,630.500292,control_com_near_0v_ch1_idle_4v7,0.000000,0.00000,0.000000,0.00000,LOW,false,false,true,false,
6306,2026-09-11T16:15:31.281046+00:00,630.600313,control_com_near_0v_ch1_idle_4v7,0.000000,0.00000,0.000000,0.00000,LOW,false,false,true,false,
6307,2026-09-11T16:15:31.380738+00:00,630.700288,control_com_near_0v_ch1_idle_4v7,0.000000,0.00000,0.000000,0.00000,LOW,false,false,true,false,
6308,2026-09-11T16:15:31.481063+00:00,630.800323,control_com_near_0v_ch1_idle_4v7,0.000000,0.00000,0.000000,0.00000,LOW,false,false,true,false,
6309,2026-09-11T16:15:31.580739+00:00,630.900291,control_com_near_0v_ch1_idle_4v7,0.000000,0.00000,0.000000,0.00000,LOW,false,false,true,false,
6310,2026-09-11T16:15:31.681058+00:00,631.000315,control_com_near_0v_ch1_idle_4v7,0.000000,0.00000,0.000000,0.00000,LOW,false,false,true,false,
6311,2026-09-11T16:15:31.780728+00:00,631.100287,control_com_near_0v_ch1_idle_4v7,0.000000,0.00000,0.000000,0.00000,LOW,false,false,true,false,
6312,2026-09-11T16:15:31.881043+00:00,631.200311,control_com_near_0v_ch1_idle_4v7,0.000000,0.00000,0.000000,0.00000,LOW,false,false,true,false,
6313,2026-09-11T16:15:31.980733+00:00,631.300286,control_com_near_0v_ch1_idle_4v7,0.000000,0.00000,0.000000,0.00000,LOW,false,false,true,false,
6314,2026-09-11T16:15:32.081040+00:00,631.400309,control_com_near_0v_ch1_idle_4v7,0.000000,0.00000,0.000000,0.00000,LOW,false,false,true,false,
6315,2026-09-11T16:15:32.180743+00:00,631.500288,control_com_near_0v_ch1_idle_4v7,0.000000,0.00000,0.000000,0.00000,LOW,false,false,true,false,
6316,2026-09-11T16:15:32.281040+00:00,631.600312,control_com_near_0v_ch1_idle_4v7,0.000000,0.00000,0.000000,0.00000,LOW,false,false,true,false,
6317,2026-09-11T16:15:32.380739+00:00,631.700287,control_com_near_0v_ch1_idle_4v7,0.000000,0.00000,0.000000,0.00000,LOW,false,false,true,false,
6318,2026-09-11T16:15:32.481037+00:00,631.800315,control_com_near_0v_ch1_idle_4v7,0.000000,0.00000,0.000000,0.00000,LOW,false,false,true,false,
6319,2026-09-11T16:15:32.580733+00:00,631.900288,control_com_near_0v_ch1_idle_4v7,0.000000,0.00000,0.000000,0.00000,LOW,false,false,true,false,
6320,2026-09-11T16:15:32.681039+00:00,632.000312,control_com_near_0v_ch1_idle_4v7,0.000000,0.00000,0.000000,0.00000,LOW,false,false,true,false,
6321,2026-09-11T16:15:32.780732+00:00,632.100281,control_com_near_0v_ch1_idle_4v7,0.000000,0.00000,0.000000,0.00000,LOW,false,false,true,false,
6322,2026-09-11T16:15:32.881053+00:00,632.200318,control_com_near_0v_ch1_idle_4v7,0.000000,0.00000,0.000000,0.00000,LOW,false,false,true,false,
6323,2026-09-11T16:15:32.980733+00:00,632.300287,control_com_near_0v_ch1_idle_4v7,0.000000,0.00000,0.000000,0.00000,LOW,false,false,true,false,
6324,2026-09-11T16:15:33.081197+00:00,632.400395,control_com_near_0v_ch1_idle_4v7,0.000000,0.00000,0.000000,0.00000,LOW,false,false,true,false,
6325,2026-09-11T16:15:33.181054+00:00,632.500326,control_com_near_0v_ch1_idle_4v7,0.000000,0.00000,0.000000,0.00000,LOW,false,false,true,false,
6326,2026-09-11T16:15:33.280733+00:00,632.600289,control_com_near_0v_ch1_idle_4v7,0.000000,0.00000,0.000000,0.00000,LOW,false,false,true,false,
6327,2026-09-11T16:15:33.381055+00:00,632.700318,control_com_near_0v_ch1_idle_4v7,0.000000,0.00000,0.000000,0.00000,LOW,false,false,true,false,
6328,2026-09-11T16:15:33.481060+00:00,632.800319,control_com_near_0v_ch1_idle_4v7,0.000000,0.00000,0.000000,0.00000,LOW,false,false,true,false,
6329,2026-09-11T16:15:33.580742+00:00,632.900294,control_com_near_0v_ch1_idle_4v7,0.000000,0.00000,0.000000,0.00000,LOW,false,false,true,false,
6330,2026-09-11T16:15:33.681053+00:00,633.000309,control_com_near_0v_ch1_idle_4v7,0.000000,0.00000,0.000000,0.00000,LOW,false,false,true,false,
6331,2026-09-11T16:15:33.780721+00:00,633.100284,control_com_near_0v_ch1_idle_4v7,0.000000,0.00000,0.000000,0.00000,LOW,false,false,true,false,
6332,2026-09-11T16:15:33.881037+00:00,633.200305,control_com_near_0v_ch1_idle_4v7,0.000000,0.00000,0.000000,0.00000,LOW,false,false,true,false,
6333,2026-09-11T16:15:33.980742+00:00,633.300290,control_com_near_0v_ch1_idle_4v7,0.000000,0.00000,0.000000,0.00000,LOW,false,false,true,false,
6334,2026-09-11T16:15:34.081062+00:00,633.400319,control_com_near_0v_ch1_idle_4v7,0.000000,0.00000,0.000000,0.00000,LOW,false,false,true,false,
6335,2026-09-11T16:15:34.180732+00:00,633.500287,control_com_near_0v_ch1_idle_4v7,0.000000,0.00000,0.000000,0.00000,LOW,false,false,true,false,
6336,2026-09-11T16:15:34.281049+00:00,633.600322,control_com_near_0v_ch1_idle_4v7,0.000000,0.00000,0.000000,0.00000,LOW,false,false,true,false,
6337,2026-09-11T16:15:34.380731+00:00,633.700291,control_com_near_0v_ch1_idle_4v7,0.000000,0.00000,0.000000,0.00000,LOW,false,false,true,false,
6338,2026-09-11T16:15:34.481059+00:00,633.800321,control_com_near_0v_ch1_idle_4v7,0.000000,0.00000,0.000000,0.00000,LOW,false,false,true,false,
6339,2026-09-11T16:15:34.580745+00:00,633.900291,control_com_near_0v_ch1_idle_4v7,0.000000,0.00000,0.000000,0.00000,LOW,false,false,true,false,
6340,2026-09-11T16:15:34.681088+00:00,634.000315,control_com_near_0v_ch1_idle_4v7,0.000000,0.00000,0.000000,0.00000,LOW,false,false,true,false,
6341,2026-09-11T16:15:34.781106+00:00,634.100355,control_com_near_0v_ch1_idle_4v7,0.000000,0.00000,0.000000,0.00000,LOW,false,false,true,false,
6342,2026-09-11T16:15:34.880804+00:00,634.200319,control_com_near_0v_ch1_idle_4v7,0.000000,0.00000,0.000000,0.00000,LOW,false,false,true,false,
6343,2026-09-11T16:15:34.981059+00:00,634.300324,control_com_near_0v_ch1_idle_4v7,0.000000,0.00000,0.000000,0.00000,LOW,false,false,true,false,
6344,2026-09-11T16:15:35.080733+00:00,634.400287,control_com_near_0v_ch1_idle_4v7,0.000000,0.00000,0.000000,0.00000,LOW,false,false,true,false,
6345,2026-09-11T16:15:35.181240+00:00,634.500408,control_com_near_0v_ch1_idle_4v7,0.000000,0.00000,0.000000,0.00000,LOW,false,false,true,false,
6346,2026-09-11T16:15:35.280825+00:00,634.600342,control_com_near_0v_ch1_idle_4v7,0.000000,0.00000,0.000000,0.00000,LOW,false,false,true,false,
6347,2026-09-11T16:15:35.381074+00:00,634.700333,control_com_near_0v_ch1_idle_4v7,0.000000,0.00000,0.000000,0.00000,LOW,false,false,true,false,
6348,2026-09-11T16:15:35.480779+00:00,634.800322,control_com_near_0v_ch1_idle_4v7,0.000000,0.00000,0.000000,0.00000,LOW,false,false,true,false,
6349,2026-09-11T16:15:35.581054+00:00,634.900317,control_com_near_0v_ch1_idle_4v7,0.000000,0.00000,0.000000,0.00000,LOW,false,false,true,false,
6350,2026-09-11T16:15:35.681120+00:00,635.000339,control_com_near_0v_ch1_idle_4v7,0.000000,0.00000,0.000000,0.00000,LOW,false,false,true,false,
6351,2026-09-11T16:15:35.780859+00:00,635.100381,control_com_near_0v_ch1_idle_4v7,0.000000,0.00000,0.000000,0.00000,LOW,false,false,true,false,
6352,2026-09-11T16:15:35.880934+00:00,635.200279,control_com_near_0v_ch1_idle_4v7,0.000000,0.00000,0.000000,0.00000,LOW,false,false,true,false,
6353,2026-09-11T16:15:35.980826+00:00,635.300316,control_com_near_0v_ch1_idle_4v7,0.000000,0.00000,0.000000,0.00000,LOW,false,false,true,false,
6354,2026-09-11T16:15:36.080931+00:00,635.400282,control_com_near_0v_ch1_idle_4v7,0.000000,0.00000,0.000000,0.00000,LOW,false,false,true,false,
6355,2026-09-11T16:15:36.180821+00:00,635.500312,control_com_near_0v_ch1_idle_4v7,0.000000,0.00000,0.000000,0.00000,LOW,false,false,true,false,
6356,2026-09-11T16:15:36.280946+00:00,635.600287,control_com_near_0v_ch1_idle_4v7,0.000000,0.00000,0.000000,0.00000,LOW,false,false,true,false,
6357,2026-09-11T16:15:36.380817+00:00,635.700310,control_com_near_0v_ch1_idle_4v7,0.000000,0.00000,0.000000,0.00000,LOW,false,false,true,false,
6358,2026-09-11T16:15:36.480937+00:00,635.800282,control_com_near_0v_ch1_idle_4v7,0.000000,0.00000,0.000000,0.00000,LOW,false,false,true,false,
6359,2026-09-11T16:15:36.581043+00:00,635.900316,control_com_near_0v_ch1_idle_4v7,0.000000,0.00000,0.000000,0.00000,LOW,false,false,true,false,
6360,2026-09-11T16:15:36.680812+00:00,636.000308,control_com_near_0v_ch1_idle_4v7,0.000000,0.00000,0.000000,0.00000,LOW,false,false,true,false,
6361,2026-09-11T16:15:36.780934+00:00,636.100279,control_com_near_0v_ch1_idle_4v7,0.000000,0.00000,0.000000,0.00000,LOW,false,false,true,false,
6362,2026-09-11T16:15:36.880814+00:00,636.200310,control_com_near_0v_ch1_idle_4v7,0.000000,0.00000,0.000000,0.00000,LOW,false,false,true,false,
6363,2026-09-11T16:15:36.980942+00:00,636.300283,control_com_near_0v_ch1_idle_4v7,0.000000,0.00000,0.000000,0.00000,LOW,false,false,true,false,
6364,2026-09-11T16:15:37.080826+00:00,636.400316,control_com_near_0v_ch1_idle_4v7,0.000000,0.00000,0.000000,0.00000,LOW,false,false,true,false,
6365,2026-09-11T16:15:37.180937+00:00,636.500284,control_com_near_0v_ch1_idle_4v7,0.000000,0.00000,0.000000,0.00000,LOW,false,false,true,false,
6366,2026-09-11T16:15:37.280829+00:00,636.600312,control_com_near_0v_ch1_idle_4v7,0.000000,0.00000,0.000000,0.00000,LOW,false,false,true,false,
6367,2026-09-11T16:15:37.380929+00:00,636.700279,control_com_near_0v_ch1_idle_4v7,0.000000,0.00000,0.000000,0.00000,LOW,false,false,true,false,
6368,2026-09-11T16:15:37.480806+00:00,636.800302,control_com_near_0v_ch1_idle_4v7,0.000000,0.00000,0.000000,0.00000,LOW,false,false,true,false,
6369,2026-09-11T16:15:37.580932+00:00,636.900291,control_com_near_0v_ch1_idle_4v7,0.000000,0.00000,0.000000,0.00000,LOW,false,false,true,false,
6370,2026-09-11T16:15:37.680969+00:00,637.000314,control_com_near_0v_ch1_idle_4v7,0.000000,0.00000,0.000000,0.00000,LOW,false,false,true,false,
6371,2026-09-11T16:15:37.780889+00:00,637.100278,control_com_near_0v_ch1_idle_4v7,0.000000,0.00000,0.000000,0.00000,LOW,false,false,true,false,
6372,2026-09-11T16:15:37.881048+00:00,637.200310,control_com_near_0v_ch1_idle_4v7,0.000000,0.00000,0.000000,0.00000,LOW,false,false,true,false,
6373,2026-09-11T16:15:37.980793+00:00,637.300279,control_com_near_0v_ch1_idle_4v7,0.000000,0.00000,0.000000,0.00000,LOW,false,false,true,false,
6374,2026-09-11T16:15:38.081037+00:00,637.400310,control_com_near_0v_ch1_idle_4v7,0.000000,0.00000,0.000000,0.00000,LOW,false,false,true,false,
6375,2026-09-11T16:15:38.181039+00:00,637.500347,control_com_near_0v_ch1_idle_4v7,0.000000,0.00000,0.000000,0.00000,LOW,false,false,true,false,
6376,2026-09-11T16:15:38.281006+00:00,637.600322,control_com_near_0v_ch1_idle_4v7,0.000000,0.00000,0.000000,0.00000,LOW,false,false,true,false,
6377,2026-09-11T16:15:38.380823+00:00,637.700301,control_com_near_0v_ch1_idle_4v7,0.000000,0.00000,0.000000,0.00000,LOW,false,false,true,false,
6378,2026-09-11T16:15:38.480968+00:00,637.800317,control_com_near_0v_ch1_idle_4v7,0.000000,0.00000,0.000000,0.00000,LOW,false,false,true,false,
6379,2026-09-11T16:15:38.580821+00:00,637.900297,control_com_near_0v_ch1_idle_4v7,0.000000,0.00000,0.000000,0.00000,LOW,false,false,true,false,
6380,2026-09-11T16:15:38.680974+00:00,638.000317,control_com_near_0v_ch1_idle_4v7,0.000000,0.00000,0.000000,0.00000,LOW,false,false,true,false,
6381,2026-09-11T16:15:38.780816+00:00,638.100294,control_com_near_0v_ch1_idle_4v7,0.000000,0.00000,0.000000,0.00000,LOW,false,false,true,false,
6382,2026-09-11T16:15:38.880963+00:00,638.200315,control_com_near_0v_ch1_idle_4v7,0.000000,0.00000,0.000000,0.00000,LOW,false,false,true,false,
6383,2026-09-11T16:15:38.980789+00:00,638.300283,control_com_near_0v_ch1_idle_4v7,0.000000,0.00000,0.000000,0.00000,LOW,false,false,true,false,
6384,2026-09-11T16:15:39.080961+00:00,638.400314,control_com_near_0v_ch1_idle_4v7,0.000000,0.00000,0.000000,0.00000,LOW,false,false,true,false,
6385,2026-09-11T16:15:39.180789+00:00,638.500283,control_com_near_0v_ch1_idle_4v7,0.000000,0.00000,0.000000,0.00000,LOW,false,false,true,false,
6386,2026-09-11T16:15:39.280967+00:00,638.600308,control_com_near_0v_ch1_idle_4v7,0.000000,0.00000,0.000000,0.00000,LOW,false,false,true,false,
6387,2026-09-11T16:15:39.380793+00:00,638.700284,control_com_near_0v_ch1_idle_4v7,0.000000,0.00000,0.000000,0.00000,LOW,false,false,true,false,
6388,2026-09-11T16:15:39.480964+00:00,638.800312,control_com_near_0v_ch1_idle_4v7,0.000000,0.00000,0.000000,0.00000,LOW,false,false,true,false,
6389,2026-09-11T16:15:39.580813+00:00,638.900294,control_com_near_0v_ch1_idle_4v7,0.000000,0.00000,0.000000,0.00000,LOW,false,false,true,false,
6390,2026-09-11T16:15:39.681058+00:00,639.000316,control_com_near_0v_ch1_idle_4v7,0.000000,0.00000,0.000000,0.00000,LOW,false,false,true,false,
6391,2026-09-11T16:15:39.780737+00:00,639.100297,control_com_near_0v_ch1_idle_4v7,0.000000,0.00000,0.000000,0.00000,LOW,false,false,true,false,
6392,2026-09-11T16:15:39.881161+00:00,639.200320,control_com_near_0v_ch1_idle_4v7,0.000000,0.00000,0.000000,0.00000,LOW,false,false,true,false,
6393,2026-09-11T16:15:39.980894+00:00,639.300353,control_com_near_0v_ch1_idle_4v7,0.000000,0.00000,0.000000,0.00000,LOW,false,false,true,false,
6394,2026-09-11T16:15:40.080720+00:00,639.400291,control_com_near_0v_ch1_idle_4v7,0.000000,0.00000,0.000000,0.00000,LOW,false,false,true,false,
6395,2026-09-11T16:15:40.181125+00:00,639.500313,control_com_near_0v_ch1_idle_4v7,0.000000,0.00000,0.000000,0.00000,LOW,false,false,true,false,
6396,2026-09-11T16:15:40.280728+00:00,639.600285,control_com_near_0v_ch1_idle_4v7,0.000000,0.00000,0.000000,0.00000,LOW,false,false,true,false,
6397,2026-09-11T16:15:40.381040+00:00,639.700317,control_com_near_0v_ch1_idle_4v7,0.000000,0.00000,0.000000,0.00000,LOW,false,false,true,false,
6398,2026-09-11T16:15:40.480725+00:00,639.800285,control_com_near_0v_ch1_idle_4v7,0.000000,0.00000,0.000000,0.00000,LOW,false,false,true,false,
6399,2026-09-11T16:15:40.581063+00:00,639.900320,control_com_near_0v_ch1_idle_4v7,0.000000,0.00000,0.000000,0.00000,LOW,false,false,true,false,
6400,2026-09-11T16:15:40.680737+00:00,640.000290,control_com_near_0v_ch1_idle_4v7,0.000000,0.00000,0.000000,0.00000,LOW,false,false,true,false,
6401,2026-09-11T16:15:40.781055+00:00,640.100321,control_com_near_0v_ch1_idle_4v7,0.000000,0.00000,0.000000,0.00000,LOW,false,false,true,false,
6402,2026-09-11T16:15:40.880735+00:00,640.200289,control_com_near_0v_ch1_idle_4v7,0.000000,0.00000,0.000000,0.00000,LOW,false,false,true,false,
6403,2026-09-11T16:15:40.981038+00:00,640.300307,control_com_near_0v_ch1_idle_4v7,0.000000,0.00000,0.000000,0.00000,LOW,false,false,true,false,
6404,2026-09-11T16:15:41.080735+00:00,640.400290,control_com_near_0v_ch1_idle_4v7,0.000000,0.00000,0.000000,0.00000,LOW,false,false,true,false,
6405,2026-09-11T16:15:41.181238+00:00,640.500404,control_com_near_0v_ch1_idle_4v7,0.000000,0.00000,0.000000,0.00000,LOW,false,false,true,false,
6406,2026-09-11T16:15:41.280832+00:00,640.600341,control_com_near_0v_ch1_idle_4v7,0.000000,0.00000,0.000000,0.00000,LOW,false,false,true,false,
6407,2026-09-11T16:15:41.381075+00:00,640.700337,control_com_near_0v_ch1_idle_4v7,0.000000,0.00000,0.000000,0.00000,LOW,false,false,true,false,
6408,2026-09-11T16:15:41.480745+00:00,640.800294,control_com_near_0v_ch1_idle_4v7,0.000000,0.00000,0.000000,0.00000,LOW,false,false,true,false,
6409,2026-09-11T16:15:41.581058+00:00,640.900319,control_com_near_0v_ch1_idle_4v7,0.000000,0.00000,0.000000,0.00000,LOW,false,false,true,false,
6410,2026-09-11T16:15:41.680992+00:00,641.000312,control_com_near_0v_ch1_idle_4v7,0.000000,0.00000,0.000000,0.00000,LOW,false,false,true,false,
6411,2026-09-11T16:15:41.780815+00:00,641.100331,control_com_near_0v_ch1_idle_4v7,0.000000,0.00000,0.000000,0.00000,LOW,false,false,true,false,
6412,2026-09-11T16:15:41.881063+00:00,641.200322,control_com_near_0v_ch1_idle_4v7,0.000000,0.00000,0.000000,0.00000,LOW,false,false,true,false,
6413,2026-09-11T16:15:41.980739+00:00,641.300295,control_com_near_0v_ch1_idle_4v7,0.000000,0.00000,0.000000,0.00000,LOW,false,false,true,false,
6414,2026-09-11T16:15:42.081036+00:00,641.400309,control_com_near_0v_ch1_idle_4v7,0.000000,0.00000,0.000000,0.00000,LOW,false,false,true,false,
6415,2026-09-11T16:15:42.180730+00:00,641.500288,control_com_near_0v_ch1_idle_4v7,0.000000,0.00000,0.000000,0.00000,LOW,false,false,true,false,
6416,2026-09-11T16:15:42.281040+00:00,641.600311,control_com_near_0v_ch1_idle_4v7,0.000000,0.00000,0.000000,0.00000,LOW,false,false,true,false,
6417,2026-09-11T16:15:42.380722+00:00,641.700281,control_com_near_0v_ch1_idle_4v7,0.000000,0.00000,0.000000,0.00000,LOW,false,false,true,false,
6418,2026-09-11T16:15:42.481036+00:00,641.800310,control_com_near_0v_ch1_idle_4v7,0.000000,0.00000,0.000000,0.00000,LOW,false,false,true,false,
6419,2026-09-11T16:15:42.580738+00:00,641.900287,control_com_near_0v_ch1_idle_4v7,0.000000,0.00000,0.000000,0.00000,LOW,false,false,true,false,
6420,2026-09-11T16:15:42.681080+00:00,642.000322,control_com_near_0v_ch1_idle_4v7,0.000000,0.00000,0.000000,0.00000,LOW,false,false,true,false,
6421,2026-09-11T16:15:42.780763+00:00,642.100303,control_com_near_0v_ch1_idle_4v7,0.000000,0.00000,0.000000,0.00000,LOW,false,false,true,false,
6422,2026-09-11T16:15:42.881053+00:00,642.200319,control_com_near_0v_ch1_idle_4v7,0.000000,0.00000,0.000000,0.00000,LOW,false,false,true,false,
6423,2026-09-11T16:15:42.980721+00:00,642.300282,control_com_near_0v_ch1_idle_4v7,0.000000,0.00000,0.000000,0.00000,LOW,false,false,true,false,
6424,2026-09-11T16:15:43.081048+00:00,642.400311,control_com_near_0v_ch1_idle_4v7,0.000000,0.00000,0.000000,0.00000,LOW,false,false,true,false,
6425,2026-09-11T16:15:43.180731+00:00,642.500287,control_com_near_0v_ch1_idle_4v7,0.000000,0.00000,0.000000,0.00000,LOW,false,false,true,false,
6426,2026-09-11T16:15:43.281175+00:00,642.600379,control_com_near_0v_ch1_idle_4v7,0.000000,0.00000,0.000000,0.00000,LOW,false,false,true,false,
6427,2026-09-11T16:15:43.380736+00:00,642.700292,control_com_near_0v_ch1_idle_4v7,0.000000,0.00000,0.000000,0.00000,LOW,false,false,true,false,
6428,2026-09-11T16:15:43.481041+00:00,642.800313,control_com_near_0v_ch1_idle_4v7,0.000000,0.00000,0.000000,0.00000,LOW,false,false,true,false,
6429,2026-09-11T16:15:43.580748+00:00,642.900292,control_com_near_0v_ch1_idle_4v7,0.000000,0.00000,0.000000,0.00000,LOW,false,false,true,false,
6430,2026-09-11T16:15:43.681054+00:00,643.000320,control_com_near_0v_ch1_idle_4v7,0.000000,0.00000,0.000000,0.00000,LOW,false,false,true,false,
6431,2026-09-11T16:15:43.780723+00:00,643.100286,control_com_near_0v_ch1_idle_4v7,0.000000,0.00000,0.000000,0.00000,LOW,false,false,true,false,
6432,2026-09-11T16:15:43.881045+00:00,643.200315,control_com_near_0v_ch1_idle_4v7,0.000000,0.00000,0.000000,0.00000,LOW,false,false,true,false,
6433,2026-09-11T16:15:43.980723+00:00,643.300282,control_com_near_0v_ch1_idle_4v7,0.000000,0.00000,0.000000,0.00000,LOW,false,false,true,false,
6434,2026-09-11T16:15:44.081029+00:00,643.400308,control_com_near_0v_ch1_idle_4v7,0.000000,0.00000,0.000000,0.00000,LOW,false,false,true,false,
6435,2026-09-11T16:15:44.180730+00:00,643.500287,control_com_near_0v_ch1_idle_4v7,0.000000,0.00000,0.000000,0.00000,LOW,false,false,true,false,
6436,2026-09-11T16:15:44.281044+00:00,643.600310,control_com_near_0v_ch1_idle_4v7,0.000000,0.00000,0.000000,0.00000,LOW,false,false,true,false,
6437,2026-09-11T16:15:44.380720+00:00,643.700283,control_com_near_0v_ch1_idle_4v7,0.000000,0.00000,0.000000,0.00000,LOW,false,false,true,false,
6438,2026-09-11T16:15:44.481051+00:00,643.800315,control_com_near_0v_ch1_idle_4v7,0.000000,0.00000,0.000000,0.00000,LOW,false,false,true,false,
6439,2026-09-11T16:15:44.580739+00:00,643.900292,control_com_near_0v_ch1_idle_4v7,0.000000,0.00000,0.000000,0.00000,LOW,false,false,true,false,
6440,2026-09-11T16:15:44.681060+00:00,644.000322,control_com_near_0v_ch1_idle_4v7,0.000000,0.00000,0.000000,0.00000,LOW,false,false,true,false,
6441,2026-09-11T16:15:44.780731+00:00,644.100286,control_com_near_0v_ch1_idle_4v7,0.000000,0.00000,0.000000,0.00000,LOW,false,false,true,false,
6442,2026-09-11T16:15:44.881029+00:00,644.200312,control_com_near_0v_ch1_idle_4v7,0.000000,0.00000,0.000000,0.00000,LOW,false,false,true,false,
6443,2026-09-11T16:15:44.980713+00:00,644.300279,control_com_near_0v_ch1_idle_4v7,0.000000,0.00000,0.000000,0.00000,LOW,false,false,true,false,
6444,2026-09-11T16:15:45.081027+00:00,644.400311,control_com_near_0v_ch1_idle_4v7,0.000000,0.00000,0.000000,0.00000,LOW,false,false,true,false,
6445,2026-09-11T16:15:45.180848+00:00,644.500348,control_com_near_0v_ch1_idle_4v7,0.000000,0.00000,0.000000,0.00000,LOW,false,false,true,false,
6446,2026-09-11T16:15:45.281048+00:00,644.600321,control_com_near_0v_ch1_idle_4v7,0.000000,0.00000,0.000000,0.00000,LOW,false,false,true,false,
6447,2026-09-11T16:15:45.380724+00:00,644.700283,control_com_near_0v_ch1_idle_4v7,0.000000,0.00000,0.000000,0.00000,LOW,false,false,true,false,
6448,2026-09-11T16:15:45.481037+00:00,644.800310,control_com_near_0v_ch1_idle_4v7,0.000000,0.00000,0.000000,0.00000,LOW,false,false,true,false,
6449,2026-09-11T16:15:45.580758+00:00,644.900294,control_com_near_0v_ch1_idle_4v7,0.000000,0.00000,0.000000,0.00000,LOW,false,false,true,false,
6450,2026-09-11T16:15:45.681050+00:00,645.000315,control_com_near_0v_ch1_idle_4v7,0.000000,0.00000,0.000000,0.00000,LOW,false,false,true,false,
6451,2026-09-11T16:15:45.780730+00:00,645.100290,control_com_near_0v_ch1_idle_4v7,0.000000,0.00000,0.000000,0.00000,LOW,false,false,true,false,
6452,2026-09-11T16:15:45.881244+00:00,645.200432,control_com_near_0v_ch1_idle_4v7,0.000000,0.00000,0.000000,0.00000,LOW,false,false,true,false,
6453,2026-09-11T16:15:45.980741+00:00,645.300300,control_com_near_0v_ch1_idle_4v7,0.000000,0.00000,0.000000,0.00000,LOW,false,false,true,false,
6454,2026-09-11T16:15:46.081048+00:00,645.400321,control_com_near_0v_ch1_idle_4v7,0.000000,0.00000,0.000000,0.00000,LOW,false,false,true,false,
6455,2026-09-11T16:15:46.180886+00:00,645.500365,control_com_near_0v_ch1_idle_4v7,0.000000,0.00000,0.000000,0.00000,LOW,false,false,true,false,
6456,2026-09-11T16:15:46.280737+00:00,645.600295,control_com_near_0v_ch1_idle_4v7,0.000000,0.00000,0.000000,0.00000,LOW,false,false,true,false,
6457,2026-09-11T16:15:46.381050+00:00,645.700316,control_com_near_0v_ch1_idle_4v7,0.000000,0.00000,0.000000,0.00000,LOW,false,false,true,false,
6458,2026-09-11T16:15:46.480739+00:00,645.800288,control_com_near_0v_ch1_idle_4v7,0.000000,0.00000,0.000000,0.00000,LOW,false,false,true,false,
6459,2026-09-11T16:15:46.581057+00:00,645.900322,control_com_near_0v_ch1_idle_4v7,0.000000,0.00000,0.000000,0.00000,LOW,false,false,true,false,
6460,2026-09-11T16:15:46.680783+00:00,646.000308,control_com_near_0v_ch1_idle_4v7,0.000000,0.00000,0.000000,0.00000,LOW,false,false,true,false,
6461,2026-09-11T16:15:46.781083+00:00,646.100337,control_com_near_0v_ch1_idle_4v7,0.000000,0.00000,0.000000,0.00000,LOW,false,false,true,false,
6462,2026-09-11T16:15:46.880736+00:00,646.200289,control_com_near_0v_ch1_idle_4v7,0.000000,0.00000,0.000000,0.00000,LOW,false,false,true,false,
6463,2026-09-11T16:15:46.981036+00:00,646.300310,control_com_near_0v_ch1_idle_4v7,0.000000,0.00000,0.000000,0.00000,LOW,false,false,true,false,
6464,2026-09-11T16:15:47.080733+00:00,646.400288,control_com_near_0v_ch1_idle_4v7,0.000000,0.00000,0.000000,0.00000,LOW,false,false,true,false,
6465,2026-09-11T16:15:47.181326+00:00,646.500365,control_com_near_0v_ch1_idle_4v7,0.000000,0.00000,0.000000,0.00000,LOW,false,false,true,false,
6466,2026-09-11T16:15:47.280860+00:00,646.600369,control_com_near_0v_ch1_idle_4v7,0.000000,0.00000,0.000000,0.00000,LOW,false,false,true,false,
6467,2026-09-11T16:15:47.381056+00:00,646.700325,control_com_near_0v_ch1_idle_4v7,0.000000,0.00000,0.000000,0.00000,LOW,false,false,true,false,
6468,2026-09-11T16:15:47.480812+00:00,646.800327,control_com_near_0v_ch1_idle_4v7,0.000000,0.00000,0.000000,0.00000,LOW,false,false,true,false,
6469,2026-09-11T16:15:47.581060+00:00,646.900327,control_com_near_0v_ch1_idle_4v7,0.000000,0.00000,0.000000,0.00000,LOW,false,false,true,false,
6470,2026-09-11T16:15:47.680957+00:00,647.000314,control_com_near_0v_ch1_idle_4v7,0.000000,0.00000,0.000000,0.00000,LOW,false,false,true,false,
6471,2026-09-11T16:15:47.781157+00:00,647.100383,control_com_near_0v_ch1_idle_4v7,0.000000,0.00000,0.000000,0.00000,LOW,false,false,true,false,
6472,2026-09-11T16:15:47.880740+00:00,647.200300,control_com_near_0v_ch1_idle_4v7,0.000000,0.00000,0.000000,0.00000,LOW,false,false,true,false,
6473,2026-09-11T16:15:47.981038+00:00,647.300316,control_com_near_0v_ch1_idle_4v7,0.000000,0.00000,0.000000,0.00000,LOW,false,false,true,false,
6474,2026-09-11T16:15:48.080726+00:00,647.400287,control_com_near_0v_ch1_idle_4v7,0.000000,0.00000,0.000000,0.00000,LOW,false,false,true,false,
6475,2026-09-11T16:15:48.181048+00:00,647.500311,control_com_near_0v_ch1_idle_4v7,0.000000,0.00000,0.000000,0.00000,LOW,false,false,true,false,
6476,2026-09-11T16:15:48.280736+00:00,647.600288,control_com_near_0v_ch1_idle_4v7,0.000000,0.00000,0.000000,0.00000,LOW,false,false,true,false,
6477,2026-09-11T16:15:48.381184+00:00,647.700393,control_com_near_0v_ch1_idle_4v7,0.000000,0.00000,0.000000,0.00000,LOW,false,false,true,false,
6478,2026-09-11T16:15:48.480733+00:00,647.800299,control_com_near_0v_ch1_idle_4v7,0.000000,0.00000,0.000000,0.00000,LOW,false,false,true,false,
6479,2026-09-11T16:15:48.581051+00:00,647.900321,control_com_near_0v_ch1_idle_4v7,0.000000,0.00000,0.000000,0.00000,LOW,false,false,true,false,
6480,2026-09-11T16:15:48.680729+00:00,648.000285,control_com_near_0v_ch1_idle_4v7,0.000000,0.00000,0.000000,0.00000,LOW,false,false,true,false,
6481,2026-09-11T16:15:48.781055+00:00,648.100319,control_com_near_0v_ch1_idle_4v7,0.000000,0.00000,0.000000,0.00000,LOW,false,false,true,false,
6482,2026-09-11T16:15:48.880730+00:00,648.200287,control_com_near_0v_ch1_idle_4v7,0.000000,0.00000,0.000000,0.00000,LOW,false,false,true,false,
6483,2026-09-11T16:15:48.981035+00:00,648.300315,control_com_near_0v_ch1_idle_4v7,0.000000,0.00000,0.000000,0.00000,LOW,false,false,true,false,
6484,2026-09-11T16:15:49.080728+00:00,648.400284,control_com_near_0v_ch1_idle_4v7,0.000000,0.00000,0.000000,0.00000,LOW,false,false,true,false,
6485,2026-09-11T16:15:49.181036+00:00,648.500313,control_com_near_0v_ch1_idle_4v7,0.000000,0.00000,0.000000,0.00000,LOW,false,false,true,false,
6486,2026-09-11T16:15:49.280724+00:00,648.600285,control_com_near_0v_ch1_idle_4v7,0.000000,0.00000,0.000000,0.00000,LOW,false,false,true,false,
6487,2026-09-11T16:15:49.381036+00:00,648.700311,control_com_near_0v_ch1_idle_4v7,0.000000,0.00000,0.000000,0.00000,LOW,false,false,true,false,
6488,2026-09-11T16:15:49.480717+00:00,648.800284,control_com_near_0v_ch1_idle_4v7,0.000000,0.00000,0.000000,0.00000,LOW,false,false,true,false,
6489,2026-09-11T16:15:49.581040+00:00,648.900316,control_com_near_0v_ch1_idle_4v7,0.000000,0.00000,0.000000,0.00000,LOW,false,false,true,false,
6490,2026-09-11T16:15:49.680719+00:00,649.000282,control_com_near_0v_ch1_idle_4v7,0.000000,0.00000,0.000000,0.00000,LOW,false,false,true,false,
6491,2026-09-11T16:15:49.781058+00:00,649.100321,control_com_near_0v_ch1_idle_4v7,0.000000,0.00000,0.000000,0.00000,LOW,false,false,true,false,
6492,2026-09-11T16:15:49.880749+00:00,649.200292,control_com_near_0v_ch1_idle_4v7,0.000000,0.00000,0.000000,0.00000,LOW,false,false,true,false,
6493,2026-09-11T16:15:49.981079+00:00,649.300336,control_com_near_0v_ch1_idle_4v7,0.000000,0.00000,0.000000,0.00000,LOW,false,false,true,false,
6494,2026-09-11T16:15:50.080726+00:00,649.400288,control_com_near_0v_ch1_idle_4v7,0.000000,0.00000,0.000000,0.00000,LOW,false,false,true,false,
6495,2026-09-11T16:15:50.181040+00:00,649.500313,control_com_near_0v_ch1_idle_4v7,0.000000,0.00000,0.000000,0.00000,LOW,false,false,true,false,
6496,2026-09-11T16:15:50.280733+00:00,649.600286,control_com_near_0v_ch1_idle_4v7,0.000000,0.00000,0.000000,0.00000,LOW,false,false,true,false,
6497,2026-09-11T16:15:50.381034+00:00,649.700307,control_com_near_0v_ch1_idle_4v7,0.000000,0.00000,0.000000,0.00000,LOW,false,false,true,false,
6498,2026-09-11T16:15:50.480720+00:00,649.800279,control_com_near_0v_ch1_idle_4v7,0.000000,0.00000,0.000000,0.00000,LOW,false,false,true,false,
6499,2026-09-11T16:15:50.581038+00:00,649.900314,control_com_near_0v_ch1_idle_4v7,0.000000,0.00000,0.000000,0.00000,LOW,false,false,true,false,
6500,2026-09-11T16:15:50.680735+00:00,650.000286,control_com_near_0v_ch1_idle_4v7,0.000000,0.00000,0.000000,0.00000,LOW,false,false,true,false,
6501,2026-09-11T16:15:50.781066+00:00,650.100328,control_com_near_0v_ch1_idle_4v7,0.000000,0.00000,0.000000,0.00000,LOW,false,false,true,false,
6502,2026-09-11T16:15:50.880741+00:00,650.200293,control_com_near_0v_ch1_idle_4v7,0.000000,0.00000,0.000000,0.00000,LOW,false,false,true,false,
6503,2026-09-11T16:15:50.981060+00:00,650.300323,control_com_near_0v_ch1_idle_4v7,0.000000,0.00000,0.000000,0.00000,LOW,false,false,true,false,
6504,2026-09-11T16:15:51.080724+00:00,650.400285,control_com_near_0v_ch1_idle_4v7,0.000000,0.00000,0.000000,0.00000,LOW,false,false,true,false,
6505,2026-09-11T16:15:51.181058+00:00,650.500322,control_com_near_0v_ch1_idle_4v7,0.000000,0.00000,0.000000,0.00000,LOW,false,false,true,false,
6506,2026-09-11T16:15:51.280809+00:00,650.600318,control_com_near_0v_ch1_idle_4v7,0.000000,0.00000,0.000000,0.00000,LOW,false,false,true,false,
6507,2026-09-11T16:15:51.381042+00:00,650.700319,control_com_near_0v_ch1_idle_4v7,0.000000,0.00000,0.000000,0.00000,LOW,false,false,true,false,
6508,2026-09-11T16:15:51.480731+00:00,650.800286,control_com_near_0v_ch1_idle_4v7,0.000000,0.00000,0.000000,0.00000,LOW,false,false,true,false,
6509,2026-09-11T16:15:51.581055+00:00,650.900324,control_com_near_0v_ch1_idle_4v7,0.000000,0.00000,0.000000,0.00000,LOW,false,false,true,false,
6510,2026-09-11T16:15:51.680719+00:00,651.000285,control_com_near_0v_ch1_idle_4v7,0.000000,0.00000,0.000000,0.00000,LOW,false,false,true,false,
6511,2026-09-11T16:15:51.781040+00:00,651.100314,control_com_near_0v_ch1_idle_4v7,0.000000,0.00000,0.000000,0.00000,LOW,false,false,true,false,
6512,2026-09-11T16:15:51.880747+00:00,651.200294,control_com_near_0v_ch1_idle_4v7,0.000000,0.00000,0.000000,0.00000,LOW,false,false,true,false,
6513,2026-09-11T16:15:51.981040+00:00,651.300317,control_com_near_0v_ch1_idle_4v7,0.000000,0.00000,0.000000,0.00000,LOW,false,false,true,false,
6514,2026-09-11T16:15:52.080723+00:00,651.400285,control_com_near_0v_ch1_idle_4v7,0.000000,0.00000,0.000000,0.00000,LOW,false,false,true,false,
6515,2026-09-11T16:15:52.181039+00:00,651.500314,control_com_near_0v_ch1_idle_4v7,0.000000,0.00000,0.000000,0.00000,LOW,false,false,true,false,
6516,2026-09-11T16:15:52.280732+00:00,651.600287,control_com_near_0v_ch1_idle_4v7,0.000000,0.00000,0.000000,0.00000,LOW,false,false,true,false,
6517,2026-09-11T16:15:52.381053+00:00,651.700318,control_com_near_0v_ch1_idle_4v7,0.000000,0.00000,0.000000,0.00000,LOW,false,false,true,false,
6518,2026-09-11T16:15:52.480716+00:00,651.800282,control_com_near_0v_ch1_idle_4v7,0.000000,0.00000,0.000000,0.00000,LOW,false,false,true,false,
6519,2026-09-11T16:15:52.581045+00:00,651.900316,control_com_near_0v_ch1_idle_4v7,0.000000,0.00000,0.000000,0.00000,LOW,false,false,true,false,
6520,2026-09-11T16:15:52.680728+00:00,652.000287,control_com_near_0v_ch1_idle_4v7,0.000000,0.00000,0.000000,0.00000,LOW,false,false,true,false,
6521,2026-09-11T16:15:52.781033+00:00,652.100311,control_com_near_0v_ch1_idle_4v7,0.000000,0.00000,0.000000,0.00000,LOW,false,false,true,false,
6522,2026-09-11T16:15:52.880796+00:00,652.200303,control_com_near_0v_ch1_idle_4v7,0.000000,0.00000,0.000000,0.00000,LOW,false,false,true,false,
6523,2026-09-11T16:15:52.981279+00:00,652.300444,control_com_near_0v_ch1_idle_4v7,0.000000,0.00000,0.000000,0.00000,LOW,false,false,true,false,
6524,2026-09-11T16:15:53.081046+00:00,652.400324,control_com_near_0v_ch1_idle_4v7,0.000000,0.00000,0.000000,0.00000,LOW,false,false,true,false,
6525,2026-09-11T16:15:53.180740+00:00,652.500291,control_com_near_0v_ch1_idle_4v7,0.000000,0.00000,0.000000,0.00000,LOW,false,false,true,false,
6526,2026-09-11T16:15:53.281052+00:00,652.600322,control_com_near_0v_ch1_idle_4v7,0.000000,0.00000,0.000000,0.00000,LOW,false,false,true,false,
6527,2026-09-11T16:15:53.381255+00:00,652.700419,control_com_near_0v_ch1_idle_4v7,0.000000,0.00000,0.000000,0.00000,LOW,false,false,true,false,
6528,2026-09-11T16:15:53.481170+00:00,652.800379,control_com_near_0v_ch1_idle_4v7,0.000000,0.00000,0.000000,0.00000,LOW,false,false,true,false,
6529,2026-09-11T16:15:53.580758+00:00,652.900306,control_com_near_0v_ch1_idle_4v7,0.000000,0.00000,0.000000,0.00000,LOW,false,false,true,false,
6530,2026-09-11T16:15:53.681353+00:00,653.000381,control_com_near_0v_ch1_idle_4v7,0.000000,0.00000,0.000000,0.00000,LOW,false,false,true,false,
6531,2026-09-11T16:15:53.780801+00:00,653.100329,control_com_near_0v_ch1_idle_4v7,0.000000,0.00000,0.000000,0.00000,LOW,false,false,true,false,
6532,2026-09-11T16:15:53.881050+00:00,653.200325,control_com_near_0v_ch1_idle_4v7,0.000000,0.00000,0.000000,0.00000,LOW,false,false,true,false,
6533,2026-09-11T16:15:53.980731+00:00,653.300291,control_com_near_0v_ch1_idle_4v7,0.000000,0.00000,0.000000,0.00000,LOW,false,false,true,false,
6534,2026-09-11T16:15:54.081051+00:00,653.400319,control_com_near_0v_ch1_idle_4v7,0.000000,0.00000,0.000000,0.00000,LOW,false,false,true,false,
6535,2026-09-11T16:15:54.180729+00:00,653.500290,control_com_near_0v_ch1_idle_4v7,0.000000,0.00000,0.000000,0.00000,LOW,false,false,true,false,
6536,2026-09-11T16:15:54.281042+00:00,653.600313,control_com_near_0v_ch1_idle_4v7,0.000000,0.00000,0.000000,0.00000,LOW,false,false,true,false,
6537,2026-09-11T16:15:54.380734+00:00,653.700290,control_com_near_0v_ch1_idle_4v7,0.000000,0.00000,0.000000,0.00000,LOW,false,false,true,false,
6538,2026-09-11T16:15:54.481029+00:00,653.800312,control_com_near_0v_ch1_idle_4v7,0.000000,0.00000,0.000000,0.00000,LOW,false,false,true,false,
6539,2026-09-11T16:15:54.580732+00:00,653.900286,control_com_near_0v_ch1_idle_4v7,0.000000,0.00000,0.000000,0.00000,LOW,false,false,true,false,
6540,2026-09-11T16:15:54.681050+00:00,654.000317,control_com_near_0v_ch1_idle_4v7,0.000000,0.00000,0.000000,0.00000,LOW,false,false,true,false,
6541,2026-09-11T16:15:54.780751+00:00,654.100299,control_com_near_0v_ch1_idle_4v7,0.000000,0.00000,0.000000,0.00000,LOW,false,false,true,false,
6542,2026-09-11T16:15:54.881027+00:00,654.200312,control_com_near_0v_ch1_idle_4v7,0.000000,0.00000,0.000000,0.00000,LOW,false,false,true,false,
6543,2026-09-11T16:15:54.980736+00:00,654.300292,control_com_near_0v_ch1_idle_4v7,0.000000,0.00000,0.000000,0.00000,LOW,false,false,true,false,
6544,2026-09-11T16:15:55.081044+00:00,654.400313,control_com_near_0v_ch1_idle_4v7,0.000000,0.00000,0.000000,0.00000,LOW,false,false,true,false,
6545,2026-09-11T16:15:55.180735+00:00,654.500278,control_com_near_0v_ch1_idle_4v7,0.000000,0.00000,0.000000,0.00000,LOW,false,false,true,false,
6546,2026-09-11T16:15:55.281029+00:00,654.600309,control_com_near_0v_ch1_idle_4v7,0.000000,0.00000,0.000000,0.00000,LOW,false,false,true,false,
6547,2026-09-11T16:15:55.380808+00:00,654.700311,control_com_near_0v_ch1_idle_4v7,0.000000,0.00000,0.000000,0.00000,LOW,false,false,true,false,
6548,2026-09-11T16:15:55.480983+00:00,654.800283,control_com_near_0v_ch1_idle_4v7,0.000000,0.00000,0.000000,0.00000,LOW,false,false,true,false,
6549,2026-09-11T16:15:55.580821+00:00,654.900311,control_com_near_0v_ch1_idle_4v7,0.000000,0.00000,0.000000,0.00000,LOW,false,false,true,false,
6550,2026-09-11T16:15:55.681035+00:00,655.000360,control_com_near_0v_ch1_idle_4v7,0.000000,0.00000,0.000000,0.00000,LOW,false,false,true,false,
6551,2026-09-11T16:15:55.780937+00:00,655.100400,control_com_near_0v_ch1_idle_4v7,0.000000,0.00000,0.000000,0.00000,LOW,false,false,true,false,
6552,2026-09-11T16:15:55.880940+00:00,655.200277,control_com_near_0v_ch1_idle_4v7,0.000000,0.00000,0.000000,0.00000,LOW,false,false,true,false,
6553,2026-09-11T16:15:55.981070+00:00,655.300331,control_com_near_0v_ch1_idle_4v7,0.000000,0.00000,0.000000,0.00000,LOW,false,false,true,false,
6554,2026-09-11T16:15:56.080819+00:00,655.400311,control_com_near_0v_ch1_idle_4v7,0.000000,0.00000,0.000000,0.00000,LOW,false,false,true,false,
6555,2026-09-11T16:15:56.180942+00:00,655.500282,control_com_near_0v_ch1_idle_4v7,0.000000,0.00000,0.000000,0.00000,LOW,false,false,true,false,
6556,2026-09-11T16:15:56.280807+00:00,655.600311,control_com_near_0v_ch1_idle_4v7,0.000000,0.00000,0.000000,0.00000,LOW,false,false,true,false,
6557,2026-09-11T16:15:56.380943+00:00,655.700281,control_com_near_0v_ch1_idle_4v7,0.000000,0.00000,0.000000,0.00000,LOW,false,false,true,false,
6558,2026-09-11T16:15:56.480824+00:00,655.800315,control_com_near_0v_ch1_idle_4v7,0.000000,0.00000,0.000000,0.00000,LOW,false,false,true,false,
6559,2026-09-11T16:15:56.580928+00:00,655.900277,control_com_near_0v_ch1_idle_4v7,0.000000,0.00000,0.000000,0.00000,LOW,false,false,true,false,
6560,2026-09-11T16:15:56.680826+00:00,656.000311,control_com_near_0v_ch1_idle_4v7,0.000000,0.00000,0.000000,0.00000,LOW,false,false,true,false,
6561,2026-09-11T16:15:56.780944+00:00,656.100283,control_com_near_0v_ch1_idle_4v7,0.000000,0.00000,0.000000,0.00000,LOW,false,false,true,false,
6562,2026-09-11T16:15:56.880826+00:00,656.200315,control_com_near_0v_ch1_idle_4v7,0.000000,0.00000,0.000000,0.00000,LOW,false,false,true,false,
6563,2026-09-11T16:15:56.980965+00:00,656.300289,control_com_near_0v_ch1_idle_4v7,0.000000,0.00000,0.000000,0.00000,LOW,false,false,true,false,
6564,2026-09-11T16:15:57.080817+00:00,656.400313,control_com_near_0v_ch1_idle_4v7,0.000000,0.00000,0.000000,0.00000,LOW,false,false,true,false,
6565,2026-09-11T16:15:57.180928+00:00,656.500277,control_com_near_0v_ch1_idle_4v7,0.000000,0.00000,0.000000,0.00000,LOW,false,false,true,false,
6566,2026-09-11T16:15:57.280810+00:00,656.600306,control_com_near_0v_ch1_idle_4v7,0.000000,0.00000,0.000000,0.00000,LOW,false,false,true,false,
6567,2026-09-11T16:15:57.380927+00:00,656.700277,control_com_near_0v_ch1_idle_4v7,0.000000,0.00000,0.000000,0.00000,LOW,false,false,true,false,
6568,2026-09-11T16:15:57.480873+00:00,656.800314,control_com_near_0v_ch1_idle_4v7,0.000000,0.00000,0.000000,0.00000,LOW,false,false,true,false,
6569,2026-09-11T16:15:57.580911+00:00,656.900283,control_com_near_0v_ch1_idle_4v7,0.000000,0.00000,0.000000,0.00000,LOW,false,false,true,false,
6570,2026-09-11T16:15:57.680970+00:00,657.000316,control_com_near_0v_ch1_idle_4v7,0.000000,0.00000,0.000000,0.00000,LOW,false,false,true,false,
6571,2026-09-11T16:15:57.780905+00:00,657.100284,control_com_near_0v_ch1_idle_4v7,0.000000,0.00000,0.000000,0.00000,LOW,false,false,true,false,
6572,2026-09-11T16:15:57.881058+00:00,657.200314,control_com_near_0v_ch1_idle_4v7,0.000000,0.00000,0.000000,0.00000,LOW,false,false,true,false,
6573,2026-09-11T16:15:57.980816+00:00,657.300288,control_com_near_0v_ch1_idle_4v7,0.000000,0.00000,0.000000,0.00000,LOW,false,false,true,false,
6574,2026-09-11T16:15:58.080958+00:00,657.400310,control_com_near_0v_ch1_idle_4v7,0.000000,0.00000,0.000000,0.00000,LOW,false,false,true,false,
6575,2026-09-11T16:15:58.180882+00:00,657.500283,control_com_near_0v_ch1_idle_4v7,0.000000,0.00000,0.000000,0.00000,LOW,false,false,true,false,
6576,2026-09-11T16:15:58.280952+00:00,657.600314,control_com_near_0v_ch1_idle_4v7,0.000000,0.00000,0.000000,0.00000,LOW,false,false,true,false,
6577,2026-09-11T16:15:58.380797+00:00,657.700282,control_com_near_0v_ch1_idle_4v7,0.000000,0.00000,0.000000,0.00000,LOW,false,false,true,false,
6578,2026-09-11T16:15:58.480965+00:00,657.800310,control_com_near_0v_ch1_idle_4v7,0.000000,0.00000,0.000000,0.00000,LOW,false,false,true,false,
6579,2026-09-11T16:15:58.580936+00:00,657.900350,control_com_near_0v_ch1_idle_4v7,0.000000,0.00000,0.000000,0.00000,LOW,false,false,true,false,
6580,2026-09-11T16:15:58.680983+00:00,658.000324,control_com_near_0v_ch1_idle_4v7,0.000000,0.00000,0.000000,0.00000,LOW,false,false,true,false,
6581,2026-09-11T16:15:58.780821+00:00,658.100298,control_com_near_0v_ch1_idle_4v7,0.000000,0.00000,0.000000,0.00000,LOW,false,false,true,false,
6582,2026-09-11T16:15:58.880958+00:00,658.200309,control_com_near_0v_ch1_idle_4v7,0.000000,0.00000,0.000000,0.00000,LOW,false,false,true,false,
6583,2026-09-11T16:15:58.980794+00:00,658.300278,control_com_near_0v_ch1_idle_4v7,0.000000,0.00000,0.000000,0.00000,LOW,false,false,true,false,
6584,2026-09-11T16:15:59.080952+00:00,658.400311,control_com_near_0v_ch1_idle_4v7,0.000000,0.00000,0.000000,0.00000,LOW,false,false,true,false,
6585,2026-09-11T16:15:59.180789+00:00,658.500278,control_com_near_0v_ch1_idle_4v7,0.000000,0.00000,0.000000,0.00000,LOW,false,false,true,false,
6586,2026-09-11T16:15:59.281001+00:00,658.600319,control_com_near_0v_ch1_idle_4v7,0.000000,0.00000,0.000000,0.00000,LOW,false,false,true,false,
6587,2026-09-11T16:15:59.380884+00:00,658.700323,control_com_near_0v_ch1_idle_4v7,0.000000,0.00000,0.000000,0.00000,LOW,false,false,true,false,
6588,2026-09-11T16:15:59.480980+00:00,658.800324,control_com_near_0v_ch1_idle_4v7,0.000000,0.00000,0.000000,0.00000,LOW,false,false,true,false,
6589,2026-09-11T16:15:59.580793+00:00,658.900284,control_com_near_0v_ch1_idle_4v7,0.000000,0.00000,0.000000,0.00000,LOW,false,false,true,false,
6590,2026-09-11T16:15:59.681142+00:00,659.000319,control_com_near_0v_ch1_idle_4v7,0.000000,0.00000,0.000000,0.00000,LOW,false,false,true,false,
6591,2026-09-11T16:15:59.780901+00:00,659.100334,control_com_near_0v_ch1_idle_4v7,0.000000,0.00000,0.000000,0.00000,LOW,false,false,true,false,
6592,2026-09-11T16:15:59.881013+00:00,659.200324,control_com_near_0v_ch1_idle_4v7,0.000000,0.00000,0.000000,0.00000,LOW,false,false,true,false,
6593,2026-09-11T16:15:59.981018+00:00,659.300397,control_com_near_0v_ch1_idle_4v7,0.000000,0.00000,0.000000,0.00000,LOW,false,false,true,false,
6594,2026-09-11T16:16:00.081068+00:00,659.400337,control_com_near_0v_ch1_idle_4v7,0.000000,0.00000,0.000000,0.00000,LOW,false,false,true,false,
6595,2026-09-11T16:16:00.180803+00:00,659.500310,control_com_near_0v_ch1_idle_4v7,0.000000,0.00000,0.000000,0.00000,LOW,false,false,true,false,
6596,2026-09-11T16:16:00.281059+00:00,659.600322,control_com_near_0v_ch1_idle_4v7,0.000000,0.00000,0.000000,0.00000,LOW,false,false,true,false,
6597,2026-09-11T16:16:00.380728+00:00,659.700288,control_com_near_0v_ch1_idle_4v7,0.000000,0.00000,0.000000,0.00000,LOW,false,false,true,false,
6598,2026-09-11T16:16:00.481185+00:00,659.800340,control_com_near_0v_ch1_idle_4v7,0.000000,0.00000,0.000000,0.00000,LOW,false,false,true,false,
6599,2026-09-11T16:16:00.580817+00:00,659.900293,control_com_near_0v_ch1_idle_4v7,0.000000,0.00000,0.000000,0.00000,LOW,false,false,true,false,
6600,2026-09-11T16:16:00.681125+00:00,660.000319,control_com_near_0v_ch1_idle_4v7,0.000000,0.00000,0.000000,0.00000,LOW,false,false,true,false,
6601,2026-09-11T16:16:00.780733+00:00,660.100287,control_com_near_0v_ch1_idle_4v7,0.000000,0.00000,0.000000,0.00000,LOW,false,false,true,false,
6602,2026-09-11T16:16:00.881058+00:00,660.200318,control_com_near_0v_ch1_idle_4v7,0.000000,0.00000,0.000000,0.00000,LOW,false,false,true,false,
6603,2026-09-11T16:16:00.980750+00:00,660.300297,control_com_near_0v_ch1_idle_4v7,0.000000,0.00000,0.000000,0.00000,LOW,false,false,true,false,
6604,2026-09-11T16:16:01.081059+00:00,660.400318,control_com_near_0v_ch1_idle_4v7,0.000000,0.00000,0.000000,0.00000,LOW,false,false,true,false,
6605,2026-09-11T16:16:01.180743+00:00,660.500291,control_com_near_0v_ch1_idle_4v7,0.000000,0.00000,0.000000,0.00000,LOW,false,false,true,false,
6606,2026-09-11T16:16:01.281055+00:00,660.600314,control_com_near_0v_ch1_idle_4v7,0.000000,0.00000,0.000000,0.00000,LOW,false,false,true,false,
6607,2026-09-11T16:16:01.380754+00:00,660.700288,control_com_near_0v_ch1_idle_4v7,0.000000,0.00000,0.000000,0.00000,LOW,false,false,true,false,
6608,2026-09-11T16:16:01.481062+00:00,660.800330,control_com_near_0v_ch1_idle_4v7,0.000000,0.00000,0.000000,0.00000,LOW,false,false,true,false,
6609,2026-09-11T16:16:01.580739+00:00,660.900291,control_com_near_0v_ch1_idle_4v7,0.000000,0.00000,0.000000,0.00000,LOW,false,false,true,false,
6610,2026-09-11T16:16:01.681045+00:00,661.000313,control_com_near_0v_ch1_idle_4v7,0.000000,0.00000,0.000000,0.00000,LOW,false,false,true,false,
6611,2026-09-11T16:16:01.780721+00:00,661.100283,control_com_near_0v_ch1_idle_4v7,0.000000,0.00000,0.000000,0.00000,LOW,false,false,true,false,
6612,2026-09-11T16:16:01.881036+00:00,661.200311,control_com_near_0v_ch1_idle_4v7,0.000000,0.00000,0.000000,0.00000,LOW,false,false,true,false,
6613,2026-09-11T16:16:01.980735+00:00,661.300285,control_com_near_0v_ch1_idle_4v7,0.000000,0.00000,0.000000,0.00000,LOW,false,false,true,false,
6614,2026-09-11T16:16:02.081046+00:00,661.400312,control_com_near_0v_ch1_idle_4v7,0.000000,0.00000,0.000000,0.00000,LOW,false,false,true,false,
6615,2026-09-11T16:16:02.180729+00:00,661.500288,control_com_near_0v_ch1_idle_4v7,0.000000,0.00000,0.000000,0.00000,LOW,false,false,true,false,
6616,2026-09-11T16:16:02.281031+00:00,661.600310,control_com_near_0v_ch1_idle_4v7,0.000000,0.00000,0.000000,0.00000,LOW,false,false,true,false,
6617,2026-09-11T16:16:02.380724+00:00,661.700285,control_com_near_0v_ch1_idle_4v7,0.000000,0.00000,0.000000,0.00000,LOW,false,false,true,false,
6618,2026-09-11T16:16:02.481047+00:00,661.800316,control_com_near_0v_ch1_idle_4v7,0.000000,0.00000,0.000000,0.00000,LOW,false,false,true,false,
6619,2026-09-11T16:16:02.580728+00:00,661.900288,control_com_near_0v_ch1_idle_4v7,0.000000,0.00000,0.000000,0.00000,LOW,false,false,true,false,
6620,2026-09-11T16:16:02.681044+00:00,662.000314,control_com_near_0v_ch1_idle_4v7,0.000000,0.00000,0.000000,0.00000,LOW,false,false,true,false,
6621,2026-09-11T16:16:02.780758+00:00,662.100302,control_com_near_0v_ch1_idle_4v7,0.000000,0.00000,0.000000,0.00000,LOW,false,false,true,false,
6622,2026-09-11T16:16:02.881080+00:00,662.200333,control_com_near_0v_ch1_idle_4v7,0.000000,0.00000,0.000000,0.00000,LOW,false,false,true,false,
6623,2026-09-11T16:16:02.980733+00:00,662.300291,control_com_near_0v_ch1_idle_4v7,0.000000,0.00000,0.000000,0.00000,LOW,false,false,true,false,
6624,2026-09-11T16:16:03.081041+00:00,662.400313,control_com_near_0v_ch1_idle_4v7,0.000000,0.00000,0.000000,0.00000,LOW,false,false,true,false,
6625,2026-09-11T16:16:03.181041+00:00,662.500315,control_com_near_0v_ch1_idle_4v7,0.000000,0.00000,0.000000,0.00000,LOW,false,false,true,false,
6626,2026-09-11T16:16:03.280732+00:00,662.600287,control_com_near_0v_ch1_idle_4v7,0.000000,0.00000,0.000000,0.00000,LOW,false,false,true,false,
6627,2026-09-11T16:16:03.381035+00:00,662.700315,control_com_near_0v_ch1_idle_4v7,0.000000,0.00000,0.000000,0.00000,LOW,false,false,true,false,
6628,2026-09-11T16:16:03.480733+00:00,662.800289,control_com_near_0v_ch1_idle_4v7,0.000000,0.00000,0.000000,0.00000,LOW,false,false,true,false,
6629,2026-09-11T16:16:03.581044+00:00,662.900316,control_com_near_0v_ch1_idle_4v7,0.000000,0.00000,0.000000,0.00000,LOW,false,false,true,false,
6630,2026-09-11T16:16:03.680882+00:00,663.000370,control_com_near_0v_ch1_idle_4v7,0.000000,0.00000,0.000000,0.00000,LOW,false,false,true,false,
6631,2026-09-11T16:16:03.781045+00:00,663.100326,control_com_near_0v_ch1_idle_4v7,0.000000,0.00000,0.000000,0.00000,LOW,false,false,true,false,
6632,2026-09-11T16:16:03.880743+00:00,663.200289,control_com_near_0v_ch1_idle_4v7,0.000000,0.00000,0.000000,0.00000,LOW,false,false,true,false,
6633,2026-09-11T16:16:03.981044+00:00,663.300311,control_com_near_0v_ch1_idle_4v7,0.000000,0.00000,0.000000,0.00000,LOW,false,false,true,false,
6634,2026-09-11T16:16:04.080751+00:00,663.400283,control_com_near_0v_ch1_idle_4v7,0.000000,0.00000,0.000000,0.00000,LOW,false,false,true,false,
6635,2026-09-11T16:16:04.181053+00:00,663.500322,control_com_near_0v_ch1_idle_4v7,-0.002000,-0.00606,0.000000,0.00000,LOW,false,false,true,false,
6636,2026-09-11T16:16:04.280725+00:00,663.600288,control_com_near_0v_ch1_idle_4v7,0.000000,0.00000,0.000000,0.00000,LOW,false,false,true,false,
6637,2026-09-11T16:16:04.381055+00:00,663.700309,control_com_near_0v_ch1_idle_4v7,0.000000,0.00000,0.000000,0.00000,LOW,false,false,true,false,
6638,2026-09-11T16:16:04.480733+00:00,663.800285,control_com_near_0v_ch1_idle_4v7,0.000000,0.00000,0.000000,0.00000,LOW,false,false,true,false,
6639,2026-09-11T16:16:04.581054+00:00,663.900316,control_com_near_0v_ch1_idle_4v7,0.000000,0.00000,0.000000,0.00000,LOW,false,false,true,false,
6640,2026-09-11T16:16:04.680739+00:00,664.000290,control_com_near_0v_ch1_idle_4v7,0.000000,0.00000,0.000000,0.00000,LOW,false,false,true,false,
6641,2026-09-11T16:16:04.781045+00:00,664.100310,control_com_near_0v_ch1_idle_4v7,0.000000,0.00000,0.000000,0.00000,LOW,false,false,true,false,
6642,2026-09-11T16:16:04.880800+00:00,664.200313,control_com_near_0v_ch1_idle_4v7,0.000000,0.00000,0.000000,0.00000,LOW,false,false,true,false,
6643,2026-09-11T16:16:04.981051+00:00,664.300323,control_com_near_0v_ch1_idle_4v7,0.000000,0.00000,0.000000,0.00000,LOW,false,false,true,false,
6644,2026-09-11T16:16:05.080736+00:00,664.400285,control_com_near_0v_ch1_idle_4v7,0.000000,0.00000,-0.002000,-0.01212,LOW,false,false,true,false,
6645,2026-09-11T16:16:05.181087+00:00,664.500324,control_com_near_0v_ch1_idle_4v7,0.000000,0.00000,0.000000,0.00000,LOW,false,false,true,false,
6646,2026-09-11T16:16:05.280939+00:00,664.600400,control_com_near_0v_ch1_idle_4v7,0.000000,0.00000,0.000000,0.00000,LOW,false,false,true,false,
6647,2026-09-11T16:16:05.381054+00:00,664.700332,control_com_near_0v_ch1_idle_4v7,0.000000,0.00000,0.000000,0.00000,LOW,false,false,true,false,
6648,2026-09-11T16:16:05.480810+00:00,664.800326,control_com_near_0v_ch1_idle_4v7,0.000000,0.00000,0.000000,0.00000,LOW,false,false,true,false,
6649,2026-09-11T16:16:05.581051+00:00,664.900319,control_com_near_0v_ch1_idle_4v7,-0.002000,-0.00606,0.000000,0.00000,LOW,false,false,true,false,
6650,2026-09-11T16:16:05.680962+00:00,665.000308,control_com_near_0v_ch1_idle_4v7,0.000000,0.00000,0.000000,0.00000,LOW,false,false,true,false,
6651,2026-09-11T16:16:05.780827+00:00,665.100339,control_com_near_0v_ch1_idle_4v7,0.000000,0.00000,0.000000,0.00000,LOW,false,false,true,false,
6652,2026-09-11T16:16:05.881062+00:00,665.200325,control_com_near_0v_ch1_idle_4v7,0.000000,0.00000,0.000000,0.00000,LOW,false,false,true,false,
6653,2026-09-11T16:16:05.980744+00:00,665.300293,control_com_near_0v_ch1_idle_4v7,0.000000,0.00000,0.000000,0.00000,LOW,false,false,true,false,
6654,2026-09-11T16:16:06.081279+00:00,665.400456,control_com_near_0v_ch1_idle_4v7,0.000000,0.00000,0.000000,0.00000,LOW,false,false,true,false,
6655,2026-09-11T16:16:06.180775+00:00,665.500313,control_com_near_0v_ch1_idle_4v7,0.000000,0.00000,0.000000,0.00000,LOW,false,false,true,false,
6656,2026-09-11T16:16:06.280707+00:00,665.600278,control_com_near_0v_ch1_idle_4v7,0.000000,0.00000,0.000000,0.00000,LOW,false,false,true,false,
6657,2026-09-11T16:16:06.381063+00:00,665.700317,control_com_near_0v_ch1_idle_4v7,0.000000,0.00000,0.000000,0.00000,LOW,false,false,true,false,
6658,2026-09-11T16:16:06.480723+00:00,665.800285,control_com_near_0v_ch1_idle_4v7,0.000000,0.00000,0.000000,0.00000,LOW,false,false,true,false,
6659,2026-09-11T16:16:06.581040+00:00,665.900312,control_com_near_0v_ch1_idle_4v7,0.000000,0.00000,0.000000,0.00000,LOW,false,false,true,false,
6660,2026-09-11T16:16:06.680748+00:00,666.000293,control_com_near_0v_ch1_idle_4v7,0.000000,0.00000,0.000000,0.00000,LOW,false,false,true,false,
6661,2026-09-11T16:16:06.781065+00:00,666.100330,control_com_near_0v_ch1_idle_4v7,0.000000,0.00000,0.000000,0.00000,LOW,false,false,true,false,
6662,2026-09-11T16:16:06.880721+00:00,666.200286,control_com_near_0v_ch1_idle_4v7,0.000000,0.00000,0.000000,0.00000,LOW,false,false,true,false,
6663,2026-09-11T16:16:06.981042+00:00,666.300311,control_com_near_0v_ch1_idle_4v7,0.000000,0.00000,0.000000,0.00000,LOW,false,false,true,false,
6664,2026-09-11T16:16:07.080713+00:00,666.400278,control_com_near_0v_ch1_idle_4v7,0.000000,0.00000,0.000000,0.00000,LOW,false,false,true,false,
6665,2026-09-11T16:16:07.181046+00:00,666.500314,control_com_near_0v_ch1_idle_4v7,0.000000,0.00000,0.000000,0.00000,LOW,false,false,true,false,
6666,2026-09-11T16:16:07.280734+00:00,666.600292,control_com_near_0v_ch1_idle_4v7,0.000000,0.00000,0.000000,0.00000,LOW,false,false,true,false,
6667,2026-09-11T16:16:07.381043+00:00,666.700314,control_com_near_0v_ch1_idle_4v7,0.000000,0.00000,0.000000,0.00000,LOW,false,false,true,false,
6668,2026-09-11T16:16:07.480720+00:00,666.800284,control_com_near_0v_ch1_idle_4v7,0.000000,0.00000,0.000000,0.00000,LOW,false,false,true,false,
6669,2026-09-11T16:16:07.581043+00:00,666.900314,control_com_near_0v_ch1_idle_4v7,0.000000,0.00000,0.000000,0.00000,LOW,false,false,true,false,
6670,2026-09-11T16:16:07.680749+00:00,667.000295,control_com_near_0v_ch1_idle_4v7,0.000000,0.00000,0.000000,0.00000,LOW,false,false,true,false,
6671,2026-09-11T16:16:07.781054+00:00,667.100315,control_com_near_0v_ch1_idle_4v7,0.000000,0.00000,0.000000,0.00000,LOW,false,false,true,false,
6672,2026-09-11T16:16:07.880737+00:00,667.200290,control_com_near_0v_ch1_idle_4v7,0.000000,0.00000,0.000000,0.00000,LOW,false,false,true,false,
6673,2026-09-11T16:16:07.981042+00:00,667.300311,control_com_near_0v_ch1_idle_4v7,0.000000,0.00000,0.000000,0.00000,LOW,false,false,true,false,
6674,2026-09-11T16:16:08.080723+00:00,667.400283,control_com_near_0v_ch1_idle_4v7,0.000000,0.00000,0.000000,0.00000,LOW,false,false,true,false,
6675,2026-09-11T16:16:08.181043+00:00,667.500316,control_com_near_0v_ch1_idle_4v7,0.000000,0.00000,0.000000,0.00000,LOW,false,false,true,false,
6676,2026-09-11T16:16:08.280731+00:00,667.600285,control_com_near_0v_ch1_idle_4v7,0.000000,0.00000,0.000000,0.00000,LOW,false,false,true,false,
6677,2026-09-11T16:16:08.381031+00:00,667.700309,control_com_near_0v_ch1_idle_4v7,0.000000,0.00000,0.000000,0.00000,LOW,false,false,true,false,
6678,2026-09-11T16:16:08.480730+00:00,667.800286,control_com_near_0v_ch1_idle_4v7,0.000000,0.00000,0.000000,0.00000,LOW,false,false,true,false,
6679,2026-09-11T16:16:08.581031+00:00,667.900310,control_com_near_0v_ch1_idle_4v7,0.000000,0.00000,0.000000,0.00000,LOW,false,false,true,false,
6680,2026-09-11T16:16:08.680735+00:00,668.000288,control_com_near_0v_ch1_idle_4v7,0.000000,0.00000,0.000000,0.00000,LOW,false,false,true,false,
6681,2026-09-11T16:16:08.781184+00:00,668.100388,control_com_near_0v_ch1_idle_4v7,0.000000,0.00000,0.000000,0.00000,LOW,false,false,true,false,
6682,2026-09-11T16:16:08.880750+00:00,668.200302,control_com_near_0v_ch1_idle_4v7,0.000000,0.00000,0.000000,0.00000,LOW,false,false,true,false,
6683,2026-09-11T16:16:08.981027+00:00,668.300308,control_com_near_0v_ch1_idle_4v7,0.000000,0.00000,0.000000,0.00000,LOW,false,false,true,false,
6684,2026-09-11T16:16:09.080725+00:00,668.400281,control_com_near_0v_ch1_idle_4v7,0.000000,0.00000,0.000000,0.00000,LOW,false,false,true,false,
6685,2026-09-11T16:16:09.181025+00:00,668.500310,control_com_near_0v_ch1_idle_4v7,0.000000,0.00000,0.000000,0.00000,LOW,false,false,true,false,
6686,2026-09-11T16:16:09.280775+00:00,668.600304,control_com_near_0v_ch1_idle_4v7,0.000000,0.00000,0.000000,0.00000,LOW,false,false,true,false,
6687,2026-09-11T16:16:09.381046+00:00,668.700314,control_com_near_0v_ch1_idle_4v7,0.000000,0.00000,0.000000,0.00000,LOW,false,false,true,false,
6688,2026-09-11T16:16:09.480728+00:00,668.800285,control_com_near_0v_ch1_idle_4v7,0.000000,0.00000,0.000000,0.00000,LOW,false,false,true,false,
6689,2026-09-11T16:16:09.581047+00:00,668.900314,control_com_near_0v_ch1_idle_4v7,0.000000,0.00000,0.000000,0.00000,LOW,false,false,true,false,
6690,2026-09-11T16:16:09.680752+00:00,669.000296,control_com_near_0v_ch1_idle_4v7,0.000000,0.00000,0.000000,0.00000,LOW,false,false,true,false,
6691,2026-09-11T16:16:09.781049+00:00,669.100318,control_com_near_0v_ch1_idle_4v7,0.000000,0.00000,0.000000,0.00000,LOW,false,false,true,false,
6692,2026-09-11T16:16:09.880812+00:00,669.200288,control_com_near_0v_ch1_idle_4v7,0.000000,0.00000,0.000000,0.00000,LOW,false,false,true,false,
6693,2026-09-11T16:16:09.981129+00:00,669.300367,control_com_near_0v_ch1_idle_4v7,0.000000,0.00000,0.000000,0.00000,LOW,false,false,true,false,
6694,2026-09-11T16:16:10.080736+00:00,669.400299,control_com_near_0v_ch1_idle_4v7,0.000000,0.00000,0.000000,0.00000,LOW,false,false,true,false,
6695,2026-09-11T16:16:10.181050+00:00,669.500320,control_com_near_0v_ch1_idle_4v7,0.000000,0.00000,0.000000,0.00000,LOW,false,false,true,false,
6696,2026-09-11T16:16:10.280765+00:00,669.600300,control_com_near_0v_ch1_idle_4v7,0.000000,0.00000,0.000000,0.00000,LOW,false,false,true,false,
6697,2026-09-11T16:16:10.381050+00:00,669.700312,control_com_near_0v_ch1_idle_4v7,0.000000,0.00000,0.000000,0.00000,LOW,false,false,true,false,
6698,2026-09-11T16:16:10.480766+00:00,669.800304,control_com_near_0v_ch1_idle_4v7,0.000000,0.00000,0.000000,0.00000,LOW,false,false,true,false,
6699,2026-09-11T16:16:10.581044+00:00,669.900312,control_com_near_0v_ch1_idle_4v7,0.000000,0.00000,0.000000,0.00000,LOW,false,false,true,false,
6700,2026-09-11T16:16:10.680725+00:00,670.000284,control_com_near_0v_ch1_idle_4v7,0.000000,0.00000,0.000000,0.00000,LOW,false,false,true,false,
6701,2026-09-11T16:16:10.781070+00:00,670.100328,control_com_near_0v_ch1_idle_4v7,0.000000,0.00000,0.000000,0.00000,LOW,false,false,true,false,
6702,2026-09-11T16:16:10.880731+00:00,670.200287,control_com_near_0v_ch1_idle_4v7,0.000000,0.00000,0.000000,0.00000,LOW,false,false,true,false,
6703,2026-09-11T16:16:10.981058+00:00,670.300322,control_com_near_0v_ch1_idle_4v7,0.000000,0.00000,0.000000,0.00000,LOW,false,false,true,false,
6704,2026-09-11T16:16:11.080738+00:00,670.400288,control_com_near_0v_ch1_idle_4v7,0.000000,0.00000,0.000000,0.00000,LOW,false,false,true,false,
6705,2026-09-11T16:16:11.181071+00:00,670.500311,control_com_near_0v_ch1_idle_4v7,0.000000,0.00000,0.000000,0.00000,LOW,false,false,true,false,
6706,2026-09-11T16:16:11.280792+00:00,670.600318,control_com_near_0v_ch1_idle_4v7,0.000000,0.00000,0.000000,0.00000,LOW,false,false,true,false,
6707,2026-09-11T16:16:11.381205+00:00,670.700407,control_com_near_0v_ch1_idle_4v7,0.000000,0.00000,0.000000,0.00000,LOW,false,false,true,false,
6708,2026-09-11T16:16:11.480820+00:00,670.800334,control_com_near_0v_ch1_idle_4v7,0.000000,0.00000,0.000000,0.00000,LOW,false,false,true,false,
6709,2026-09-11T16:16:11.581066+00:00,670.900332,control_com_near_0v_ch1_idle_4v7,0.000000,0.00000,0.000000,0.00000,LOW,false,false,true,false,
6710,2026-09-11T16:16:11.680967+00:00,671.000309,control_com_near_0v_ch1_idle_4v7,0.000000,0.00000,0.000000,0.00000,LOW,false,false,true,false,
6711,2026-09-11T16:16:11.780816+00:00,671.100330,control_com_near_0v_ch1_idle_4v7,0.000000,0.00000,0.000000,0.00000,LOW,false,false,true,false,
6712,2026-09-11T16:16:11.881059+00:00,671.200327,control_com_near_0v_ch1_idle_4v7,0.000000,0.00000,0.000000,0.00000,LOW,false,false,true,false,
6713,2026-09-11T16:16:11.980732+00:00,671.300291,control_com_near_0v_ch1_idle_4v7,0.000000,0.00000,0.000000,0.00000,LOW,false,false,true,false,
6714,2026-09-11T16:16:12.081039+00:00,671.400319,control_com_near_0v_ch1_idle_4v7,0.000000,0.00000,0.000000,0.00000,LOW,false,false,true,false,
6715,2026-09-11T16:16:12.180725+00:00,671.500283,control_com_near_0v_ch1_idle_4v7,0.000000,0.00000,0.000000,0.00000,LOW,false,false,true,false,
6716,2026-09-11T16:16:12.281041+00:00,671.600309,control_com_near_0v_ch1_idle_4v7,0.000000,0.00000,0.000000,0.00000,LOW,false,false,true,false,
6717,2026-09-11T16:16:12.380745+00:00,671.700296,control_com_near_0v_ch1_idle_4v7,0.000000,0.00000,0.000000,0.00000,LOW,false,false,true,false,
6718,2026-09-11T16:16:12.481030+00:00,671.800315,control_com_near_0v_ch1_idle_4v7,0.000000,0.00000,0.000000,0.00000,LOW,false,false,true,false,
6719,2026-09-11T16:16:12.580737+00:00,671.900292,control_com_near_0v_ch1_idle_4v7,0.000000,0.00000,0.000000,0.00000,LOW,false,false,true,false,
6720,2026-09-11T16:16:12.681031+00:00,672.000309,control_com_near_0v_ch1_idle_4v7,0.000000,0.00000,0.000000,0.00000,LOW,false,false,true,false,
6721,2026-09-11T16:16:12.780721+00:00,672.100283,control_com_near_0v_ch1_idle_4v7,0.000000,0.00000,0.000000,0.00000,LOW,false,false,true,false,
6722,2026-09-11T16:16:12.881076+00:00,672.200327,control_com_near_0v_ch1_idle_4v7,0.000000,0.00000,0.000000,0.00000,LOW,false,false,true,false,
6723,2026-09-11T16:16:12.980731+00:00,672.300287,control_com_near_0v_ch1_idle_4v7,0.000000,0.00000,0.000000,0.00000,LOW,false,false,true,false,
6724,2026-09-11T16:16:13.081040+00:00,672.400310,control_com_near_0v_ch1_idle_4v7,0.000000,0.00000,0.000000,0.00000,LOW,false,false,true,false,
6725,2026-09-11T16:16:13.180724+00:00,672.500286,control_com_near_0v_ch1_idle_4v7,0.000000,0.00000,0.000000,0.00000,LOW,false,false,true,false,
6726,2026-09-11T16:16:13.281026+00:00,672.600306,control_com_near_0v_ch1_idle_4v7,0.000000,0.00000,0.000000,0.00000,LOW,false,false,true,false,
6727,2026-09-11T16:16:13.380742+00:00,672.700294,control_com_near_0v_ch1_idle_4v7,0.000000,0.00000,0.000000,0.00000,LOW,false,false,true,false,
6728,2026-09-11T16:16:13.481031+00:00,672.800308,control_com_near_0v_ch1_idle_4v7,0.000000,0.00000,0.000000,0.00000,LOW,false,false,true,false,
6729,2026-09-11T16:16:13.580727+00:00,672.900286,control_com_near_0v_ch1_idle_4v7,0.000000,0.00000,0.000000,0.00000,LOW,false,false,true,false,
6730,2026-09-11T16:16:13.681027+00:00,673.000311,control_com_near_0v_ch1_idle_4v7,0.000000,0.00000,0.000000,0.00000,LOW,false,false,true,false,
6731,2026-09-11T16:16:13.780749+00:00,673.100294,control_com_near_0v_ch1_idle_4v7,0.000000,0.00000,0.000000,0.00000,LOW,false,false,true,false,
6732,2026-09-11T16:16:13.881183+00:00,673.200386,control_com_near_0v_ch1_idle_4v7,0.000000,0.00000,0.000000,0.00000,LOW,false,false,true,false,
6733,2026-09-11T16:16:13.981058+00:00,673.300328,control_com_near_0v_ch1_idle_4v7,0.000000,0.00000,0.000000,0.00000,LOW,false,false,true,false,
6734,2026-09-11T16:16:14.080743+00:00,673.400292,control_com_near_0v_ch1_idle_4v7,0.000000,0.00000,0.000000,0.00000,LOW,false,false,true,false,
6735,2026-09-11T16:16:14.181040+00:00,673.500314,control_com_near_0v_ch1_idle_4v7,0.000000,0.00000,0.000000,0.00000,LOW,false,false,true,false,
6736,2026-09-11T16:16:14.280729+00:00,673.600283,control_com_near_0v_ch1_idle_4v7,0.000000,0.00000,0.000000,0.00000,LOW,false,false,true,false,
6737,2026-09-11T16:16:14.381065+00:00,673.700319,control_com_near_0v_ch1_idle_4v7,0.000000,0.00000,0.000000,0.00000,LOW,false,false,true,false,
6738,2026-09-11T16:16:14.480725+00:00,673.800284,control_com_near_0v_ch1_idle_4v7,0.000000,0.00000,0.000000,0.00000,LOW,false,false,true,false,
6739,2026-09-11T16:16:14.581043+00:00,673.900312,control_com_near_0v_ch1_idle_4v7,0.000000,0.00000,0.000000,0.00000,LOW,false,false,true,false,
6740,2026-09-11T16:16:14.680752+00:00,674.000292,control_com_near_0v_ch1_idle_4v7,0.000000,0.00000,0.000000,0.00000,LOW,false,false,true,false,
6741,2026-09-11T16:16:14.781073+00:00,674.100327,control_com_near_0v_ch1_idle_4v7,0.000000,0.00000,0.000000,0.00000,LOW,false,false,true,false,
6742,2026-09-11T16:16:14.880780+00:00,674.200321,control_com_near_0v_ch1_idle_4v7,0.000000,0.00000,0.000000,0.00000,LOW,false,false,true,false,
6743,2026-09-11T16:16:14.981042+00:00,674.300310,control_com_near_0v_ch1_idle_4v7,0.000000,0.00000,0.000000,0.00000,LOW,false,false,true,false,
6744,2026-09-11T16:16:15.080821+00:00,674.400314,control_com_near_0v_ch1_idle_4v7,0.000000,0.00000,0.000000,0.00000,LOW,false,false,true,false,
6745,2026-09-11T16:16:15.180975+00:00,674.500284,control_com_near_0v_ch1_idle_4v7,0.000000,0.00000,0.000000,0.00000,LOW,false,false,true,false,
6746,2026-09-11T16:16:15.280818+00:00,674.600312,control_com_near_0v_ch1_idle_4v7,0.000000,0.00000,0.000000,0.00000,LOW,false,false,true,false,
6747,2026-09-11T16:16:15.381046+00:00,674.700364,control_com_near_0v_ch1_idle_4v7,0.000000,0.00000,0.000000,0.00000,LOW,false,false,true,false,
6748,2026-09-11T16:16:15.480934+00:00,674.800396,control_com_near_0v_ch1_idle_4v7,0.000000,0.00000,0.000000,0.00000,LOW,false,false,true,false,
6749,2026-09-11T16:16:15.580934+00:00,674.900282,control_com_near_0v_ch1_idle_4v7,0.000000,0.00000,0.000000,0.00000,LOW,false,false,true,false,
6750,2026-09-11T16:16:15.680830+00:00,675.000312,control_com_near_0v_ch1_idle_4v7,0.000000,0.00000,0.000000,0.00000,LOW,false,false,true,false,
6751,2026-09-11T16:16:15.780934+00:00,675.100279,control_com_near_0v_ch1_idle_4v7,0.000000,0.00000,0.000000,0.00000,LOW,false,false,true,false,
6752,2026-09-11T16:16:15.880815+00:00,675.200308,control_com_near_0v_ch1_idle_4v7,0.000000,0.00000,0.000000,0.00000,LOW,false,false,true,false,
6753,2026-09-11T16:16:15.980949+00:00,675.300283,control_com_near_0v_ch1_idle_4v7,0.000000,0.00000,0.000000,0.00000,LOW,false,false,true,false,
6754,2026-09-11T16:16:16.080812+00:00,675.400307,control_com_near_0v_ch1_idle_4v7,0.000000,0.00000,0.000000,0.00000,LOW,false,false,true,false,
6755,2026-09-11T16:16:16.180939+00:00,675.500282,control_com_near_0v_ch1_idle_4v7,0.000000,0.00000,0.000000,0.00000,LOW,false,false,true,false,
6756,2026-09-11T16:16:16.280804+00:00,675.600305,control_com_near_0v_ch1_idle_4v7,0.000000,0.00000,0.000000,0.00000,LOW,false,false,true,false,
6757,2026-09-11T16:16:16.380926+00:00,675.700275,control_com_near_0v_ch1_idle_4v7,0.000000,0.00000,0.000000,0.00000,LOW,false,false,true,false,
6758,2026-09-11T16:16:16.480814+00:00,675.800312,control_com_near_0v_ch1_idle_4v7,0.000000,0.00000,0.000000,0.00000,LOW,false,false,true,false,
6759,2026-09-11T16:16:16.581099+00:00,675.900359,control_com_near_0v_ch1_idle_4v7,0.000000,0.00000,0.000000,0.00000,LOW,false,false,true,false,
6760,2026-09-11T16:16:16.680835+00:00,676.000324,control_com_near_0v_ch1_idle_4v7,0.000000,0.00000,0.000000,0.00000,LOW,false,false,true,false,
6761,2026-09-11T16:16:16.780946+00:00,676.100286,control_com_near_0v_ch1_idle_4v7,0.000000,0.00000,0.000000,0.00000,LOW,false,false,true,false,
6762,2026-09-11T16:16:16.880818+00:00,676.200313,control_com_near_0v_ch1_idle_4v7,0.000000,0.00000,0.000000,0.00000,LOW,false,false,true,false,
6763,2026-09-11T16:16:16.980931+00:00,676.300281,control_com_near_0v_ch1_idle_4v7,0.000000,0.00000,0.000000,0.00000,LOW,false,false,true,false,
6764,2026-09-11T16:16:17.080820+00:00,676.400312,control_com_near_0v_ch1_idle_4v7,0.000000,0.00000,0.000000,0.00000,LOW,false,false,true,false,
6765,2026-09-11T16:16:17.180932+00:00,676.500280,control_com_near_0v_ch1_idle_4v7,0.000000,0.00000,0.000000,0.00000,LOW,false,false,true,false,
6766,2026-09-11T16:16:17.280918+00:00,676.600313,control_com_near_0v_ch1_idle_4v7,0.000000,0.00000,0.000000,0.00000,LOW,false,false,true,false,
6767,2026-09-11T16:16:17.380853+00:00,676.700352,control_com_near_0v_ch1_idle_4v7,0.000000,0.00000,0.000000,0.00000,LOW,false,false,true,false,
6768,2026-09-11T16:16:17.480965+00:00,676.800295,control_com_near_0v_ch1_idle_4v7,0.000000,0.00000,0.000000,0.00000,LOW,false,false,true,false,
6769,2026-09-11T16:16:17.580987+00:00,676.900350,control_com_near_0v_ch1_idle_4v7,0.000000,0.00000,0.000000,0.00000,LOW,false,false,true,false,
6770,2026-09-11T16:16:17.681111+00:00,677.000307,control_com_near_0v_ch1_idle_4v7,0.000000,0.00000,0.000000,0.00000,LOW,false,false,true,false,
6771,2026-09-11T16:16:17.781069+00:00,677.100365,control_com_near_0v_ch1_idle_4v7,0.000000,0.00000,0.000000,0.00000,LOW,false,false,true,false,
6772,2026-09-11T16:16:17.880926+00:00,677.200296,control_com_near_0v_ch1_idle_4v7,0.000000,0.00000,0.000000,0.00000,LOW,false,false,true,false,
6773,2026-09-11T16:16:17.981069+00:00,677.300332,control_com_near_0v_ch1_idle_4v7,0.000000,0.00000,0.000000,0.00000,LOW,false,false,true,false,
6774,2026-09-11T16:16:18.080967+00:00,677.400310,control_com_near_0v_ch1_idle_4v7,0.000000,0.00000,0.000000,0.00000,LOW,false,false,true,false,
6775,2026-09-11T16:16:18.180877+00:00,677.500279,control_com_near_0v_ch1_idle_4v7,0.000000,0.00000,0.000000,0.00000,LOW,false,false,true,false,
6776,2026-09-11T16:16:18.281022+00:00,677.600317,control_com_near_0v_ch1_idle_4v7,0.000000,0.00000,0.000000,0.00000,LOW,false,false,true,false,
6777,2026-09-11T16:16:18.380817+00:00,677.700293,control_com_near_0v_ch1_idle_4v7,0.000000,0.00000,0.000000,0.00000,LOW,false,false,true,false,
6778,2026-09-11T16:16:18.480997+00:00,677.800332,control_com_near_0v_ch1_idle_4v7,0.000000,0.00000,0.000000,0.00000,LOW,false,false,true,false,
6779,2026-09-11T16:16:18.580825+00:00,677.900295,control_com_near_0v_ch1_idle_4v7,0.000000,0.00000,0.000000,0.00000,LOW,false,false,true,false,
6780,2026-09-11T16:16:18.681060+00:00,678.000327,control_com_near_0v_ch1_idle_4v7,0.000000,0.00000,0.000000,0.00000,LOW,false,false,true,false,
6781,2026-09-11T16:16:18.780996+00:00,678.100317,control_com_near_0v_ch1_idle_4v7,0.000000,0.00000,0.000000,0.00000,LOW,false,false,true,false,
6782,2026-09-11T16:16:18.880816+00:00,678.200290,control_com_near_0v_ch1_idle_4v7,0.000000,0.00000,0.000000,0.00000,LOW,false,false,true,false,
6783,2026-09-11T16:16:18.981103+00:00,678.300385,control_com_near_0v_ch1_idle_4v7,0.000000,0.00000,0.000000,0.00000,LOW,false,false,true,false,
6784,2026-09-11T16:16:19.080825+00:00,678.400296,control_com_near_0v_ch1_idle_4v7,0.000000,0.00000,0.000000,0.00000,LOW,false,false,true,false,
6785,2026-09-11T16:16:19.180963+00:00,678.500315,control_com_near_0v_ch1_idle_4v7,0.000000,0.00000,0.000000,0.00000,LOW,false,false,true,false,
6786,2026-09-11T16:16:19.280815+00:00,678.600283,control_com_near_0v_ch1_idle_4v7,0.000000,0.00000,0.000000,0.00000,LOW,false,false,true,false,
6787,2026-09-11T16:16:19.380960+00:00,678.700311,control_com_near_0v_ch1_idle_4v7,0.000000,0.00000,0.000000,0.00000,LOW,false,false,true,false,
6788,2026-09-11T16:16:19.480828+00:00,678.800290,control_com_near_0v_ch1_idle_4v7,0.000000,0.00000,0.000000,0.00000,LOW,false,false,true,false,
6789,2026-09-11T16:16:19.580964+00:00,678.900319,control_com_near_0v_ch1_idle_4v7,0.000000,0.00000,0.000000,0.00000,LOW,false,false,true,false,
6790,2026-09-11T16:16:19.681040+00:00,679.000406,control_com_near_0v_ch1_idle_4v7,0.000000,0.00000,0.000000,0.00000,LOW,false,false,true,false,
6791,2026-09-11T16:16:19.781004+00:00,679.100333,control_com_near_0v_ch1_idle_4v7,0.000000,0.00000,0.000000,0.00000,LOW,false,false,true,false,
6792,2026-09-11T16:16:19.880808+00:00,679.200288,control_com_near_0v_ch1_idle_4v7,0.000000,0.00000,0.000000,0.00000,LOW,false,false,true,false,
6793,2026-09-11T16:16:19.981036+00:00,679.300314,control_com_near_0v_ch1_idle_4v7,0.000000,0.00000,0.000000,0.00000,LOW,false,false,true,false,
6794,2026-09-11T16:16:20.080745+00:00,679.400285,control_com_near_0v_ch1_idle_4v7,0.000000,0.00000,0.000000,0.00000,LOW,false,false,true,false,
6795,2026-09-11T16:16:20.181050+00:00,679.500312,control_com_near_0v_ch1_idle_4v7,0.000000,0.00000,0.000000,0.00000,LOW,false,false,true,false,
6796,2026-09-11T16:16:20.280740+00:00,679.600290,control_com_near_0v_ch1_idle_4v7,0.000000,0.00000,0.000000,0.00000,LOW,false,false,true,false,
6797,2026-09-11T16:16:20.381130+00:00,679.700312,control_com_near_0v_ch1_idle_4v7,0.000000,0.00000,0.000000,0.00000,LOW,false,false,true,false,
6798,2026-09-11T16:16:20.480720+00:00,679.800283,control_com_near_0v_ch1_idle_4v7,0.000000,0.00000,0.000000,0.00000,LOW,false,false,true,false,
6799,2026-09-11T16:16:20.581059+00:00,679.900324,control_com_near_0v_ch1_idle_4v7,0.000000,0.00000,0.000000,0.00000,LOW,false,false,true,false,
6800,2026-09-11T16:16:20.681066+00:00,680.000332,control_com_near_0v_ch1_idle_4v7,0.000000,0.00000,0.000000,0.00000,LOW,false,false,true,false,
6801,2026-09-11T16:16:20.781036+00:00,680.100308,control_com_near_0v_ch1_idle_4v7,0.000000,0.00000,0.000000,0.00000,LOW,false,false,true,false,
6802,2026-09-11T16:16:20.880728+00:00,680.200290,control_com_near_0v_ch1_idle_4v7,0.000000,0.00000,0.000000,0.00000,LOW,false,false,true,false,
6803,2026-09-11T16:16:20.981182+00:00,680.300312,control_com_near_0v_ch1_idle_4v7,0.000000,0.00000,0.000000,0.00000,LOW,false,false,true,false,
6804,2026-09-11T16:16:21.080817+00:00,680.400336,control_com_near_0v_ch1_idle_4v7,0.000000,0.00000,0.000000,0.00000,LOW,false,false,true,false,
6805,2026-09-11T16:16:21.181055+00:00,680.500328,control_com_near_0v_ch1_idle_4v7,0.000000,0.00000,0.000000,0.00000,LOW,false,false,true,false,
6806,2026-09-11T16:16:21.280732+00:00,680.600287,control_com_near_0v_ch1_idle_4v7,0.000000,0.00000,0.000000,0.00000,LOW,false,false,true,false,
6807,2026-09-11T16:16:21.381172+00:00,680.700312,control_com_near_0v_ch1_idle_4v7,0.000000,0.00000,0.000000,0.00000,LOW,false,false,true,false,
6808,2026-09-11T16:16:21.480867+00:00,680.800339,control_com_near_0v_ch1_idle_4v7,0.000000,0.00000,0.000000,0.00000,LOW,false,false,true,false,
6809,2026-09-11T16:16:21.581102+00:00,680.900350,control_com_near_0v_ch1_idle_4v7,0.000000,0.00000,0.000000,0.00000,LOW,false,false,true,false,
6810,2026-09-11T16:16:21.680861+00:00,681.000352,control_com_near_0v_ch1_idle_4v7,0.000000,0.00000,0.000000,0.00000,LOW,false,false,true,false,
6811,2026-09-11T16:16:21.781057+00:00,681.100328,control_com_near_0v_ch1_idle_4v7,0.000000,0.00000,0.000000,0.00000,LOW,false,false,true,false,
6812,2026-09-11T16:16:21.880945+00:00,681.200402,control_com_near_0v_ch1_idle_4v7,0.000000,0.00000,0.000000,0.00000,LOW,false,false,true,false,
6813,2026-09-11T16:16:21.981143+00:00,681.300352,control_com_near_0v_ch1_idle_4v7,0.000000,0.00000,0.000000,0.00000,LOW,false,false,true,false,
6814,2026-09-11T16:16:22.080981+00:00,681.400428,control_com_near_0v_ch1_idle_4v7,0.000000,0.00000,0.000000,0.00000,LOW,false,false,true,false,
6815,2026-09-11T16:16:22.180780+00:00,681.500315,control_com_near_0v_ch1_idle_4v7,0.000000,0.00000,0.000000,0.00000,LOW,false,false,true,false,
6816,2026-09-11T16:16:22.281245+00:00,681.600433,control_com_near_0v_ch1_idle_4v7,0.000000,0.00000,0.000000,0.00000,LOW,false,false,true,false,
6817,2026-09-11T16:16:22.380759+00:00,681.700310,control_com_near_0v_ch1_idle_4v7,0.000000,0.00000,0.000000,0.00000,LOW,false,false,true,false,
6818,2026-09-11T16:16:22.481037+00:00,681.800317,control_com_near_0v_ch1_idle_4v7,0.000000,0.00000,0.000000,0.00000,LOW,false,false,true,false,
6819,2026-09-11T16:16:22.580825+00:00,681.900331,control_com_near_0v_ch1_idle_4v7,0.000000,0.00000,0.000000,0.00000,LOW,false,false,true,false,
6820,2026-09-11T16:16:22.681062+00:00,682.000324,control_com_near_0v_ch1_idle_4v7,0.000000,0.00000,0.000000,0.00000,LOW,false,false,true,false,
6821,2026-09-11T16:16:22.780814+00:00,682.100337,control_com_near_0v_ch1_idle_4v7,0.000000,0.00000,0.000000,0.00000,LOW,false,false,true,false,
6822,2026-09-11T16:16:22.881067+00:00,682.200329,control_com_near_0v_ch1_idle_4v7,0.000000,0.00000,0.000000,0.00000,LOW,false,false,true,false,
6823,2026-09-11T16:16:22.980727+00:00,682.300289,control_com_near_0v_ch1_idle_4v7,0.000000,0.00000,0.000000,0.00000,LOW,false,false,true,false,
6824,2026-09-11T16:16:23.081057+00:00,682.400316,control_com_near_0v_ch1_idle_4v7,0.000000,0.00000,0.000000,0.00000,LOW,false,false,true,false,
6825,2026-09-11T16:16:23.180724+00:00,682.500285,control_com_near_0v_ch1_idle_4v7,0.000000,0.00000,0.000000,0.00000,LOW,false,false,true,false,
6826,2026-09-11T16:16:23.281284+00:00,682.600461,control_com_near_0v_ch1_idle_4v7,0.000000,0.00000,0.000000,0.00000,LOW,false,false,true,false,
6827,2026-09-11T16:16:23.380820+00:00,682.700337,control_com_near_0v_ch1_idle_4v7,0.000000,0.00000,0.000000,0.00000,LOW,false,false,true,false,
6828,2026-09-11T16:16:23.481090+00:00,682.800323,control_com_near_0v_ch1_idle_4v7,0.000000,0.00000,0.000000,0.00000,LOW,false,false,true,false,
6829,2026-09-11T16:16:23.580759+00:00,682.900302,control_com_near_0v_ch1_idle_4v7,0.000000,0.00000,0.000000,0.00000,LOW,false,false,true,false,
6830,2026-09-11T16:16:23.681209+00:00,683.000345,control_com_near_0v_ch1_idle_4v7,0.000000,0.00000,0.000000,0.00000,LOW,false,false,true,false,
6831,2026-09-11T16:16:23.780858+00:00,683.100359,control_com_near_0v_ch1_idle_4v7,0.000000,0.00000,0.000000,0.00000,LOW,false,false,true,false,
6832,2026-09-11T16:16:23.881231+00:00,683.200418,control_com_near_0v_ch1_idle_4v7,0.000000,0.00000,0.000000,0.00000,LOW,false,false,true,false,
6833,2026-09-11T16:16:23.980767+00:00,683.300312,control_com_near_0v_ch1_idle_4v7,0.000000,0.00000,0.000000,0.00000,LOW,false,false,true,false,
6834,2026-09-11T16:16:24.080859+00:00,683.400354,control_com_near_0v_ch1_idle_4v7,0.000000,0.00000,0.000000,0.00000,LOW,false,false,true,false,
6835,2026-09-11T16:16:24.181053+00:00,683.500329,control_com_near_0v_ch1_idle_4v7,0.000000,0.00000,0.000000,0.00000,LOW,false,false,true,false,
6836,2026-09-11T16:16:24.280727+00:00,683.600285,control_com_near_0v_ch1_idle_4v7,0.000000,0.00000,0.000000,0.00000,LOW,false,false,true,false,
6837,2026-09-11T16:16:24.381107+00:00,683.700344,control_com_near_0v_ch1_idle_4v7,0.000000,0.00000,0.000000,0.00000,LOW,false,false,true,false,
6838,2026-09-11T16:16:24.480735+00:00,683.800295,control_com_near_0v_ch1_idle_4v7,0.000000,0.00000,0.000000,0.00000,LOW,false,false,true,false,
6839,2026-09-11T16:16:24.581042+00:00,683.900315,control_com_near_0v_ch1_idle_4v7,0.000000,0.00000,0.000000,0.00000,LOW,false,false,true,false,
6840,2026-09-11T16:16:24.680745+00:00,684.000295,control_com_near_0v_ch1_idle_4v7,0.000000,0.00000,0.000000,0.00000,LOW,false,false,true,false,
6841,2026-09-11T16:16:24.781040+00:00,684.100317,control_com_near_0v_ch1_idle_4v7,0.000000,0.00000,0.000000,0.00000,LOW,false,false,true,false,
6842,2026-09-11T16:16:24.880719+00:00,684.200282,control_com_near_0v_ch1_idle_4v7,0.000000,0.00000,0.000000,0.00000,LOW,false,false,true,false,
6843,2026-09-11T16:16:24.981179+00:00,684.300323,control_com_near_0v_ch1_idle_4v7,0.000000,0.00000,0.000000,0.00000,LOW,false,false,true,false,
6844,2026-09-11T16:16:25.081107+00:00,684.400362,control_com_near_0v_ch1_idle_4v7,0.000000,0.00000,0.000000,0.00000,LOW,false,false,true,false,
6845,2026-09-11T16:16:25.180945+00:00,684.500388,control_com_near_0v_ch1_idle_4v7,0.000000,0.00000,0.000000,0.00000,LOW,false,false,true,false,
6846,2026-09-11T16:16:25.281055+00:00,684.600334,control_com_near_0v_ch1_idle_4v7,0.000000,0.00000,0.000000,0.00000,LOW,false,false,true,false,
6847,2026-09-11T16:16:25.380744+00:00,684.700296,control_com_near_0v_ch1_idle_4v7,0.000000,0.00000,0.000000,0.00000,LOW,false,false,true,false,
6848,2026-09-11T16:16:25.481042+00:00,684.800313,control_com_near_0v_ch1_idle_4v7,0.000000,0.00000,0.000000,0.00000,LOW,false,false,true,false,
6849,2026-09-11T16:16:25.580729+00:00,684.900286,control_com_near_0v_ch1_idle_4v7,0.000000,0.00000,0.000000,0.00000,LOW,false,false,true,false,
6850,2026-09-11T16:16:25.681132+00:00,685.000357,control_com_near_0v_ch1_idle_4v7,0.000000,0.00000,0.000000,0.00000,LOW,false,false,true,false,
6851,2026-09-11T16:16:25.780749+00:00,685.100297,control_com_near_0v_ch1_idle_4v7,0.000000,0.00000,0.000000,0.00000,LOW,false,false,true,false,
6852,2026-09-11T16:16:25.881041+00:00,685.200315,control_com_near_0v_ch1_idle_4v7,0.000000,0.00000,0.000000,0.00000,LOW,false,false,true,false,
6853,2026-09-11T16:16:25.980740+00:00,685.300290,control_com_near_0v_ch1_idle_4v7,0.000000,0.00000,0.000000,0.00000,LOW,false,false,true,false,
6854,2026-09-11T16:16:26.081046+00:00,685.400313,control_com_near_0v_ch1_idle_4v7,0.000000,0.00000,0.000000,0.00000,LOW,false,false,true,false,
6855,2026-09-11T16:16:26.180747+00:00,685.500291,control_com_near_0v_ch1_idle_4v7,0.000000,0.00000,0.000000,0.00000,LOW,false,false,true,false,
6856,2026-09-11T16:16:26.281049+00:00,685.600314,control_com_near_0v_ch1_idle_4v7,0.000000,0.00000,0.000000,0.00000,LOW,false,false,true,false,
6857,2026-09-11T16:16:26.380734+00:00,685.700286,control_com_near_0v_ch1_idle_4v7,0.000000,0.00000,0.000000,0.00000,LOW,false,false,true,false,
6858,2026-09-11T16:16:26.481046+00:00,685.800316,control_com_near_0v_ch1_idle_4v7,0.000000,0.00000,0.000000,0.00000,LOW,false,false,true,false,
6859,2026-09-11T16:16:26.580743+00:00,685.900288,control_com_near_0v_ch1_idle_4v7,0.000000,0.00000,0.000000,0.00000,LOW,false,false,true,false,
6860,2026-09-11T16:16:26.681060+00:00,686.000320,control_com_near_0v_ch1_idle_4v7,0.000000,0.00000,0.000000,0.00000,LOW,false,false,true,false,
6861,2026-09-11T16:16:26.780760+00:00,686.100301,control_com_near_0v_ch1_idle_4v7,0.000000,0.00000,0.000000,0.00000,LOW,false,false,true,false,
6862,2026-09-11T16:16:26.881049+00:00,686.200317,control_com_near_0v_ch1_idle_4v7,0.000000,0.00000,0.000000,0.00000,LOW,false,false,true,false,
6863,2026-09-11T16:16:26.980735+00:00,686.300289,control_com_near_0v_ch1_idle_4v7,0.000000,0.00000,0.000000,0.00000,LOW,false,false,true,false,
6864,2026-09-11T16:16:27.081039+00:00,686.400313,control_com_near_0v_ch1_idle_4v7,0.000000,0.00000,0.000000,0.00000,LOW,false,false,true,false,
6865,2026-09-11T16:16:27.180956+00:00,686.500419,control_com_near_0v_ch1_idle_4v7,0.000000,0.00000,0.000000,0.00000,LOW,false,false,true,false,
6866,2026-09-11T16:16:27.281053+00:00,686.600329,control_com_near_0v_ch1_idle_4v7,0.000000,0.00000,0.000000,0.00000,LOW,false,false,true,false,
6867,2026-09-11T16:16:27.380730+00:00,686.700287,control_com_near_0v_ch1_idle_4v7,0.000000,0.00000,0.000000,0.00000,LOW,false,false,true,false,
6868,2026-09-11T16:16:27.481048+00:00,686.800319,control_com_near_0v_ch1_idle_4v7,0.000000,0.00000,0.000000,0.00000,LOW,false,false,true,false,
6869,2026-09-11T16:16:27.580736+00:00,686.900291,control_com_near_0v_ch1_idle_4v7,0.000000,0.00000,0.000000,0.00000,LOW,false,false,true,false,
6870,2026-09-11T16:16:27.681049+00:00,687.000313,control_com_near_0v_ch1_idle_4v7,0.000000,0.00000,0.000000,0.00000,LOW,false,false,true,false,
6871,2026-09-11T16:16:27.780730+00:00,687.100290,control_com_near_0v_ch1_idle_4v7,0.000000,0.00000,0.000000,0.00000,LOW,false,false,true,false,
6872,2026-09-11T16:16:27.881056+00:00,687.200323,control_com_near_0v_ch1_idle_4v7,0.000000,0.00000,0.000000,0.00000,LOW,false,false,true,false,
6873,2026-09-11T16:16:27.980955+00:00,687.300380,control_com_near_0v_ch1_idle_4v7,0.000000,0.00000,0.000000,0.00000,LOW,false,false,true,false,
6874,2026-09-11T16:16:28.081082+00:00,687.400344,control_com_near_0v_ch1_idle_4v7,0.000000,0.00000,0.000000,0.00000,LOW,false,false,true,false,
6875,2026-09-11T16:16:28.180743+00:00,687.500293,control_com_near_0v_ch1_idle_4v7,0.000000,0.00000,0.000000,0.00000,LOW,false,false,true,false,
6876,2026-09-11T16:16:28.281039+00:00,687.600314,control_com_near_0v_ch1_idle_4v7,0.000000,0.00000,0.000000,0.00000,LOW,false,false,true,false,
6877,2026-09-11T16:16:28.380722+00:00,687.700286,control_com_near_0v_ch1_idle_4v7,0.000000,0.00000,0.000000,0.00000,LOW,false,false,true,false,
6878,2026-09-11T16:16:28.481102+00:00,687.800341,control_com_near_0v_ch1_idle_4v7,0.000000,0.00000,0.000000,0.00000,LOW,false,false,true,false,
6879,2026-09-11T16:16:28.580743+00:00,687.900296,control_com_near_0v_ch1_idle_4v7,0.000000,0.00000,0.000000,0.00000,LOW,false,false,true,false,
6880,2026-09-11T16:16:28.681045+00:00,688.000318,control_com_near_0v_ch1_idle_4v7,0.000000,0.00000,0.000000,0.00000,LOW,false,false,true,false,
6881,2026-09-11T16:16:28.780891+00:00,688.100370,control_com_near_0v_ch1_idle_4v7,0.000000,0.00000,0.000000,0.00000,LOW,false,false,true,false,
6882,2026-09-11T16:16:28.880733+00:00,688.200294,control_com_near_0v_ch1_idle_4v7,0.000000,0.00000,0.000000,0.00000,LOW,false,false,true,false,
6883,2026-09-11T16:16:28.981118+00:00,688.300348,control_com_near_0v_ch1_idle_4v7,0.000000,0.00000,0.000000,0.00000,LOW,false,false,true,false,
6884,2026-09-11T16:16:29.080745+00:00,688.400291,control_com_near_0v_ch1_idle_4v7,0.000000,0.00000,0.000000,0.00000,LOW,false,false,true,false,
6885,2026-09-11T16:16:29.181189+00:00,688.500392,control_com_near_0v_ch1_idle_4v7,0.000000,0.00000,0.000000,0.00000,LOW,false,false,true,false,
6886,2026-09-11T16:16:29.280796+00:00,688.600323,control_com_near_0v_ch1_idle_4v7,0.000000,0.00000,0.000000,0.00000,LOW,false,false,true,false,
6887,2026-09-11T16:16:29.381205+00:00,688.700333,control_com_near_0v_ch1_idle_4v7,0.000000,0.00000,0.000000,0.00000,LOW,false,false,true,false,
6888,2026-09-11T16:16:29.481145+00:00,688.800383,control_com_near_0v_ch1_idle_4v7,0.000000,0.00000,0.000000,0.00000,LOW,false,false,true,false,
6889,2026-09-11T16:16:29.580755+00:00,688.900309,control_com_near_0v_ch1_idle_4v7,0.000000,0.00000,0.000000,0.00000,LOW,false,false,true,false,
6890,2026-09-11T16:16:29.681303+00:00,689.000338,control_com_near_0v_ch1_idle_4v7,0.000000,0.00000,0.000000,0.00000,LOW,false,false,true,false,
6891,2026-09-11T16:16:29.781169+00:00,689.100384,control_com_near_0v_ch1_idle_4v7,0.000000,0.00000,0.000000,0.00000,LOW,false,false,true,false,
6892,2026-09-11T16:16:29.880749+00:00,689.200308,control_com_near_0v_ch1_idle_4v7,0.000000,0.00000,0.000000,0.00000,LOW,false,false,true,false,
6893,2026-09-11T16:16:29.981037+00:00,689.300313,control_com_near_0v_ch1_idle_4v7,0.000000,0.00000,0.000000,0.00000,LOW,false,false,true,false,
6894,2026-09-11T16:16:30.080732+00:00,689.400291,control_com_near_0v_ch1_idle_4v7,0.000000,0.00000,0.000000,0.00000,LOW,false,false,true,false,
6895,2026-09-11T16:16:30.181041+00:00,689.500312,control_com_near_0v_ch1_idle_4v7,0.000000,0.00000,0.000000,0.00000,LOW,false,false,true,false,
6896,2026-09-11T16:16:30.280746+00:00,689.600286,control_com_near_0v_ch1_idle_4v7,0.000000,0.00000,0.000000,0.00000,LOW,false,false,true,false,
6897,2026-09-11T16:16:30.381037+00:00,689.700318,control_com_near_0v_ch1_idle_4v7,0.000000,0.00000,0.000000,0.00000,LOW,false,false,true,false,
6898,2026-09-11T16:16:30.480726+00:00,689.800287,control_com_near_0v_ch1_idle_4v7,0.000000,0.00000,0.000000,0.00000,LOW,false,false,true,false,
6899,2026-09-11T16:16:30.581040+00:00,689.900316,control_com_near_0v_ch1_idle_4v7,0.000000,0.00000,0.000000,0.00000,LOW,false,false,true,false,
6900,2026-09-11T16:16:30.680731+00:00,690.000286,control_com_near_0v_ch1_idle_4v7,0.000000,0.00000,0.000000,0.00000,LOW,false,false,true,false,
6901,2026-09-11T16:16:30.781098+00:00,690.100346,control_com_near_0v_ch1_idle_4v7,0.000000,0.00000,0.000000,0.00000,LOW,false,false,true,false,
6902,2026-09-11T16:16:30.880744+00:00,690.200280,control_com_near_0v_ch1_idle_4v7,0.000000,0.00000,0.000000,0.00000,LOW,false,false,true,false,
6903,2026-09-11T16:16:30.981044+00:00,690.300323,control_com_near_0v_ch1_idle_4v7,0.000000,0.00000,0.000000,0.00000,LOW,false,false,true,false,
6904,2026-09-11T16:16:31.080721+00:00,690.400284,control_com_near_0v_ch1_idle_4v7,0.000000,0.00000,0.000000,0.00000,LOW,false,false,true,false,
6905,2026-09-11T16:16:31.181038+00:00,690.500314,control_com_near_0v_ch1_idle_4v7,0.000000,0.00000,0.000000,0.00000,LOW,false,false,true,false,
6906,2026-09-11T16:16:31.280736+00:00,690.600291,control_com_near_0v_ch1_idle_4v7,0.000000,0.00000,0.000000,0.00000,LOW,false,false,true,false,
6907,2026-09-11T16:16:31.381044+00:00,690.700313,control_com_near_0v_ch1_idle_4v7,0.000000,0.00000,0.000000,0.00000,LOW,false,false,true,false,
6908,2026-09-11T16:16:31.480720+00:00,690.800285,control_com_near_0v_ch1_idle_4v7,0.000000,0.00000,0.000000,0.00000,LOW,false,false,true,false,
6909,2026-09-11T16:16:31.581062+00:00,690.900324,control_com_near_0v_ch1_idle_4v7,0.000000,0.00000,0.000000,0.00000,LOW,false,false,true,false,
6910,2026-09-11T16:16:31.680724+00:00,691.000286,control_com_near_0v_ch1_idle_4v7,0.000000,0.00000,0.000000,0.00000,LOW,false,false,true,false,
6911,2026-09-11T16:16:31.781046+00:00,691.100319,control_com_near_0v_ch1_idle_4v7,0.000000,0.00000,0.000000,0.00000,LOW,false,false,true,false,
6912,2026-09-11T16:16:31.880724+00:00,691.200284,control_com_near_0v_ch1_idle_4v7,0.000000,0.00000,0.000000,0.00000,LOW,false,false,true,false,
6913,2026-09-11T16:16:31.981043+00:00,691.300316,control_com_near_0v_ch1_idle_4v7,0.000000,0.00000,0.000000,0.00000,LOW,false,false,true,false,
6914,2026-09-11T16:16:32.080752+00:00,691.400282,control_com_near_0v_ch1_idle_4v7,0.000000,0.00000,0.000000,0.00000,LOW,false,false,true,false,
6915,2026-09-11T16:16:32.181056+00:00,691.500316,control_com_near_0v_ch1_idle_4v7,0.000000,0.00000,0.000000,0.00000,LOW,false,false,true,false,
6916,2026-09-11T16:16:32.280747+00:00,691.600294,control_com_near_0v_ch1_idle_4v7,0.000000,0.00000,0.000000,0.00000,LOW,false,false,true,false,
6917,2026-09-11T16:16:32.381043+00:00,691.700311,control_com_near_0v_ch1_idle_4v7,0.000000,0.00000,0.000000,0.00000,LOW,false,false,true,false,
6918,2026-09-11T16:16:32.480733+00:00,691.800286,control_com_near_0v_ch1_idle_4v7,0.000000,0.00000,0.000000,0.00000,LOW,false,false,true,false,
6919,2026-09-11T16:16:32.581052+00:00,691.900317,control_com_near_0v_ch1_idle_4v7,0.000000,0.00000,0.000000,0.00000,LOW,false,false,true,false,
6920,2026-09-11T16:16:32.680733+00:00,692.000285,control_com_near_0v_ch1_idle_4v7,0.000000,0.00000,0.000000,0.00000,LOW,false,false,true,false,
6921,2026-09-11T16:16:32.781036+00:00,692.100312,control_com_near_0v_ch1_idle_4v7,0.000000,0.00000,0.000000,0.00000,LOW,false,false,true,false,
6922,2026-09-11T16:16:32.880751+00:00,692.200297,control_com_near_0v_ch1_idle_4v7,0.000000,0.00000,0.000000,0.00000,LOW,false,false,true,false,
6923,2026-09-11T16:16:32.981037+00:00,692.300310,control_com_near_0v_ch1_idle_4v7,0.000000,0.00000,0.000000,0.00000,LOW,false,false,true,false,
6924,2026-09-11T16:16:33.080723+00:00,692.400285,control_com_near_0v_ch1_idle_4v7,0.000000,0.00000,0.000000,0.00000,LOW,false,false,true,false,
6925,2026-09-11T16:16:33.181057+00:00,692.500308,control_com_near_0v_ch1_idle_4v7,0.000000,0.00000,0.000000,0.00000,LOW,false,false,true,false,
6926,2026-09-11T16:16:33.280828+00:00,692.600332,control_com_near_0v_ch1_idle_4v7,0.000000,0.00000,0.000000,0.00000,LOW,false,false,true,false,
6927,2026-09-11T16:16:33.381058+00:00,692.700328,control_com_near_0v_ch1_idle_4v7,0.000000,0.00000,0.000000,0.00000,LOW,false,false,true,false,
6928,2026-09-11T16:16:33.480740+00:00,692.800292,control_com_near_0v_ch1_idle_4v7,0.000000,0.00000,0.000000,0.00000,LOW,false,false,true,false,
6929,2026-09-11T16:16:33.581062+00:00,692.900325,control_com_near_0v_ch1_idle_4v7,0.000000,0.00000,0.000000,0.00000,LOW,false,false,true,false,
6930,2026-09-11T16:16:33.680728+00:00,693.000285,control_com_near_0v_ch1_idle_4v7,0.000000,0.00000,0.000000,0.00000,LOW,false,false,true,false,
6931,2026-09-11T16:16:33.781036+00:00,693.100310,control_com_near_0v_ch1_idle_4v7,0.000000,0.00000,0.000000,0.00000,LOW,false,false,true,false,
6932,2026-09-11T16:16:33.881069+00:00,693.200310,control_com_near_0v_ch1_idle_4v7,0.000000,0.00000,0.000000,0.00000,LOW,false,false,true,false,
6933,2026-09-11T16:16:33.980748+00:00,693.300293,control_com_near_0v_ch1_idle_4v7,0.000000,0.00000,0.000000,0.00000,LOW,false,false,true,false,
