sample_index,timestamp_utc,elapsed_s,phase,a0_voltage_v,a0_adc_count_derived,a1_voltage_v,a1_adc_count_derived
0,2026-09-10T07:14:51.571513+00:00,0.000755,baseline_switches_off,0.000000,0,0.000000,0
1,2026-09-10T07:14:51.670731+00:00,0.100143,baseline_switches_off,0.000000,0,0.000000,0
2,2026-09-10T07:14:51.770729+00:00,0.200134,baseline_switches_off,0.000000,0,0.000000,0
3,2026-09-10T07:14:51.870661+00:00,0.300120,baseline_switches_off,0.000000,0,0.000000,0
4,2026-09-10T07:14:51.970660+00:00,0.400120,baseline_switches_off,0.000000,0,0.000000,0
5,2026-09-10T07:14:52.070726+00:00,0.500137,baseline_switches_off,0.000000,0,0.000000,0
6,2026-09-10T07:14:52.170680+00:00,0.600121,baseline_switches_off,0.000000,0,0.000000,0
7,2026-09-10T07:14:52.270716+00:00,0.700131,baseline_switches_off,0.000000,0,0.000000,0
8,2026-09-10T07:14:52.370679+00:00,0.800122,baseline_switches_off,0.000000,0,0.000000,0
9,2026-09-10T07:14:52.470710+00:00,0.900143,baseline_switches_off,0.000000,0,0.000000,0
10,2026-09-10T07:14:52.570686+00:00,1.000127,baseline_switches_off,0.000000,0,0.000000,0
11,2026-09-10T07:14:52.670682+00:00,1.100119,baseline_switches_off,0.000000,0,0.000000,0
12,2026-09-10T07:14:52.770683+00:00,1.200121,baseline_switches_off,0.000000,0,0.000000,0
13,2026-09-10T07:14:52.870730+00:00,1.300134,baseline_switches_off,0.000000,0,0.000000,0
14,2026-09-10T07:14:52.970650+00:00,1.400121,baseline_switches_off,0.000000,0,0.000000,0
15,2026-09-10T07:14:53.070707+00:00,1.500134,baseline_switches_off,0.000000,0,0.000000,0
16,2026-09-10T07:14:53.170665+00:00,1.600121,baseline_switches_off,0.000000,0,0.000000,0
17,2026-09-10T07:14:53.270660+00:00,1.700121,baseline_switches_off,0.000000,0,0.000000,0
18,2026-09-10T07:14:53.370661+00:00,1.800119,baseline_switches_off,0.000000,0,0.000000,0
19,2026-09-10T07:14:53.470660+00:00,1.900116,baseline_switches_off,0.000000,0,0.000000,0
20,2026-09-10T07:14:53.570707+00:00,2.000130,baseline_switches_off,0.000000,0,0.000000,0
21,2026-09-10T07:14:53.670659+00:00,2.100125,baseline_switches_off,0.000000,0,0.000000,0
22,2026-09-10T07:14:53.770669+00:00,2.200125,baseline_switches_off,0.000000,0,0.000000,0
23,2026-09-10T07:14:53.870701+00:00,2.300126,baseline_switches_off,0.000000,0,0.000000,0
24,2026-09-10T07:14:53.970577+00:00,2.400113,baseline_switches_off,0.000000,0,0.000000,0
25,2026-09-10T07:14:54.070542+00:00,2.500095,baseline_switches_off,0.000000,0,0.000000,0
26,2026-09-10T07:14:54.170545+00:00,2.600091,baseline_switches_off,0.000000,0,0.000000,0
27,2026-09-10T07:14:54.270539+00:00,2.700090,baseline_switches_off,0.000000,0,0.000000,0
28,2026-09-10T07:14:54.370539+00:00,2.800089,baseline_switches_off,0.000000,0,0.000000,0
29,2026-09-10T07:14:54.470526+00:00,2.900087,baseline_switches_off,0.000000,0,0.000000,0
30,2026-09-10T07:14:54.570524+00:00,3.000087,baseline_switches_off,0.000000,0,0.000000,0
31,2026-09-10T07:14:54.670527+00:00,3.100088,baseline_switches_off,0.000000,0,0.000000,0
32,2026-09-10T07:14:54.770528+00:00,3.200088,baseline_switches_off,0.000000,0,0.000000,0
33,2026-09-10T07:14:54.870534+00:00,3.300089,baseline_switches_off,0.000000,0,0.000000,0
34,2026-09-10T07:14:54.970531+00:00,3.400090,baseline_switches_off,0.000000,0,0.000000,0
35,2026-09-10T07:14:55.070528+00:00,3.500088,baseline_switches_off,0.000000,0,0.000000,0
36,2026-09-10T07:14:55.170544+00:00,3.600091,baseline_switches_off,0.000000,0,0.000000,0
37,2026-09-10T07:14:55.270532+00:00,3.700089,baseline_switches_off,0.000000,0,0.000000,0
38,2026-09-10T07:14:55.370523+00:00,3.800086,baseline_switches_off,0.000000,0,0.000000,0
39,2026-09-10T07:14:55.470527+00:00,3.900087,baseline_switches_off,0.000000,0,0.000000,0
40,2026-09-10T07:14:55.570521+00:00,4.000086,baseline_switches_off,0.000000,0,0.000000,0
41,2026-09-10T07:14:55.670527+00:00,4.100087,baseline_switches_off,0.000000,0,0.000000,0
42,2026-09-10T07:14:55.770527+00:00,4.200087,baseline_switches_off,0.000000,0,0.000000,0
43,2026-09-10T07:14:55.870531+00:00,4.300087,baseline_switches_off,0.000000,0,0.000000,0
44,2026-09-10T07:14:55.970645+00:00,4.400120,baseline_switches_off,0.000000,0,0.000000,0
45,2026-09-10T07:14:56.070551+00:00,4.500102,baseline_switches_off,0.000000,0,0.000000,0
46,2026-09-10T07:14:56.170535+00:00,4.600091,baseline_switches_off,0.000000,0,0.000000,0
47,2026-09-10T07:14:56.270561+00:00,4.700091,baseline_switches_off,0.000000,0,0.000000,0
48,2026-09-10T07:14:56.372094+00:00,4.800164,baseline_switches_off,0.000000,0,0.000000,0
49,2026-09-10T07:14:56.472028+00:00,4.900165,baseline_switches_off,0.000000,0,0.000000,0
50,2026-09-10T07:14:56.572138+00:00,5.000177,baseline_switches_off,0.000000,0,0.000000,0
51,2026-09-10T07:14:56.671958+00:00,5.100147,baseline_switches_off,0.000000,0,0.000000,0
52,2026-09-10T07:14:56.771924+00:00,5.200131,baseline_switches_off,0.000000,0,0.000000,0
53,2026-09-10T07:14:56.871949+00:00,5.300145,baseline_switches_off,0.000000,0,0.000000,0
54,2026-09-10T07:14:56.972015+00:00,5.400178,baseline_switches_off,0.000000,0,0.000000,0
55,2026-09-10T07:14:57.071993+00:00,5.500181,baseline_switches_off,0.000000,0,0.000000,0
56,2026-09-10T07:14:57.171977+00:00,5.600132,baseline_switches_off,0.000000,0,0.000000,0
57,2026-09-10T07:14:57.271968+00:00,5.700135,baseline_switches_off,0.000000,0,0.000000,0
58,2026-09-10T07:14:57.371936+00:00,5.800134,baseline_switches_off,0.000000,0,0.000000,0
59,2026-09-10T07:14:57.472222+00:00,5.900209,baseline_switches_off,0.000000,0,0.000000,0
60,2026-09-10T07:14:57.572107+00:00,6.000167,baseline_switches_off,0.000000,0,0.000000,0
61,2026-09-10T07:14:57.671988+00:00,6.100150,baseline_switches_off,0.000000,0,0.000000,0
62,2026-09-10T07:14:57.771936+00:00,6.200133,baseline_switches_off,0.000000,0,0.000000,0
63,2026-09-10T07:14:57.872071+00:00,6.300167,baseline_switches_off,0.000000,0,0.000000,0
64,2026-09-10T07:14:57.971975+00:00,6.400144,baseline_switches_off,0.000000,0,0.000000,0
65,2026-09-10T07:14:58.072013+00:00,6.500148,baseline_switches_off,0.000000,0,0.000000,0
66,2026-09-10T07:14:58.172119+00:00,6.600167,baseline_switches_off,0.000000,0,0.000000,0
67,2026-09-10T07:14:58.272017+00:00,6.700155,baseline_switches_off,0.000000,0,0.000000,0
68,2026-09-10T07:14:58.371980+00:00,6.800144,baseline_switches_off,0.000000,0,0.000000,0
69,2026-09-10T07:14:58.472044+00:00,6.900150,baseline_switches_off,0.000000,0,0.000000,0
70,2026-09-10T07:14:58.571934+00:00,7.000134,baseline_switches_off,0.000000,0,0.000000,0
71,2026-09-10T07:14:58.671919+00:00,7.100129,baseline_switches_off,0.000000,0,0.000000,0
72,2026-09-10T07:14:58.771927+00:00,7.200130,baseline_switches_off,0.000000,0,0.000000,0
73,2026-09-10T07:14:58.871931+00:00,7.300130,baseline_switches_off,0.000000,0,0.000000,0
74,2026-09-10T07:14:58.971932+00:00,7.400129,baseline_switches_off,0.000000,0,0.000000,0
75,2026-09-10T07:14:59.071926+00:00,7.500132,baseline_switches_off,0.000000,0,0.000000,0
76,2026-09-10T07:14:59.171929+00:00,7.600128,baseline_switches_off,0.000000,0,0.000000,0
77,2026-09-10T07:14:59.271957+00:00,7.700134,baseline_switches_off,0.000000,0,0.000000,0
78,2026-09-10T07:14:59.371947+00:00,7.800149,baseline_switches_off,0.000000,0,0.000000,0
79,2026-09-10T07:14:59.471930+00:00,7.900128,baseline_switches_off,0.000000,0,0.000000,0
80,2026-09-10T07:14:59.571942+00:00,8.000128,baseline_switches_off,0.000000,0,0.000000,0
81,2026-09-10T07:14:59.671966+00:00,8.100125,baseline_switches_off,0.000000,0,0.000000,0
82,2026-09-10T07:14:59.771930+00:00,8.200132,baseline_switches_off,0.000000,0,0.000000,0
83,2026-09-10T07:14:59.871927+00:00,8.300128,baseline_switches_off,0.000000,0,0.000000,0
84,2026-09-10T07:14:59.971947+00:00,8.400129,baseline_switches_off,0.000000,0,0.000000,0
85,2026-09-10T07:15:00.071973+00:00,8.500133,baseline_switches_off,0.000000,0,0.000000,0
86,2026-09-10T07:15:00.171923+00:00,8.600129,baseline_switches_off,0.000000,0,0.000000,0
87,2026-09-10T07:15:00.271937+00:00,8.700130,baseline_switches_off,0.000000,0,0.000000,0
88,2026-09-10T07:15:00.371938+00:00,8.800134,baseline_switches_off,0.000000,0,0.000000,0
89,2026-09-10T07:15:00.471976+00:00,8.900146,baseline_switches_off,0.000000,0,0.000000,0
90,2026-09-10T07:15:00.571933+00:00,9.000136,baseline_switches_off,0.000000,0,0.000000,0
91,2026-09-10T07:15:00.671948+00:00,9.100131,baseline_switches_off,0.000000,0,0.000000,0
92,2026-09-10T07:15:00.771972+00:00,9.200132,baseline_switches_off,0.000000,0,0.000000,0
93,2026-09-10T07:15:00.871958+00:00,9.300129,baseline_switches_off,0.000000,0,0.000000,0
94,2026-09-10T07:15:00.971964+00:00,9.400129,baseline_switches_off,0.000000,0,0.000000,0
95,2026-09-10T07:15:01.071970+00:00,9.500132,baseline_switches_off,0.000000,0,0.000000,0
96,2026-09-10T07:15:01.171949+00:00,9.600130,baseline_switches_off,0.000000,0,0.000000,0
97,2026-09-10T07:15:01.271962+00:00,9.700133,baseline_switches_off,0.000000,0,0.000000,0
98,2026-09-10T07:15:01.372001+00:00,9.800143,baseline_switches_off,0.000000,0,0.000000,0
99,2026-09-10T07:15:01.472086+00:00,9.900163,baseline_switches_off,0.000000,0,0.000000,0
100,2026-09-10T07:15:01.571940+00:00,10.000142,baseline_switches_off,0.000000,0,0.000000,0
101,2026-09-10T07:15:01.671926+00:00,10.100131,baseline_switches_off,0.000000,0,0.000000,0
102,2026-09-10T07:15:01.771933+00:00,10.200129,baseline_switches_off,0.000000,0,0.000000,0
103,2026-09-10T07:15:01.871940+00:00,10.300144,baseline_switches_off,0.000000,0,0.000000,0
104,2026-09-10T07:15:01.971972+00:00,10.400170,baseline_switches_off,0.000000,0,0.000000,0
105,2026-09-10T07:15:02.071949+00:00,10.500129,baseline_switches_off,0.000000,0,0.000000,0
106,2026-09-10T07:15:02.171925+00:00,10.600130,baseline_switches_off,0.000000,0,0.000000,0
107,2026-09-10T07:15:02.271927+00:00,10.700127,baseline_switches_off,0.000000,0,0.000000,0
108,2026-09-10T07:15:02.371960+00:00,10.800136,baseline_switches_off,0.000000,0,0.000000,0
109,2026-09-10T07:15:02.471941+00:00,10.900136,baseline_switches_off,0.000000,0,0.000000,0
110,2026-09-10T07:15:02.571950+00:00,11.000129,baseline_switches_off,0.000000,0,0.000000,0
111,2026-09-10T07:15:02.671974+00:00,11.100131,baseline_switches_off,0.000000,0,0.000000,0
112,2026-09-10T07:15:02.771929+00:00,11.200132,baseline_switches_off,0.000000,0,0.000000,0
113,2026-09-10T07:15:02.871928+00:00,11.300131,baseline_switches_off,0.000000,0,0.000000,0
114,2026-09-10T07:15:02.971925+00:00,11.400130,baseline_switches_off,0.000000,0,0.000000,0
115,2026-09-10T07:15:03.071924+00:00,11.500127,baseline_switches_off,0.000000,0,0.000000,0
116,2026-09-10T07:15:03.171928+00:00,11.600130,baseline_switches_off,0.000000,0,0.000000,0
117,2026-09-10T07:15:03.271920+00:00,11.700127,baseline_switches_off,0.000000,0,0.000000,0
118,2026-09-10T07:15:03.371946+00:00,11.800132,baseline_switches_off,0.000000,0,0.000000,0
119,2026-09-10T07:15:03.472221+00:00,11.900199,baseline_switches_off,0.000000,0,0.000000,0
120,2026-09-10T07:15:03.571989+00:00,12.000148,baseline_switches_off,0.000000,0,0.000000,0
121,2026-09-10T07:15:03.671975+00:00,12.100133,baseline_switches_off,0.000000,0,0.000000,0
122,2026-09-10T07:15:03.771959+00:00,12.200132,baseline_switches_off,0.000000,0,0.000000,0
123,2026-09-10T07:15:03.871986+00:00,12.300131,baseline_switches_off,0.000000,0,0.000000,0
124,2026-09-10T07:15:03.971987+00:00,12.400144,baseline_switches_off,0.000000,0,0.000000,0
125,2026-09-10T07:15:04.071999+00:00,12.500132,baseline_switches_off,0.000000,0,0.000000,0
126,2026-09-10T07:15:04.172078+00:00,12.600166,baseline_switches_off,0.000000,0,0.000000,0
127,2026-09-10T07:15:04.271992+00:00,12.700154,baseline_switches_off,0.000000,0,0.000000,0
128,2026-09-10T07:15:04.371946+00:00,12.800141,baseline_switches_off,0.000000,0,0.000000,0
129,2026-09-10T07:15:04.472017+00:00,12.900155,baseline_switches_off,0.000000,0,0.000000,0
130,2026-09-10T07:15:04.571964+00:00,13.000157,baseline_switches_off,0.000000,0,0.000000,0
131,2026-09-10T07:15:04.671929+00:00,13.100132,baseline_switches_off,0.000000,0,0.000000,0
132,2026-09-10T07:15:04.771938+00:00,13.200128,baseline_switches_off,0.000000,0,0.000000,0
133,2026-09-10T07:15:04.871964+00:00,13.300130,baseline_switches_off,0.000000,0,0.000000,0
134,2026-09-10T07:15:04.971923+00:00,13.400129,baseline_switches_off,0.000000,0,0.000000,0
135,2026-09-10T07:15:05.071931+00:00,13.500133,baseline_switches_off,0.000000,0,0.000000,0
136,2026-09-10T07:15:05.172143+00:00,13.600131,baseline_switches_off,0.000000,0,0.000000,0
137,2026-09-10T07:15:05.272088+00:00,13.700166,baseline_switches_off,0.000000,0,0.000000,0
138,2026-09-10T07:15:05.371951+00:00,13.800139,baseline_switches_off,0.000000,0,0.000000,0
139,2026-09-10T07:15:05.471940+00:00,13.900136,baseline_switches_off,0.000000,0,0.000000,0
140,2026-09-10T07:15:05.571954+00:00,14.000132,baseline_switches_off,0.000000,0,0.000000,0
141,2026-09-10T07:15:05.671970+00:00,14.100131,baseline_switches_off,0.000000,0,0.000000,0
142,2026-09-10T07:15:05.771965+00:00,14.200128,baseline_switches_off,0.000000,0,0.000000,0
143,2026-09-10T07:15:05.871969+00:00,14.300127,baseline_switches_off,0.000000,0,0.000000,0
144,2026-09-10T07:15:05.971925+00:00,14.400130,baseline_switches_off,0.000000,0,0.000000,0
145,2026-09-10T07:15:06.071923+00:00,14.500130,baseline_switches_off,0.000000,0,0.000000,0
146,2026-09-10T07:15:06.171944+00:00,14.600129,baseline_switches_off,0.000000,0,0.000000,0
147,2026-09-10T07:15:06.271928+00:00,14.700129,baseline_switches_off,0.000000,0,0.000000,0
148,2026-09-10T07:15:06.371946+00:00,14.800131,baseline_switches_off,0.000000,0,0.000000,0
149,2026-09-10T07:15:06.471944+00:00,14.900143,baseline_switches_off,0.000000,0,0.000000,0
150,2026-09-10T07:15:06.572074+00:00,15.000179,baseline_switches_off,0.000000,0,0.000000,0
151,2026-09-10T07:15:06.671992+00:00,15.100185,baseline_switches_off,0.000000,0,0.000000,0
152,2026-09-10T07:15:06.771936+00:00,15.200131,baseline_switches_off,0.000000,0,0.000000,0
153,2026-09-10T07:15:06.871943+00:00,15.300138,baseline_switches_off,0.000000,0,0.000000,0
154,2026-09-10T07:15:06.971946+00:00,15.400133,baseline_switches_off,0.000000,0,0.000000,0
155,2026-09-10T07:15:07.071925+00:00,15.500130,baseline_switches_off,0.000000,0,0.000000,0
156,2026-09-10T07:15:07.171952+00:00,15.600130,baseline_switches_off,0.000000,0,0.000000,0
157,2026-09-10T07:15:07.271922+00:00,15.700132,baseline_switches_off,0.000000,0,0.000000,0
158,2026-09-10T07:15:07.371921+00:00,15.800131,baseline_switches_off,0.000000,0,0.000000,0
159,2026-09-10T07:15:07.471942+00:00,15.900133,baseline_switches_off,0.000000,0,0.000000,0
160,2026-09-10T07:15:07.571930+00:00,16.000129,baseline_switches_off,0.000000,0,0.000000,0
161,2026-09-10T07:15:07.671923+00:00,16.100130,baseline_switches_off,0.000000,0,0.000000,0
162,2026-09-10T07:15:07.771919+00:00,16.200128,baseline_switches_off,0.000000,0,0.000000,0
163,2026-09-10T07:15:07.871937+00:00,16.300132,baseline_switches_off,0.000000,0,0.000000,0
164,2026-09-10T07:15:07.971931+00:00,16.400133,baseline_switches_off,0.000000,0,0.000000,0
165,2026-09-10T07:15:08.071924+00:00,16.500131,baseline_switches_off,0.000000,0,0.000000,0
166,2026-09-10T07:15:08.171923+00:00,16.600129,baseline_switches_off,0.000000,0,0.000000,0
167,2026-09-10T07:15:08.271926+00:00,16.700130,baseline_switches_off,0.000000,0,0.000000,0
168,2026-09-10T07:15:08.371926+00:00,16.800130,baseline_switches_off,0.000000,0,0.000000,0
169,2026-09-10T07:15:08.472027+00:00,16.900148,baseline_switches_off,0.000000,0,0.000000,0
170,2026-09-10T07:15:08.571973+00:00,17.000134,baseline_switches_off,0.000000,0,0.000000,0
171,2026-09-10T07:15:08.671977+00:00,17.100133,baseline_switches_off,0.000000,0,0.000000,0
172,2026-09-10T07:15:08.771925+00:00,17.200129,baseline_switches_off,0.000000,0,0.000000,0
173,2026-09-10T07:15:08.871923+00:00,17.300128,baseline_switches_off,0.000000,0,0.000000,0
174,2026-09-10T07:15:08.971937+00:00,17.400133,baseline_switches_off,0.000000,0,0.000000,0
175,2026-09-10T07:15:09.071927+00:00,17.500132,baseline_switches_off,0.000000,0,0.000000,0
176,2026-09-10T07:15:09.171929+00:00,17.600129,baseline_switches_off,0.000000,0,0.000000,0
177,2026-09-10T07:15:09.271934+00:00,17.700129,baseline_switches_off,0.000000,0,0.000000,0
178,2026-09-10T07:15:09.371933+00:00,17.800128,baseline_switches_off,0.000000,0,0.000000,0
179,2026-09-10T07:15:09.472177+00:00,17.900211,baseline_switches_off,0.000000,0,0.000000,0
180,2026-09-10T07:15:09.571997+00:00,18.000171,baseline_switches_off,0.000000,0,0.000000,0
181,2026-09-10T07:15:09.671944+00:00,18.100136,baseline_switches_off,0.000000,0,0.000000,0
182,2026-09-10T07:15:09.771946+00:00,18.200132,baseline_switches_off,0.000000,0,0.000000,0
183,2026-09-10T07:15:09.871932+00:00,18.300134,baseline_switches_off,0.000000,0,0.000000,0
184,2026-09-10T07:15:09.971928+00:00,18.400131,baseline_switches_off,0.000000,0,0.000000,0
185,2026-09-10T07:15:10.071918+00:00,18.500130,baseline_switches_off,0.000000,0,0.000000,0
186,2026-09-10T07:15:10.171922+00:00,18.600129,baseline_switches_off,0.000000,0,0.000000,0
187,2026-09-10T07:15:10.272218+00:00,18.700188,baseline_switches_off,0.000000,0,0.000000,0
188,2026-09-10T07:15:10.371949+00:00,18.800151,baseline_switches_off,0.000000,0,0.000000,0
189,2026-09-10T07:15:10.471982+00:00,18.900144,baseline_switches_off,0.000000,0,0.000000,0
190,2026-09-10T07:15:10.571957+00:00,19.000139,baseline_switches_off,0.000000,0,0.000000,0
191,2026-09-10T07:15:10.671972+00:00,19.100144,baseline_switches_off,0.000000,0,0.000000,0
192,2026-09-10T07:15:10.771960+00:00,19.200134,baseline_switches_off,0.000000,0,0.000000,0
193,2026-09-10T07:15:10.871971+00:00,19.300132,baseline_switches_off,0.000000,0,0.000000,0
194,2026-09-10T07:15:10.971949+00:00,19.400128,baseline_switches_off,0.000000,0,0.000000,0
195,2026-09-10T07:15:11.071973+00:00,19.500131,baseline_switches_off,0.000000,0,0.000000,0
196,2026-09-10T07:15:11.171929+00:00,19.600131,baseline_switches_off,0.000000,0,0.000000,0
197,2026-09-10T07:15:11.271948+00:00,19.700132,baseline_switches_off,0.000000,0,0.000000,0
198,2026-09-10T07:15:11.371937+00:00,19.800132,baseline_switches_off,0.000000,0,0.000000,0
199,2026-09-10T07:15:11.471946+00:00,19.900143,baseline_switches_off,0.000000,0,0.000000,0
200,2026-09-10T07:15:11.571961+00:00,20.000145,baseline_switches_off,0.000000,0,0.000000,0
201,2026-09-10T07:15:11.672062+00:00,20.100173,baseline_switches_off,0.000000,0,0.000000,0
202,2026-09-10T07:15:11.771997+00:00,20.200183,baseline_switches_off,0.000000,0,0.000000,0
203,2026-09-10T07:15:11.871935+00:00,20.300132,baseline_switches_off,0.000000,0,0.000000,0
204,2026-09-10T07:15:11.971927+00:00,20.400129,baseline_switches_off,0.000000,0,0.000000,0
205,2026-09-10T07:15:12.071929+00:00,20.500126,baseline_switches_off,0.000000,0,0.000000,0
206,2026-09-10T07:15:12.171928+00:00,20.600127,baseline_switches_off,0.000000,0,0.000000,0
207,2026-09-10T07:15:12.271919+00:00,20.700130,baseline_switches_off,0.000000,0,0.000000,0
208,2026-09-10T07:15:12.371936+00:00,20.800132,baseline_switches_off,0.000000,0,0.000000,0
209,2026-09-10T07:15:12.471986+00:00,20.900145,baseline_switches_off,0.000000,0,0.000000,0
210,2026-09-10T07:15:12.571938+00:00,21.000129,baseline_switches_off,0.000000,0,0.000000,0
211,2026-09-10T07:15:12.671930+00:00,21.100131,baseline_switches_off,0.000000,0,0.350000,2800
212,2026-09-10T07:15:12.771933+00:00,21.200130,baseline_switches_off,0.000000,0,0.498000,3984
213,2026-09-10T07:15:12.871947+00:00,21.300132,baseline_switches_off,0.000000,0,0.498000,3984
214,2026-09-10T07:15:12.972096+00:00,21.400164,baseline_switches_off,0.000000,0,0.500000,4000
215,2026-09-10T07:15:13.071939+00:00,21.500141,baseline_switches_off,0.000000,0,0.498000,3984
216,2026-09-10T07:15:13.171931+00:00,21.600132,baseline_switches_off,0.000000,0,0.498000,3984
217,2026-09-10T07:15:13.271920+00:00,21.700129,baseline_switches_off,0.000000,0,0.498000,3984
218,2026-09-10T07:15:13.371952+00:00,21.800131,baseline_switches_off,0.000000,0,0.498000,3984
219,2026-09-10T07:15:13.471965+00:00,21.900131,baseline_switches_off,0.000000,0,0.498000,3984
220,2026-09-10T07:15:13.571963+00:00,22.000130,baseline_switches_off,0.000000,0,0.498000,3984
221,2026-09-10T07:15:13.671953+00:00,22.100133,baseline_switches_off,0.000000,0,0.498000,3984
222,2026-09-10T07:15:13.771928+00:00,22.200129,baseline_switches_off,0.000000,0,0.498000,3984
223,2026-09-10T07:15:13.871922+00:00,22.300129,baseline_switches_off,0.000000,0,0.498000,3984
224,2026-09-10T07:15:13.971935+00:00,22.400133,baseline_switches_off,0.000000,0,0.498000,3984
225,2026-09-10T07:15:14.071933+00:00,22.500130,baseline_switches_off,0.000000,0,0.498000,3984
226,2026-09-10T07:15:14.171920+00:00,22.600129,baseline_switches_off,0.000000,0,0.498000,3984
227,2026-09-10T07:15:14.271932+00:00,22.700129,baseline_switches_off,0.000000,0,0.498000,3984
228,2026-09-10T07:15:14.371935+00:00,22.800131,baseline_switches_off,0.000000,0,0.498000,3984
229,2026-09-10T07:15:14.471954+00:00,22.900133,baseline_switches_off,0.000000,0,0.498000,3984
230,2026-09-10T07:15:14.571946+00:00,23.000134,baseline_switches_off,0.000000,0,0.498000,3984
231,2026-09-10T07:15:14.671961+00:00,23.100145,baseline_switches_off,0.000000,0,0.498000,3984
232,2026-09-10T07:15:14.771972+00:00,23.200168,baseline_switches_off,0.000000,0,0.498000,3984
233,2026-09-10T07:15:14.871982+00:00,23.300170,baseline_switches_off,0.000000,0,0.498000,3984
234,2026-09-10T07:15:14.971934+00:00,23.400130,baseline_switches_off,0.000000,0,0.498000,3984
235,2026-09-10T07:15:15.071956+00:00,23.500128,baseline_switches_off,0.000000,0,0.498000,3984
236,2026-09-10T07:15:15.171927+00:00,23.600129,baseline_switches_off,0.000000,0,0.498000,3984
237,2026-09-10T07:15:15.271936+00:00,23.700130,baseline_switches_off,0.000000,0,0.498000,3984
238,2026-09-10T07:15:15.371940+00:00,23.800130,baseline_switches_off,0.000000,0,0.498000,3984
239,2026-09-10T07:15:15.472192+00:00,23.900213,baseline_switches_off,0.000000,0,0.498000,3984
240,2026-09-10T07:15:15.571954+00:00,24.000146,baseline_switches_off,0.000000,0,0.498000,3984
241,2026-09-10T07:15:15.671964+00:00,24.100137,baseline_switches_off,0.000000,0,0.584000,4672
242,2026-09-10T07:15:15.771929+00:00,24.200131,baseline_switches_off,0.000000,0,0.700000,5600
243,2026-09-10T07:15:15.871926+00:00,24.300128,baseline_switches_off,0.000000,0,0.700000,5600
244,2026-09-10T07:15:15.972021+00:00,24.400134,baseline_switches_off,0.000000,0,0.700000,5600
245,2026-09-10T07:15:16.071991+00:00,24.500154,baseline_switches_off,0.000000,0,0.700000,5600
246,2026-09-10T07:15:16.172075+00:00,24.600137,baseline_switches_off,0.000000,0,0.700000,5600
247,2026-09-10T07:15:16.271992+00:00,24.700164,baseline_switches_off,0.000000,0,0.700000,5600
248,2026-09-10T07:15:16.371960+00:00,24.800140,baseline_switches_off,0.000000,0,0.700000,5600
249,2026-09-10T07:15:16.472032+00:00,24.900160,baseline_switches_off,0.000000,0,0.700000,5600
250,2026-09-10T07:15:16.571989+00:00,25.000144,baseline_switches_off,0.000000,0,0.700000,5600
251,2026-09-10T07:15:16.672017+00:00,25.100145,baseline_switches_off,0.000000,0,0.698000,5584
252,2026-09-10T07:15:16.772095+00:00,25.200162,baseline_switches_off,0.000000,0,0.700000,5600
253,2026-09-10T07:15:16.872132+00:00,25.300171,baseline_switches_off,0.000000,0,0.700000,5600
254,2026-09-10T07:15:16.971953+00:00,25.400146,baseline_switches_off,0.000000,0,0.702000,5616
255,2026-09-10T07:15:17.071979+00:00,25.500146,baseline_switches_off,0.000000,0,0.704000,5632
256,2026-09-10T07:15:17.171940+00:00,25.600136,baseline_switches_off,0.000000,0,0.744000,5952
257,2026-09-10T07:15:17.271948+00:00,25.700146,baseline_switches_off,0.000000,0,0.840000,6720
258,2026-09-10T07:15:17.371999+00:00,25.800176,baseline_switches_off,0.000000,0,0.924000,7392
259,2026-09-10T07:15:17.471950+00:00,25.900145,baseline_switches_off,0.000000,0,1.024000,8192
260,2026-09-10T07:15:17.571974+00:00,26.000169,baseline_switches_off,0.000000,0,1.156000,9248
261,2026-09-10T07:15:17.671933+00:00,26.100130,baseline_switches_off,0.000000,0,1.260000,10080
262,2026-09-10T07:15:17.771943+00:00,26.200135,baseline_switches_off,0.000000,0,1.390000,11120
263,2026-09-10T07:15:17.871943+00:00,26.300134,baseline_switches_off,0.000000,0,1.558000,12464
264,2026-09-10T07:15:17.971929+00:00,26.400133,baseline_switches_off,0.000000,0,1.658000,13264
265,2026-09-10T07:15:18.071944+00:00,26.500132,baseline_switches_off,0.000000,0,1.788000,14304
266,2026-09-10T07:15:18.171960+00:00,26.600133,baseline_switches_off,0.000000,0,1.884000,15072
267,2026-09-10T07:15:18.271929+00:00,26.700131,baseline_switches_off,0.000000,0,1.924000,15392
268,2026-09-10T07:15:18.371922+00:00,26.800129,baseline_switches_off,0.000000,0,1.962000,15696
269,2026-09-10T07:15:18.471963+00:00,26.900134,baseline_switches_off,0.000000,0,1.980000,15840
270,2026-09-10T07:15:18.571927+00:00,27.000132,baseline_switches_off,0.000000,0,1.978000,15824
271,2026-09-10T07:15:18.671929+00:00,27.100131,baseline_switches_off,0.000000,0,1.978000,15824
272,2026-09-10T07:15:18.771937+00:00,27.200133,baseline_switches_off,0.000000,0,1.978000,15824
273,2026-09-10T07:15:18.872071+00:00,27.300167,baseline_switches_off,0.000000,0,1.974000,15792
274,2026-09-10T07:15:18.971949+00:00,27.400144,baseline_switches_off,0.000000,0,1.972000,15776
275,2026-09-10T07:15:19.071955+00:00,27.500131,baseline_switches_off,0.000000,0,1.972000,15776
276,2026-09-10T07:15:19.171982+00:00,27.600132,baseline_switches_off,0.000000,0,1.974000,15792
277,2026-09-10T07:15:19.271972+00:00,27.700131,baseline_switches_off,0.000000,0,1.974000,15792
278,2026-09-10T07:15:19.371999+00:00,27.800136,baseline_switches_off,0.000000,0,1.974000,15792
279,2026-09-10T07:15:19.471966+00:00,27.900136,baseline_switches_off,0.000000,0,1.974000,15792
280,2026-09-10T07:15:19.571939+00:00,28.000135,baseline_switches_off,0.000000,0,1.974000,15792
281,2026-09-10T07:15:19.671931+00:00,28.100130,baseline_switches_off,0.000000,0,1.974000,15792
282,2026-09-10T07:15:19.771948+00:00,28.200134,baseline_switches_off,0.000000,0,1.974000,15792
283,2026-09-10T07:15:19.871928+00:00,28.300129,baseline_switches_off,0.000000,0,1.974000,15792
284,2026-09-10T07:15:19.971932+00:00,28.400130,baseline_switches_off,0.000000,0,1.974000,15792
285,2026-09-10T07:15:20.071964+00:00,28.500133,baseline_switches_off,0.000000,0,1.974000,15792
286,2026-09-10T07:15:20.172018+00:00,28.600155,baseline_switches_off,0.000000,0,1.974000,15792
287,2026-09-10T07:15:20.271953+00:00,28.700143,baseline_switches_off,0.000000,0,1.972000,15776
288,2026-09-10T07:15:20.371950+00:00,28.800146,baseline_switches_off,0.000000,0,1.974000,15792
289,2026-09-10T07:15:20.471979+00:00,28.900144,baseline_switches_off,0.000000,0,1.974000,15792
290,2026-09-10T07:15:20.571958+00:00,29.000137,baseline_switches_off,0.000000,0,1.974000,15792
291,2026-09-10T07:15:20.671921+00:00,29.100131,baseline_switches_off,0.000000,0,1.974000,15792
292,2026-09-10T07:15:20.771941+00:00,29.200135,baseline_switches_off,0.000000,0,1.972000,15776
293,2026-09-10T07:15:20.871934+00:00,29.300131,baseline_switches_off,0.000000,0,1.972000,15776
294,2026-09-10T07:15:20.971920+00:00,29.400129,baseline_switches_off,0.000000,0,1.974000,15792
295,2026-09-10T07:15:21.071940+00:00,29.500131,baseline_switches_off,0.000000,0,1.972000,15776
296,2026-09-10T07:15:21.171930+00:00,29.600130,baseline_switches_off,0.000000,0,1.974000,15792
297,2026-09-10T07:15:21.271951+00:00,29.700131,baseline_switches_off,0.000000,0,1.974000,15792
298,2026-09-10T07:15:21.371919+00:00,29.800130,baseline_switches_off,0.000000,0,1.974000,15792
299,2026-09-10T07:15:21.472206+00:00,29.900210,baseline_switches_off,0.000000,0,1.974000,15792
300,2026-09-10T07:15:21.571977+00:00,30.000148,baseline_switches_off,0.000000,0,1.974000,15792
301,2026-09-10T07:15:21.671965+00:00,30.100132,baseline_switches_off,0.000000,0,1.974000,15792
302,2026-09-10T07:15:21.771955+00:00,30.200134,baseline_switches_off,0.000000,0,1.974000,15792
303,2026-09-10T07:15:21.872071+00:00,30.300160,baseline_switches_off,0.000000,0,2.022000,16176
304,2026-09-10T07:15:21.971988+00:00,30.400142,baseline_switches_off,0.000000,0,2.190000,17520
305,2026-09-10T07:15:22.071932+00:00,30.500132,baseline_switches_off,0.000000,0,2.348000,18784
306,2026-09-10T07:15:22.172206+00:00,30.600202,baseline_switches_off,0.000000,0,2.510000,20080
307,2026-09-10T07:15:22.271979+00:00,30.700154,baseline_switches_off,0.000000,0,2.700000,21600
308,2026-09-10T07:15:22.371954+00:00,30.800152,baseline_switches_off,0.000000,0,2.812000,22496
309,2026-09-10T07:15:22.471959+00:00,30.900141,baseline_switches_off,0.000000,0,2.924000,23392
310,2026-09-10T07:15:22.571954+00:00,31.000139,baseline_switches_off,0.000000,0,3.168000,25344
311,2026-09-10T07:15:22.671932+00:00,31.100130,baseline_switches_off,0.000000,0,3.294000,26352
312,2026-09-10T07:15:22.771941+00:00,31.200131,baseline_switches_off,0.000000,0,3.298000,26384
313,2026-09-10T07:15:22.872143+00:00,31.300166,baseline_switches_off,0.000000,0,3.298000,26384
314,2026-09-10T07:15:22.971951+00:00,31.400145,baseline_switches_off,0.000000,0,3.298000,26384
315,2026-09-10T07:15:23.071970+00:00,31.500131,baseline_switches_off,0.000000,0,3.298000,26384
316,2026-09-10T07:15:23.172086+00:00,31.600159,baseline_switches_off,0.000000,0,3.298000,26384
317,2026-09-10T07:15:23.271968+00:00,31.700142,baseline_switches_off,0.000000,0,3.300000,26400
318,2026-09-10T07:15:23.372009+00:00,31.800139,baseline_switches_off,0.000000,0,3.298000,26384
319,2026-09-10T07:15:23.471927+00:00,31.900134,baseline_switches_off,0.000000,0,3.300000,26400
320,2026-09-10T07:15:23.571935+00:00,32.000134,baseline_switches_off,0.000000,0,3.298000,26384
321,2026-09-10T07:15:23.671925+00:00,32.100131,baseline_switches_off,0.000000,0,3.298000,26384
322,2026-09-10T07:15:23.771932+00:00,32.200128,baseline_switches_off,0.000000,0,3.298000,26384
323,2026-09-10T07:15:23.871944+00:00,32.300133,baseline_switches_off,0.000000,0,3.296000,26368
324,2026-09-10T07:15:23.971926+00:00,32.400130,baseline_switches_off,0.000000,0,3.300000,26400
325,2026-09-10T07:15:24.071928+00:00,32.500131,baseline_switches_off,0.000000,0,3.298000,26384
326,2026-09-10T07:15:24.171932+00:00,32.600130,baseline_switches_off,0.000000,0,3.298000,26384
327,2026-09-10T07:15:24.271935+00:00,32.700131,baseline_switches_off,0.000000,0,3.300000,26400
328,2026-09-10T07:15:24.371934+00:00,32.800132,baseline_switches_off,0.000000,0,3.300000,26400
329,2026-09-10T07:15:24.471978+00:00,32.900144,baseline_switches_off,0.000000,0,3.300000,26400
330,2026-09-10T07:15:24.571945+00:00,33.000130,baseline_switches_off,0.000000,0,3.300000,26400
331,2026-09-10T07:15:24.671954+00:00,33.100145,baseline_switches_off,0.000000,0,3.300000,26400
332,2026-09-10T07:15:24.771974+00:00,33.200170,baseline_switches_off,0.000000,0,3.300000,26400
333,2026-09-10T07:15:24.871988+00:00,33.300169,baseline_switches_off,0.000000,0,3.300000,26400
334,2026-09-10T07:15:24.971977+00:00,33.400170,baseline_switches_off,0.000000,0,3.300000,26400
335,2026-09-10T07:15:25.071971+00:00,33.500171,baseline_switches_off,0.000000,0,3.300000,26400
336,2026-09-10T07:15:25.171928+00:00,33.600127,baseline_switches_off,0.000000,0,3.300000,26400
337,2026-09-10T07:15:25.271941+00:00,33.700129,baseline_switches_off,0.000000,0,3.300000,26400
338,2026-09-10T07:15:25.371945+00:00,33.800134,baseline_switches_off,0.000000,0,3.298000,26384
339,2026-09-10T07:15:25.471945+00:00,33.900130,baseline_switches_off,0.000000,0,3.300000,26400
340,2026-09-10T07:15:25.571931+00:00,34.000132,baseline_switches_off,0.000000,0,3.300000,26400
341,2026-09-10T07:15:25.671953+00:00,34.100130,baseline_switches_off,0.000000,0,3.300000,26400
342,2026-09-10T07:15:25.771936+00:00,34.200129,baseline_switches_off,0.000000,0,3.300000,26400
343,2026-09-10T07:15:25.871953+00:00,34.300130,baseline_switches_off,0.000000,0,3.300000,26400
344,2026-09-10T07:15:25.971973+00:00,34.400145,baseline_switches_off,0.000000,0,3.300000,26400
345,2026-09-10T07:15:26.071932+00:00,34.500133,baseline_switches_off,0.000000,0,3.300000,26400
346,2026-09-10T07:15:26.171947+00:00,34.600129,baseline_switches_off,0.000000,0,3.300000,26400
347,2026-09-10T07:15:26.271967+00:00,34.700130,baseline_switches_off,0.000000,0,3.300000,26400
348,2026-09-10T07:15:26.371942+00:00,34.800132,baseline_switches_off,0.000000,0,3.298000,26384
349,2026-09-10T07:15:26.471931+00:00,34.900132,baseline_switches_off,0.000000,0,3.300000,26400
350,2026-09-10T07:15:26.571952+00:00,35.000131,baseline_switches_off,0.000000,0,3.300000,26400
351,2026-09-10T07:15:26.671922+00:00,35.100130,baseline_switches_off,0.000000,0,3.300000,26400
352,2026-09-10T07:15:26.771936+00:00,35.200133,baseline_switches_off,0.000000,0,3.300000,26400
353,2026-09-10T07:15:26.872244+00:00,35.300211,baseline_switches_off,0.000000,0,3.300000,26400
354,2026-09-10T07:15:26.972065+00:00,35.400173,baseline_switches_off,0.000000,0,3.300000,26400
355,2026-09-10T07:15:27.071973+00:00,35.500164,baseline_switches_off,0.000000,0,3.300000,26400
356,2026-09-10T07:15:27.171921+00:00,35.600128,baseline_switches_off,0.000000,0,3.300000,26400
357,2026-09-10T07:15:27.271974+00:00,35.700139,baseline_switches_off,0.000000,0,3.300000,26400
358,2026-09-10T07:15:27.371944+00:00,35.800137,baseline_switches_off,0.000000,0,3.300000,26400
359,2026-09-10T07:15:27.472220+00:00,35.900213,baseline_switches_off,0.000000,0,3.300000,26400
360,2026-09-10T07:15:27.571954+00:00,36.000147,baseline_switches_off,0.000000,0,3.300000,26400
361,2026-09-10T07:15:27.672023+00:00,36.100153,baseline_switches_off,0.000000,0,3.296000,26368
362,2026-09-10T07:15:27.771963+00:00,36.200141,baseline_switches_off,0.000000,0,3.172000,25376
363,2026-09-10T07:15:27.871932+00:00,36.300131,baseline_switches_off,0.000000,0,2.954000,23632
364,2026-09-10T07:15:27.972163+00:00,36.400172,baseline_switches_off,0.000000,0,2.636000,21088
365,2026-09-10T07:15:28.072183+00:00,36.500193,baseline_switches_off,0.000000,0,2.472000,19776
366,2026-09-10T07:15:28.172043+00:00,36.600154,baseline_switches_off,0.000000,0,2.254000,18032
367,2026-09-10T07:15:28.271948+00:00,36.700143,baseline_switches_off,0.000000,0,2.118000,16944
368,2026-09-10T07:15:28.372102+00:00,36.800167,baseline_switches_off,0.000000,0,1.922000,15376
369,2026-09-10T07:15:28.472054+00:00,36.900168,baseline_switches_off,0.000000,0,1.736000,13888
370,2026-09-10T07:15:28.571980+00:00,37.000147,baseline_switches_off,0.000000,0,1.542000,12336
371,2026-09-10T07:15:28.672045+00:00,37.100137,baseline_switches_off,0.000000,0,1.388000,11104
372,2026-09-10T07:15:28.772125+00:00,37.200175,baseline_switches_off,0.000000,0,1.330000,10640
373,2026-09-10T07:15:28.871973+00:00,37.300151,baseline_switches_off,0.000000,0,1.340000,10720
374,2026-09-10T07:15:28.972168+00:00,37.400178,baseline_switches_off,0.000000,0,1.342000,10736
375,2026-09-10T07:15:29.072081+00:00,37.500171,baseline_switches_off,0.000000,0,1.342000,10736
376,2026-09-10T07:15:29.171980+00:00,37.600166,baseline_switches_off,0.000000,0,1.338000,10704
377,2026-09-10T07:15:29.271999+00:00,37.700134,baseline_switches_off,0.000000,0,1.134000,9072
378,2026-09-10T07:15:29.371999+00:00,37.800158,baseline_switches_off,0.000000,0,0.918000,7344
379,2026-09-10T07:15:29.471983+00:00,37.900140,baseline_switches_off,0.000000,0,0.712000,5696
380,2026-09-10T07:15:29.571933+00:00,38.000134,baseline_switches_off,0.000000,0,0.456000,3648
381,2026-09-10T07:15:29.671915+00:00,38.100129,baseline_switches_off,0.000000,0,0.216000,1728
382,2026-09-10T07:15:29.771967+00:00,38.200136,baseline_switches_off,0.000000,0,0.008000,64
383,2026-09-10T07:15:29.871931+00:00,38.300135,baseline_switches_off,0.000000,0,0.000000,0
384,2026-09-10T07:15:29.971974+00:00,38.400135,baseline_switches_off,0.000000,0,0.000000,0
385,2026-09-10T07:15:30.071967+00:00,38.500137,baseline_switches_off,0.000000,0,0.000000,0
386,2026-09-10T07:15:30.171962+00:00,38.600129,baseline_switches_off,0.000000,0,0.000000,0
387,2026-09-10T07:15:30.271965+00:00,38.700128,baseline_switches_off,0.000000,0,0.000000,0
388,2026-09-10T07:15:30.372189+00:00,38.800169,baseline_switches_off,0.000000,0,0.000000,0
389,2026-09-10T07:15:30.471952+00:00,38.900145,baseline_switches_off,0.000000,0,0.000000,0
390,2026-09-10T07:15:30.571938+00:00,39.000133,baseline_switches_off,0.000000,0,0.000000,0
391,2026-09-10T07:15:30.671925+00:00,39.100129,baseline_switches_off,0.000000,0,0.000000,0
392,2026-09-10T07:15:30.771921+00:00,39.200130,baseline_switches_off,0.000000,0,0.000000,0
393,2026-09-10T07:15:30.871945+00:00,39.300135,baseline_switches_off,0.000000,0,0.000000,0
394,2026-09-10T07:15:30.971932+00:00,39.400134,baseline_switches_off,0.000000,0,0.000000,0
395,2026-09-10T07:15:31.071942+00:00,39.500137,baseline_switches_off,0.000000,0,0.000000,0
396,2026-09-10T07:15:31.172094+00:00,39.600166,baseline_switches_off,0.000000,0,0.000000,0
397,2026-09-10T07:15:31.271954+00:00,39.700144,baseline_switches_off,0.000000,0,0.000000,0
398,2026-09-10T07:15:31.371973+00:00,39.800169,baseline_switches_off,0.000000,0,0.000000,0
399,2026-09-10T07:15:31.471967+00:00,39.900148,baseline_switches_off,0.000000,0,0.000000,0
400,2026-09-10T07:15:31.571971+00:00,40.000171,baseline_switches_off,0.000000,0,0.000000,0
401,2026-09-10T07:15:31.671961+00:00,40.100135,baseline_switches_off,0.000000,0,0.000000,0
402,2026-09-10T07:15:31.771962+00:00,40.200132,baseline_switches_off,0.000000,0,0.000000,0
403,2026-09-10T07:15:31.871928+00:00,40.300131,baseline_switches_off,0.000000,0,0.000000,0
404,2026-09-10T07:15:31.971938+00:00,40.400131,baseline_switches_off,0.000000,0,0.000000,0
405,2026-09-10T07:15:32.072064+00:00,40.500165,baseline_switches_off,0.000000,0,0.000000,0
406,2026-09-10T07:15:32.172071+00:00,40.600163,baseline_switches_off,0.000000,0,0.000000,0
407,2026-09-10T07:15:32.271966+00:00,40.700145,baseline_switches_off,0.000000,0,0.000000,0
408,2026-09-10T07:15:32.372159+00:00,40.800167,baseline_switches_off,0.000000,0,0.000000,0
409,2026-09-10T07:15:32.472001+00:00,40.900159,baseline_switches_off,0.000000,0,0.000000,0
410,2026-09-10T07:15:32.571957+00:00,41.000132,baseline_switches_off,0.000000,0,0.000000,0
411,2026-09-10T07:15:32.671970+00:00,41.100134,baseline_switches_off,0.000000,0,0.000000,0
412,2026-09-10T07:15:32.771954+00:00,41.200132,baseline_switches_off,0.000000,0,0.000000,0
413,2026-09-10T07:15:32.872016+00:00,41.300139,baseline_switches_off,0.000000,0,0.000000,0
414,2026-09-10T07:15:32.972072+00:00,41.400169,baseline_switches_off,0.000000,0,0.000000,0
415,2026-09-10T07:15:33.071983+00:00,41.500149,baseline_switches_off,0.000000,0,0.000000,0
416,2026-09-10T07:15:33.171946+00:00,41.600141,baseline_switches_off,0.000000,0,0.000000,0
417,2026-09-10T07:15:33.271923+00:00,41.700130,baseline_switches_off,0.000000,0,0.000000,0
418,2026-09-10T07:15:33.371921+00:00,41.800130,baseline_switches_off,0.000000,0,0.000000,0
419,2026-09-10T07:15:33.472180+00:00,41.900215,baseline_switches_off,0.000000,0,0.000000,0
420,2026-09-10T07:15:33.571957+00:00,42.000151,baseline_switches_off,0.000000,0,0.000000,0
421,2026-09-10T07:15:33.671949+00:00,42.100136,baseline_switches_off,0.000000,0,0.000000,0
422,2026-09-10T07:15:33.771936+00:00,42.200147,baseline_switches_off,0.000000,0,0.000000,0
423,2026-09-10T07:15:33.871943+00:00,42.300144,baseline_switches_off,0.000000,0,0.000000,0
424,2026-09-10T07:15:33.971970+00:00,42.400170,baseline_switches_off,0.000000,0,0.000000,0
425,2026-09-10T07:15:34.072012+00:00,42.500151,baseline_switches_off,0.000000,0,0.000000,0
426,2026-09-10T07:15:34.171957+00:00,42.600144,baseline_switches_off,0.000000,0,0.000000,0
427,2026-09-10T07:15:34.272208+00:00,42.700210,baseline_switches_off,0.000000,0,0.000000,0
428,2026-09-10T07:15:34.371969+00:00,42.800146,baseline_switches_off,0.000000,0,0.000000,0
429,2026-09-10T07:15:34.471937+00:00,42.900132,baseline_switches_off,0.000000,0,0.000000,0
430,2026-09-10T07:15:34.571935+00:00,43.000133,baseline_switches_off,0.000000,0,0.000000,0
431,2026-09-10T07:15:34.671996+00:00,43.100144,baseline_switches_off,0.000000,0,0.000000,0
432,2026-09-10T07:15:34.771972+00:00,43.200131,baseline_switches_off,0.000000,0,0.000000,0
433,2026-09-10T07:15:34.871955+00:00,43.300133,baseline_switches_off,0.000000,0,0.000000,0
434,2026-09-10T07:15:34.971970+00:00,43.400131,baseline_switches_off,0.000000,0,0.000000,0
435,2026-09-10T07:15:35.072152+00:00,43.500167,baseline_switches_off,0.000000,0,0.000000,0
436,2026-09-10T07:15:35.171959+00:00,43.600146,baseline_switches_off,0.368000,2944,0.000000,0
437,2026-09-10T07:15:35.271929+00:00,43.700132,baseline_switches_off,0.434000,3472,0.000000,0
438,2026-09-10T07:15:35.371928+00:00,43.800129,baseline_switches_off,0.548000,4384,0.000000,0
439,2026-09-10T07:15:35.471948+00:00,43.900145,baseline_switches_off,0.562000,4496,0.000000,0
440,2026-09-10T07:15:35.572035+00:00,44.000190,baseline_switches_off,0.562000,4496,0.000000,0
441,2026-09-10T07:15:35.671983+00:00,44.100177,baseline_switches_off,0.562000,4496,0.000000,0
442,2026-09-10T07:15:35.771926+00:00,44.200129,baseline_switches_off,0.560000,4480,0.000000,0
443,2026-09-10T07:15:35.871946+00:00,44.300129,baseline_switches_off,0.560000,4480,0.000000,0
444,2026-09-10T07:15:35.971931+00:00,44.400132,baseline_switches_off,0.562000,4496,0.000000,0
445,2026-09-10T07:15:36.071958+00:00,44.500135,baseline_switches_off,0.564000,4512,0.000000,0
446,2026-09-10T07:15:36.171945+00:00,44.600137,baseline_switches_off,0.562000,4496,0.000000,0
447,2026-09-10T07:15:36.271930+00:00,44.700131,baseline_switches_off,0.562000,4496,0.000000,0
448,2026-09-10T07:15:36.371927+00:00,44.800128,baseline_switches_off,0.562000,4496,0.000000,0
449,2026-09-10T07:15:36.472000+00:00,44.900146,baseline_switches_off,0.562000,4496,0.000000,0
450,2026-09-10T07:15:36.571946+00:00,45.000131,baseline_switches_off,0.560000,4480,0.000000,0
451,2026-09-10T07:15:36.671959+00:00,45.100140,baseline_switches_off,0.560000,4480,0.000000,0
452,2026-09-10T07:15:36.771932+00:00,45.200132,baseline_switches_off,0.562000,4496,0.000000,0
453,2026-09-10T07:15:36.871941+00:00,45.300129,baseline_switches_off,0.562000,4496,0.000000,0
454,2026-09-10T07:15:36.971936+00:00,45.400132,baseline_switches_off,0.562000,4496,0.000000,0
455,2026-09-10T07:15:37.071935+00:00,45.500131,baseline_switches_off,0.560000,4480,0.000000,0
456,2026-09-10T07:15:37.172079+00:00,45.600164,baseline_switches_off,0.562000,4496,0.000000,0
457,2026-09-10T07:15:37.271964+00:00,45.700142,baseline_switches_off,0.560000,4480,0.000000,0
458,2026-09-10T07:15:37.371936+00:00,45.800134,baseline_switches_off,0.560000,4480,0.000000,0
459,2026-09-10T07:15:37.471926+00:00,45.900129,baseline_switches_off,0.560000,4480,0.000000,0
460,2026-09-10T07:15:37.571968+00:00,46.000138,baseline_switches_off,0.560000,4480,0.000000,0
461,2026-09-10T07:15:37.671943+00:00,46.100135,baseline_switches_off,0.562000,4496,0.000000,0
462,2026-09-10T07:15:37.771940+00:00,46.200145,baseline_switches_off,0.560000,4480,0.000000,0
463,2026-09-10T07:15:37.871968+00:00,46.300168,baseline_switches_off,0.560000,4480,0.000000,0
464,2026-09-10T07:15:37.971947+00:00,46.400143,baseline_switches_off,0.560000,4480,0.000000,0
465,2026-09-10T07:15:38.071978+00:00,46.500170,baseline_switches_off,0.560000,4480,0.000000,0
466,2026-09-10T07:15:38.172055+00:00,46.600155,baseline_switches_off,0.560000,4480,0.000000,0
467,2026-09-10T07:15:38.271941+00:00,46.700137,baseline_switches_off,0.560000,4480,0.000000,0
468,2026-09-10T07:15:38.371922+00:00,46.800129,baseline_switches_off,0.560000,4480,0.000000,0
469,2026-09-10T07:15:38.471949+00:00,46.900134,baseline_switches_off,0.560000,4480,0.000000,0
470,2026-09-10T07:15:38.571943+00:00,47.000134,baseline_switches_off,0.560000,4480,0.000000,0
471,2026-09-10T07:15:38.671947+00:00,47.100134,baseline_switches_off,0.560000,4480,0.000000,0
472,2026-09-10T07:15:38.771928+00:00,47.200131,baseline_switches_off,0.560000,4480,0.000000,0
473,2026-09-10T07:15:38.871936+00:00,47.300129,baseline_switches_off,0.560000,4480,0.000000,0
474,2026-09-10T07:15:38.971935+00:00,47.400130,baseline_switches_off,0.560000,4480,0.000000,0
475,2026-09-10T07:15:39.071940+00:00,47.500132,baseline_switches_off,0.560000,4480,0.000000,0
476,2026-09-10T07:15:39.171935+00:00,47.600132,baseline_switches_off,0.560000,4480,0.000000,0
477,2026-09-10T07:15:39.271932+00:00,47.700130,baseline_switches_off,0.562000,4496,0.000000,0
478,2026-09-10T07:15:39.371932+00:00,47.800130,baseline_switches_off,0.562000,4496,0.000000,0
479,2026-09-10T07:15:39.472224+00:00,47.900215,baseline_switches_off,0.562000,4496,0.000000,0
480,2026-09-10T07:15:39.571965+00:00,48.000145,baseline_switches_off,0.564000,4512,0.000000,0
481,2026-09-10T07:15:39.671946+00:00,48.100134,baseline_switches_off,0.564000,4512,0.000000,0
482,2026-09-10T07:15:39.771929+00:00,48.200132,baseline_switches_off,0.566000,4528,0.000000,0
483,2026-09-10T07:15:39.871941+00:00,48.300136,baseline_switches_off,0.572000,4576,0.000000,0
484,2026-09-10T07:15:39.971928+00:00,48.400129,baseline_switches_off,0.592000,4736,0.000000,0
485,2026-09-10T07:15:40.071928+00:00,48.500130,baseline_switches_off,0.606000,4848,0.000000,0
486,2026-09-10T07:15:40.171948+00:00,48.600132,baseline_switches_off,0.626000,5008,0.000000,0
487,2026-09-10T07:15:40.271965+00:00,48.700135,baseline_switches_off,0.664000,5312,0.000000,0
488,2026-09-10T07:15:40.371929+00:00,48.800132,baseline_switches_off,0.784000,6272,0.000000,0
489,2026-09-10T07:15:40.471985+00:00,48.900149,baseline_switches_off,0.944000,7552,0.000000,0
490,2026-09-10T07:15:40.571953+00:00,49.000133,baseline_switches_off,1.126000,9008,0.000000,0
491,2026-09-10T07:15:40.671948+00:00,49.100131,baseline_switches_off,1.296000,10368,0.000000,0
492,2026-09-10T07:15:40.771946+00:00,49.200143,baseline_switches_off,1.436000,11488,0.000000,0
493,2026-09-10T07:15:40.871979+00:00,49.300169,baseline_switches_off,1.528000,12224,0.000000,0
494,2026-09-10T07:15:40.971952+00:00,49.400130,baseline_switches_off,1.570000,12560,0.000000,0
495,2026-09-10T07:15:41.071930+00:00,49.500130,baseline_switches_off,1.624000,12992,0.000000,0
496,2026-09-10T07:15:41.172084+00:00,49.600164,baseline_switches_off,1.704000,13632,0.000000,0
497,2026-09-10T07:15:41.271966+00:00,49.700151,baseline_switches_off,1.874000,14992,0.000000,0
498,2026-09-10T07:15:41.371949+00:00,49.800134,baseline_switches_off,2.058000,16464,0.000000,0
499,2026-09-10T07:15:41.471918+00:00,49.900128,baseline_switches_off,2.060000,16480,0.000000,0
500,2026-09-10T07:15:41.571917+00:00,50.000128,baseline_switches_off,2.058000,16464,0.000000,0
501,2026-09-10T07:15:41.671948+00:00,50.100133,baseline_switches_off,2.058000,16464,0.000000,0
502,2026-09-10T07:15:41.771968+00:00,50.200131,baseline_switches_off,2.056000,16448,0.000000,0
503,2026-09-10T07:15:41.871995+00:00,50.300137,baseline_switches_off,2.060000,16480,0.000000,0
504,2026-09-10T07:15:41.971914+00:00,50.400131,baseline_switches_off,2.060000,16480,0.000000,0
505,2026-09-10T07:15:42.071926+00:00,50.500131,baseline_switches_off,2.060000,16480,0.000000,0
506,2026-09-10T07:15:42.171961+00:00,50.600130,baseline_switches_off,2.060000,16480,0.000000,0
507,2026-09-10T07:15:42.272064+00:00,50.700164,baseline_switches_off,2.060000,16480,0.000000,0
508,2026-09-10T07:15:42.371945+00:00,50.800143,baseline_switches_off,2.060000,16480,0.000000,0
509,2026-09-10T07:15:42.471937+00:00,50.900144,baseline_switches_off,2.060000,16480,0.000000,0
510,2026-09-10T07:15:42.571925+00:00,51.000128,baseline_switches_off,2.060000,16480,0.000000,0
511,2026-09-10T07:15:42.671957+00:00,51.100130,baseline_switches_off,2.060000,16480,0.000000,0
512,2026-09-10T07:15:42.771936+00:00,51.200132,baseline_switches_off,2.060000,16480,0.000000,0
513,2026-09-10T07:15:42.872187+00:00,51.300215,baseline_switches_off,2.060000,16480,0.000000,0
514,2026-09-10T07:15:42.971965+00:00,51.400145,baseline_switches_off,2.060000,16480,0.000000,0
515,2026-09-10T07:15:43.071932+00:00,51.500131,baseline_switches_off,2.060000,16480,0.000000,0
516,2026-09-10T07:15:43.172035+00:00,51.600154,baseline_switches_off,2.058000,16464,0.000000,0
517,2026-09-10T07:15:43.271964+00:00,51.700141,baseline_switches_off,2.058000,16464,0.000000,0
518,2026-09-10T07:15:43.372008+00:00,51.800138,baseline_switches_off,2.060000,16480,0.000000,0
519,2026-09-10T07:15:43.471987+00:00,51.900142,baseline_switches_off,2.058000,16464,0.000000,0
520,2026-09-10T07:15:43.571969+00:00,52.000134,baseline_switches_off,2.058000,16464,0.000000,0
521,2026-09-10T07:15:43.671928+00:00,52.100128,baseline_switches_off,2.058000,16464,0.000000,0
522,2026-09-10T07:15:43.771927+00:00,52.200131,baseline_switches_off,2.058000,16464,0.000000,0
523,2026-09-10T07:15:43.871922+00:00,52.300129,baseline_switches_off,2.058000,16464,0.000000,0
524,2026-09-10T07:15:43.971926+00:00,52.400129,baseline_switches_off,2.058000,16464,0.000000,0
525,2026-09-10T07:15:44.071931+00:00,52.500130,baseline_switches_off,2.058000,16464,0.000000,0
526,2026-09-10T07:15:44.171959+00:00,52.600149,baseline_switches_off,2.058000,16464,0.000000,0
527,2026-09-10T07:15:44.271976+00:00,52.700168,baseline_switches_off,2.058000,16464,0.000000,0
528,2026-09-10T07:15:44.371951+00:00,52.800146,baseline_switches_off,2.058000,16464,0.000000,0
529,2026-09-10T07:15:44.471977+00:00,52.900144,baseline_switches_off,2.058000,16464,0.000000,0
530,2026-09-10T07:15:44.571947+00:00,53.000134,baseline_switches_off,2.058000,16464,0.000000,0
531,2026-09-10T07:15:44.671936+00:00,53.100128,baseline_switches_off,2.056000,16448,0.000000,0
532,2026-09-10T07:15:44.771953+00:00,53.200132,baseline_switches_off,2.056000,16448,0.000000,0
533,2026-09-10T07:15:44.871928+00:00,53.300130,baseline_switches_off,2.058000,16464,0.000000,0
534,2026-09-10T07:15:44.971925+00:00,53.400130,baseline_switches_off,2.074000,16592,0.000000,0
535,2026-09-10T07:15:45.071960+00:00,53.500133,baseline_switches_off,2.226000,17808,0.000000,0
536,2026-09-10T07:15:45.171957+00:00,53.600132,baseline_switches_off,2.434000,19472,0.000000,0
537,2026-09-10T07:15:45.271935+00:00,53.700131,baseline_switches_off,2.584000,20672,0.000000,0
538,2026-09-10T07:15:45.371939+00:00,53.800133,baseline_switches_off,2.712000,21696,0.000000,0
539,2026-09-10T07:15:45.472194+00:00,53.900195,baseline_switches_off,2.896000,23168,0.000000,0
540,2026-09-10T07:15:45.571955+00:00,54.000148,baseline_switches_off,3.124000,24992,0.000000,0
541,2026-09-10T07:15:45.671928+00:00,54.100130,baseline_switches_off,3.284000,26272,0.000000,0
542,2026-09-10T07:15:45.771921+00:00,54.200130,baseline_switches_off,3.300000,26400,0.000000,0
543,2026-09-10T07:15:45.871939+00:00,54.300131,baseline_switches_off,3.300000,26400,0.000000,0
544,2026-09-10T07:15:45.971932+00:00,54.400129,baseline_switches_off,3.300000,26400,0.000000,0
545,2026-09-10T07:15:46.072051+00:00,54.500130,baseline_switches_off,3.300000,26400,0.000000,0
546,2026-09-10T07:15:46.172026+00:00,54.600179,baseline_switches_off,3.298000,26384,0.000000,0
547,2026-09-10T07:15:46.271996+00:00,54.700150,baseline_switches_off,3.298000,26384,0.000000,0
548,2026-09-10T07:15:46.371958+00:00,54.800141,baseline_switches_off,3.298000,26384,0.000000,0
549,2026-09-10T07:15:46.471975+00:00,54.900147,baseline_switches_off,3.298000,26384,0.000000,0
550,2026-09-10T07:15:46.571936+00:00,55.000131,baseline_switches_off,3.298000,26384,0.000000,0
551,2026-09-10T07:15:46.671917+00:00,55.100128,baseline_switches_off,3.298000,26384,0.000000,0
552,2026-09-10T07:15:46.771926+00:00,55.200130,baseline_switches_off,3.298000,26384,0.000000,0
553,2026-09-10T07:15:46.871926+00:00,55.300131,baseline_switches_off,3.300000,26400,0.000000,0
554,2026-09-10T07:15:46.971925+00:00,55.400129,baseline_switches_off,3.298000,26384,0.000000,0
555,2026-09-10T07:15:47.071920+00:00,55.500129,baseline_switches_off,3.298000,26384,0.000000,0
556,2026-09-10T07:15:47.171943+00:00,55.600129,baseline_switches_off,3.300000,26400,0.000000,0
557,2026-09-10T07:15:47.271964+00:00,55.700131,baseline_switches_off,3.296000,26368,0.000000,0
558,2026-09-10T07:15:47.372091+00:00,55.800162,baseline_switches_off,3.300000,26400,0.000000,0
559,2026-09-10T07:15:47.471942+00:00,55.900144,baseline_switches_off,3.298000,26384,0.000000,0
560,2026-09-10T07:15:47.571923+00:00,56.000131,baseline_switches_off,3.298000,26384,0.000000,0
561,2026-09-10T07:15:47.671915+00:00,56.100128,baseline_switches_off,3.300000,26400,0.000000,0
562,2026-09-10T07:15:47.771970+00:00,56.200140,baseline_switches_off,3.298000,26384,0.000000,0
563,2026-09-10T07:15:47.871952+00:00,56.300134,baseline_switches_off,3.300000,26400,0.000000,0
564,2026-09-10T07:15:47.971965+00:00,56.400131,baseline_switches_off,3.298000,26384,0.000000,0
565,2026-09-10T07:15:48.071970+00:00,56.500130,baseline_switches_off,3.298000,26384,0.000000,0
566,2026-09-10T07:15:48.172045+00:00,56.600147,baseline_switches_off,3.298000,26384,0.000000,0
567,2026-09-10T07:15:48.272005+00:00,56.700143,baseline_switches_off,3.298000,26384,0.000000,0
568,2026-09-10T07:15:48.371947+00:00,56.800139,baseline_switches_off,3.300000,26400,0.000000,0
569,2026-09-10T07:15:48.472011+00:00,56.900151,baseline_switches_off,3.302000,26416,0.000000,0
570,2026-09-10T07:15:48.571938+00:00,57.000138,baseline_switches_off,3.298000,26384,0.000000,0
571,2026-09-10T07:15:48.671939+00:00,57.100131,baseline_switches_off,3.298000,26384,0.000000,0
572,2026-09-10T07:15:48.771957+00:00,57.200132,baseline_switches_off,3.298000,26384,0.000000,0
573,2026-09-10T07:15:48.871940+00:00,57.300132,baseline_switches_off,3.298000,26384,0.000000,0
574,2026-09-10T07:15:48.971946+00:00,57.400145,baseline_switches_off,3.300000,26400,0.000000,0
575,2026-09-10T07:15:49.071974+00:00,57.500170,baseline_switches_off,3.298000,26384,0.000000,0
576,2026-09-10T07:15:49.171950+00:00,57.600129,baseline_switches_off,3.298000,26384,0.000000,0
577,2026-09-10T07:15:49.271928+00:00,57.700126,baseline_switches_off,3.300000,26400,0.000000,0
578,2026-09-10T07:15:49.371955+00:00,57.800128,baseline_switches_off,3.298000,26384,0.000000,0
579,2026-09-10T07:15:49.471963+00:00,57.900133,baseline_switches_off,3.298000,26384,0.000000,0
580,2026-09-10T07:15:49.571925+00:00,58.000132,baseline_switches_off,3.298000,26384,0.000000,0
581,2026-09-10T07:15:49.671917+00:00,58.100129,baseline_switches_off,3.298000,26384,0.000000,0
582,2026-09-10T07:15:49.771927+00:00,58.200129,baseline_switches_off,3.298000,26384,0.000000,0
583,2026-09-10T07:15:49.871929+00:00,58.300129,baseline_switches_off,3.300000,26400,0.000000,0
584,2026-09-10T07:15:49.971947+00:00,58.400130,baseline_switches_off,3.100000,24800,0.000000,0
585,2026-09-10T07:15:50.071967+00:00,58.500133,baseline_switches_off,2.794000,22352,0.000000,0
586,2026-09-10T07:15:50.171949+00:00,58.600124,baseline_switches_off,2.454000,19632,0.000000,0
587,2026-09-10T07:15:50.271961+00:00,58.700133,baseline_switches_off,2.202000,17616,0.000000,0
588,2026-09-10T07:15:50.371929+00:00,58.800131,baseline_switches_off,2.070000,16560,0.000000,0
589,2026-09-10T07:15:50.471940+00:00,58.900131,baseline_switches_off,1.936000,15488,0.000000,0
590,2026-09-10T07:15:50.571949+00:00,59.000132,baseline_switches_off,1.810000,14480,0.000000,0
591,2026-09-10T07:15:50.671930+00:00,59.100129,baseline_switches_off,1.704000,13632,0.000000,0
592,2026-09-10T07:15:50.771951+00:00,59.200131,baseline_switches_off,1.566000,12528,0.000000,0
593,2026-09-10T07:15:50.871945+00:00,59.300144,baseline_switches_off,1.430000,11440,0.000000,0
594,2026-09-10T07:15:50.971974+00:00,59.400168,baseline_switches_off,1.268000,10144,0.000000,0
595,2026-09-10T07:15:51.071975+00:00,59.500168,baseline_switches_off,1.122000,8976,0.000000,0
596,2026-09-10T07:15:51.171920+00:00,59.600128,baseline_switches_off,1.004000,8032,0.000000,0
597,2026-09-10T07:15:51.271940+00:00,59.700133,baseline_switches_off,0.974000,7792,0.000000,0
598,2026-09-10T07:15:51.371945+00:00,59.800129,baseline_switches_off,0.976000,7808,0.000000,0
599,2026-09-10T07:15:51.472221+00:00,59.900203,baseline_switches_off,0.974000,7792,0.000000,0
600,2026-09-10T07:15:51.571961+00:00,60.000151,baseline_switches_off,0.974000,7792,0.000000,0
601,2026-09-10T07:15:51.672086+00:00,60.100172,baseline_switches_off,0.970000,7760,0.000000,0
602,2026-09-10T07:15:51.771988+00:00,60.200147,baseline_switches_off,0.882000,7056,0.000000,0
603,2026-09-10T07:15:51.872136+00:00,60.300170,baseline_switches_off,0.600000,4800,0.000000,0
604,2026-09-10T07:15:51.971939+00:00,60.400145,baseline_switches_off,0.188000,1504,0.000000,0
605,2026-09-10T07:15:52.071934+00:00,60.500136,baseline_switches_off,0.000000,0,0.000000,0
606,2026-09-10T07:15:52.171926+00:00,60.600129,baseline_switches_off,0.000000,0,0.000000,0
607,2026-09-10T07:15:52.272228+00:00,60.700197,baseline_switches_off,0.000000,0,0.000000,0
608,2026-09-10T07:15:52.372025+00:00,60.800152,baseline_switches_off,0.000000,0,0.000000,0
609,2026-09-10T07:15:52.472129+00:00,60.900178,baseline_switches_off,0.000000,0,0.000000,0
610,2026-09-10T07:15:52.571963+00:00,61.000147,baseline_switches_off,0.000000,0,0.000000,0
611,2026-09-10T07:15:52.672006+00:00,61.100147,baseline_switches_off,0.000000,0,0.000000,0
612,2026-09-10T07:15:52.771944+00:00,61.200138,baseline_switches_off,0.000000,0,0.000000,0
613,2026-09-10T07:15:52.871951+00:00,61.300136,baseline_switches_off,0.000000,0,0.000000,0
614,2026-09-10T07:15:52.971952+00:00,61.400133,baseline_switches_off,0.000000,0,0.000000,0
615,2026-09-10T07:15:53.071929+00:00,61.500133,baseline_switches_off,0.000000,0,0.000000,0
616,2026-09-10T07:15:53.171965+00:00,61.600166,baseline_switches_off,0.000000,0,0.000000,0
617,2026-09-10T07:15:53.271957+00:00,61.700145,baseline_switches_off,0.000000,0,0.000000,0
618,2026-09-10T07:15:53.371967+00:00,61.800168,baseline_switches_off,0.000000,0,0.000000,0
619,2026-09-10T07:15:53.471961+00:00,61.900129,baseline_switches_off,0.000000,0,0.000000,0
620,2026-09-10T07:15:53.571939+00:00,62.000132,baseline_switches_off,0.000000,0,0.000000,0
621,2026-09-10T07:15:53.671926+00:00,62.100131,baseline_switches_off,0.000000,0,0.000000,0
622,2026-09-10T07:15:53.771949+00:00,62.200130,baseline_switches_off,0.000000,0,0.000000,0
623,2026-09-10T07:15:53.872005+00:00,62.300129,baseline_switches_off,0.000000,0,0.000000,0
624,2026-09-10T07:15:53.971973+00:00,62.400154,baseline_switches_off,0.000000,0,0.000000,0
625,2026-09-10T07:15:54.071938+00:00,62.500137,baseline_switches_off,0.000000,0,0.000000,0
626,2026-09-10T07:15:54.171926+00:00,62.600132,baseline_switches_off,0.000000,0,0.000000,0
627,2026-09-10T07:15:54.271947+00:00,62.700129,baseline_switches_off,0.000000,0,0.000000,0
628,2026-09-10T07:15:54.371970+00:00,62.800131,baseline_switches_off,0.000000,0,0.000000,0
629,2026-09-10T07:15:54.471926+00:00,62.900130,baseline_switches_off,0.000000,0,0.000000,0
630,2026-09-10T07:15:54.571941+00:00,63.000133,baseline_switches_off,0.000000,0,0.000000,0
631,2026-09-10T07:15:54.671949+00:00,63.100130,baseline_switches_off,0.000000,0,0.000000,0
632,2026-09-10T07:15:54.771953+00:00,63.200134,baseline_switches_off,0.000000,0,0.000000,0
633,2026-09-10T07:15:54.871971+00:00,63.300169,baseline_switches_off,0.000000,0,0.000000,0
634,2026-09-10T07:15:54.971923+00:00,63.400126,baseline_switches_off,0.000000,0,0.000000,0
635,2026-09-10T07:15:55.071931+00:00,63.500130,baseline_switches_off,0.000000,0,0.000000,0
636,2026-09-10T07:15:55.171945+00:00,63.600129,baseline_switches_off,0.000000,0,0.000000,0
637,2026-09-10T07:15:55.271929+00:00,63.700131,baseline_switches_off,0.000000,0,0.000000,0
638,2026-09-10T07:15:55.371949+00:00,63.800132,baseline_switches_off,0.000000,0,0.000000,0
639,2026-09-10T07:15:55.471923+00:00,63.900127,baseline_switches_off,0.000000,0,0.000000,0
640,2026-09-10T07:15:55.571929+00:00,64.000131,baseline_switches_off,0.000000,0,0.000000,0
641,2026-09-10T07:15:55.671949+00:00,64.100132,baseline_switches_off,0.000000,0,0.000000,0
642,2026-09-10T07:15:55.771973+00:00,64.200132,baseline_switches_off,0.000000,0,0.000000,0
643,2026-09-10T07:15:55.871924+00:00,64.300129,baseline_switches_off,0.000000,0,0.000000,0
644,2026-09-10T07:15:55.971925+00:00,64.400128,baseline_switches_off,0.000000,0,0.000000,0
645,2026-09-10T07:15:56.071927+00:00,64.500131,baseline_switches_off,0.000000,0,0.000000,0
646,2026-09-10T07:15:56.171925+00:00,64.600130,baseline_switches_off,0.000000,0,0.000000,0
647,2026-09-10T07:15:56.271926+00:00,64.700128,baseline_switches_off,0.000000,0,0.000000,0
648,2026-09-10T07:15:56.371932+00:00,64.800128,baseline_switches_off,0.000000,0,0.000000,0
649,2026-09-10T07:15:56.471983+00:00,64.900148,baseline_switches_off,0.000000,0,0.000000,0
650,2026-09-10T07:15:56.571939+00:00,65.000135,baseline_switches_off,0.000000,0,0.000000,0
651,2026-09-10T07:15:56.671945+00:00,65.100134,baseline_switches_off,0.000000,0,0.000000,0
652,2026-09-10T07:15:56.771949+00:00,65.200134,baseline_switches_off,0.000000,0,0.000000,0
653,2026-09-10T07:15:56.871948+00:00,65.300150,baseline_switches_off,0.000000,0,0.000000,0
654,2026-09-10T07:15:56.971926+00:00,65.400128,baseline_switches_off,0.000000,0,0.000000,0
655,2026-09-10T07:15:57.071948+00:00,65.500130,baseline_switches_off,0.000000,0,0.000000,0
656,2026-09-10T07:15:57.171936+00:00,65.600133,baseline_switches_off,0.000000,0,0.000000,0
657,2026-09-10T07:15:57.271924+00:00,65.700130,baseline_switches_off,0.000000,0,0.000000,0
658,2026-09-10T07:15:57.371931+00:00,65.800130,baseline_switches_off,0.000000,0,0.000000,0
659,2026-09-10T07:15:57.472200+00:00,65.900194,baseline_switches_off,0.000000,0,0.000000,0
660,2026-09-10T07:15:57.572056+00:00,66.000169,baseline_switches_off,0.000000,0,0.000000,0
661,2026-09-10T07:15:57.671979+00:00,66.100147,baseline_switches_off,0.000000,0,0.000000,0
662,2026-09-10T07:15:57.771935+00:00,66.200134,baseline_switches_off,0.000000,0,0.000000,0
663,2026-09-10T07:15:57.871929+00:00,66.300130,baseline_switches_off,0.000000,0,0.000000,0
664,2026-09-10T07:15:57.971942+00:00,66.400130,baseline_switches_off,0.000000,0,0.000000,0
665,2026-09-10T07:15:58.071960+00:00,66.500139,baseline_switches_off,0.000000,0,0.000000,0
666,2026-09-10T07:15:58.172164+00:00,66.600188,baseline_switches_off,0.000000,0,0.000000,0
667,2026-09-10T07:15:58.271985+00:00,66.700149,baseline_switches_off,0.000000,0,0.000000,0
668,2026-09-10T07:15:58.371985+00:00,66.800147,baseline_switches_off,0.000000,0,0.000000,0
669,2026-09-10T07:15:58.472029+00:00,66.900149,baseline_switches_off,0.000000,0,0.000000,0
670,2026-09-10T07:15:58.571937+00:00,67.000136,baseline_switches_off,0.000000,0,0.000000,0
671,2026-09-10T07:15:58.671960+00:00,67.100137,baseline_switches_off,0.000000,0,0.000000,0
672,2026-09-10T07:15:58.771937+00:00,67.200134,baseline_switches_off,0.000000,0,0.000000,0
673,2026-09-10T07:15:58.871951+00:00,67.300148,baseline_switches_off,0.000000,0,0.000000,0
674,2026-09-10T07:15:58.971971+00:00,67.400170,baseline_switches_off,0.000000,0,0.000000,0
675,2026-09-10T07:15:59.071979+00:00,67.500174,baseline_switches_off,0.000000,0,0.000000,0
676,2026-09-10T07:15:59.171930+00:00,67.600133,baseline_switches_off,0.000000,0,0.000000,0
677,2026-09-10T07:15:59.271944+00:00,67.700130,baseline_switches_off,0.000000,0,0.000000,0
678,2026-09-10T07:15:59.371922+00:00,67.800131,baseline_switches_off,0.000000,0,0.000000,0
679,2026-09-10T07:15:59.471931+00:00,67.900131,baseline_switches_off,0.000000,0,0.000000,0
680,2026-09-10T07:15:59.571921+00:00,68.000128,baseline_switches_off,0.000000,0,0.000000,0
681,2026-09-10T07:15:59.671939+00:00,68.100130,baseline_switches_off,0.000000,0,0.000000,0
682,2026-09-10T07:15:59.771946+00:00,68.200132,baseline_switches_off,0.000000,0,0.000000,0
683,2026-09-10T07:15:59.872247+00:00,68.300132,baseline_switches_off,0.000000,0,0.000000,0
684,2026-09-10T07:15:59.972038+00:00,68.400160,baseline_switches_off,0.000000,0,0.000000,0
685,2026-09-10T07:16:00.071929+00:00,68.500136,baseline_switches_off,0.000000,0,0.000000,0
686,2026-09-10T07:16:00.171939+00:00,68.600131,baseline_switches_off,0.000000,0,0.000000,0
687,2026-09-10T07:16:00.271948+00:00,68.700130,baseline_switches_off,0.000000,0,0.000000,0
688,2026-09-10T07:16:00.371963+00:00,68.800129,baseline_switches_off,0.000000,0,0.000000,0
689,2026-09-10T07:16:00.472010+00:00,68.900147,baseline_switches_off,0.000000,0,0.000000,0
690,2026-09-10T07:16:00.571932+00:00,69.000134,baseline_switches_off,0.000000,0,0.000000,0
691,2026-09-10T07:16:00.671927+00:00,69.100130,baseline_switches_off,0.000000,0,0.000000,0
692,2026-09-10T07:16:00.771939+00:00,69.200131,baseline_switches_off,0.000000,0,0.000000,0
693,2026-09-10T07:16:00.871953+00:00,69.300131,baseline_switches_off,0.000000,0,0.000000,0
694,2026-09-10T07:16:00.971930+00:00,69.400130,baseline_switches_off,0.000000,0,0.000000,0
695,2026-09-10T07:16:01.071963+00:00,69.500169,baseline_switches_off,0.000000,0,0.000000,0
696,2026-09-10T07:16:01.171971+00:00,69.600130,baseline_switches_off,0.000000,0,0.000000,0
697,2026-09-10T07:16:01.271923+00:00,69.700128,baseline_switches_off,0.000000,0,0.000000,0
698,2026-09-10T07:16:01.371963+00:00,69.800140,baseline_switches_off,0.000000,0,0.000000,0
699,2026-09-10T07:16:01.471933+00:00,69.900132,baseline_switches_off,0.000000,0,0.000000,0
700,2026-09-10T07:16:01.571935+00:00,70.000132,baseline_switches_off,0.000000,0,0.000000,0
701,2026-09-10T07:16:01.671947+00:00,70.100129,baseline_switches_off,0.000000,0,0.000000,0
702,2026-09-10T07:16:01.771946+00:00,70.200130,baseline_switches_off,0.000000,0,0.000000,0
703,2026-09-10T07:16:01.871923+00:00,70.300128,baseline_switches_off,0.000000,0,0.000000,0
704,2026-09-10T07:16:01.971920+00:00,70.400129,baseline_switches_off,0.000000,0,0.000000,0
705,2026-09-10T07:16:02.071923+00:00,70.500131,baseline_switches_off,0.000000,0,0.000000,0
706,2026-09-10T07:16:02.171924+00:00,70.600127,baseline_switches_off,0.000000,0,0.000000,0
707,2026-09-10T07:16:02.271915+00:00,70.700129,baseline_switches_off,0.000000,0,0.000000,0
708,2026-09-10T07:16:02.371918+00:00,70.800128,baseline_switches_off,0.000000,0,0.000000,0
709,2026-09-10T07:16:02.471956+00:00,70.900134,baseline_switches_off,0.000000,0,0.000000,0
710,2026-09-10T07:16:02.571925+00:00,71.000130,baseline_switches_off,0.000000,0,0.000000,0
711,2026-09-10T07:16:02.672090+00:00,71.100159,baseline_switches_off,0.000000,0,0.000000,0
712,2026-09-10T07:16:02.771956+00:00,71.200143,baseline_switches_off,0.000000,0,0.000000,0
713,2026-09-10T07:16:02.871946+00:00,71.300135,baseline_switches_off,0.000000,0,0.000000,0
714,2026-09-10T07:16:02.971940+00:00,71.400133,baseline_switches_off,0.000000,0,0.000000,0
715,2026-09-10T07:16:03.071952+00:00,71.500144,baseline_switches_off,0.000000,0,0.000000,0
716,2026-09-10T07:16:03.171925+00:00,71.600129,baseline_switches_off,0.000000,0,0.000000,0
717,2026-09-10T07:16:03.271932+00:00,71.700130,baseline_switches_off,0.000000,0,0.000000,0
718,2026-09-10T07:16:03.371924+00:00,71.800127,baseline_switches_off,0.000000,0,0.000000,0
719,2026-09-10T07:16:03.472215+00:00,71.900196,baseline_switches_off,0.000000,0,0.000000,0
720,2026-09-10T07:16:03.571996+00:00,72.000147,baseline_switches_off,0.000000,0,0.000000,0
721,2026-09-10T07:16:03.671930+00:00,72.100131,baseline_switches_off,0.000000,0,0.000000,0
722,2026-09-10T07:16:03.771939+00:00,72.200127,baseline_switches_off,0.000000,0,0.000000,0
723,2026-09-10T07:16:03.871925+00:00,72.300130,baseline_switches_off,0.000000,0,0.000000,0
724,2026-09-10T07:16:03.971930+00:00,72.400129,baseline_switches_off,0.000000,0,0.000000,0
725,2026-09-10T07:16:04.071926+00:00,72.500131,baseline_switches_off,0.000000,0,0.000000,0
726,2026-09-10T07:16:04.172184+00:00,72.600192,baseline_switches_off,0.000000,0,0.000000,0
727,2026-09-10T07:16:04.272053+00:00,72.700161,baseline_switches_off,0.000000,0,0.000000,0
728,2026-09-10T07:16:04.371979+00:00,72.800140,baseline_switches_off,0.000000,0,0.000000,0
729,2026-09-10T07:16:04.472058+00:00,72.900154,baseline_switches_off,0.000000,0,0.000000,0
730,2026-09-10T07:16:04.571941+00:00,73.000138,baseline_switches_off,0.000000,0,0.000000,0
731,2026-09-10T07:16:04.671933+00:00,73.100133,baseline_switches_off,0.000000,0,0.000000,0
732,2026-09-10T07:16:04.771933+00:00,73.200132,baseline_switches_off,0.000000,0,0.000000,0
733,2026-09-10T07:16:04.871949+00:00,73.300135,baseline_switches_off,0.000000,0,0.000000,0
734,2026-09-10T07:16:04.971944+00:00,73.400144,baseline_switches_off,0.000000,0,0.000000,0
735,2026-09-10T07:16:05.071963+00:00,73.500169,baseline_switches_off,0.000000,0,0.000000,0
736,2026-09-10T07:16:05.171967+00:00,73.600168,baseline_switches_off,0.000000,0,0.000000,0
737,2026-09-10T07:16:05.271970+00:00,73.700130,baseline_switches_off,0.000000,0,0.000000,0
738,2026-09-10T07:16:05.371927+00:00,73.800129,baseline_switches_off,0.000000,0,0.000000,0
739,2026-09-10T07:16:05.471924+00:00,73.900128,baseline_switches_off,0.000000,0,0.000000,0
740,2026-09-10T07:16:05.571926+00:00,74.000128,baseline_switches_off,0.000000,0,0.000000,0
741,2026-09-10T07:16:05.671946+00:00,74.100131,baseline_switches_off,0.000000,0,0.000000,0
742,2026-09-10T07:16:05.771963+00:00,74.200129,baseline_switches_off,0.000000,0,0.000000,0
743,2026-09-10T07:16:05.871953+00:00,74.300133,baseline_switches_off,0.000000,0,0.000000,0
744,2026-09-10T07:16:05.971920+00:00,74.400130,baseline_switches_off,0.000000,0,0.000000,0
745,2026-09-10T07:16:06.071931+00:00,74.500131,baseline_switches_off,0.000000,0,0.000000,0
746,2026-09-10T07:16:06.171925+00:00,74.600129,baseline_switches_off,0.000000,0,0.000000,0
747,2026-09-10T07:16:06.271943+00:00,74.700127,baseline_switches_off,0.000000,0,0.000000,0
748,2026-09-10T07:16:06.371964+00:00,74.800128,baseline_switches_off,0.000000,0,0.000000,0
749,2026-09-10T07:16:06.471941+00:00,74.900130,baseline_switches_off,0.000000,0,0.000000,0
750,2026-09-10T07:16:06.571949+00:00,75.000132,baseline_switches_off,0.000000,0,0.000000,0
751,2026-09-10T07:16:06.671920+00:00,75.100129,baseline_switches_off,0.000000,0,0.000000,0
752,2026-09-10T07:16:06.771928+00:00,75.200128,baseline_switches_off,0.000000,0,0.000000,0
753,2026-09-10T07:16:06.871955+00:00,75.300134,baseline_switches_off,0.000000,0,0.000000,0
754,2026-09-10T07:16:06.971946+00:00,75.400144,baseline_switches_off,0.000000,0,0.000000,0
755,2026-09-10T07:16:07.071972+00:00,75.500168,baseline_switches_off,0.000000,0,0.000000,0
756,2026-09-10T07:16:07.171984+00:00,75.600172,baseline_switches_off,0.000000,0,0.000000,0
757,2026-09-10T07:16:07.271930+00:00,75.700127,baseline_switches_off,0.000000,0,0.000000,0
758,2026-09-10T07:16:07.371932+00:00,75.800129,baseline_switches_off,0.000000,0,0.000000,0
759,2026-09-10T07:16:07.471924+00:00,75.900129,baseline_switches_off,0.000000,0,0.000000,0
760,2026-09-10T07:16:07.571944+00:00,76.000128,baseline_switches_off,0.000000,0,0.000000,0
761,2026-09-10T07:16:07.671954+00:00,76.100132,baseline_switches_off,0.000000,0,0.000000,0
762,2026-09-10T07:16:07.772044+00:00,76.200157,baseline_switches_off,0.000000,0,0.000000,0
763,2026-09-10T07:16:07.871959+00:00,76.300141,baseline_switches_off,0.000000,0,0.000000,0
764,2026-09-10T07:16:07.971957+00:00,76.400133,baseline_switches_off,0.000000,0,0.000000,0
765,2026-09-10T07:16:08.071927+00:00,76.500131,baseline_switches_off,0.000000,0,0.000000,0
766,2026-09-10T07:16:08.171936+00:00,76.600132,baseline_switches_off,0.000000,0,0.000000,0
767,2026-09-10T07:16:08.271971+00:00,76.700140,baseline_switches_off,0.000000,0,0.000000,0
768,2026-09-10T07:16:08.371940+00:00,76.800135,baseline_switches_off,0.000000,0,0.000000,0
769,2026-09-10T07:16:08.471975+00:00,76.900143,baseline_switches_off,0.000000,0,0.000000,0
770,2026-09-10T07:16:08.571938+00:00,77.000135,baseline_switches_off,0.000000,0,0.000000,0
771,2026-09-10T07:16:08.671960+00:00,77.100133,baseline_switches_off,0.000000,0,0.000000,0
772,2026-09-10T07:16:08.771940+00:00,77.200131,baseline_switches_off,0.000000,0,0.000000,0
773,2026-09-10T07:16:08.871964+00:00,77.300133,baseline_switches_off,0.000000,0,0.000000,0
774,2026-09-10T07:16:08.971979+00:00,77.400134,baseline_switches_off,0.000000,0,0.000000,0
775,2026-09-10T07:16:09.071929+00:00,77.500132,baseline_switches_off,0.000000,0,0.000000,0
776,2026-09-10T07:16:09.171930+00:00,77.600132,baseline_switches_off,0.000000,0,0.000000,0
777,2026-09-10T07:16:09.272030+00:00,77.700154,baseline_switches_off,0.000000,0,0.000000,0
778,2026-09-10T07:16:09.371965+00:00,77.800142,baseline_switches_off,0.000000,0,0.000000,0
779,2026-09-10T07:16:09.472206+00:00,77.900197,baseline_switches_off,0.000000,0,0.000000,0
780,2026-09-10T07:16:09.571956+00:00,78.000146,baseline_switches_off,0.000000,0,0.000000,0
781,2026-09-10T07:16:09.671941+00:00,78.100133,baseline_switches_off,0.000000,0,0.000000,0
782,2026-09-10T07:16:09.771948+00:00,78.200144,baseline_switches_off,0.000000,0,0.000000,0
783,2026-09-10T07:16:09.871976+00:00,78.300127,baseline_switches_off,0.000000,0,0.000000,0
784,2026-09-10T07:16:09.971943+00:00,78.400135,baseline_switches_off,0.000000,0,0.000000,0
785,2026-09-10T07:16:10.071930+00:00,78.500132,baseline_switches_off,0.000000,0,0.000000,0
786,2026-09-10T07:16:10.171931+00:00,78.600130,baseline_switches_off,0.000000,0,0.000000,0
787,2026-09-10T07:16:10.272220+00:00,78.700209,baseline_switches_off,0.000000,0,0.000000,0
788,2026-09-10T07:16:10.372015+00:00,78.800151,baseline_switches_off,0.000000,0,0.000000,0
789,2026-09-10T07:16:10.471985+00:00,78.900145,baseline_switches_off,0.000000,0,0.000000,0
790,2026-09-10T07:16:10.571948+00:00,79.000143,baseline_switches_off,0.000000,0,0.000000,0
791,2026-09-10T07:16:10.671971+00:00,79.100143,baseline_switches_off,0.000000,0,0.000000,0
792,2026-09-10T07:16:10.771930+00:00,79.200134,baseline_switches_off,0.000000,0,0.000000,0
793,2026-09-10T07:16:10.871926+00:00,79.300130,baseline_switches_off,0.000000,0,0.000000,0
794,2026-09-10T07:16:10.971955+00:00,79.400135,baseline_switches_off,0.000000,0,0.000000,0
795,2026-09-10T07:16:11.071968+00:00,79.500133,baseline_switches_off,0.000000,0,0.000000,0
796,2026-09-10T07:16:11.171967+00:00,79.600130,baseline_switches_off,0.000000,0,0.000000,0
797,2026-09-10T07:16:11.271918+00:00,79.700129,baseline_switches_off,0.000000,0,0.000000,0
798,2026-09-10T07:16:11.371930+00:00,79.800133,baseline_switches_off,0.000000,0,0.000000,0
799,2026-09-10T07:16:11.471947+00:00,79.900146,baseline_switches_off,0.000000,0,0.000000,0
800,2026-09-10T07:16:11.571921+00:00,80.000129,baseline_switches_off,0.000000,0,0.000000,0
801,2026-09-10T07:16:11.671926+00:00,80.100129,baseline_switches_off,0.000000,0,0.000000,0
802,2026-09-10T07:16:11.771943+00:00,80.200129,baseline_switches_off,0.000000,0,0.000000,0
803,2026-09-10T07:16:11.871923+00:00,80.300129,baseline_switches_off,0.000000,0,0.000000,0
804,2026-09-10T07:16:11.971937+00:00,80.400131,baseline_switches_off,0.000000,0,0.000000,0
805,2026-09-10T07:16:12.071946+00:00,80.500133,baseline_switches_off,0.000000,0,0.000000,0
806,2026-09-10T07:16:12.171923+00:00,80.600129,baseline_switches_off,0.000000,0,0.000000,0
807,2026-09-10T07:16:12.271940+00:00,80.700135,baseline_switches_off,0.000000,0,0.000000,0
808,2026-09-10T07:16:12.371927+00:00,80.800133,baseline_switches_off,0.000000,0,0.000000,0
809,2026-09-10T07:16:12.471998+00:00,80.900146,baseline_switches_off,0.000000,0,0.000000,0
810,2026-09-10T07:16:12.571973+00:00,81.000135,baseline_switches_off,0.000000,0,0.000000,0
811,2026-09-10T07:16:12.671957+00:00,81.100130,baseline_switches_off,0.000000,0,0.000000,0
812,2026-09-10T07:16:12.771946+00:00,81.200131,baseline_switches_off,0.000000,0,0.000000,0
813,2026-09-10T07:16:12.872064+00:00,81.300164,baseline_switches_off,0.000000,0,0.000000,0
814,2026-09-10T07:16:12.971948+00:00,81.400144,baseline_switches_off,0.000000,0,0.000000,0
815,2026-09-10T07:16:13.071941+00:00,81.500137,baseline_switches_off,0.000000,0,0.000000,0
816,2026-09-10T07:16:13.171934+00:00,81.600128,baseline_switches_off,0.000000,0,0.000000,0
817,2026-09-10T07:16:13.271947+00:00,81.700144,baseline_switches_off,0.000000,0,0.000000,0
818,2026-09-10T07:16:13.371973+00:00,81.800168,baseline_switches_off,0.000000,0,0.000000,0
819,2026-09-10T07:16:13.471975+00:00,81.900169,baseline_switches_off,0.000000,0,0.000000,0
820,2026-09-10T07:16:13.571981+00:00,82.000172,baseline_switches_off,0.000000,0,0.000000,0
821,2026-09-10T07:16:13.671926+00:00,82.100127,baseline_switches_off,0.000000,0,0.000000,0
822,2026-09-10T07:16:13.771936+00:00,82.200130,baseline_switches_off,0.000000,0,0.000000,0
823,2026-09-10T07:16:13.871934+00:00,82.300132,baseline_switches_off,0.000000,0,0.000000,0
824,2026-09-10T07:16:13.971953+00:00,82.400130,baseline_switches_off,0.000000,0,0.000000,0
825,2026-09-10T07:16:14.071974+00:00,82.500129,baseline_switches_off,0.000000,0,0.000000,0
826,2026-09-10T07:16:14.171932+00:00,82.600130,baseline_switches_off,0.000000,0,0.000000,0
827,2026-09-10T07:16:14.271920+00:00,82.700129,baseline_switches_off,0.000000,0,0.000000,0
828,2026-09-10T07:16:14.371933+00:00,82.800128,baseline_switches_off,0.000000,0,0.000000,0
829,2026-09-10T07:16:14.471936+00:00,82.900132,baseline_switches_off,0.000000,0,0.000000,0
830,2026-09-10T07:16:14.571931+00:00,83.000133,baseline_switches_off,0.000000,0,0.000000,0
831,2026-09-10T07:16:14.671919+00:00,83.100128,baseline_switches_off,0.000000,0,0.000000,0
832,2026-09-10T07:16:14.771950+00:00,83.200127,baseline_switches_off,0.000000,0,0.000000,0
833,2026-09-10T07:16:14.871971+00:00,83.300130,baseline_switches_off,0.006000,48,0.000000,0
834,2026-09-10T07:16:14.971963+00:00,83.400131,baseline_switches_off,0.450000,3600,0.000000,0
835,2026-09-10T07:16:15.071962+00:00,83.500134,baseline_switches_off,0.478000,3824,0.000000,0
836,2026-09-10T07:16:15.171929+00:00,83.600130,baseline_switches_off,0.548000,4384,0.000000,0
837,2026-09-10T07:16:15.271926+00:00,83.700128,baseline_switches_off,0.720000,5760,0.000000,0
838,2026-09-10T07:16:15.371914+00:00,83.800128,baseline_switches_off,0.938000,7504,0.000000,0
839,2026-09-10T07:16:15.472232+00:00,83.900197,baseline_switches_off,1.000000,8000,0.000000,0
840,2026-09-10T07:16:15.571956+00:00,84.000148,baseline_switches_off,1.054000,8432,0.000000,0
841,2026-09-10T07:16:15.671979+00:00,84.100177,baseline_switches_off,1.100000,8800,0.000000,0
842,2026-09-10T07:16:15.771948+00:00,84.200124,baseline_switches_off,1.196000,9568,0.000000,0
843,2026-09-10T07:16:15.871933+00:00,84.300133,baseline_switches_off,1.546000,12368,0.000000,0
844,2026-09-10T07:16:15.971924+00:00,84.400129,baseline_switches_off,1.880000,15040,0.000000,0
845,2026-09-10T07:16:16.071943+00:00,84.500131,baseline_switches_off,2.026000,16208,0.000000,0
846,2026-09-10T07:16:16.172049+00:00,84.600129,baseline_switches_off,2.046000,16368,0.000000,0
847,2026-09-10T07:16:16.272044+00:00,84.700167,baseline_switches_off,2.044000,16352,0.000000,0
848,2026-09-10T07:16:16.371999+00:00,84.800155,baseline_switches_off,2.042000,16336,0.000000,0
849,2026-09-10T07:16:16.472003+00:00,84.900147,baseline_switches_off,2.042000,16336,0.000000,0
850,2026-09-10T07:16:16.571945+00:00,85.000139,baseline_switches_off,2.042000,16336,0.000000,0
851,2026-09-10T07:16:16.671974+00:00,85.100135,baseline_switches_off,2.042000,16336,0.000000,0
852,2026-09-10T07:16:16.771969+00:00,85.200132,baseline_switches_off,2.042000,16336,0.000000,0
853,2026-09-10T07:16:16.871972+00:00,85.300131,baseline_switches_off,2.042000,16336,0.000000,0
854,2026-09-10T07:16:16.971959+00:00,85.400132,baseline_switches_off,2.042000,16336,0.000000,0
855,2026-09-10T07:16:17.071933+00:00,85.500131,baseline_switches_off,2.040000,16320,0.000000,0
856,2026-09-10T07:16:17.171919+00:00,85.600131,baseline_switches_off,2.034000,16272,0.000000,0
857,2026-09-10T07:16:17.271922+00:00,85.700130,baseline_switches_off,2.032000,16256,0.000000,0
858,2026-09-10T07:16:17.371945+00:00,85.800131,baseline_switches_off,2.028000,16224,0.000000,0
859,2026-09-10T07:16:17.471932+00:00,85.900132,baseline_switches_off,2.012000,16096,0.000000,0
860,2026-09-10T07:16:17.571939+00:00,86.000132,baseline_switches_off,1.996000,15968,0.000000,0
861,2026-09-10T07:16:17.671974+00:00,86.100173,baseline_switches_off,1.994000,15952,0.000000,0
862,2026-09-10T07:16:17.771976+00:00,86.200170,baseline_switches_off,1.990000,15920,0.000000,0
863,2026-09-10T07:16:17.871948+00:00,86.300144,baseline_switches_off,1.972000,15776,0.000000,0
864,2026-09-10T07:16:17.972076+00:00,86.400199,baseline_switches_off,1.972000,15776,0.000000,0
865,2026-09-10T07:16:18.071998+00:00,86.500183,baseline_switches_off,1.972000,15776,0.000000,0
866,2026-09-10T07:16:18.171939+00:00,86.600133,baseline_switches_off,1.972000,15776,0.000000,0
867,2026-09-10T07:16:18.271919+00:00,86.700130,baseline_switches_off,1.972000,15776,0.000000,0
868,2026-09-10T07:16:18.371927+00:00,86.800128,baseline_switches_off,1.972000,15776,0.000000,0
869,2026-09-10T07:16:18.472009+00:00,86.900141,baseline_switches_off,1.974000,15792,0.000000,0
870,2026-09-10T07:16:18.571949+00:00,87.000138,baseline_switches_off,1.972000,15776,0.000000,0
871,2026-09-10T07:16:18.671929+00:00,87.100130,baseline_switches_off,1.972000,15776,0.000000,0
872,2026-09-10T07:16:18.771923+00:00,87.200129,baseline_switches_off,1.972000,15776,0.000000,0
873,2026-09-10T07:16:18.871954+00:00,87.300130,baseline_switches_off,1.972000,15776,0.000000,0
874,2026-09-10T07:16:18.971964+00:00,87.400132,baseline_switches_off,1.974000,15792,0.000000,0
875,2026-09-10T07:16:19.071967+00:00,87.500128,baseline_switches_off,1.974000,15792,0.000000,0
876,2026-09-10T07:16:19.171964+00:00,87.600134,baseline_switches_off,1.974000,15792,0.000000,0
877,2026-09-10T07:16:19.271935+00:00,87.700135,baseline_switches_off,1.974000,15792,0.000000,0
878,2026-09-10T07:16:19.371937+00:00,87.800131,baseline_switches_off,1.972000,15776,0.000000,0
879,2026-09-10T07:16:19.471942+00:00,87.900135,baseline_switches_off,1.974000,15792,0.000000,0
880,2026-09-10T07:16:19.571951+00:00,88.000133,baseline_switches_off,1.972000,15776,0.000000,0
881,2026-09-10T07:16:19.671938+00:00,88.100130,baseline_switches_off,1.974000,15792,0.000000,0
882,2026-09-10T07:16:19.771982+00:00,88.200170,baseline_switches_off,1.974000,15792,0.000000,0
883,2026-09-10T07:16:19.871932+00:00,88.300128,baseline_switches_off,1.972000,15776,0.000000,0
884,2026-09-10T07:16:19.971935+00:00,88.400130,baseline_switches_off,1.924000,15392,0.000000,0
885,2026-09-10T07:16:20.071932+00:00,88.500131,baseline_switches_off,1.864000,14912,0.000000,0
886,2026-09-10T07:16:20.171942+00:00,88.600133,baseline_switches_off,1.836000,14688,0.000000,0
887,2026-09-10T07:16:20.271954+00:00,88.700127,baseline_switches_off,1.834000,14672,0.000000,0
888,2026-09-10T07:16:20.371933+00:00,88.800131,baseline_switches_off,1.836000,14688,0.000000,0
889,2026-09-10T07:16:20.471961+00:00,88.900138,baseline_switches_off,1.836000,14688,0.000000,0
890,2026-09-10T07:16:20.571937+00:00,89.000133,baseline_switches_off,1.836000,14688,0.000000,0
891,2026-09-10T07:16:20.671931+00:00,89.100130,baseline_switches_off,1.836000,14688,0.000000,0
892,2026-09-10T07:16:20.771930+00:00,89.200129,baseline_switches_off,1.836000,14688,0.000000,0
893,2026-09-10T07:16:20.871940+00:00,89.300130,baseline_switches_off,1.836000,14688,0.000000,0
894,2026-09-10T07:16:20.971952+00:00,89.400132,baseline_switches_off,1.836000,14688,0.000000,0
895,2026-09-10T07:16:21.071928+00:00,89.500133,baseline_switches_off,1.836000,14688,0.000000,0
896,2026-09-10T07:16:21.171943+00:00,89.600130,baseline_switches_off,1.836000,14688,0.000000,0
897,2026-09-10T07:16:21.271932+00:00,89.700132,baseline_switches_off,1.836000,14688,0.000000,0
898,2026-09-10T07:16:21.371926+00:00,89.800127,baseline_switches_off,1.836000,14688,0.000000,0
899,2026-09-10T07:16:21.472204+00:00,89.900205,baseline_switches_off,1.836000,14688,0.000000,0
900,2026-09-10T07:16:21.571978+00:00,90.000165,baseline_switches_off,1.836000,14688,0.000000,0
901,2026-09-10T07:16:21.671939+00:00,90.100132,baseline_switches_off,1.836000,14688,0.000000,0
902,2026-09-10T07:16:21.771937+00:00,90.200130,baseline_switches_off,1.836000,14688,0.000000,0
903,2026-09-10T07:16:21.871947+00:00,90.300129,baseline_switches_off,1.836000,14688,0.000000,0
904,2026-09-10T07:16:21.971951+00:00,90.400131,baseline_switches_off,1.836000,14688,0.000000,0
905,2026-09-10T07:16:22.071934+00:00,90.500132,baseline_switches_off,1.834000,14672,0.000000,0
906,2026-09-10T07:16:22.172160+00:00,90.600185,baseline_switches_off,1.838000,14704,0.000000,0
907,2026-09-10T07:16:22.271979+00:00,90.700150,baseline_switches_off,1.868000,14944,0.000000,0
908,2026-09-10T07:16:22.372022+00:00,90.800145,baseline_switches_off,1.920000,15360,0.000000,0
909,2026-09-10T07:16:22.471972+00:00,90.900145,baseline_switches_off,2.030000,16240,0.000000,0
910,2026-09-10T07:16:22.571939+00:00,91.000135,baseline_switches_off,2.156000,17248,0.000000,0
911,2026-09-10T07:16:22.671929+00:00,91.100131,baseline_switches_off,2.254000,18032,0.000000,0
912,2026-09-10T07:16:22.771953+00:00,91.200131,baseline_switches_off,2.364000,18912,0.000000,0
913,2026-09-10T07:16:22.871969+00:00,91.300130,baseline_switches_off,2.458000,19664,0.000000,0
914,2026-09-10T07:16:22.971945+00:00,91.400125,baseline_switches_off,2.516000,20128,0.000000,0
915,2026-09-10T07:16:23.072086+00:00,91.500164,baseline_switches_off,2.582000,20656,0.000000,0
916,2026-09-10T07:16:23.171941+00:00,91.600140,baseline_switches_off,2.656000,21248,0.000000,0
917,2026-09-10T07:16:23.271943+00:00,91.700136,baseline_switches_off,2.736000,21888,0.000000,0
918,2026-09-10T07:16:23.371960+00:00,91.800135,baseline_switches_off,2.812000,22496,0.000000,0
919,2026-09-10T07:16:23.471943+00:00,91.900135,baseline_switches_off,2.892000,23136,0.000000,0
920,2026-09-10T07:16:23.571971+00:00,92.000171,baseline_switches_off,2.954000,23632,0.000000,0
921,2026-09-10T07:16:23.671924+00:00,92.100128,baseline_switches_off,3.042000,24336,0.000000,0
922,2026-09-10T07:16:23.771931+00:00,92.200131,baseline_switches_off,3.138000,25104,0.000000,0
923,2026-09-10T07:16:23.871946+00:00,92.300128,baseline_switches_off,3.244000,25952,0.000000,0
924,2026-09-10T07:16:23.971932+00:00,92.400131,baseline_switches_off,3.298000,26384,0.000000,0
925,2026-09-10T07:16:24.071947+00:00,92.500132,baseline_switches_off,3.298000,26384,0.000000,0
926,2026-09-10T07:16:24.171961+00:00,92.600131,baseline_switches_off,3.298000,26384,0.000000,0
927,2026-09-10T07:16:24.271959+00:00,92.700135,baseline_switches_off,3.298000,26384,0.000000,0
928,2026-09-10T07:16:24.371932+00:00,92.800132,baseline_switches_off,3.298000,26384,0.000000,0
929,2026-09-10T07:16:24.471967+00:00,92.900140,baseline_switches_off,3.300000,26400,0.000000,0
930,2026-09-10T07:16:24.571925+00:00,93.000131,baseline_switches_off,3.298000,26384,0.000000,0
931,2026-09-10T07:16:24.672084+00:00,93.100176,baseline_switches_off,3.300000,26400,0.000000,0
932,2026-09-10T07:16:24.771969+00:00,93.200145,baseline_switches_off,3.298000,26384,0.000000,0
933,2026-09-10T07:16:24.871975+00:00,93.300134,baseline_switches_off,2.942000,23536,0.000000,0
934,2026-09-10T07:16:24.971940+00:00,93.400134,baseline_switches_off,2.514000,20112,0.000000,0
935,2026-09-10T07:16:25.071960+00:00,93.500135,baseline_switches_off,2.202000,17616,0.000000,0
936,2026-09-10T07:16:25.171937+00:00,93.600133,baseline_switches_off,1.842000,14736,0.000000,0
937,2026-09-10T07:16:25.271946+00:00,93.700133,baseline_switches_off,1.566000,12528,0.000000,0
938,2026-09-10T07:16:25.371927+00:00,93.800133,baseline_switches_off,1.540000,12320,0.000000,0
939,2026-09-10T07:16:25.471927+00:00,93.900132,baseline_switches_off,1.542000,12336,0.000000,0
940,2026-09-10T07:16:25.571929+00:00,94.000130,baseline_switches_off,1.540000,12320,0.000000,0
941,2026-09-10T07:16:25.671933+00:00,94.100130,baseline_switches_off,1.540000,12320,0.000000,0
942,2026-09-10T07:16:25.771935+00:00,94.200131,baseline_switches_off,1.540000,12320,0.000000,0
943,2026-09-10T07:16:25.871922+00:00,94.300130,baseline_switches_off,1.534000,12272,0.000000,0
944,2026-09-10T07:16:25.971928+00:00,94.400129,baseline_switches_off,1.344000,10752,0.000000,0
945,2026-09-10T07:16:26.071952+00:00,94.500131,baseline_switches_off,0.970000,7760,0.000000,0
946,2026-09-10T07:16:26.171933+00:00,94.600129,baseline_switches_off,0.562000,4496,0.000000,0
947,2026-09-10T07:16:26.271929+00:00,94.700131,baseline_switches_off,0.032000,256,0.000000,0
948,2026-09-10T07:16:26.371954+00:00,94.800143,baseline_switches_off,0.000000,0,0.000000,0
949,2026-09-10T07:16:26.472210+00:00,94.900205,baseline_switches_off,0.000000,0,0.000000,0
950,2026-09-10T07:16:26.571978+00:00,95.000149,baseline_switches_off,0.000000,0,0.000000,0
951,2026-09-10T07:16:26.671936+00:00,95.100134,baseline_switches_off,0.000000,0,0.000000,0
952,2026-09-10T07:16:26.771940+00:00,95.200132,baseline_switches_off,0.000000,0,0.000000,0
953,2026-09-10T07:16:26.871930+00:00,95.300129,baseline_switches_off,0.000000,0,0.000000,0
954,2026-09-10T07:16:26.971926+00:00,95.400129,baseline_switches_off,0.000000,0,0.000000,0
955,2026-09-10T07:16:27.071949+00:00,95.500133,baseline_switches_off,0.000000,0,0.000000,0
956,2026-09-10T07:16:27.171950+00:00,95.600130,baseline_switches_off,0.000000,0,0.000000,0
957,2026-09-10T07:16:27.271971+00:00,95.700130,baseline_switches_off,0.000000,0,0.000000,0
958,2026-09-10T07:16:27.371955+00:00,95.800131,baseline_switches_off,0.000000,0,0.000000,0
959,2026-09-10T07:16:27.472209+00:00,95.900209,baseline_switches_off,0.000000,0,0.000000,0
960,2026-09-10T07:16:27.571949+00:00,96.000147,baseline_switches_off,0.000000,0,0.000000,0
961,2026-09-10T07:16:27.671956+00:00,96.100133,baseline_switches_off,0.000000,0,0.000000,0
962,2026-09-10T07:16:27.771972+00:00,96.200125,baseline_switches_off,0.000000,0,0.000000,0
963,2026-09-10T07:16:27.871960+00:00,96.300135,baseline_switches_off,0.000000,0,0.000000,0
964,2026-09-10T07:16:27.971933+00:00,96.400131,baseline_switches_off,0.000000,0,0.000000,0
965,2026-09-10T07:16:28.071933+00:00,96.500129,baseline_switches_off,0.000000,0,0.000000,0
966,2026-09-10T07:16:28.172045+00:00,96.600158,baseline_switches_off,0.000000,0,0.000000,0
967,2026-09-10T07:16:28.272212+00:00,96.700174,baseline_switches_off,0.000000,0,0.000000,0
968,2026-09-10T07:16:28.371992+00:00,96.800159,baseline_switches_off,0.000000,0,0.000000,0
969,2026-09-10T07:16:28.471979+00:00,96.900146,baseline_switches_off,0.000000,0,0.000000,0
970,2026-09-10T07:16:28.572009+00:00,97.000151,baseline_switches_off,0.000000,0,0.000000,0
971,2026-09-10T07:16:28.671968+00:00,97.100142,baseline_switches_off,0.000000,0,0.000000,0
972,2026-09-10T07:16:28.772000+00:00,97.200157,baseline_switches_off,0.000000,0,0.000000,0
973,2026-09-10T07:16:28.871989+00:00,97.300176,baseline_switches_off,0.000000,0,0.000000,0
974,2026-09-10T07:16:28.971939+00:00,97.400133,baseline_switches_off,0.000000,0,0.000000,0
975,2026-09-10T07:16:29.071938+00:00,97.500133,baseline_switches_off,0.000000,0,0.000000,0
976,2026-09-10T07:16:29.171924+00:00,97.600130,baseline_switches_off,0.000000,0,0.000000,0
977,2026-09-10T07:16:29.271947+00:00,97.700134,baseline_switches_off,0.000000,0,0.000000,0
978,2026-09-10T07:16:29.371974+00:00,97.800130,baseline_switches_off,0.000000,0,0.000000,0
979,2026-09-10T07:16:29.471925+00:00,97.900132,baseline_switches_off,0.000000,0,0.000000,0
980,2026-09-10T07:16:29.571929+00:00,98.000132,baseline_switches_off,0.000000,0,0.000000,0
981,2026-09-10T07:16:29.671915+00:00,98.100129,baseline_switches_off,0.000000,0,0.000000,0
982,2026-09-10T07:16:29.771958+00:00,98.200133,baseline_switches_off,0.000000,0,0.000000,0
983,2026-09-10T07:16:29.871969+00:00,98.300132,baseline_switches_off,0.000000,0,0.000000,0
984,2026-09-10T07:16:29.971962+00:00,98.400131,baseline_switches_off,0.000000,0,0.000000,0
985,2026-09-10T07:16:30.071923+00:00,98.500130,baseline_switches_off,0.000000,0,0.000000,0
986,2026-09-10T07:16:30.171954+00:00,98.600130,baseline_switches_off,0.000000,0,0.000000,0
987,2026-09-10T07:16:30.271928+00:00,98.700129,baseline_switches_off,0.000000,0,0.000000,0
988,2026-09-10T07:16:30.371927+00:00,98.800130,baseline_switches_off,0.000000,0,0.000000,0
989,2026-09-10T07:16:30.471940+00:00,98.900133,baseline_switches_off,0.000000,0,0.000000,0
990,2026-09-10T07:16:30.571943+00:00,99.000145,baseline_switches_off,0.000000,0,0.000000,0
991,2026-09-10T07:16:30.671962+00:00,99.100167,baseline_switches_off,0.000000,0,0.000000,0
992,2026-09-10T07:16:30.771929+00:00,99.200130,baseline_switches_off,0.000000,0,0.000000,0
993,2026-09-10T07:16:30.871953+00:00,99.300132,baseline_switches_off,0.000000,0,0.000000,0
994,2026-09-10T07:16:30.971924+00:00,99.400131,baseline_switches_off,0.000000,0,0.000000,0
995,2026-09-10T07:16:31.071937+00:00,99.500132,baseline_switches_off,0.000000,0,0.000000,0
996,2026-09-10T07:16:31.171942+00:00,99.600132,baseline_switches_off,0.000000,0,0.000000,0
997,2026-09-10T07:16:31.271949+00:00,99.700131,baseline_switches_off,0.000000,0,0.000000,0
998,2026-09-10T07:16:31.371973+00:00,99.800131,baseline_switches_off,0.000000,0,0.000000,0
999,2026-09-10T07:16:31.471958+00:00,99.900133,baseline_switches_off,0.000000,0,0.000000,0
1000,2026-09-10T07:16:31.571964+00:00,100.000131,baseline_switches_off,0.000000,0,0.000000,0
1001,2026-09-10T07:16:31.671947+00:00,100.100129,baseline_switches_off,0.000000,0,0.000000,0
1002,2026-09-10T07:16:31.771975+00:00,100.200125,baseline_switches_off,0.000000,0,0.000000,0
1003,2026-09-10T07:16:31.871929+00:00,100.300130,baseline_switches_off,0.000000,0,0.000000,0
1004,2026-09-10T07:16:31.971925+00:00,100.400131,baseline_switches_off,0.000000,0,0.000000,0
1005,2026-09-10T07:16:32.071928+00:00,100.500130,baseline_switches_off,0.000000,0,0.000000,0
1006,2026-09-10T07:16:32.171936+00:00,100.600130,baseline_switches_off,0.000000,0,0.000000,0
1007,2026-09-10T07:16:32.271938+00:00,100.700134,baseline_switches_off,0.000000,0,0.000000,0
1008,2026-09-10T07:16:32.371933+00:00,100.800131,baseline_switches_off,0.000000,0,0.000000,0
1009,2026-09-10T07:16:32.471992+00:00,100.900143,baseline_switches_off,0.000000,0,0.000000,0
1010,2026-09-10T07:16:32.571959+00:00,101.000150,baseline_switches_off,0.000000,0,0.000000,0
1011,2026-09-10T07:16:32.671965+00:00,101.100130,baseline_switches_off,0.000000,0,0.000000,0
1012,2026-09-10T07:16:32.771971+00:00,101.200131,baseline_switches_off,0.000000,0,0.000000,0
1013,2026-09-10T07:16:32.871928+00:00,101.300129,baseline_switches_off,0.000000,0,0.000000,0
1014,2026-09-10T07:16:32.971956+00:00,101.400133,baseline_switches_off,0.000000,0,0.000000,0
1015,2026-09-10T07:16:33.071957+00:00,101.500132,baseline_switches_off,0.000000,0,0.000000,0
1016,2026-09-10T07:16:33.172043+00:00,101.600132,baseline_switches_off,0.000000,0,0.000000,0
1017,2026-09-10T07:16:33.272161+00:00,101.700179,baseline_switches_off,0.000000,0,0.000000,0
1018,2026-09-10T07:16:33.372065+00:00,101.800151,baseline_switches_off,0.000000,0,0.000000,0
1019,2026-09-10T07:16:33.472263+00:00,101.900215,baseline_switches_off,0.000000,0,0.000000,0
1020,2026-09-10T07:16:33.572005+00:00,102.000159,baseline_switches_off,0.000000,0,0.000000,0
1021,2026-09-10T07:16:33.671951+00:00,102.100144,baseline_switches_off,0.000000,0,0.000000,0
1022,2026-09-10T07:16:33.771936+00:00,102.200137,baseline_switches_off,0.000000,0,0.000000,0
1023,2026-09-10T07:16:33.872072+00:00,102.300162,baseline_switches_off,0.000000,0,0.000000,0
1024,2026-09-10T07:16:33.971980+00:00,102.400149,baseline_switches_off,0.000000,0,0.000000,0
1025,2026-09-10T07:16:34.072133+00:00,102.500175,baseline_switches_off,0.000000,0,0.000000,0
1026,2026-09-10T07:16:34.172047+00:00,102.600160,baseline_switches_off,0.000000,0,0.000000,0
1027,2026-09-10T07:16:34.272222+00:00,102.700218,baseline_switches_off,0.000000,0,0.000000,0
1028,2026-09-10T07:16:34.371997+00:00,102.800158,baseline_switches_off,0.000000,0,0.000000,0
1029,2026-09-10T07:16:34.471957+00:00,102.900143,baseline_switches_off,0.000000,0,0.000000,0
1030,2026-09-10T07:16:34.571966+00:00,103.000144,baseline_switches_off,0.000000,0,0.000000,0
1031,2026-09-10T07:16:34.671960+00:00,103.100138,baseline_switches_off,0.000000,0,0.000000,0
1032,2026-09-10T07:16:34.772004+00:00,103.200186,baseline_switches_off,0.000000,0,0.000000,0
1033,2026-09-10T07:16:34.871980+00:00,103.300170,baseline_switches_off,0.000000,0,0.000000,0
1034,2026-09-10T07:16:34.971995+00:00,103.400178,baseline_switches_off,0.000000,0,0.000000,0
1035,2026-09-10T07:16:35.071988+00:00,103.500137,baseline_switches_off,0.000000,0,0.000000,0
1036,2026-09-10T07:16:35.171941+00:00,103.600136,baseline_switches_off,0.000000,0,0.000000,0
1037,2026-09-10T07:16:35.271937+00:00,103.700131,baseline_switches_off,0.000000,0,0.000000,0
1038,2026-09-10T07:16:35.371942+00:00,103.800131,baseline_switches_off,0.000000,0,0.000000,0
1039,2026-09-10T07:16:35.472185+00:00,103.900165,baseline_switches_off,0.000000,0,0.000000,0
1040,2026-09-10T07:16:35.571960+00:00,104.000150,baseline_switches_off,0.000000,0,0.000000,0
1041,2026-09-10T07:16:35.671926+00:00,104.100132,baseline_switches_off,0.000000,0,0.000000,0
1042,2026-09-10T07:16:35.771918+00:00,104.200128,baseline_switches_off,0.000000,0,0.000000,0
1043,2026-09-10T07:16:35.871920+00:00,104.300129,baseline_switches_off,0.000000,0,0.000000,0
1044,2026-09-10T07:16:35.972048+00:00,104.400138,baseline_switches_off,0.000000,0,0.000000,0
1045,2026-09-10T07:16:36.071994+00:00,104.500156,baseline_switches_off,0.000000,0,0.000000,0
1046,2026-09-10T07:16:36.171980+00:00,104.600136,baseline_switches_off,0.000000,0,0.000000,0
1047,2026-09-10T07:16:36.271953+00:00,104.700131,baseline_switches_off,0.000000,0,0.000000,0
1048,2026-09-10T07:16:36.371964+00:00,104.800129,baseline_switches_off,0.000000,0,0.000000,0
1049,2026-09-10T07:16:36.471979+00:00,104.900140,baseline_switches_off,0.000000,0,0.000000,0
1050,2026-09-10T07:16:36.571961+00:00,105.000140,baseline_switches_off,0.000000,0,0.000000,0
1051,2026-09-10T07:16:36.671946+00:00,105.100136,baseline_switches_off,0.000000,0,0.000000,0
1052,2026-09-10T07:16:36.771950+00:00,105.200148,baseline_switches_off,0.000000,0,0.000000,0
1053,2026-09-10T07:16:36.871962+00:00,105.300167,baseline_switches_off,0.000000,0,0.000000,0
1054,2026-09-10T07:16:36.971969+00:00,105.400169,baseline_switches_off,0.000000,0,0.000000,0
1055,2026-09-10T07:16:37.071974+00:00,105.500171,baseline_switches_off,0.000000,0,0.000000,0
1056,2026-09-10T07:16:37.171932+00:00,105.600131,baseline_switches_off,0.000000,0,0.000000,0
1057,2026-09-10T07:16:37.272097+00:00,105.700128,baseline_switches_off,0.000000,0,0.000000,0
1058,2026-09-10T07:16:37.372040+00:00,105.800161,baseline_switches_off,0.000000,0,0.000000,0
1059,2026-09-10T07:16:37.471929+00:00,105.900134,baseline_switches_off,0.000000,0,0.000000,0
1060,2026-09-10T07:16:37.571936+00:00,106.000134,baseline_switches_off,0.000000,0,0.000000,0
1061,2026-09-10T07:16:37.671929+00:00,106.100132,baseline_switches_off,0.000000,0,0.000000,0
1062,2026-09-10T07:16:37.771923+00:00,106.200128,baseline_switches_off,0.000000,0,0.000000,0
1063,2026-09-10T07:16:37.871963+00:00,106.300136,baseline_switches_off,0.000000,0,0.000000,0
1064,2026-09-10T07:16:37.971972+00:00,106.400132,baseline_switches_off,0.000000,0,0.000000,0
1065,2026-09-10T07:16:38.071963+00:00,106.500138,baseline_switches_off,0.000000,0,0.000000,0
1066,2026-09-10T07:16:38.171926+00:00,106.600133,baseline_switches_off,0.000000,0,0.000000,0
1067,2026-09-10T07:16:38.271928+00:00,106.700128,baseline_switches_off,0.000000,0,0.000000,0
1068,2026-09-10T07:16:38.372055+00:00,106.800161,baseline_switches_off,0.000000,0,0.000000,0
1069,2026-09-10T07:16:38.472069+00:00,106.900166,baseline_switches_off,0.000000,0,0.000000,0
1070,2026-09-10T07:16:38.571984+00:00,107.000164,baseline_switches_off,0.000000,0,0.000000,0
1071,2026-09-10T07:16:38.671939+00:00,107.100139,baseline_switches_off,0.000000,0,0.000000,0
1072,2026-09-10T07:16:38.771941+00:00,107.200130,baseline_switches_off,0.000000,0,0.000000,0
1073,2026-09-10T07:16:38.871963+00:00,107.300127,baseline_switches_off,0.000000,0,0.000000,0
1074,2026-09-10T07:16:38.971963+00:00,107.400139,baseline_switches_off,0.000000,0,0.000000,0
1075,2026-09-10T07:16:39.071930+00:00,107.500135,baseline_switches_off,0.000000,0,0.000000,0
1076,2026-09-10T07:16:39.171944+00:00,107.600134,baseline_switches_off,0.000000,0,0.000000,0
1077,2026-09-10T07:16:39.271953+00:00,107.700130,baseline_switches_off,0.000000,0,0.000000,0
1078,2026-09-10T07:16:39.371954+00:00,107.800129,baseline_switches_off,0.000000,0,0.000000,0
1079,2026-09-10T07:16:39.472211+00:00,107.900214,baseline_switches_off,0.000000,0,0.000000,0
1080,2026-09-10T07:16:39.571999+00:00,108.000149,baseline_switches_off,0.000000,0,0.000000,0
1081,2026-09-10T07:16:39.671947+00:00,108.100138,baseline_switches_off,0.000000,0,0.000000,0
1082,2026-09-10T07:16:39.771947+00:00,108.200132,baseline_switches_off,0.000000,0,0.000000,0
1083,2026-09-10T07:16:39.871964+00:00,108.300130,baseline_switches_off,0.000000,0,0.000000,0
1084,2026-09-10T07:16:39.971958+00:00,108.400131,baseline_switches_off,0.000000,0,0.000000,0
1085,2026-09-10T07:16:40.071934+00:00,108.500132,baseline_switches_off,0.000000,0,0.000000,0
1086,2026-09-10T07:16:40.172229+00:00,108.600200,baseline_switches_off,0.000000,0,0.000000,0
1087,2026-09-10T07:16:40.271957+00:00,108.700150,baseline_switches_off,0.000000,0,0.000000,0
1088,2026-09-10T07:16:40.372006+00:00,108.800153,baseline_switches_off,0.000000,0,0.000000,0
1089,2026-09-10T07:16:40.472025+00:00,108.900154,baseline_switches_off,0.000000,0,0.000000,0
1090,2026-09-10T07:16:40.571947+00:00,109.000137,baseline_switches_off,0.000000,0,0.000000,0
1091,2026-09-10T07:16:40.671989+00:00,109.100144,baseline_switches_off,0.000000,0,0.000000,0
1092,2026-09-10T07:16:40.771963+00:00,109.200154,baseline_switches_off,0.000000,0,0.000000,0
1093,2026-09-10T07:16:40.871979+00:00,109.300170,baseline_switches_off,0.000000,0,0.000000,0
1094,2026-09-10T07:16:40.971939+00:00,109.400131,baseline_switches_off,0.000000,0,0.000000,0
1095,2026-09-10T07:16:41.071928+00:00,109.500131,baseline_switches_off,0.000000,0,0.000000,0
1096,2026-09-10T07:16:41.171976+00:00,109.600140,baseline_switches_off,0.000000,0,0.000000,0
1097,2026-09-10T07:16:41.271938+00:00,109.700134,baseline_switches_off,0.000000,0,0.000000,0
1098,2026-09-10T07:16:41.372157+00:00,109.800168,baseline_switches_off,0.000000,0,0.000000,0
1099,2026-09-10T07:16:41.471947+00:00,109.900143,baseline_switches_off,0.000000,0,0.000000,0
1100,2026-09-10T07:16:41.571927+00:00,110.000131,baseline_switches_off,0.000000,0,0.000000,0
1101,2026-09-10T07:16:41.671944+00:00,110.100135,baseline_switches_off,0.000000,0,0.000000,0
1102,2026-09-10T07:16:41.771950+00:00,110.200133,baseline_switches_off,0.000000,0,0.000000,0
1103,2026-09-10T07:16:41.872015+00:00,110.300142,baseline_switches_off,0.000000,0,0.000000,0
1104,2026-09-10T07:16:41.971930+00:00,110.400132,baseline_switches_off,0.000000,0,0.000000,0
1105,2026-09-10T07:16:42.071931+00:00,110.500133,baseline_switches_off,0.000000,0,0.000000,0
1106,2026-09-10T07:16:42.171954+00:00,110.600131,baseline_switches_off,0.000000,0,0.000000,0
1107,2026-09-10T07:16:42.271935+00:00,110.700131,baseline_switches_off,0.000000,0,0.000000,0
1108,2026-09-10T07:16:42.371984+00:00,110.800145,baseline_switches_off,0.000000,0,0.000000,0
1109,2026-09-10T07:16:42.471996+00:00,110.900181,baseline_switches_off,0.000000,0,0.000000,0
1110,2026-09-10T07:16:42.571931+00:00,111.000130,baseline_switches_off,0.000000,0,0.000000,0
1111,2026-09-10T07:16:42.671934+00:00,111.100131,baseline_switches_off,0.000000,0,0.000000,0
1112,2026-09-10T07:16:42.771936+00:00,111.200132,baseline_switches_off,0.000000,0,0.000000,0
1113,2026-09-10T07:16:42.871946+00:00,111.300130,baseline_switches_off,0.000000,0,0.000000,0
1114,2026-09-10T07:16:42.971930+00:00,111.400129,baseline_switches_off,0.000000,0,0.000000,0
1115,2026-09-10T07:16:43.071925+00:00,111.500130,baseline_switches_off,0.000000,0,0.000000,0
1116,2026-09-10T07:16:43.171943+00:00,111.600134,baseline_switches_off,0.000000,0,0.000000,0
1117,2026-09-10T07:16:43.271940+00:00,111.700131,baseline_switches_off,0.000000,0,0.000000,0
1118,2026-09-10T07:16:43.371966+00:00,111.800132,baseline_switches_off,0.000000,0,0.000000,0
1119,2026-09-10T07:16:43.472087+00:00,111.900161,baseline_switches_off,0.000000,0,0.000000,0
1120,2026-09-10T07:16:43.571946+00:00,112.000143,baseline_switches_off,0.000000,0,0.000000,0
1121,2026-09-10T07:16:43.671926+00:00,112.100133,baseline_switches_off,0.000000,0,0.000000,0
1122,2026-09-10T07:16:43.771937+00:00,112.200133,baseline_switches_off,0.000000,0,0.000000,0
1123,2026-09-10T07:16:43.871982+00:00,112.300146,baseline_switches_off,0.000000,0,0.000000,0
1124,2026-09-10T07:16:43.971953+00:00,112.400136,baseline_switches_off,0.000000,0,0.000000,0
1125,2026-09-10T07:16:44.071967+00:00,112.500130,baseline_switches_off,0.000000,0,0.000000,0
1126,2026-09-10T07:16:44.171958+00:00,112.600132,baseline_switches_off,0.000000,0,0.000000,0
1127,2026-09-10T07:16:44.271927+00:00,112.700131,baseline_switches_off,0.000000,0,0.000000,0
1128,2026-09-10T07:16:44.371926+00:00,112.800132,baseline_switches_off,0.000000,0,0.000000,0
1129,2026-09-10T07:16:44.471968+00:00,112.900140,baseline_switches_off,0.000000,0,0.000000,0
1130,2026-09-10T07:16:44.571949+00:00,113.000131,baseline_switches_off,0.000000,0,0.000000,0
1131,2026-09-10T07:16:44.671935+00:00,113.100129,baseline_switches_off,0.000000,0,0.000000,0
1132,2026-09-10T07:16:44.771941+00:00,113.200130,baseline_switches_off,0.000000,0,0.000000,0
1133,2026-09-10T07:16:44.871950+00:00,113.300146,baseline_switches_off,0.000000,0,0.000000,0
1134,2026-09-10T07:16:44.971927+00:00,113.400128,baseline_switches_off,0.000000,0,0.000000,0
1135,2026-09-10T07:16:45.071982+00:00,113.500128,baseline_switches_off,0.000000,0,0.000000,0
1136,2026-09-10T07:16:45.171977+00:00,113.600151,baseline_switches_off,0.000000,0,0.000000,0
1137,2026-09-10T07:16:45.271933+00:00,113.700135,baseline_switches_off,0.000000,0,0.000000,0
1138,2026-09-10T07:16:45.371962+00:00,113.800136,baseline_switches_off,0.000000,0,0.000000,0
1139,2026-09-10T07:16:45.472201+00:00,113.900210,baseline_switches_off,0.000000,0,0.000000,0
1140,2026-09-10T07:16:45.571951+00:00,114.000147,baseline_switches_off,0.000000,0,0.000000,0
1141,2026-09-10T07:16:45.671923+00:00,114.100130,baseline_switches_off,0.000000,0,0.000000,0
1142,2026-09-10T07:16:45.771941+00:00,114.200136,baseline_switches_off,0.000000,0,0.000000,0
1143,2026-09-10T07:16:45.871933+00:00,114.300134,baseline_switches_off,0.000000,0,0.000000,0
1144,2026-09-10T07:16:45.971922+00:00,114.400130,baseline_switches_off,0.000000,0,0.000000,0
1145,2026-09-10T07:16:46.071926+00:00,114.500130,baseline_switches_off,0.000000,0,0.000000,0
1146,2026-09-10T07:16:46.171925+00:00,114.600128,baseline_switches_off,0.000000,0,0.000000,0
1147,2026-09-10T07:16:46.272020+00:00,114.700131,baseline_switches_off,0.000000,0,0.000000,0
1148,2026-09-10T07:16:46.372065+00:00,114.800168,baseline_switches_off,0.000000,0,0.000000,0
1149,2026-09-10T07:16:46.471986+00:00,114.900154,baseline_switches_off,0.000000,0,0.000000,0
1150,2026-09-10T07:16:46.571983+00:00,115.000141,baseline_switches_off,0.000000,0,0.000000,0
1151,2026-09-10T07:16:46.671995+00:00,115.100136,baseline_switches_off,0.000000,0,0.000000,0
1152,2026-09-10T07:16:46.771926+00:00,115.200135,baseline_switches_off,0.000000,0,0.000000,0
1153,2026-09-10T07:16:46.871925+00:00,115.300134,baseline_switches_off,0.000000,0,0.000000,0
1154,2026-09-10T07:16:46.971921+00:00,115.400131,baseline_switches_off,0.000000,0,0.000000,0
1155,2026-09-10T07:16:47.071920+00:00,115.500129,baseline_switches_off,0.000000,0,0.000000,0
1156,2026-09-10T07:16:47.172181+00:00,115.600217,baseline_switches_off,0.000000,0,0.000000,0
1157,2026-09-10T07:16:47.271952+00:00,115.700146,baseline_switches_off,0.000000,0,0.000000,0
1158,2026-09-10T07:16:47.371932+00:00,115.800134,baseline_switches_off,0.000000,0,0.000000,0
1159,2026-09-10T07:16:47.471927+00:00,115.900131,baseline_switches_off,0.000000,0,0.000000,0
1160,2026-09-10T07:16:47.571933+00:00,116.000131,baseline_switches_off,0.000000,0,0.000000,0
1161,2026-09-10T07:16:47.671942+00:00,116.100147,baseline_switches_off,0.000000,0,0.000000,0
1162,2026-09-10T07:16:47.771967+00:00,116.200169,baseline_switches_off,0.000000,0,0.000000,0
1163,2026-09-10T07:16:47.871938+00:00,116.300131,baseline_switches_off,0.000000,0,0.000000,0
1164,2026-09-10T07:16:47.971928+00:00,116.400130,baseline_switches_off,0.000000,0,0.000000,0
1165,2026-09-10T07:16:48.071931+00:00,116.500130,baseline_switches_off,0.000000,0,0.000000,0
1166,2026-09-10T07:16:48.171921+00:00,116.600128,baseline_switches_off,0.000000,0,0.000000,0
1167,2026-09-10T07:16:48.271952+00:00,116.700130,baseline_switches_off,0.000000,0,0.000000,0
1168,2026-09-10T07:16:48.371925+00:00,116.800129,baseline_switches_off,0.000000,0,0.000000,0
1169,2026-09-10T07:16:48.471962+00:00,116.900138,baseline_switches_off,0.000000,0,0.000000,0
1170,2026-09-10T07:16:48.572066+00:00,117.000164,baseline_switches_off,0.000000,0,0.000000,0
1171,2026-09-10T07:16:48.671938+00:00,117.100141,baseline_switches_off,0.000000,0,0.000000,0
1172,2026-09-10T07:16:48.772024+00:00,117.200154,baseline_switches_off,0.000000,0,0.000000,0
1173,2026-09-10T07:16:48.871977+00:00,117.300143,baseline_switches_off,0.000000,0,0.000000,0
1174,2026-09-10T07:16:48.971970+00:00,117.400132,baseline_switches_off,0.000000,0,0.000000,0
1175,2026-09-10T07:16:49.071949+00:00,117.500131,baseline_switches_off,0.000000,0,0.000000,0
1176,2026-09-10T07:16:49.171961+00:00,117.600131,baseline_switches_off,0.000000,0,0.000000,0
1177,2026-09-10T07:16:49.271926+00:00,117.700139,baseline_switches_off,0.000000,0,0.000000,0
1178,2026-09-10T07:16:49.371925+00:00,117.800130,baseline_switches_off,0.000000,0,0.000000,0
1179,2026-09-10T07:16:49.471946+00:00,117.900131,baseline_switches_off,0.000000,0,0.000000,0
1180,2026-09-10T07:16:49.571940+00:00,118.000133,baseline_switches_off,0.000000,0,0.000000,0
1181,2026-09-10T07:16:49.671973+00:00,118.100172,baseline_switches_off,0.000000,0,0.000000,0
1182,2026-09-10T07:16:49.771954+00:00,118.200145,baseline_switches_off,0.000000,0,0.000000,0
1183,2026-09-10T07:16:49.871941+00:00,118.300134,baseline_switches_off,0.000000,0,0.000000,0
1184,2026-09-10T07:16:49.971934+00:00,118.400131,baseline_switches_off,0.000000,0,0.000000,0
1185,2026-09-10T07:16:50.071946+00:00,118.500131,baseline_switches_off,0.000000,0,0.000000,0
1186,2026-09-10T07:16:50.171924+00:00,118.600130,baseline_switches_off,0.000000,0,0.000000,0
1187,2026-09-10T07:16:50.271929+00:00,118.700134,baseline_switches_off,0.000000,0,0.000000,0
1188,2026-09-10T07:16:50.371951+00:00,118.800133,baseline_switches_off,0.000000,0,0.000000,0
1189,2026-09-10T07:16:50.471969+00:00,118.900131,baseline_switches_off,0.000000,0,0.000000,0
1190,2026-09-10T07:16:50.571925+00:00,119.000132,baseline_switches_off,0.000000,0,0.000000,0
1191,2026-09-10T07:16:50.671961+00:00,119.100130,baseline_switches_off,0.000000,0,0.000000,0
1192,2026-09-10T07:16:50.771967+00:00,119.200129,baseline_switches_off,0.000000,0,0.000000,0
1193,2026-09-10T07:16:50.871956+00:00,119.300132,baseline_switches_off,0.000000,0,0.000000,0
1194,2026-09-10T07:16:50.971927+00:00,119.400133,baseline_switches_off,0.000000,0,0.000000,0
1195,2026-09-10T07:16:51.071933+00:00,119.500134,baseline_switches_off,0.000000,0,0.000000,0
1196,2026-09-10T07:16:51.171919+00:00,119.600129,baseline_switches_off,0.000000,0,0.000000,0
1197,2026-09-10T07:16:51.271935+00:00,119.700125,baseline_switches_off,0.000000,0,0.000000,0
1198,2026-09-10T07:16:51.371934+00:00,119.800132,baseline_switches_off,0.000000,0,0.000000,0
1199,2026-09-10T07:16:51.472180+00:00,119.900209,baseline_switches_off,0.000000,0,0.000000,0
1200,2026-09-10T07:16:51.571965+00:00,120.000150,baseline_switches_off,0.000000,0,0.000000,0
1201,2026-09-10T07:16:51.671945+00:00,120.100135,baseline_switches_off,0.000000,0,0.000000,0
1202,2026-09-10T07:16:51.771935+00:00,120.200131,baseline_switches_off,0.000000,0,0.000000,0
1203,2026-09-10T07:16:51.871951+00:00,120.300149,baseline_switches_off,0.000000,0,0.000000,0
1204,2026-09-10T07:16:51.971954+00:00,120.400146,baseline_switches_off,0.000000,0,0.000000,0
1205,2026-09-10T07:16:52.071980+00:00,120.500169,baseline_switches_off,0.000000,0,0.000000,0
1206,2026-09-10T07:16:52.171931+00:00,120.600128,baseline_switches_off,0.000000,0,0.000000,0
1207,2026-09-10T07:16:52.272170+00:00,120.700180,baseline_switches_off,0.000000,0,0.000000,0
1208,2026-09-10T07:16:52.371980+00:00,120.800150,baseline_switches_off,0.000000,0,0.000000,0
1209,2026-09-10T07:16:52.472065+00:00,120.900152,baseline_switches_off,0.000000,0,0.000000,0
1210,2026-09-10T07:16:52.571944+00:00,121.000141,baseline_switches_off,0.000000,0,0.000000,0
1211,2026-09-10T07:16:52.671967+00:00,121.100139,baseline_switches_off,0.000000,0,0.000000,0
1212,2026-09-10T07:16:52.771959+00:00,121.200135,baseline_switches_off,0.000000,0,0.000000,0
1213,2026-09-10T07:16:52.871977+00:00,121.300132,baseline_switches_off,0.000000,0,0.000000,0
1214,2026-09-10T07:16:52.971966+00:00,121.400134,baseline_switches_off,0.000000,0,0.000000,0
1215,2026-09-10T07:16:53.071976+00:00,121.500134,baseline_switches_off,0.000000,0,0.000000,0
1216,2026-09-10T07:16:53.171931+00:00,121.600131,baseline_switches_off,0.000000,0,0.000000,0
1217,2026-09-10T07:16:53.271962+00:00,121.700135,baseline_switches_off,0.000000,0,0.000000,0
1218,2026-09-10T07:16:53.371933+00:00,121.800130,baseline_switches_off,0.000000,0,0.000000,0
1219,2026-09-10T07:16:53.471929+00:00,121.900134,baseline_switches_off,0.000000,0,0.000000,0
1220,2026-09-10T07:16:53.571928+00:00,122.000130,baseline_switches_off,0.000000,0,0.000000,0
1221,2026-09-10T07:16:53.672040+00:00,122.100157,baseline_switches_off,0.000000,0,0.000000,0
1222,2026-09-10T07:16:53.771967+00:00,122.200142,baseline_switches_off,0.000000,0,0.000000,0
1223,2026-09-10T07:16:53.872011+00:00,122.300172,baseline_switches_off,0.000000,0,0.000000,0
1224,2026-09-10T07:16:53.971964+00:00,122.400140,baseline_switches_off,0.000000,0,0.000000,0
1225,2026-09-10T07:16:54.071948+00:00,122.500138,baseline_switches_off,0.000000,0,0.000000,0
1226,2026-09-10T07:16:54.171929+00:00,122.600131,baseline_switches_off,0.000000,0,0.000000,0
1227,2026-09-10T07:16:54.271948+00:00,122.700130,baseline_switches_off,0.000000,0,0.000000,0
1228,2026-09-10T07:16:54.371925+00:00,122.800130,baseline_switches_off,0.000000,0,0.000000,0
1229,2026-09-10T07:16:54.471931+00:00,122.900131,baseline_switches_off,0.000000,0,0.000000,0
1230,2026-09-10T07:16:54.571947+00:00,123.000129,baseline_switches_off,0.000000,0,0.000000,0
1231,2026-09-10T07:16:54.671927+00:00,123.100130,baseline_switches_off,0.000000,0,0.000000,0
1232,2026-09-10T07:16:54.771956+00:00,123.200132,baseline_switches_off,0.000000,0,0.000000,0
1233,2026-09-10T07:16:54.871979+00:00,123.300135,baseline_switches_off,0.000000,0,0.000000,0
1234,2026-09-10T07:16:54.971950+00:00,123.400125,baseline_switches_off,0.000000,0,0.000000,0
1235,2026-09-10T07:16:55.071941+00:00,123.500134,baseline_switches_off,0.000000,0,0.000000,0
1236,2026-09-10T07:16:55.171972+00:00,123.600169,baseline_switches_off,0.000000,0,0.000000,0
1237,2026-09-10T07:16:55.271956+00:00,123.700145,baseline_switches_off,0.000000,0,0.000000,0
1238,2026-09-10T07:16:55.372145+00:00,123.800210,baseline_switches_off,0.000000,0,0.000000,0
1239,2026-09-10T07:16:55.471993+00:00,123.900186,baseline_switches_off,0.000000,0,0.000000,0
1240,2026-09-10T07:16:55.571937+00:00,124.000133,baseline_switches_off,0.000000,0,0.000000,0
1241,2026-09-10T07:16:55.671944+00:00,124.100130,baseline_switches_off,0.000000,0,0.000000,0
1242,2026-09-10T07:16:55.772186+00:00,124.200194,baseline_switches_off,0.000000,0,0.000000,0
1243,2026-09-10T07:16:55.872011+00:00,124.300155,baseline_switches_off,0.000000,0,0.000000,0
1244,2026-09-10T07:16:55.971945+00:00,124.400138,baseline_switches_off,0.000000,0,0.000000,0
1245,2026-09-10T07:16:56.071936+00:00,124.500137,baseline_switches_off,0.000000,0,0.000000,0
1246,2026-09-10T07:16:56.172084+00:00,124.600168,baseline_switches_off,0.000000,0,0.000000,0
1247,2026-09-10T07:16:56.271994+00:00,124.700148,baseline_switches_off,0.000000,0,0.000000,0
1248,2026-09-10T07:16:56.372113+00:00,124.800173,baseline_switches_off,0.000000,0,0.000000,0
1249,2026-09-10T07:16:56.472085+00:00,124.900164,baseline_switches_off,0.000000,0,0.000000,0
1250,2026-09-10T07:16:56.572110+00:00,125.000173,baseline_switches_off,0.000000,0,0.000000,0
1251,2026-09-10T07:16:56.671971+00:00,125.100153,baseline_switches_off,0.000000,0,0.000000,0
1252,2026-09-10T07:16:56.772200+00:00,125.200193,baseline_switches_off,0.000000,0,0.000000,0
1253,2026-09-10T07:16:56.872074+00:00,125.300171,baseline_switches_off,0.000000,0,0.000000,0
1254,2026-09-10T07:16:56.971974+00:00,125.400153,baseline_switches_off,0.000000,0,0.000000,0
1255,2026-09-10T07:16:57.071955+00:00,125.500141,baseline_switches_off,0.000000,0,0.000000,0
1256,2026-09-10T07:16:57.171950+00:00,125.600146,baseline_switches_off,0.000000,0,0.000000,0
1257,2026-09-10T07:16:57.271987+00:00,125.700152,baseline_switches_off,0.000000,0,0.000000,0
1258,2026-09-10T07:16:57.371985+00:00,125.800132,baseline_switches_off,0.000000,0,0.000000,0
1259,2026-09-10T07:16:57.472215+00:00,125.900211,baseline_switches_off,0.000000,0,0.000000,0
1260,2026-09-10T07:16:57.571946+00:00,126.000145,baseline_switches_off,0.000000,0,0.000000,0
1261,2026-09-10T07:16:57.671925+00:00,126.100131,baseline_switches_off,0.000000,0,0.000000,0
1262,2026-09-10T07:16:57.771939+00:00,126.200132,baseline_switches_off,0.000000,0,0.000000,0
1263,2026-09-10T07:16:57.871932+00:00,126.300133,baseline_switches_off,0.000000,0,0.000000,0
1264,2026-09-10T07:16:57.972074+00:00,126.400159,baseline_switches_off,0.000000,0,0.000000,0
1265,2026-09-10T07:16:58.072002+00:00,126.500151,baseline_switches_off,0.000000,0,0.000000,0
1266,2026-09-10T07:16:58.172177+00:00,126.600183,baseline_switches_off,0.000000,0,0.000000,0
1267,2026-09-10T07:16:58.271985+00:00,126.700154,baseline_switches_off,0.000000,0,0.000000,0
1268,2026-09-10T07:16:58.371969+00:00,126.800139,baseline_switches_off,0.000000,0,0.000000,0
1269,2026-09-10T07:16:58.472013+00:00,126.900148,baseline_switches_off,0.000000,0,0.000000,0
1270,2026-09-10T07:16:58.571984+00:00,127.000142,baseline_switches_off,0.000000,0,0.000000,0
1271,2026-09-10T07:16:58.671930+00:00,127.100133,baseline_switches_off,0.000000,0,0.000000,0
1272,2026-09-10T07:16:58.772201+00:00,127.200203,baseline_switches_off,0.000000,0,0.000000,0
1273,2026-09-10T07:16:58.872026+00:00,127.300163,baseline_switches_off,0.000000,0,0.000000,0
1274,2026-09-10T07:16:58.971959+00:00,127.400145,baseline_switches_off,0.000000,0,0.000000,0
1275,2026-09-10T07:16:59.071947+00:00,127.500131,baseline_switches_off,0.000000,0,0.000000,0
1276,2026-09-10T07:16:59.171950+00:00,127.600146,baseline_switches_off,0.000000,0,0.000000,0
1277,2026-09-10T07:16:59.272011+00:00,127.700161,baseline_switches_off,0.000000,0,0.000000,0
1278,2026-09-10T07:16:59.371973+00:00,127.800173,baseline_switches_off,0.000000,0,0.000000,0
1279,2026-09-10T07:16:59.471975+00:00,127.900142,baseline_switches_off,0.000000,0,0.000000,0
1280,2026-09-10T07:16:59.571940+00:00,128.000135,baseline_switches_off,0.000000,0,0.000000,0
1281,2026-09-10T07:16:59.671939+00:00,128.100132,baseline_switches_off,0.000000,0,0.000000,0
1282,2026-09-10T07:16:59.772143+00:00,128.200171,baseline_switches_off,0.000000,0,0.000000,0
1283,2026-09-10T07:16:59.872209+00:00,128.300192,baseline_switches_off,0.000000,0,0.000000,0
1284,2026-09-10T07:16:59.971972+00:00,128.400153,baseline_switches_off,0.000000,0,0.000000,0
1285,2026-09-10T07:17:00.071960+00:00,128.500135,baseline_switches_off,0.000000,0,0.000000,0
1286,2026-09-10T07:17:00.171966+00:00,128.600134,baseline_switches_off,0.000000,0,0.000000,0
1287,2026-09-10T07:17:00.271951+00:00,128.700132,baseline_switches_off,0.000000,0,0.000000,0
1288,2026-09-10T07:17:00.371981+00:00,128.800131,baseline_switches_off,0.000000,0,0.000000,0
1289,2026-09-10T07:17:00.472056+00:00,128.900150,baseline_switches_off,0.000000,0,0.000000,0
1290,2026-09-10T07:17:00.571947+00:00,129.000142,baseline_switches_off,0.000000,0,0.000000,0
1291,2026-09-10T07:17:00.671926+00:00,129.100132,baseline_switches_off,0.000000,0,0.000000,0
1292,2026-09-10T07:17:00.771932+00:00,129.200130,baseline_switches_off,0.000000,0,0.000000,0
1293,2026-09-10T07:17:00.871939+00:00,129.300129,baseline_switches_off,0.000000,0,0.000000,0
1294,2026-09-10T07:17:00.971937+00:00,129.400130,baseline_switches_off,0.000000,0,0.000000,0
1295,2026-09-10T07:17:01.071942+00:00,129.500132,baseline_switches_off,0.000000,0,0.000000,0
1296,2026-09-10T07:17:01.171957+00:00,129.600146,baseline_switches_off,0.000000,0,0.000000,0
1297,2026-09-10T07:17:01.271934+00:00,129.700128,baseline_switches_off,0.000000,0,0.000000,0
1298,2026-09-10T07:17:01.371967+00:00,129.800140,baseline_switches_off,0.000000,0,0.000000,0
1299,2026-09-10T07:17:01.471933+00:00,129.900135,baseline_switches_off,0.000000,0,0.000000,0
1300,2026-09-10T07:17:01.571931+00:00,130.000128,baseline_switches_off,0.000000,0,0.000000,0
1301,2026-09-10T07:17:01.671942+00:00,130.100132,baseline_switches_off,0.000000,0,0.000000,0
1302,2026-09-10T07:17:01.771921+00:00,130.200129,baseline_switches_off,0.000000,0,0.000000,0
1303,2026-09-10T07:17:01.871944+00:00,130.300129,baseline_switches_off,0.000000,0,0.000000,0
1304,2026-09-10T07:17:01.971923+00:00,130.400130,baseline_switches_off,0.000000,0,0.000000,0
1305,2026-09-10T07:17:02.071960+00:00,130.500130,baseline_switches_off,0.000000,0,0.000000,0
1306,2026-09-10T07:17:02.171954+00:00,130.600133,baseline_switches_off,0.000000,0,0.000000,0
1307,2026-09-10T07:17:02.271923+00:00,130.700129,baseline_switches_off,0.000000,0,0.000000,0
1308,2026-09-10T07:17:02.371926+00:00,130.800129,baseline_switches_off,0.000000,0,0.000000,0
1309,2026-09-10T07:17:02.471933+00:00,130.900128,baseline_switches_off,0.000000,0,0.000000,0
1310,2026-09-10T07:17:02.571938+00:00,131.000143,baseline_switches_off,0.000000,0,0.000000,0
1311,2026-09-10T07:17:02.671967+00:00,131.100168,baseline_switches_off,0.000000,0,0.000000,0
1312,2026-09-10T07:17:02.771976+00:00,131.200174,baseline_switches_off,0.000000,0,0.000000,0
1313,2026-09-10T07:17:02.871996+00:00,131.300126,baseline_switches_off,0.000000,0,0.000000,0
1314,2026-09-10T07:17:02.972008+00:00,131.400162,baseline_switches_off,0.000000,0,0.000000,0
1315,2026-09-10T07:17:03.071938+00:00,131.500138,baseline_switches_off,0.000000,0,0.000000,0
1316,2026-09-10T07:17:03.171948+00:00,131.600136,baseline_switches_off,0.000000,0,0.000000,0
1317,2026-09-10T07:17:03.271927+00:00,131.700130,baseline_switches_off,0.000000,0,0.000000,0
1318,2026-09-10T07:17:03.371962+00:00,131.800132,baseline_switches_off,0.000000,0,0.000000,0
1319,2026-09-10T07:17:03.472221+00:00,131.900216,baseline_switches_off,0.000000,0,0.000000,0
1320,2026-09-10T07:17:03.571952+00:00,132.000146,baseline_switches_off,0.000000,0,0.000000,0
1321,2026-09-10T07:17:03.671937+00:00,132.100129,baseline_switches_off,0.000000,0,0.000000,0
1322,2026-09-10T07:17:03.771931+00:00,132.200132,baseline_switches_off,0.000000,0,0.000000,0
1323,2026-09-10T07:17:03.872045+00:00,132.300158,baseline_switches_off,0.000000,0,0.000000,0
1324,2026-09-10T07:17:03.971965+00:00,132.400146,baseline_switches_off,0.000000,0,0.000000,0
1325,2026-09-10T07:17:04.071935+00:00,132.500134,baseline_switches_off,0.000000,0,0.000000,0
1326,2026-09-10T07:17:04.171929+00:00,132.600131,baseline_switches_off,0.000000,0,0.000000,0
1327,2026-09-10T07:17:04.271956+00:00,132.700132,baseline_switches_off,0.000000,0,0.000000,0
1328,2026-09-10T07:17:04.372224+00:00,132.800205,baseline_switches_off,0.000000,0,0.000000,0
1329,2026-09-10T07:17:04.472079+00:00,132.900164,baseline_switches_off,0.000000,0,0.000000,0
1330,2026-09-10T07:17:04.571998+00:00,133.000146,baseline_switches_off,0.000000,0,0.000000,0
1331,2026-09-10T07:17:04.672005+00:00,133.100136,baseline_switches_off,0.000000,0,0.000000,0
1332,2026-09-10T07:17:04.771926+00:00,133.200133,baseline_switches_off,0.000000,0,0.000000,0
1333,2026-09-10T07:17:04.871925+00:00,133.300128,baseline_switches_off,0.000000,0,0.000000,0
1334,2026-09-10T07:17:04.971957+00:00,133.400130,baseline_switches_off,0.000000,0,0.000000,0
1335,2026-09-10T07:17:05.071932+00:00,133.500130,baseline_switches_off,0.000000,0,0.000000,0
1336,2026-09-10T07:17:05.171946+00:00,133.600131,baseline_switches_off,0.000000,0,0.000000,0
1337,2026-09-10T07:17:05.271955+00:00,133.700134,baseline_switches_off,0.000000,0,0.000000,0
1338,2026-09-10T07:17:05.371959+00:00,133.800146,baseline_switches_off,0.000000,0,0.000000,0
1339,2026-09-10T07:17:05.471977+00:00,133.900168,baseline_switches_off,0.000000,0,0.000000,0
1340,2026-09-10T07:17:05.571936+00:00,134.000130,baseline_switches_off,0.000000,0,0.000000,0
1341,2026-09-10T07:17:05.671941+00:00,134.100132,baseline_switches_off,0.000000,0,0.000000,0
1342,2026-09-10T07:17:05.771923+00:00,134.200128,baseline_switches_off,0.000000,0,0.000000,0
1343,2026-09-10T07:17:05.871941+00:00,134.300127,baseline_switches_off,0.000000,0,0.000000,0
1344,2026-09-10T07:17:05.971952+00:00,134.400130,baseline_switches_off,0.000000,0,0.000000,0
1345,2026-09-10T07:17:06.071927+00:00,134.500132,baseline_switches_off,0.000000,0,0.000000,0
1346,2026-09-10T07:17:06.171920+00:00,134.600127,baseline_switches_off,0.000000,0,0.000000,0
1347,2026-09-10T07:17:06.271929+00:00,134.700130,baseline_switches_off,0.000000,0,0.000000,0
1348,2026-09-10T07:17:06.371912+00:00,134.800127,baseline_switches_off,0.000000,0,0.000000,0
1349,2026-09-10T07:17:06.471946+00:00,134.900129,baseline_switches_off,0.000000,0,0.000000,0
1350,2026-09-10T07:17:06.571957+00:00,135.000129,baseline_switches_off,0.000000,0,0.000000,0
1351,2026-09-10T07:17:06.671931+00:00,135.100131,baseline_switches_off,0.000000,0,0.000000,0
1352,2026-09-10T07:17:06.771929+00:00,135.200131,baseline_switches_off,0.000000,0,0.000000,0
1353,2026-09-10T07:17:06.871948+00:00,135.300129,baseline_switches_off,0.000000,0,0.000000,0
1354,2026-09-10T07:17:06.971942+00:00,135.400124,baseline_switches_off,0.000000,0,0.000000,0
1355,2026-09-10T07:17:07.071922+00:00,135.500129,baseline_switches_off,0.000000,0,0.000000,0
1356,2026-09-10T07:17:07.171939+00:00,135.600133,baseline_switches_off,0.000000,0,0.000000,0
1357,2026-09-10T07:17:07.272005+00:00,135.700147,baseline_switches_off,0.000000,0,0.000000,0
1358,2026-09-10T07:17:07.371955+00:00,135.800139,baseline_switches_off,0.000000,0,0.000000,0
1359,2026-09-10T07:17:07.471949+00:00,135.900145,baseline_switches_off,0.000000,0,0.000000,0
1360,2026-09-10T07:17:07.571936+00:00,136.000128,baseline_switches_off,0.000000,0,0.000000,0
1361,2026-09-10T07:17:07.671936+00:00,136.100130,baseline_switches_off,0.000000,0,0.000000,0
1362,2026-09-10T07:17:07.771939+00:00,136.200132,baseline_switches_off,0.000000,0,0.000000,0
1363,2026-09-10T07:17:07.871947+00:00,136.300129,baseline_switches_off,0.000000,0,0.000000,0
1364,2026-09-10T07:17:07.971927+00:00,136.400129,baseline_switches_off,0.000000,0,0.000000,0
1365,2026-09-10T07:17:08.071938+00:00,136.500132,baseline_switches_off,0.000000,0,0.000000,0
1366,2026-09-10T07:17:08.171932+00:00,136.600129,baseline_switches_off,0.000000,0,0.000000,0
1367,2026-09-10T07:17:08.271936+00:00,136.700131,baseline_switches_off,0.000000,0,0.000000,0
1368,2026-09-10T07:17:08.371952+00:00,136.800131,baseline_switches_off,0.000000,0,0.000000,0
1369,2026-09-10T07:17:08.471979+00:00,136.900138,baseline_switches_off,0.000000,0,0.000000,0
1370,2026-09-10T07:17:08.571962+00:00,137.000140,baseline_switches_off,0.000000,0,0.000000,0
1371,2026-09-10T07:17:08.671935+00:00,137.100133,baseline_switches_off,0.000000,0,0.000000,0
1372,2026-09-10T07:17:08.772090+00:00,137.200168,baseline_switches_off,0.000000,0,0.000000,0
1373,2026-09-10T07:17:08.871951+00:00,137.300148,baseline_switches_off,0.000000,0,0.000000,0
1374,2026-09-10T07:17:08.972059+00:00,137.400161,baseline_switches_off,0.000000,0,0.000000,0
1375,2026-09-10T07:17:09.072111+00:00,137.500172,baseline_switches_off,0.000000,0,0.000000,0
1376,2026-09-10T07:17:09.171960+00:00,137.600149,baseline_switches_off,0.000000,0,0.000000,0
1377,2026-09-10T07:17:09.271944+00:00,137.700133,baseline_switches_off,0.000000,0,0.000000,0
1378,2026-09-10T07:17:09.371949+00:00,137.800136,baseline_switches_off,0.000000,0,0.000000,0
1379,2026-09-10T07:17:09.472220+00:00,137.900215,baseline_switches_off,0.000000,0,0.000000,0
1380,2026-09-10T07:17:09.571976+00:00,138.000151,baseline_switches_off,0.000000,0,0.000000,0
1381,2026-09-10T07:17:09.671975+00:00,138.100146,baseline_switches_off,0.000000,0,0.000000,0
1382,2026-09-10T07:17:09.771950+00:00,138.200138,baseline_switches_off,0.000000,0,0.000000,0
1383,2026-09-10T07:17:09.871935+00:00,138.300129,baseline_switches_off,0.000000,0,0.000000,0
1384,2026-09-10T07:17:09.971981+00:00,138.400174,baseline_switches_off,0.000000,0,0.000000,0
1385,2026-09-10T07:17:10.071978+00:00,138.500151,baseline_switches_off,0.000000,0,0.000000,0
1386,2026-09-10T07:17:10.171975+00:00,138.600172,baseline_switches_off,0.000000,0,0.000000,0
1387,2026-09-10T07:17:10.272167+00:00,138.700181,baseline_switches_off,0.000000,0,0.000000,0
1388,2026-09-10T07:17:10.372018+00:00,138.800158,baseline_switches_off,0.000000,0,0.000000,0
1389,2026-09-10T07:17:10.471952+00:00,138.900146,baseline_switches_off,0.000000,0,0.000000,0
1390,2026-09-10T07:17:10.571951+00:00,139.000132,baseline_switches_off,0.000000,0,0.000000,0
1391,2026-09-10T07:17:10.672008+00:00,139.100135,baseline_switches_off,0.000000,0,0.000000,0
1392,2026-09-10T07:17:10.771931+00:00,139.200134,baseline_switches_off,0.000000,0,0.000000,0
1393,2026-09-10T07:17:10.871930+00:00,139.300130,baseline_switches_off,0.000000,0,0.000000,0
1394,2026-09-10T07:17:10.971926+00:00,139.400128,baseline_switches_off,0.000000,0,0.000000,0
1395,2026-09-10T07:17:11.071928+00:00,139.500128,baseline_switches_off,0.000000,0,0.000000,0
1396,2026-09-10T07:17:11.171931+00:00,139.600129,baseline_switches_off,0.000000,0,0.000000,0
1397,2026-09-10T07:17:11.271923+00:00,139.700128,baseline_switches_off,0.000000,0,0.000000,0
1398,2026-09-10T07:17:11.371956+00:00,139.800139,baseline_switches_off,0.000000,0,0.000000,0
1399,2026-09-10T07:17:11.471959+00:00,139.900139,baseline_switches_off,0.000000,0,0.000000,0
1400,2026-09-10T07:17:11.571965+00:00,140.000130,baseline_switches_off,0.000000,0,0.000000,0
1401,2026-09-10T07:17:11.671950+00:00,140.100131,baseline_switches_off,0.000000,0,0.000000,0
1402,2026-09-10T07:17:11.771969+00:00,140.200131,baseline_switches_off,0.000000,0,0.000000,0
1403,2026-09-10T07:17:11.871967+00:00,140.300132,baseline_switches_off,0.000000,0,0.000000,0
1404,2026-09-10T07:17:11.971925+00:00,140.400130,baseline_switches_off,0.000000,0,0.000000,0
1405,2026-09-10T07:17:12.071935+00:00,140.500131,baseline_switches_off,0.000000,0,0.000000,0
1406,2026-09-10T07:17:12.171934+00:00,140.600132,baseline_switches_off,0.000000,0,0.000000,0
1407,2026-09-10T07:17:12.271975+00:00,140.700169,baseline_switches_off,0.000000,0,0.000000,0
1408,2026-09-10T07:17:12.371948+00:00,140.800146,baseline_switches_off,0.000000,0,0.000000,0
1409,2026-09-10T07:17:12.471991+00:00,140.900160,baseline_switches_off,0.000000,0,0.000000,0
1410,2026-09-10T07:17:12.571970+00:00,141.000174,baseline_switches_off,0.000000,0,0.000000,0
1411,2026-09-10T07:17:12.671974+00:00,141.100171,baseline_switches_off,0.000000,0,0.000000,0
1412,2026-09-10T07:17:12.771936+00:00,141.200132,baseline_switches_off,0.000000,0,0.000000,0
1413,2026-09-10T07:17:12.871936+00:00,141.300131,baseline_switches_off,0.000000,0,0.000000,0
1414,2026-09-10T07:17:12.971928+00:00,141.400129,baseline_switches_off,0.000000,0,0.000000,0
1415,2026-09-10T07:17:13.071935+00:00,141.500135,baseline_switches_off,0.000000,0,0.000000,0
1416,2026-09-10T07:17:13.171934+00:00,141.600133,baseline_switches_off,0.000000,0,0.000000,0
1417,2026-09-10T07:17:13.271932+00:00,141.700129,baseline_switches_off,0.000000,0,0.000000,0
1418,2026-09-10T07:17:13.371947+00:00,141.800128,baseline_switches_off,0.000000,0,0.000000,0
1419,2026-09-10T07:17:13.471960+00:00,141.900135,baseline_switches_off,0.000000,0,0.000000,0
1420,2026-09-10T07:17:13.571928+00:00,142.000130,baseline_switches_off,0.000000,0,0.000000,0
1421,2026-09-10T07:17:13.671927+00:00,142.100130,baseline_switches_off,0.000000,0,0.000000,0
1422,2026-09-10T07:17:13.771921+00:00,142.200129,baseline_switches_off,0.000000,0,0.000000,0
1423,2026-09-10T07:17:13.871931+00:00,142.300131,baseline_switches_off,0.000000,0,0.000000,0
1424,2026-09-10T07:17:13.971947+00:00,142.400130,baseline_switches_off,0.000000,0,0.000000,0
1425,2026-09-10T07:17:14.072065+00:00,142.500159,baseline_switches_off,0.000000,0,0.000000,0
1426,2026-09-10T07:17:14.171966+00:00,142.600141,baseline_switches_off,0.000000,0,0.000000,0
1427,2026-09-10T07:17:14.271945+00:00,142.700131,baseline_switches_off,0.000000,0,0.000000,0
1428,2026-09-10T07:17:14.371985+00:00,142.800135,baseline_switches_off,0.000000,0,0.000000,0
1429,2026-09-10T07:17:14.471940+00:00,142.900133,baseline_switches_off,0.000000,0,0.000000,0
1430,2026-09-10T07:17:14.571927+00:00,143.000129,baseline_switches_off,0.000000,0,0.000000,0
1431,2026-09-10T07:17:14.671931+00:00,143.100129,baseline_switches_off,0.000000,0,0.000000,0
1432,2026-09-10T07:17:14.771946+00:00,143.200143,baseline_switches_off,0.000000,0,0.000000,0
1433,2026-09-10T07:17:14.871975+00:00,143.300169,baseline_switches_off,0.000000,0,0.000000,0
1434,2026-09-10T07:17:14.971981+00:00,143.400173,baseline_switches_off,0.000000,0,0.000000,0
1435,2026-09-10T07:17:15.071971+00:00,143.500170,baseline_switches_off,0.000000,0,0.000000,0
1436,2026-09-10T07:17:15.171947+00:00,143.600129,baseline_switches_off,0.000000,0,0.000000,0
1437,2026-09-10T07:17:15.271932+00:00,143.700130,baseline_switches_off,0.000000,0,0.000000,0
1438,2026-09-10T07:17:15.371939+00:00,143.800131,baseline_switches_off,0.000000,0,0.000000,0
1439,2026-09-10T07:17:15.472210+00:00,143.900214,baseline_switches_off,0.000000,0,0.000000,0
1440,2026-09-10T07:17:15.571952+00:00,144.000145,baseline_switches_off,0.000000,0,0.000000,0
1441,2026-09-10T07:17:15.671958+00:00,144.100135,baseline_switches_off,0.000000,0,0.000000,0
1442,2026-09-10T07:17:15.771972+00:00,144.200131,baseline_switches_off,0.000000,0,0.000000,0
1443,2026-09-10T07:17:15.871985+00:00,144.300136,baseline_switches_off,0.000000,0,0.000000,0
1444,2026-09-10T07:17:15.971941+00:00,144.400135,baseline_switches_off,0.000000,0,0.000000,0
1445,2026-09-10T07:17:16.072162+00:00,144.500129,baseline_switches_off,0.000000,0,0.000000,0
1446,2026-09-10T07:17:16.172028+00:00,144.600166,baseline_switches_off,0.000000,0,0.000000,0
1447,2026-09-10T07:17:16.271997+00:00,144.700136,baseline_switches_off,0.000000,0,0.000000,0
1448,2026-09-10T07:17:16.372050+00:00,144.800167,baseline_switches_off,0.000000,0,0.000000,0
1449,2026-09-10T07:17:16.471982+00:00,144.900149,baseline_switches_off,0.000000,0,0.000000,0
1450,2026-09-10T07:17:16.571947+00:00,145.000142,baseline_switches_off,0.000000,0,0.000000,0
1451,2026-09-10T07:17:16.672001+00:00,145.100148,baseline_switches_off,0.000000,0,0.000000,0
1452,2026-09-10T07:17:16.771960+00:00,145.200155,baseline_switches_off,0.000000,0,0.000000,0
1453,2026-09-10T07:17:16.871936+00:00,145.300131,baseline_switches_off,0.000000,0,0.000000,0
1454,2026-09-10T07:17:16.971943+00:00,145.400133,baseline_switches_off,0.000000,0,0.000000,0
1455,2026-09-10T07:17:17.071955+00:00,145.500132,baseline_switches_off,0.000000,0,0.000000,0
1456,2026-09-10T07:17:17.171930+00:00,145.600130,baseline_switches_off,0.000000,0,0.000000,0
1457,2026-09-10T07:17:17.271937+00:00,145.700132,baseline_switches_off,0.000000,0,0.000000,0
1458,2026-09-10T07:17:17.371935+00:00,145.800132,baseline_switches_off,0.000000,0,0.000000,0
1459,2026-09-10T07:17:17.471960+00:00,145.900133,baseline_switches_off,0.000000,0,0.000000,0
1460,2026-09-10T07:17:17.571964+00:00,146.000137,baseline_switches_off,0.000000,0,0.000000,0
1461,2026-09-10T07:17:17.671926+00:00,146.100131,baseline_switches_off,0.000000,0,0.000000,0
1462,2026-09-10T07:17:17.771920+00:00,146.200129,baseline_switches_off,0.000000,0,0.000000,0
1463,2026-09-10T07:17:17.871924+00:00,146.300129,baseline_switches_off,0.000000,0,0.000000,0
1464,2026-09-10T07:17:17.971952+00:00,146.400131,baseline_switches_off,0.000000,0,0.000000,0
1465,2026-09-10T07:17:18.071969+00:00,146.500131,baseline_switches_off,0.000000,0,0.000000,0
1466,2026-09-10T07:17:18.171949+00:00,146.600129,baseline_switches_off,0.000000,0,0.000000,0
1467,2026-09-10T07:17:18.271954+00:00,146.700131,baseline_switches_off,0.000000,0,0.000000,0
1468,2026-09-10T07:17:18.371927+00:00,146.800131,baseline_switches_off,0.000000,0,0.000000,0
1469,2026-09-10T07:17:18.471931+00:00,146.900130,baseline_switches_off,0.000000,0,0.000000,0
1470,2026-09-10T07:17:18.571976+00:00,147.000141,baseline_switches_off,0.000000,0,0.000000,0
1471,2026-09-10T07:17:18.671953+00:00,147.100149,baseline_switches_off,0.000000,0,0.000000,0
1472,2026-09-10T07:17:18.771924+00:00,147.200131,baseline_switches_off,0.000000,0,0.000000,0
1473,2026-09-10T07:17:18.871928+00:00,147.300129,baseline_switches_off,0.000000,0,0.000000,0
1474,2026-09-10T07:17:18.971950+00:00,147.400127,baseline_switches_off,0.000000,0,0.000000,0
1475,2026-09-10T07:17:19.071970+00:00,147.500132,baseline_switches_off,0.000000,0,0.000000,0
1476,2026-09-10T07:17:19.172083+00:00,147.600159,baseline_switches_off,0.000000,0,0.000000,0
1477,2026-09-10T07:17:19.271951+00:00,147.700144,baseline_switches_off,0.000000,0,0.000000,0
1478,2026-09-10T07:17:19.371932+00:00,147.800132,baseline_switches_off,0.000000,0,0.000000,0
1479,2026-09-10T07:17:19.471958+00:00,147.900132,baseline_switches_off,0.000000,0,0.000000,0
1480,2026-09-10T07:17:19.571965+00:00,148.000135,baseline_switches_off,0.000000,0,0.000000,0
1481,2026-09-10T07:17:19.671968+00:00,148.100129,baseline_switches_off,0.000000,0,0.000000,0
1482,2026-09-10T07:17:19.771955+00:00,148.200131,baseline_switches_off,0.000000,0,0.000000,0
1483,2026-09-10T07:17:19.871927+00:00,148.300132,baseline_switches_off,0.000000,0,0.000000,0
1484,2026-09-10T07:17:19.971972+00:00,148.400139,baseline_switches_off,0.000000,0,0.000000,0
1485,2026-09-10T07:17:20.071946+00:00,148.500135,baseline_switches_off,0.000000,0,0.000000,0
1486,2026-09-10T07:17:20.171954+00:00,148.600137,baseline_switches_off,0.000000,0,0.000000,0
1487,2026-09-10T07:17:20.271947+00:00,148.700148,baseline_switches_off,0.000000,0,0.000000,0
1488,2026-09-10T07:17:20.371955+00:00,148.800149,baseline_switches_off,0.000000,0,0.000000,0
1489,2026-09-10T07:17:20.472029+00:00,148.900183,baseline_switches_off,0.000000,0,0.000000,0
1490,2026-09-10T07:17:20.571961+00:00,149.000129,baseline_switches_off,0.000000,0,0.000000,0
1491,2026-09-10T07:17:20.671932+00:00,149.100131,baseline_switches_off,0.000000,0,0.000000,0
1492,2026-09-10T07:17:20.771930+00:00,149.200131,baseline_switches_off,0.000000,0,0.000000,0
1493,2026-09-10T07:17:20.871954+00:00,149.300130,baseline_switches_off,0.000000,0,0.000000,0
1494,2026-09-10T07:17:20.972044+00:00,149.400151,baseline_switches_off,0.000000,0,0.000000,0
1495,2026-09-10T07:17:21.071994+00:00,149.500142,baseline_switches_off,0.000000,0,0.000000,0
1496,2026-09-10T07:17:21.171940+00:00,149.600135,baseline_switches_off,0.000000,0,0.000000,0
1497,2026-09-10T07:17:21.271946+00:00,149.700130,baseline_switches_off,0.000000,0,0.000000,0
1498,2026-09-10T07:17:21.371940+00:00,149.800134,baseline_switches_off,0.000000,0,0.000000,0
1499,2026-09-10T07:17:21.472185+00:00,149.900214,baseline_switches_off,0.000000,0,0.000000,0
1500,2026-09-10T07:17:21.571953+00:00,150.000151,baseline_switches_off,0.000000,0,0.000000,0
1501,2026-09-10T07:17:21.671952+00:00,150.100151,baseline_switches_off,0.000000,0,0.000000,0
1502,2026-09-10T07:17:21.771932+00:00,150.200132,baseline_switches_off,0.000000,0,0.000000,0
1503,2026-09-10T07:17:21.871929+00:00,150.300131,baseline_switches_off,0.000000,0,0.000000,0
1504,2026-09-10T07:17:21.971946+00:00,150.400129,baseline_switches_off,0.000000,0,0.000000,0
1505,2026-09-10T07:17:22.071975+00:00,150.500132,baseline_switches_off,0.000000,0,0.000000,0
1506,2026-09-10T07:17:22.171925+00:00,150.600130,baseline_switches_off,0.000000,0,0.000000,0
1507,2026-09-10T07:17:22.272170+00:00,150.700181,baseline_switches_off,0.000000,0,0.000000,0
1508,2026-09-10T07:17:22.371980+00:00,150.800147,baseline_switches_off,0.000000,0,0.000000,0
1509,2026-09-10T07:17:22.472039+00:00,150.900151,baseline_switches_off,0.000000,0,0.000000,0
1510,2026-09-10T07:17:22.571938+00:00,151.000138,baseline_switches_off,0.000000,0,0.000000,0
1511,2026-09-10T07:17:22.671968+00:00,151.100138,baseline_switches_off,0.000000,0,0.000000,0
1512,2026-09-10T07:17:22.771933+00:00,151.200134,baseline_switches_off,0.000000,0,0.000000,0
1513,2026-09-10T07:17:22.871925+00:00,151.300129,baseline_switches_off,0.000000,0,0.000000,0
1514,2026-09-10T07:17:22.971916+00:00,151.400128,baseline_switches_off,0.000000,0,0.000000,0
1515,2026-09-10T07:17:23.071934+00:00,151.500130,baseline_switches_off,0.000000,0,0.000000,0
1516,2026-09-10T07:17:23.171947+00:00,151.600129,baseline_switches_off,0.000000,0,0.000000,0
1517,2026-09-10T07:17:23.271949+00:00,151.700131,baseline_switches_off,0.000000,0,0.000000,0
1518,2026-09-10T07:17:23.371953+00:00,151.800132,baseline_switches_off,0.000000,0,0.000000,0
1519,2026-09-10T07:17:23.471964+00:00,151.900133,baseline_switches_off,0.000000,0,0.000000,0
1520,2026-09-10T07:17:23.571936+00:00,152.000133,baseline_switches_off,0.000000,0,0.000000,0
1521,2026-09-10T07:17:23.671945+00:00,152.100133,baseline_switches_off,0.000000,0,0.000000,0
1522,2026-09-10T07:17:23.771943+00:00,152.200131,baseline_switches_off,0.000000,0,0.000000,0
1523,2026-09-10T07:17:23.871980+00:00,152.300144,baseline_switches_off,0.000000,0,0.000000,0
1524,2026-09-10T07:17:23.971982+00:00,152.400165,baseline_switches_off,0.000000,0,0.000000,0
1525,2026-09-10T07:17:24.071985+00:00,152.500178,baseline_switches_off,0.000000,0,0.000000,0
1526,2026-09-10T07:17:24.171934+00:00,152.600130,baseline_switches_off,0.000000,0,0.000000,0
1527,2026-09-10T07:17:24.272065+00:00,152.700159,baseline_switches_off,0.000000,0,0.000000,0
1528,2026-09-10T07:17:24.371947+00:00,152.800143,baseline_switches_off,0.000000,0,0.000000,0
1529,2026-09-10T07:17:24.471971+00:00,152.900142,baseline_switches_off,0.000000,0,0.000000,0
1530,2026-09-10T07:17:24.571943+00:00,153.000135,baseline_switches_off,0.000000,0,0.000000,0
1531,2026-09-10T07:17:24.671961+00:00,153.100132,baseline_switches_off,0.000000,0,0.000000,0
1532,2026-09-10T07:17:24.771939+00:00,153.200132,baseline_switches_off,0.000000,0,0.000000,0
1533,2026-09-10T07:17:24.871925+00:00,153.300128,baseline_switches_off,0.000000,0,0.000000,0
1534,2026-09-10T07:17:24.971925+00:00,153.400130,baseline_switches_off,0.000000,0,0.000000,0
1535,2026-09-10T07:17:25.071950+00:00,153.500131,baseline_switches_off,0.000000,0,0.000000,0
1536,2026-09-10T07:17:25.171981+00:00,153.600132,baseline_switches_off,0.000000,0,0.000000,0
1537,2026-09-10T07:17:25.271966+00:00,153.700133,baseline_switches_off,0.000000,0,0.000000,0
1538,2026-09-10T07:17:25.371971+00:00,153.800131,baseline_switches_off,0.000000,0,0.000000,0
1539,2026-09-10T07:17:25.471962+00:00,153.900132,baseline_switches_off,0.000000,0,0.000000,0
1540,2026-09-10T07:17:25.571932+00:00,154.000131,baseline_switches_off,0.000000,0,0.000000,0
1541,2026-09-10T07:17:25.671948+00:00,154.100132,baseline_switches_off,0.000000,0,0.000000,0
1542,2026-09-10T07:17:25.771937+00:00,154.200134,baseline_switches_off,0.000000,0,0.000000,0
1543,2026-09-10T07:17:25.871970+00:00,154.300169,baseline_switches_off,0.000000,0,0.000000,0
1544,2026-09-10T07:17:25.971972+00:00,154.400170,baseline_switches_off,0.000000,0,0.000000,0
1545,2026-09-10T07:17:26.072176+00:00,154.500220,baseline_switches_off,0.000000,0,0.000000,0
1546,2026-09-10T07:17:26.171998+00:00,154.600189,baseline_switches_off,0.000000,0,0.000000,0
1547,2026-09-10T07:17:26.271947+00:00,154.700136,baseline_switches_off,0.000000,0,0.000000,0
1548,2026-09-10T07:17:26.371949+00:00,154.800133,baseline_switches_off,0.000000,0,0.000000,0
1549,2026-09-10T07:17:26.471971+00:00,154.900136,baseline_switches_off,0.000000,0,0.000000,0
1550,2026-09-10T07:17:26.571933+00:00,155.000132,baseline_switches_off,0.000000,0,0.000000,0
1551,2026-09-10T07:17:26.671930+00:00,155.100132,baseline_switches_off,0.000000,0,0.000000,0
1552,2026-09-10T07:17:26.771936+00:00,155.200134,baseline_switches_off,0.000000,0,0.000000,0
1553,2026-09-10T07:17:26.871927+00:00,155.300130,baseline_switches_off,0.000000,0,0.000000,0
1554,2026-09-10T07:17:26.971947+00:00,155.400129,baseline_switches_off,0.000000,0,0.000000,0
1555,2026-09-10T07:17:27.071971+00:00,155.500131,baseline_switches_off,0.000000,0,0.000000,0
1556,2026-09-10T07:17:27.171966+00:00,155.600132,baseline_switches_off,0.000000,0,0.000000,0
1557,2026-09-10T07:17:27.271930+00:00,155.700131,baseline_switches_off,0.000000,0,0.000000,0
1558,2026-09-10T07:17:27.371948+00:00,155.800131,baseline_switches_off,0.000000,0,0.000000,0
1559,2026-09-10T07:17:27.472250+00:00,155.900211,baseline_switches_off,0.000000,0,0.000000,0
1560,2026-09-10T07:17:27.571994+00:00,156.000149,baseline_switches_off,0.000000,0,0.000000,0
1561,2026-09-10T07:17:27.671933+00:00,156.100132,baseline_switches_off,0.000000,0,0.000000,0
1562,2026-09-10T07:17:27.771945+00:00,156.200136,baseline_switches_off,0.000000,0,0.000000,0
1563,2026-09-10T07:17:27.871924+00:00,156.300132,baseline_switches_off,0.000000,0,0.000000,0
1564,2026-09-10T07:17:27.971934+00:00,156.400130,baseline_switches_off,0.000000,0,0.000000,0
1565,2026-09-10T07:17:28.071945+00:00,156.500149,baseline_switches_off,0.000000,0,0.000000,0
1566,2026-09-10T07:17:28.172012+00:00,156.600135,baseline_switches_off,0.000000,0,0.000000,0
1567,2026-09-10T07:17:28.271986+00:00,156.700156,baseline_switches_off,0.000000,0,0.000000,0
1568,2026-09-10T07:17:28.371986+00:00,156.800150,baseline_switches_off,0.000000,0,0.000000,0
1569,2026-09-10T07:17:28.471970+00:00,156.900145,baseline_switches_off,0.000000,0,0.000000,0
1570,2026-09-10T07:17:28.571986+00:00,157.000146,baseline_switches_off,0.000000,0,0.000000,0
1571,2026-09-10T07:17:28.671946+00:00,157.100136,baseline_switches_off,0.000000,0,0.000000,0
1572,2026-09-10T07:17:28.771944+00:00,157.200139,baseline_switches_off,0.000000,0,0.000000,0
1573,2026-09-10T07:17:28.871929+00:00,157.300132,baseline_switches_off,0.000000,0,0.000000,0
1574,2026-09-10T07:17:28.971934+00:00,157.400133,baseline_switches_off,0.000000,0,0.000000,0
1575,2026-09-10T07:17:29.071946+00:00,157.500131,baseline_switches_off,0.000000,0,0.000000,0
1576,2026-09-10T07:17:29.172105+00:00,157.600162,baseline_switches_off,0.000000,0,0.000000,0
1577,2026-09-10T07:17:29.271951+00:00,157.700140,baseline_switches_off,0.000000,0,0.000000,0
1578,2026-09-10T07:17:29.372063+00:00,157.800166,baseline_switches_off,0.000000,0,0.000000,0
1579,2026-09-10T07:17:29.471950+00:00,157.900146,baseline_switches_off,0.000000,0,0.000000,0
1580,2026-09-10T07:17:29.571955+00:00,158.000136,baseline_switches_off,0.000000,0,0.000000,0
1581,2026-09-10T07:17:29.671946+00:00,158.100144,baseline_switches_off,0.000000,0,0.000000,0
1582,2026-09-10T07:17:29.771973+00:00,158.200170,baseline_switches_off,0.000000,0,0.000000,0
1583,2026-09-10T07:17:29.872231+00:00,158.300256,baseline_switches_off,0.000000,0,0.000000,0
1584,2026-09-10T07:17:29.972021+00:00,158.400200,baseline_switches_off,0.000000,0,0.000000,0
1585,2026-09-10T07:17:30.071934+00:00,158.500134,baseline_switches_off,0.000000,0,0.000000,0
1586,2026-09-10T07:17:30.171973+00:00,158.600143,baseline_switches_off,0.000000,0,0.000000,0
1587,2026-09-10T07:17:30.271962+00:00,158.700134,baseline_switches_off,0.000000,0,0.000000,0
1588,2026-09-10T07:17:30.371926+00:00,158.800130,baseline_switches_off,0.000000,0,0.000000,0
1589,2026-09-10T07:17:30.471932+00:00,158.900130,baseline_switches_off,0.000000,0,0.000000,0
1590,2026-09-10T07:17:30.571948+00:00,159.000131,baseline_switches_off,0.000000,0,0.000000,0
1591,2026-09-10T07:17:30.671928+00:00,159.100129,baseline_switches_off,0.000000,0,0.000000,0
1592,2026-09-10T07:17:30.771953+00:00,159.200131,baseline_switches_off,0.000000,0,0.000000,0
1593,2026-09-10T07:17:30.871982+00:00,159.300135,baseline_switches_off,0.000000,0,0.000000,0
1594,2026-09-10T07:17:30.971932+00:00,159.400133,baseline_switches_off,0.000000,0,0.000000,0
1595,2026-09-10T07:17:31.071942+00:00,159.500130,baseline_switches_off,0.000000,0,0.000000,0
1596,2026-09-10T07:17:31.171937+00:00,159.600130,baseline_switches_off,0.000000,0,0.000000,0
1597,2026-09-10T07:17:31.271942+00:00,159.700132,baseline_switches_off,0.000000,0,0.000000,0
1598,2026-09-10T07:17:31.371947+00:00,159.800143,baseline_switches_off,0.000000,0,0.000000,0
1599,2026-09-10T07:17:31.471968+00:00,159.900166,baseline_switches_off,0.000000,0,0.000000,0
1600,2026-09-10T07:17:31.571966+00:00,160.000131,baseline_switches_off,0.000000,0,0.000000,0
1601,2026-09-10T07:17:31.671930+00:00,160.100130,baseline_switches_off,0.000000,0,0.000000,0
1602,2026-09-10T07:17:31.771952+00:00,160.200127,baseline_switches_off,0.000000,0,0.000000,0
1603,2026-09-10T07:17:31.871981+00:00,160.300132,baseline_switches_off,0.000000,0,0.000000,0
1604,2026-09-10T07:17:31.971930+00:00,160.400131,baseline_switches_off,0.000000,0,0.000000,0
1605,2026-09-10T07:17:32.071928+00:00,160.500130,baseline_switches_off,0.000000,0,0.000000,0
1606,2026-09-10T07:17:32.171929+00:00,160.600129,baseline_switches_off,0.000000,0,0.000000,0
1607,2026-09-10T07:17:32.271930+00:00,160.700130,baseline_switches_off,0.000000,0,0.000000,0
1608,2026-09-10T07:17:32.371949+00:00,160.800130,baseline_switches_off,0.000000,0,0.000000,0
1609,2026-09-10T07:17:32.472016+00:00,160.900140,baseline_switches_off,0.000000,0,0.000000,0
1610,2026-09-10T07:17:32.571936+00:00,161.000129,baseline_switches_off,0.000000,0,0.000000,0
1611,2026-09-10T07:17:32.671944+00:00,161.100130,baseline_switches_off,0.000000,0,0.000000,0
1612,2026-09-10T07:17:32.771931+00:00,161.200129,baseline_switches_off,0.000000,0,0.000000,0
1613,2026-09-10T07:17:32.871950+00:00,161.300132,baseline_switches_off,0.000000,0,0.000000,0
1614,2026-09-10T07:17:32.971940+00:00,161.400131,baseline_switches_off,0.000000,0,0.000000,0
1615,2026-09-10T07:17:33.071980+00:00,161.500174,baseline_switches_off,0.000000,0,0.000000,0
1616,2026-09-10T07:17:33.171927+00:00,161.600127,baseline_switches_off,0.000000,0,0.000000,0
1617,2026-09-10T07:17:33.271955+00:00,161.700134,baseline_switches_off,0.000000,0,0.000000,0
1618,2026-09-10T07:17:33.371940+00:00,161.800135,baseline_switches_off,0.000000,0,0.000000,0
1619,2026-09-10T07:17:33.472205+00:00,161.900200,baseline_switches_off,0.000000,0,0.000000,0
1620,2026-09-10T07:17:33.571973+00:00,162.000149,baseline_switches_off,0.000000,0,0.000000,0
1621,2026-09-10T07:17:33.671936+00:00,162.100136,baseline_switches_off,0.000000,0,0.000000,0
1622,2026-09-10T07:17:33.771927+00:00,162.200130,baseline_switches_off,0.000000,0,0.000000,0
1623,2026-09-10T07:17:33.871933+00:00,162.300133,baseline_switches_off,0.000000,0,0.000000,0
1624,2026-09-10T07:17:33.971932+00:00,162.400133,baseline_switches_off,0.000000,0,0.000000,0
1625,2026-09-10T07:17:34.071950+00:00,162.500132,baseline_switches_off,0.000000,0,0.000000,0
1626,2026-09-10T07:17:34.171962+00:00,162.600129,baseline_switches_off,0.000000,0,0.000000,0
1627,2026-09-10T07:17:34.271938+00:00,162.700128,baseline_switches_off,0.000000,0,0.000000,0
1628,2026-09-10T07:17:34.372227+00:00,162.800179,baseline_switches_off,0.000000,0,0.000000,0
1629,2026-09-10T07:17:34.472051+00:00,162.900169,baseline_switches_off,0.000000,0,0.000000,0
1630,2026-09-10T07:17:34.571950+00:00,163.000146,baseline_switches_off,0.000000,0,0.000000,0
1631,2026-09-10T07:17:34.671961+00:00,163.100136,baseline_switches_off,0.000000,0,0.000000,0
1632,2026-09-10T07:17:34.771955+00:00,163.200151,baseline_switches_off,0.000000,0,0.000000,0
1633,2026-09-10T07:17:34.871977+00:00,163.300171,baseline_switches_off,0.000000,0,0.000000,0
1634,2026-09-10T07:17:34.971939+00:00,163.400132,baseline_switches_off,0.000000,0,0.000000,0
1635,2026-09-10T07:17:35.071945+00:00,163.500130,baseline_switches_off,0.000000,0,0.000000,0
1636,2026-09-10T07:17:35.171930+00:00,163.600129,baseline_switches_off,0.000000,0,0.000000,0
1637,2026-09-10T07:17:35.271930+00:00,163.700128,baseline_switches_off,0.000000,0,0.000000,0
1638,2026-09-10T07:17:35.371961+00:00,163.800132,baseline_switches_off,0.000000,0,0.000000,0
1639,2026-09-10T07:17:35.471929+00:00,163.900132,baseline_switches_off,0.000000,0,0.000000,0
1640,2026-09-10T07:17:35.571961+00:00,164.000133,baseline_switches_off,0.000000,0,0.000000,0
1641,2026-09-10T07:17:35.671950+00:00,164.100131,baseline_switches_off,0.000000,0,0.000000,0
1642,2026-09-10T07:17:35.771963+00:00,164.200131,baseline_switches_off,0.000000,0,0.000000,0
1643,2026-09-10T07:17:35.871944+00:00,164.300128,baseline_switches_off,0.000000,0,0.000000,0
1644,2026-09-10T07:17:35.971970+00:00,164.400133,baseline_switches_off,0.000000,0,0.000000,0
1645,2026-09-10T07:17:36.071970+00:00,164.500132,baseline_switches_off,0.000000,0,0.000000,0
1646,2026-09-10T07:17:36.171951+00:00,164.600132,baseline_switches_off,0.000000,0,0.000000,0
1647,2026-09-10T07:17:36.271922+00:00,164.700128,baseline_switches_off,0.000000,0,0.000000,0
1648,2026-09-10T07:17:36.371934+00:00,164.800134,baseline_switches_off,0.000000,0,0.000000,0
1649,2026-09-10T07:17:36.471968+00:00,164.900140,baseline_switches_off,0.000000,0,0.000000,0
1650,2026-09-10T07:17:36.571922+00:00,165.000131,baseline_switches_off,0.000000,0,0.000000,0
1651,2026-09-10T07:17:36.671926+00:00,165.100128,baseline_switches_off,0.000000,0,0.000000,0
1652,2026-09-10T07:17:36.771928+00:00,165.200129,baseline_switches_off,0.000000,0,0.000000,0
1653,2026-09-10T07:17:36.871944+00:00,165.300129,baseline_switches_off,0.000000,0,0.000000,0
1654,2026-09-10T07:17:36.971943+00:00,165.400133,baseline_switches_off,0.000000,0,0.000000,0
1655,2026-09-10T07:17:37.071949+00:00,165.500145,baseline_switches_off,0.000000,0,0.000000,0
1656,2026-09-10T07:17:37.171930+00:00,165.600130,baseline_switches_off,0.000000,0,0.000000,0
1657,2026-09-10T07:17:37.271940+00:00,165.700128,baseline_switches_off,0.000000,0,0.000000,0
1658,2026-09-10T07:17:37.371921+00:00,165.800130,baseline_switches_off,0.000000,0,0.000000,0
1659,2026-09-10T07:17:37.471930+00:00,165.900130,baseline_switches_off,0.000000,0,0.000000,0
1660,2026-09-10T07:17:37.571963+00:00,166.000133,baseline_switches_off,0.000000,0,0.000000,0
1661,2026-09-10T07:17:37.671935+00:00,166.100133,baseline_switches_off,0.000000,0,0.000000,0
1662,2026-09-10T07:17:37.771931+00:00,166.200132,baseline_switches_off,0.000000,0,0.000000,0
1663,2026-09-10T07:17:37.871928+00:00,166.300130,baseline_switches_off,0.000000,0,0.000000,0
1664,2026-09-10T07:17:37.971948+00:00,166.400129,baseline_switches_off,0.000000,0,0.000000,0
1665,2026-09-10T07:17:38.071969+00:00,166.500133,baseline_switches_off,0.000000,0,0.000000,0
1666,2026-09-10T07:17:38.171969+00:00,166.600130,baseline_switches_off,0.000000,0,0.000000,0
1667,2026-09-10T07:17:38.271955+00:00,166.700131,baseline_switches_off,0.000000,0,0.000000,0
1668,2026-09-10T07:17:38.371935+00:00,166.800130,baseline_switches_off,0.000000,0,0.000000,0
1669,2026-09-10T07:17:38.471938+00:00,166.900131,baseline_switches_off,0.000000,0,0.000000,0
1670,2026-09-10T07:17:38.571965+00:00,167.000133,baseline_switches_off,0.000000,0,0.000000,0
1671,2026-09-10T07:17:38.671979+00:00,167.100171,baseline_switches_off,0.000000,0,0.000000,0
1672,2026-09-10T07:17:38.771937+00:00,167.200131,baseline_switches_off,0.000000,0,0.000000,0
1673,2026-09-10T07:17:38.871948+00:00,167.300130,baseline_switches_off,0.000000,0,0.000000,0
1674,2026-09-10T07:17:38.971981+00:00,167.400131,baseline_switches_off,0.000000,0,0.000000,0
1675,2026-09-10T07:17:39.071947+00:00,167.500134,baseline_switches_off,0.000000,0,0.000000,0
1676,2026-09-10T07:17:39.171955+00:00,167.600132,baseline_switches_off,0.000000,0,0.000000,0
1677,2026-09-10T07:17:39.271925+00:00,167.700129,baseline_switches_off,0.000000,0,0.000000,0
1678,2026-09-10T07:17:39.371926+00:00,167.800130,baseline_switches_off,0.000000,0,0.000000,0
1679,2026-09-10T07:17:39.472215+00:00,167.900192,baseline_switches_off,0.000000,0,0.000000,0
1680,2026-09-10T07:17:39.572058+00:00,168.000167,baseline_switches_off,0.000000,0,0.000000,0
1681,2026-09-10T07:17:39.671993+00:00,168.100147,baseline_switches_off,0.000000,0,0.000000,0
1682,2026-09-10T07:17:39.771950+00:00,168.200134,baseline_switches_off,0.000000,0,0.000000,0
1683,2026-09-10T07:17:39.871920+00:00,168.300129,baseline_switches_off,0.000000,0,0.000000,0
1684,2026-09-10T07:17:39.971934+00:00,168.400133,baseline_switches_off,0.000000,0,0.000000,0
1685,2026-09-10T07:17:40.071938+00:00,168.500135,baseline_switches_off,0.000000,0,0.000000,0
1686,2026-09-10T07:17:40.171924+00:00,168.600132,baseline_switches_off,0.000000,0,0.000000,0
1687,2026-09-10T07:17:40.271930+00:00,168.700131,baseline_switches_off,0.000000,0,0.000000,0
1688,2026-09-10T07:17:40.372196+00:00,168.800177,baseline_switches_off,0.000000,0,0.000000,0
1689,2026-09-10T07:17:40.472027+00:00,168.900161,baseline_switches_off,0.000000,0,0.000000,0
1690,2026-09-10T07:17:40.571966+00:00,169.000162,baseline_switches_off,0.000000,0,0.000000,0
1691,2026-09-10T07:17:40.671954+00:00,169.100136,baseline_switches_off,0.000000,0,0.000000,0
1692,2026-09-10T07:17:40.771932+00:00,169.200134,baseline_switches_off,0.000000,0,0.000000,0
1693,2026-09-10T07:17:40.871944+00:00,169.300128,baseline_switches_off,0.000000,0,0.000000,0
1694,2026-09-10T07:17:40.971921+00:00,169.400128,baseline_switches_off,0.000000,0,0.000000,0
1695,2026-09-10T07:17:41.071935+00:00,169.500133,baseline_switches_off,0.000000,0,0.000000,0
1696,2026-09-10T07:17:41.171924+00:00,169.600132,baseline_switches_off,0.000000,0,0.000000,0
1697,2026-09-10T07:17:41.271921+00:00,169.700127,baseline_switches_off,0.000000,0,0.000000,0
1698,2026-09-10T07:17:41.371925+00:00,169.800129,baseline_switches_off,0.000000,0,0.000000,0
1699,2026-09-10T07:17:41.471950+00:00,169.900133,baseline_switches_off,0.000000,0,0.000000,0
1700,2026-09-10T07:17:41.571968+00:00,170.000133,baseline_switches_off,0.000000,0,0.000000,0
1701,2026-09-10T07:17:41.671962+00:00,170.100133,baseline_switches_off,0.000000,0,0.000000,0
1702,2026-09-10T07:17:41.771942+00:00,170.200130,baseline_switches_off,0.000000,0,0.000000,0
1703,2026-09-10T07:17:41.871935+00:00,170.300131,baseline_switches_off,0.000000,0,0.000000,0
1704,2026-09-10T07:17:41.971980+00:00,170.400174,baseline_switches_off,0.000000,0,0.000000,0
1705,2026-09-10T07:17:42.071979+00:00,170.500173,baseline_switches_off,0.000000,0,0.000000,0
1706,2026-09-10T07:17:42.171933+00:00,170.600132,baseline_switches_off,0.000000,0,0.000000,0
1707,2026-09-10T07:17:42.271929+00:00,170.700129,baseline_switches_off,0.000000,0,0.000000,0
1708,2026-09-10T07:17:42.371931+00:00,170.800130,baseline_switches_off,0.000000,0,0.000000,0
1709,2026-09-10T07:17:42.471957+00:00,170.900130,baseline_switches_off,0.000000,0,0.000000,0
1710,2026-09-10T07:17:42.571928+00:00,171.000132,baseline_switches_off,0.000000,0,0.000000,0
1711,2026-09-10T07:17:42.671935+00:00,171.100132,baseline_switches_off,0.000000,0,0.000000,0
1712,2026-09-10T07:17:42.771924+00:00,171.200130,baseline_switches_off,0.000000,0,0.000000,0
1713,2026-09-10T07:17:42.871932+00:00,171.300131,baseline_switches_off,0.000000,0,0.000000,0
1714,2026-09-10T07:17:42.971941+00:00,171.400128,baseline_switches_off,0.000000,0,0.000000,0
1715,2026-09-10T07:17:43.071973+00:00,171.500133,baseline_switches_off,0.000000,0,0.000000,0
1716,2026-09-10T07:17:43.171958+00:00,171.600136,baseline_switches_off,0.000000,0,0.000000,0
1717,2026-09-10T07:17:43.271939+00:00,171.700132,baseline_switches_off,0.000000,0,0.000000,0
1718,2026-09-10T07:17:43.371930+00:00,171.800132,baseline_switches_off,0.000000,0,0.000000,0
1719,2026-09-10T07:17:43.471936+00:00,171.900130,baseline_switches_off,0.000000,0,0.000000,0
1720,2026-09-10T07:17:43.571935+00:00,172.000131,baseline_switches_off,0.000000,0,0.000000,0
1721,2026-09-10T07:17:43.671961+00:00,172.100144,baseline_switches_off,0.000000,0,0.000000,0
1722,2026-09-10T07:17:43.771928+00:00,172.200129,baseline_switches_off,0.000000,0,0.000000,0
1723,2026-09-10T07:17:43.871935+00:00,172.300130,baseline_switches_off,0.000000,0,0.000000,0
1724,2026-09-10T07:17:43.971927+00:00,172.400130,baseline_switches_off,0.000000,0,0.000000,0
1725,2026-09-10T07:17:44.071949+00:00,172.500131,baseline_switches_off,0.000000,0,0.000000,0
1726,2026-09-10T07:17:44.171961+00:00,172.600135,baseline_switches_off,0.000000,0,0.000000,0
1727,2026-09-10T07:17:44.271928+00:00,172.700131,baseline_switches_off,0.000000,0,0.000000,0
1728,2026-09-10T07:17:44.371926+00:00,172.800129,baseline_switches_off,0.000000,0,0.000000,0
1729,2026-09-10T07:17:44.471979+00:00,172.900138,baseline_switches_off,0.000000,0,0.000000,0
1730,2026-09-10T07:17:44.571968+00:00,173.000132,baseline_switches_off,0.000000,0,0.000000,0
1731,2026-09-10T07:17:44.672086+00:00,173.100161,baseline_switches_off,0.000000,0,0.000000,0
1732,2026-09-10T07:17:44.771941+00:00,173.200141,baseline_switches_off,0.000000,0,0.000000,0
1733,2026-09-10T07:17:44.871937+00:00,173.300133,baseline_switches_off,0.000000,0,0.000000,0
1734,2026-09-10T07:17:44.971946+00:00,173.400145,baseline_switches_off,0.000000,0,0.000000,0
1735,2026-09-10T07:17:45.071967+00:00,173.500168,baseline_switches_off,0.000000,0,0.000000,0
1736,2026-09-10T07:17:45.171963+00:00,173.600134,baseline_switches_off,0.000000,0,0.000000,0
1737,2026-09-10T07:17:45.271928+00:00,173.700131,baseline_switches_off,0.000000,0,0.000000,0
1738,2026-09-10T07:17:45.371927+00:00,173.800132,baseline_switches_off,0.000000,0,0.000000,0
1739,2026-09-10T07:17:45.472214+00:00,173.900212,baseline_switches_off,0.000000,0,0.000000,0
1740,2026-09-10T07:17:45.571958+00:00,174.000147,baseline_switches_off,0.000000,0,0.000000,0
1741,2026-09-10T07:17:45.671940+00:00,174.100135,baseline_switches_off,0.000000,0,0.000000,0
1742,2026-09-10T07:17:45.771956+00:00,174.200134,baseline_switches_off,0.000000,0,0.000000,0
1743,2026-09-10T07:17:45.871945+00:00,174.300133,baseline_switches_off,0.000000,0,0.000000,0
1744,2026-09-10T07:17:45.971966+00:00,174.400131,baseline_switches_off,0.000000,0,0.000000,0
1745,2026-09-10T07:17:46.071945+00:00,174.500131,baseline_switches_off,0.000000,0,0.000000,0
1746,2026-09-10T07:17:46.171954+00:00,174.600128,baseline_switches_off,0.000000,0,0.000000,0
1747,2026-09-10T07:17:46.271932+00:00,174.700129,baseline_switches_off,0.000000,0,0.000000,0
1748,2026-09-10T07:17:46.372187+00:00,174.800181,baseline_switches_off,0.000000,0,0.000000,0
1749,2026-09-10T07:17:46.471956+00:00,174.900147,baseline_switches_off,0.000000,0,0.000000,0
1750,2026-09-10T07:17:46.571967+00:00,175.000146,baseline_switches_off,0.000000,0,0.000000,0
1751,2026-09-10T07:17:46.671965+00:00,175.100143,baseline_switches_off,0.000000,0,0.000000,0
1752,2026-09-10T07:17:46.771947+00:00,175.200149,baseline_switches_off,0.000000,0,0.000000,0
1753,2026-09-10T07:17:46.871975+00:00,175.300171,baseline_switches_off,0.000000,0,0.000000,0
1754,2026-09-10T07:17:46.971943+00:00,175.400143,baseline_switches_off,0.000000,0,0.000000,0
1755,2026-09-10T07:17:47.071963+00:00,175.500127,baseline_switches_off,0.000000,0,0.000000,0
1756,2026-09-10T07:17:47.171926+00:00,175.600130,baseline_switches_off,0.000000,0,0.000000,0
1757,2026-09-10T07:17:47.271943+00:00,175.700132,baseline_switches_off,0.000000,0,0.000000,0
1758,2026-09-10T07:17:47.371953+00:00,175.800132,baseline_switches_off,0.000000,0,0.000000,0
1759,2026-09-10T07:17:47.471972+00:00,175.900133,baseline_switches_off,0.000000,0,0.000000,0
1760,2026-09-10T07:17:47.571976+00:00,176.000132,baseline_switches_off,0.000000,0,0.000000,0
1761,2026-09-10T07:17:47.671970+00:00,176.100132,baseline_switches_off,0.000000,0,0.000000,0
1762,2026-09-10T07:17:47.771929+00:00,176.200132,baseline_switches_off,0.000000,0,0.000000,0
1763,2026-09-10T07:17:47.871958+00:00,176.300131,baseline_switches_off,0.000000,0,0.000000,0
1764,2026-09-10T07:17:47.971954+00:00,176.400130,baseline_switches_off,0.000000,0,0.000000,0
1765,2026-09-10T07:17:48.071975+00:00,176.500132,baseline_switches_off,0.000000,0,0.000000,0
1766,2026-09-10T07:17:48.171941+00:00,176.600132,baseline_switches_off,0.000000,0,0.000000,0
1767,2026-09-10T07:17:48.271939+00:00,176.700133,baseline_switches_off,0.000000,0,0.000000,0
1768,2026-09-10T07:17:48.371942+00:00,176.800133,baseline_switches_off,0.000000,0,0.000000,0
1769,2026-09-10T07:17:48.471966+00:00,176.900138,baseline_switches_off,0.000000,0,0.000000,0
1770,2026-09-10T07:17:48.571971+00:00,177.000145,baseline_switches_off,0.000000,0,0.000000,0
1771,2026-09-10T07:17:48.671939+00:00,177.100131,baseline_switches_off,0.000000,0,0.000000,0
1772,2026-09-10T07:17:48.771952+00:00,177.200148,baseline_switches_off,0.000000,0,0.000000,0
1773,2026-09-10T07:17:48.871978+00:00,177.300170,baseline_switches_off,0.000000,0,0.000000,0
1774,2026-09-10T07:17:48.971951+00:00,177.400130,baseline_switches_off,0.000000,0,0.000000,0
1775,2026-09-10T07:17:49.071935+00:00,177.500131,baseline_switches_off,0.000000,0,0.000000,0
1776,2026-09-10T07:17:49.171931+00:00,177.600129,baseline_switches_off,0.000000,0,0.000000,0
1777,2026-09-10T07:17:49.271983+00:00,177.700135,baseline_switches_off,0.000000,0,0.000000,0
1778,2026-09-10T07:17:49.371931+00:00,177.800132,baseline_switches_off,0.000000,0,0.000000,0
1779,2026-09-10T07:17:49.471950+00:00,177.900131,baseline_switches_off,0.000000,0,0.000000,0
1780,2026-09-10T07:17:49.571935+00:00,178.000131,baseline_switches_off,0.000000,0,0.000000,0
1781,2026-09-10T07:17:49.671956+00:00,178.100132,baseline_switches_off,0.000000,0,0.000000,0
1782,2026-09-10T07:17:49.772075+00:00,178.200159,baseline_switches_off,0.000000,0,0.000000,0
1783,2026-09-10T07:17:49.871961+00:00,178.300142,baseline_switches_off,0.000000,0,0.000000,0
1784,2026-09-10T07:17:49.971919+00:00,178.400131,baseline_switches_off,0.000000,0,0.000000,0
1785,2026-09-10T07:17:50.071929+00:00,178.500133,baseline_switches_off,0.000000,0,0.000000,0
1786,2026-09-10T07:17:50.172147+00:00,178.600130,baseline_switches_off,0.000000,0,0.000000,0
1787,2026-09-10T07:17:50.272053+00:00,178.700164,baseline_switches_off,0.000000,0,0.000000,0
1788,2026-09-10T07:17:50.371966+00:00,178.800159,baseline_switches_off,0.000000,0,0.000000,0
1789,2026-09-10T07:17:50.471943+00:00,178.900134,baseline_switches_off,0.000000,0,0.000000,0
1790,2026-09-10T07:17:50.571955+00:00,179.000135,baseline_switches_off,0.000000,0,0.000000,0
1791,2026-09-10T07:17:50.672003+00:00,179.100145,baseline_switches_off,0.000000,0,0.000000,0
1792,2026-09-10T07:17:50.771939+00:00,179.200136,baseline_switches_off,0.000000,0,0.000000,0
1793,2026-09-10T07:17:50.871930+00:00,179.300130,baseline_switches_off,0.000000,0,0.000000,0
1794,2026-09-10T07:17:50.971924+00:00,179.400128,baseline_switches_off,0.000000,0,0.000000,0
1795,2026-09-10T07:17:51.071940+00:00,179.500132,baseline_switches_off,0.000000,0,0.000000,0
1796,2026-09-10T07:17:51.171933+00:00,179.600129,baseline_switches_off,0.000000,0,0.000000,0
1797,2026-09-10T07:17:51.271942+00:00,179.700133,baseline_switches_off,0.000000,0,0.000000,0
1798,2026-09-10T07:17:51.371939+00:00,179.800135,baseline_switches_off,0.000000,0,0.000000,0
1799,2026-09-10T07:17:51.472199+00:00,179.900213,baseline_switches_off,0.000000,0,0.000000,0
1800,2026-09-10T07:17:51.571981+00:00,180.000150,baseline_switches_off,0.000000,0,0.000000,0
1801,2026-09-10T07:17:51.671966+00:00,180.100136,baseline_switches_off,0.000000,0,0.000000,0
1802,2026-09-10T07:17:51.771979+00:00,180.200137,baseline_switches_off,0.000000,0,0.000000,0
1803,2026-09-10T07:17:51.871925+00:00,180.300131,baseline_switches_off,0.000000,0,0.000000,0
1804,2026-09-10T07:17:51.971929+00:00,180.400131,baseline_switches_off,0.000000,0,0.000000,0
1805,2026-09-10T07:17:52.071929+00:00,180.500132,baseline_switches_off,0.000000,0,0.000000,0
1806,2026-09-10T07:17:52.171923+00:00,180.600130,baseline_switches_off,0.000000,0,0.000000,0
1807,2026-09-10T07:17:52.272176+00:00,180.700178,baseline_switches_off,0.000000,0,0.000000,0
1808,2026-09-10T07:17:52.371974+00:00,180.800151,baseline_switches_off,0.000000,0,0.000000,0
1809,2026-09-10T07:17:52.471970+00:00,180.900143,baseline_switches_off,0.000000,0,0.000000,0
1810,2026-09-10T07:17:52.571960+00:00,181.000140,baseline_switches_off,0.000000,0,0.000000,0
1811,2026-09-10T07:17:52.671975+00:00,181.100143,baseline_switches_off,0.000000,0,0.000000,0
1812,2026-09-10T07:17:52.771962+00:00,181.200155,baseline_switches_off,0.000000,0,0.000000,0
1813,2026-09-10T07:17:52.871927+00:00,181.300131,baseline_switches_off,0.000000,0,0.000000,0
1814,2026-09-10T07:17:52.971929+00:00,181.400129,baseline_switches_off,0.000000,0,0.000000,0
1815,2026-09-10T07:17:53.071951+00:00,181.500130,baseline_switches_off,0.000000,0,0.000000,0
1816,2026-09-10T07:17:53.171921+00:00,181.600130,baseline_switches_off,0.000000,0,0.000000,0
1817,2026-09-10T07:17:53.271930+00:00,181.700124,baseline_switches_off,0.000000,0,0.000000,0
1818,2026-09-10T07:17:53.371955+00:00,181.800132,baseline_switches_off,0.000000,0,0.000000,0
1819,2026-09-10T07:17:53.471920+00:00,181.900130,baseline_switches_off,0.000000,0,0.000000,0
1820,2026-09-10T07:17:53.571946+00:00,182.000130,baseline_switches_off,0.000000,0,0.000000,0
1821,2026-09-10T07:17:53.671934+00:00,182.100132,baseline_switches_off,0.000000,0,0.000000,0
1822,2026-09-10T07:17:53.771952+00:00,182.200133,baseline_switches_off,0.000000,0,0.000000,0
1823,2026-09-10T07:17:53.871924+00:00,182.300131,baseline_switches_off,0.000000,0,0.000000,0
1824,2026-09-10T07:17:53.971925+00:00,182.400128,baseline_switches_off,0.000000,0,0.000000,0
1825,2026-09-10T07:17:54.071987+00:00,182.500143,baseline_switches_off,0.000000,0,0.000000,0
1826,2026-09-10T07:17:54.171942+00:00,182.600138,baseline_switches_off,0.000000,0,0.000000,0
1827,2026-09-10T07:17:54.271929+00:00,182.700134,baseline_switches_off,0.000000,0,0.000000,0
1828,2026-09-10T07:17:54.371941+00:00,182.800131,baseline_switches_off,0.000000,0,0.000000,0
1829,2026-09-10T07:17:54.471946+00:00,182.900147,baseline_switches_off,0.000000,0,0.000000,0
1830,2026-09-10T07:17:54.571945+00:00,183.000145,baseline_switches_off,0.000000,0,0.000000,0
1831,2026-09-10T07:17:54.671930+00:00,183.100129,baseline_switches_off,0.000000,0,0.000000,0
1832,2026-09-10T07:17:54.771927+00:00,183.200129,baseline_switches_off,0.000000,0,0.000000,0
1833,2026-09-10T07:17:54.872044+00:00,183.300157,baseline_switches_off,0.000000,0,0.000000,0
1834,2026-09-10T07:17:54.971962+00:00,183.400141,baseline_switches_off,0.000000,0,0.000000,0
1835,2026-09-10T07:17:55.071932+00:00,183.500137,baseline_switches_off,0.000000,0,0.000000,0
1836,2026-09-10T07:17:55.171934+00:00,183.600131,baseline_switches_off,0.000000,0,0.000000,0
1837,2026-09-10T07:17:55.271939+00:00,183.700132,baseline_switches_off,0.000000,0,0.000000,0
1838,2026-09-10T07:17:55.371952+00:00,183.800132,baseline_switches_off,0.000000,0,0.000000,0
1839,2026-09-10T07:17:55.471950+00:00,183.900134,baseline_switches_off,0.000000,0,0.000000,0
1840,2026-09-10T07:17:55.571929+00:00,184.000131,baseline_switches_off,0.000000,0,0.000000,0
1841,2026-09-10T07:17:55.671921+00:00,184.100130,baseline_switches_off,0.000000,0,0.000000,0
1842,2026-09-10T07:17:55.771955+00:00,184.200137,baseline_switches_off,0.000000,0,0.000000,0
1843,2026-09-10T07:17:55.871955+00:00,184.300134,baseline_switches_off,0.000000,0,0.000000,0
1844,2026-09-10T07:17:55.971967+00:00,184.400131,baseline_switches_off,0.000000,0,0.000000,0
1845,2026-09-10T07:17:56.071975+00:00,184.500131,baseline_switches_off,0.000000,0,0.000000,0
1846,2026-09-10T07:17:56.171938+00:00,184.600132,baseline_switches_off,0.000000,0,0.000000,0
1847,2026-09-10T07:17:56.271959+00:00,184.700131,baseline_switches_off,0.000000,0,0.000000,0
1848,2026-09-10T07:17:56.371936+00:00,184.800133,baseline_switches_off,0.000000,0,0.000000,0
1849,2026-09-10T07:17:56.471990+00:00,184.900144,baseline_switches_off,0.000000,0,0.000000,0
1850,2026-09-10T07:17:56.571949+00:00,185.000139,baseline_switches_off,0.000000,0,0.000000,0
1851,2026-09-10T07:17:56.671928+00:00,185.100129,baseline_switches_off,0.000000,0,0.000000,0
1852,2026-09-10T07:17:56.772092+00:00,185.200161,baseline_switches_off,0.000000,0,0.000000,0
1853,2026-09-10T07:17:56.871973+00:00,185.300151,baseline_switches_off,0.000000,0,0.000000,0
1854,2026-09-10T07:17:56.971956+00:00,185.400150,baseline_switches_off,0.000000,0,0.000000,0
1855,2026-09-10T07:17:57.071981+00:00,185.500174,baseline_switches_off,0.000000,0,0.000000,0
1856,2026-09-10T07:17:57.171956+00:00,185.600131,baseline_switches_off,0.000000,0,0.000000,0
1857,2026-09-10T07:17:57.271943+00:00,185.700131,baseline_switches_off,0.000000,0,0.000000,0
1858,2026-09-10T07:17:57.371956+00:00,185.800131,baseline_switches_off,0.000000,0,0.000000,0
1859,2026-09-10T07:17:57.472222+00:00,185.900214,baseline_switches_off,0.000000,0,0.000000,0
1860,2026-09-10T07:17:57.571953+00:00,186.000147,baseline_switches_off,0.000000,0,0.000000,0
1861,2026-09-10T07:17:57.671949+00:00,186.100131,baseline_switches_off,0.000000,0,0.000000,0
1862,2026-09-10T07:17:57.771964+00:00,186.200133,baseline_switches_off,0.000000,0,0.000000,0
1863,2026-09-10T07:17:57.871933+00:00,186.300133,baseline_switches_off,0.000000,0,0.000000,0
1864,2026-09-10T07:17:57.971932+00:00,186.400131,baseline_switches_off,0.000000,0,0.000000,0
1865,2026-09-10T07:17:58.071935+00:00,186.500135,baseline_switches_off,0.000000,0,0.000000,0
1866,2026-09-10T07:17:58.172099+00:00,186.600125,baseline_switches_off,0.000000,0,0.000000,0
1867,2026-09-10T07:17:58.272019+00:00,186.700183,baseline_switches_off,0.000000,0,0.000000,0
1868,2026-09-10T07:17:58.371980+00:00,186.800151,baseline_switches_off,0.000000,0,0.000000,0
1869,2026-09-10T07:17:58.471949+00:00,186.900140,baseline_switches_off,0.000000,0,0.000000,0
1870,2026-09-10T07:17:58.571942+00:00,187.000133,baseline_switches_off,0.000000,0,0.000000,0
1871,2026-09-10T07:17:58.671993+00:00,187.100136,baseline_switches_off,0.000000,0,0.000000,0
1872,2026-09-10T07:17:58.771925+00:00,187.200133,baseline_switches_off,0.000000,0,0.000000,0
1873,2026-09-10T07:17:58.871936+00:00,187.300133,baseline_switches_off,0.000000,0,0.000000,0
1874,2026-09-10T07:17:58.971930+00:00,187.400133,baseline_switches_off,0.000000,0,0.000000,0
1875,2026-09-10T07:17:59.071963+00:00,187.500133,baseline_switches_off,0.000000,0,0.000000,0
1876,2026-09-10T07:17:59.171973+00:00,187.600144,baseline_switches_off,0.000000,0,0.000000,0
1877,2026-09-10T07:17:59.271963+00:00,187.700137,baseline_switches_off,0.000000,0,0.000000,0
1878,2026-09-10T07:17:59.371977+00:00,187.800133,baseline_switches_off,0.000000,0,0.000000,0
1879,2026-09-10T07:17:59.471964+00:00,187.900134,baseline_switches_off,0.000000,0,0.000000,0
1880,2026-09-10T07:17:59.571933+00:00,188.000135,baseline_switches_off,0.000000,0,0.000000,0
1881,2026-09-10T07:17:59.671928+00:00,188.100130,baseline_switches_off,0.000000,0,0.000000,0
1882,2026-09-10T07:17:59.771939+00:00,188.200133,baseline_switches_off,0.000000,0,0.000000,0
1883,2026-09-10T07:17:59.871929+00:00,188.300130,baseline_switches_off,0.000000,0,0.000000,0
1884,2026-09-10T07:17:59.972044+00:00,188.400161,baseline_switches_off,0.000000,0,0.000000,0
1885,2026-09-10T07:18:00.071970+00:00,188.500162,baseline_switches_off,0.000000,0,0.000000,0
1886,2026-09-10T07:18:00.171933+00:00,188.600131,baseline_switches_off,0.000000,0,0.000000,0
1887,2026-09-10T07:18:00.271933+00:00,188.700131,baseline_switches_off,0.000000,0,0.000000,0
1888,2026-09-10T07:18:00.371942+00:00,188.800130,baseline_switches_off,0.000000,0,0.000000,0
1889,2026-09-10T07:18:00.472014+00:00,188.900138,baseline_switches_off,0.000000,0,0.000000,0
1890,2026-09-10T07:18:00.571936+00:00,189.000132,baseline_switches_off,0.000000,0,0.000000,0
1891,2026-09-10T07:18:00.671941+00:00,189.100130,baseline_switches_off,0.000000,0,0.000000,0
1892,2026-09-10T07:18:00.771958+00:00,189.200133,baseline_switches_off,0.000000,0,0.000000,0
1893,2026-09-10T07:18:00.871984+00:00,189.300140,baseline_switches_off,0.000000,0,0.000000,0
1894,2026-09-10T07:18:00.971948+00:00,189.400135,baseline_switches_off,0.000000,0,0.000000,0
1895,2026-09-10T07:18:01.071929+00:00,189.500133,baseline_switches_off,0.000000,0,0.000000,0
1896,2026-09-10T07:18:01.171931+00:00,189.600129,baseline_switches_off,0.000000,0,0.000000,0
1897,2026-09-10T07:18:01.271951+00:00,189.700132,baseline_switches_off,0.000000,0,0.000000,0
1898,2026-09-10T07:18:01.372008+00:00,189.800144,baseline_switches_off,0.000000,0,0.000000,0
1899,2026-09-10T07:18:01.471960+00:00,189.900133,baseline_switches_off,0.000000,0,0.000000,0
1900,2026-09-10T07:18:01.571961+00:00,190.000133,baseline_switches_off,0.000000,0,0.000000,0
1901,2026-09-10T07:18:01.671926+00:00,190.100131,baseline_switches_off,0.000000,0,0.000000,0
1902,2026-09-10T07:18:01.771955+00:00,190.200133,baseline_switches_off,0.000000,0,0.000000,0
1903,2026-09-10T07:18:01.871937+00:00,190.300131,baseline_switches_off,0.000000,0,0.000000,0
1904,2026-09-10T07:18:01.971937+00:00,190.400131,baseline_switches_off,0.000000,0,0.000000,0
1905,2026-09-10T07:18:02.071954+00:00,190.500147,baseline_switches_off,0.000000,0,0.000000,0
1906,2026-09-10T07:18:02.171918+00:00,190.600129,baseline_switches_off,0.000000,0,0.000000,0
1907,2026-09-10T07:18:02.271949+00:00,190.700126,baseline_switches_off,0.000000,0,0.000000,0
1908,2026-09-10T07:18:02.371927+00:00,190.800130,baseline_switches_off,0.000000,0,0.000000,0
1909,2026-09-10T07:18:02.471951+00:00,190.900131,baseline_switches_off,0.000000,0,0.000000,0
1910,2026-09-10T07:18:02.571958+00:00,191.000134,baseline_switches_off,0.000000,0,0.000000,0
1911,2026-09-10T07:18:02.671921+00:00,191.100129,baseline_switches_off,0.000000,0,0.000000,0
1912,2026-09-10T07:18:02.771926+00:00,191.200130,baseline_switches_off,0.000000,0,0.000000,0
1913,2026-09-10T07:18:02.871924+00:00,191.300128,baseline_switches_off,0.000000,0,0.000000,0
1914,2026-09-10T07:18:02.971953+00:00,191.400132,baseline_switches_off,0.000000,0,0.000000,0
1915,2026-09-10T07:18:03.071972+00:00,191.500131,baseline_switches_off,0.000000,0,0.000000,0
1916,2026-09-10T07:18:03.171930+00:00,191.600131,baseline_switches_off,0.000000,0,0.000000,0
1917,2026-09-10T07:18:03.271923+00:00,191.700128,baseline_switches_off,0.000000,0,0.000000,0
1918,2026-09-10T07:18:03.371949+00:00,191.800129,baseline_switches_off,0.000000,0,0.000000,0
1919,2026-09-10T07:18:03.472236+00:00,191.900203,baseline_switches_off,0.000000,0,0.000000,0
1920,2026-09-10T07:18:03.571956+00:00,192.000147,baseline_switches_off,0.000000,0,0.000000,0
1921,2026-09-10T07:18:03.671929+00:00,192.100135,baseline_switches_off,0.000000,0,0.000000,0
1922,2026-09-10T07:18:03.771942+00:00,192.200127,baseline_switches_off,0.000000,0,0.000000,0
1923,2026-09-10T07:18:03.871923+00:00,192.300132,baseline_switches_off,0.000000,0,0.000000,0
1924,2026-09-10T07:18:03.971924+00:00,192.400128,baseline_switches_off,0.000000,0,0.000000,0
1925,2026-09-10T07:18:04.071928+00:00,192.500130,baseline_switches_off,0.000000,0,0.000000,0
1926,2026-09-10T07:18:04.171981+00:00,192.600131,baseline_switches_off,0.000000,0,0.000000,0
1927,2026-09-10T07:18:04.272067+00:00,192.700159,baseline_switches_off,0.000000,0,0.000000,0
1928,2026-09-10T07:18:04.372087+00:00,192.800173,baseline_switches_off,0.000000,0,0.000000,0
1929,2026-09-10T07:18:04.471976+00:00,192.900150,baseline_switches_off,0.000000,0,0.000000,0
1930,2026-09-10T07:18:04.571949+00:00,193.000139,baseline_switches_off,0.000000,0,0.000000,0
1931,2026-09-10T07:18:04.671970+00:00,193.100139,baseline_switches_off,0.000000,0,0.000000,0
1932,2026-09-10T07:18:04.771955+00:00,193.200151,baseline_switches_off,0.000000,0,0.000000,0
1933,2026-09-10T07:18:04.871963+00:00,193.300167,baseline_switches_off,0.000000,0,0.000000,0
1934,2026-09-10T07:18:04.971972+00:00,193.400170,baseline_switches_off,0.000000,0,0.000000,0
1935,2026-09-10T07:18:05.072078+00:00,193.500156,baseline_switches_off,0.000000,0,0.000000,0
1936,2026-09-10T07:18:05.171940+00:00,193.600140,baseline_switches_off,0.000000,0,0.000000,0
1937,2026-09-10T07:18:05.271933+00:00,193.700131,baseline_switches_off,0.000000,0,0.000000,0
1938,2026-09-10T07:18:05.371957+00:00,193.800132,baseline_switches_off,0.000000,0,0.000000,0
1939,2026-09-10T07:18:05.471925+00:00,193.900132,baseline_switches_off,0.000000,0,0.000000,0
1940,2026-09-10T07:18:05.571929+00:00,194.000130,baseline_switches_off,0.000000,0,0.000000,0
1941,2026-09-10T07:18:05.671952+00:00,194.100129,baseline_switches_off,0.000000,0,0.000000,0
1942,2026-09-10T07:18:05.771960+00:00,194.200130,baseline_switches_off,0.000000,0,0.000000,0
1943,2026-09-10T07:18:05.871957+00:00,194.300131,baseline_switches_off,0.000000,0,0.000000,0
1944,2026-09-10T07:18:05.971967+00:00,194.400130,baseline_switches_off,0.000000,0,0.000000,0
1945,2026-09-10T07:18:06.071955+00:00,194.500131,baseline_switches_off,0.000000,0,0.000000,0
1946,2026-09-10T07:18:06.171976+00:00,194.600131,baseline_switches_off,0.000000,0,0.000000,0
1947,2026-09-10T07:18:06.271926+00:00,194.700129,baseline_switches_off,0.000000,0,0.000000,0
1948,2026-09-10T07:18:06.371938+00:00,194.800131,baseline_switches_off,0.000000,0,0.000000,0
1949,2026-09-10T07:18:06.471931+00:00,194.900128,baseline_switches_off,0.000000,0,0.000000,0
1950,2026-09-10T07:18:06.571932+00:00,195.000130,baseline_switches_off,0.000000,0,0.000000,0
1951,2026-09-10T07:18:06.671957+00:00,195.100136,baseline_switches_off,0.000000,0,0.000000,0
1952,2026-09-10T07:18:06.771940+00:00,195.200143,baseline_switches_off,0.000000,0,0.000000,0
1953,2026-09-10T07:18:06.871967+00:00,195.300166,baseline_switches_off,0.000000,0,0.000000,0
1954,2026-09-10T07:18:06.971969+00:00,195.400166,baseline_switches_off,0.000000,0,0.000000,0
1955,2026-09-10T07:18:07.071973+00:00,195.500168,baseline_switches_off,0.000000,0,0.000000,0
1956,2026-09-10T07:18:07.171934+00:00,195.600128,baseline_switches_off,0.000000,0,0.000000,0
1957,2026-09-10T07:18:07.271940+00:00,195.700127,baseline_switches_off,0.000000,0,0.000000,0
1958,2026-09-10T07:18:07.371928+00:00,195.800131,baseline_switches_off,0.000000,0,0.000000,0
1959,2026-09-10T07:18:07.471933+00:00,195.900131,baseline_switches_off,0.000000,0,0.000000,0
1960,2026-09-10T07:18:07.571949+00:00,196.000130,baseline_switches_off,0.000000,0,0.000000,0
1961,2026-09-10T07:18:07.671959+00:00,196.100130,baseline_switches_off,0.000000,0,0.000000,0
1962,2026-09-10T07:18:07.771981+00:00,196.200132,baseline_switches_off,0.000000,0,0.000000,0
1963,2026-09-10T07:18:07.871925+00:00,196.300131,baseline_switches_off,0.000000,0,0.000000,0
1964,2026-09-10T07:18:07.971925+00:00,196.400131,baseline_switches_off,0.000000,0,0.000000,0
1965,2026-09-10T07:18:08.071920+00:00,196.500130,baseline_switches_off,0.000000,0,0.000000,0
1966,2026-09-10T07:18:08.171940+00:00,196.600135,baseline_switches_off,0.000000,0,0.000000,0
1967,2026-09-10T07:18:08.271926+00:00,196.700131,baseline_switches_off,0.000000,0,0.000000,0
1968,2026-09-10T07:18:08.371944+00:00,196.800130,baseline_switches_off,0.000000,0,0.000000,0
1969,2026-09-10T07:18:08.471987+00:00,196.900140,baseline_switches_off,0.000000,0,0.000000,0
1970,2026-09-10T07:18:08.571997+00:00,197.000135,baseline_switches_off,0.000000,0,0.000000,0
1971,2026-09-10T07:18:08.671976+00:00,197.100135,baseline_switches_off,0.000000,0,0.000000,0
1972,2026-09-10T07:18:08.771958+00:00,197.200133,baseline_switches_off,0.000000,0,0.000000,0
1973,2026-09-10T07:18:08.871924+00:00,197.300130,baseline_switches_off,0.000000,0,0.000000,0
1974,2026-09-10T07:18:08.971925+00:00,197.400129,baseline_switches_off,0.000000,0,0.000000,0
1975,2026-09-10T07:18:09.071945+00:00,197.500145,baseline_switches_off,0.000000,0,0.000000,0
1976,2026-09-10T07:18:09.171972+00:00,197.600128,baseline_switches_off,0.000000,0,0.000000,0
1977,2026-09-10T07:18:09.272033+00:00,197.700153,baseline_switches_off,0.000000,0,0.000000,0
1978,2026-09-10T07:18:09.371942+00:00,197.800137,baseline_switches_off,0.000000,0,0.000000,0
1979,2026-09-10T07:18:09.472203+00:00,197.900206,baseline_switches_off,0.000000,0,0.000000,0
1980,2026-09-10T07:18:09.571948+00:00,198.000147,baseline_switches_off,0.000000,0,0.000000,0
1981,2026-09-10T07:18:09.671939+00:00,198.100134,baseline_switches_off,0.000000,0,0.000000,0
1982,2026-09-10T07:18:09.771940+00:00,198.200132,baseline_switches_off,0.000000,0,0.000000,0
1983,2026-09-10T07:18:09.871935+00:00,198.300132,baseline_switches_off,0.000000,0,0.000000,0
1984,2026-09-10T07:18:09.971923+00:00,198.400129,baseline_switches_off,0.000000,0,0.000000,0
1985,2026-09-10T07:18:10.071916+00:00,198.500130,baseline_switches_off,0.000000,0,0.000000,0
1986,2026-09-10T07:18:10.172187+00:00,198.600177,baseline_switches_off,0.000000,0,0.000000,0
1987,2026-09-10T07:18:10.272001+00:00,198.700155,baseline_switches_off,0.000000,0,0.000000,0
1988,2026-09-10T07:18:10.372041+00:00,198.800152,baseline_switches_off,0.000000,0,0.000000,0
1989,2026-09-10T07:18:10.471961+00:00,198.900137,baseline_switches_off,0.000000,0,0.000000,0
1990,2026-09-10T07:18:10.571965+00:00,199.000132,baseline_switches_off,0.000000,0,0.000000,0
1991,2026-09-10T07:18:10.671970+00:00,199.100133,baseline_switches_off,0.000000,0,0.000000,0
1992,2026-09-10T07:18:10.771938+00:00,199.200135,baseline_switches_off,0.000000,0,0.000000,0
1993,2026-09-10T07:18:10.871915+00:00,199.300129,baseline_switches_off,0.000000,0,0.000000,0
1994,2026-09-10T07:18:10.971929+00:00,199.400132,baseline_switches_off,0.000000,0,0.000000,0
1995,2026-09-10T07:18:11.071922+00:00,199.500130,baseline_switches_off,0.000000,0,0.000000,0
1996,2026-09-10T07:18:11.171972+00:00,199.600142,baseline_switches_off,0.000000,0,0.000000,0
1997,2026-09-10T07:18:11.271936+00:00,199.700135,baseline_switches_off,0.000000,0,0.000000,0
1998,2026-09-10T07:18:11.371973+00:00,199.800171,baseline_switches_off,0.000000,0,0.000000,0
1999,2026-09-10T07:18:11.471940+00:00,199.900146,baseline_switches_off,0.000000,0,0.000000,0
2000,2026-09-10T07:18:11.571925+00:00,200.000128,baseline_switches_off,0.000000,0,0.000000,0
2001,2026-09-10T07:18:11.671933+00:00,200.100130,baseline_switches_off,0.000000,0,0.000000,0
2002,2026-09-10T07:18:11.771951+00:00,200.200127,baseline_switches_off,0.000000,0,0.000000,0
2003,2026-09-10T07:18:11.871962+00:00,200.300130,baseline_switches_off,0.000000,0,0.000000,0
2004,2026-09-10T07:18:11.971927+00:00,200.400130,baseline_switches_off,0.000000,0,0.000000,0
2005,2026-09-10T07:18:12.071930+00:00,200.500129,baseline_switches_off,0.000000,0,0.000000,0
2006,2026-09-10T07:18:12.171935+00:00,200.600131,baseline_switches_off,0.000000,0,0.000000,0
2007,2026-09-10T07:18:12.271946+00:00,200.700131,baseline_switches_off,0.000000,0,0.000000,0
2008,2026-09-10T07:18:12.371967+00:00,200.800130,baseline_switches_off,0.000000,0,0.000000,0
2009,2026-09-10T07:18:12.472013+00:00,200.900140,baseline_switches_off,0.000000,0,0.000000,0
2010,2026-09-10T07:18:12.571939+00:00,201.000135,baseline_switches_off,0.000000,0,0.000000,0
2011,2026-09-10T07:18:12.671930+00:00,201.100130,baseline_switches_off,0.000000,0,0.000000,0
2012,2026-09-10T07:18:12.771942+00:00,201.200129,baseline_switches_off,0.000000,0,0.000000,0
2013,2026-09-10T07:18:12.871963+00:00,201.300132,baseline_switches_off,0.000000,0,0.000000,0
2014,2026-09-10T07:18:12.971969+00:00,201.400129,baseline_switches_off,0.000000,0,0.000000,0
2015,2026-09-10T07:18:13.071969+00:00,201.500131,baseline_switches_off,0.000000,0,0.000000,0
2016,2026-09-10T07:18:13.171967+00:00,201.600129,baseline_switches_off,0.000000,0,0.000000,0
2017,2026-09-10T07:18:13.271972+00:00,201.700129,baseline_switches_off,0.000000,0,0.000000,0
2018,2026-09-10T07:18:13.371923+00:00,201.800131,baseline_switches_off,0.000000,0,0.000000,0
2019,2026-09-10T07:18:13.471942+00:00,201.900134,baseline_switches_off,0.000000,0,0.000000,0
2020,2026-09-10T07:18:13.571955+00:00,202.000131,baseline_switches_off,0.000000,0,0.000000,0
2021,2026-09-10T07:18:13.671942+00:00,202.100131,baseline_switches_off,0.000000,0,0.000000,0
2022,2026-09-10T07:18:13.771938+00:00,202.200130,baseline_switches_off,0.000000,0,0.000000,0
2023,2026-09-10T07:18:13.871959+00:00,202.300145,baseline_switches_off,0.000000,0,0.000000,0
2024,2026-09-10T07:18:13.972056+00:00,202.400190,baseline_switches_off,0.000000,0,0.000000,0
2025,2026-09-10T07:18:14.071987+00:00,202.500179,baseline_switches_off,0.000000,0,0.000000,0
2026,2026-09-10T07:18:14.171930+00:00,202.600129,baseline_switches_off,0.000000,0,0.000000,0
2027,2026-09-10T07:18:14.271967+00:00,202.700129,baseline_switches_off,0.000000,0,0.000000,0
2028,2026-09-10T07:18:14.371927+00:00,202.800132,baseline_switches_off,0.000000,0,0.000000,0
2029,2026-09-10T07:18:14.471951+00:00,202.900131,baseline_switches_off,0.000000,0,0.000000,0
2030,2026-09-10T07:18:14.571952+00:00,203.000131,baseline_switches_off,0.000000,0,0.000000,0
2031,2026-09-10T07:18:14.671924+00:00,203.100132,baseline_switches_off,0.000000,0,0.000000,0
2032,2026-09-10T07:18:14.771914+00:00,203.200130,baseline_switches_off,0.000000,0,0.000000,0
2033,2026-09-10T07:18:14.871956+00:00,203.300135,baseline_switches_off,0.000000,0,0.000000,0
2034,2026-09-10T07:18:14.971961+00:00,203.400130,baseline_switches_off,0.000000,0,0.000000,0
2035,2026-09-10T07:18:15.071926+00:00,203.500132,baseline_switches_off,0.000000,0,0.000000,0
2036,2026-09-10T07:18:15.171925+00:00,203.600130,baseline_switches_off,0.000000,0,0.000000,0
2037,2026-09-10T07:18:15.272055+00:00,203.700160,baseline_switches_off,0.000000,0,0.000000,0
2038,2026-09-10T07:18:15.371948+00:00,203.800141,baseline_switches_off,0.000000,0,0.000000,0
2039,2026-09-10T07:18:15.472168+00:00,203.900178,baseline_switches_off,0.000000,0,0.000000,0
2040,2026-09-10T07:18:15.571967+00:00,204.000166,baseline_switches_off,0.000000,0,0.000000,0
2041,2026-09-10T07:18:15.671955+00:00,204.100133,baseline_switches_off,0.000000,0,0.000000,0
2042,2026-09-10T07:18:15.771926+00:00,204.200130,baseline_switches_off,0.000000,0,0.000000,0
2043,2026-09-10T07:18:15.871975+00:00,204.300136,baseline_switches_off,0.000000,0,0.000000,0
2044,2026-09-10T07:18:15.971921+00:00,204.400130,baseline_switches_off,0.000000,0,0.000000,0
2045,2026-09-10T07:18:16.071939+00:00,204.500130,baseline_switches_off,0.000000,0,0.000000,0
2046,2026-09-10T07:18:16.171964+00:00,204.600131,baseline_switches_off,0.000000,0,0.000000,0
2047,2026-09-10T07:18:16.271922+00:00,204.700129,baseline_switches_off,0.000000,0,0.000000,0
2048,2026-09-10T07:18:16.372190+00:00,204.800183,baseline_switches_off,0.000000,0,0.000000,0
2049,2026-09-10T07:18:16.472028+00:00,204.900154,baseline_switches_off,0.000000,0,0.000000,0
2050,2026-09-10T07:18:16.572244+00:00,205.000207,baseline_switches_off,0.000000,0,0.000000,0
2051,2026-09-10T07:18:16.671989+00:00,205.100150,baseline_switches_off,0.000000,0,0.000000,0
2052,2026-09-10T07:18:16.771958+00:00,205.200136,baseline_switches_off,0.000000,0,0.000000,0
2053,2026-09-10T07:18:16.871965+00:00,205.300138,baseline_switches_off,0.000000,0,0.000000,0
2054,2026-09-10T07:18:16.971934+00:00,205.400134,baseline_switches_off,0.000000,0,0.000000,0
2055,2026-09-10T07:18:17.071926+00:00,205.500132,baseline_switches_off,0.000000,0,0.000000,0
2056,2026-09-10T07:18:17.171921+00:00,205.600131,baseline_switches_off,0.000000,0,0.000000,0
2057,2026-09-10T07:18:17.271931+00:00,205.700132,baseline_switches_off,0.000000,0,0.000000,0
2058,2026-09-10T07:18:17.371924+00:00,205.800129,baseline_switches_off,0.000000,0,0.000000,0
2059,2026-09-10T07:18:17.471927+00:00,205.900128,baseline_switches_off,0.000000,0,0.000000,0
2060,2026-09-10T07:18:17.571933+00:00,206.000129,baseline_switches_off,0.000000,0,0.000000,0
2061,2026-09-10T07:18:17.671943+00:00,206.100135,baseline_switches_off,0.000000,0,0.000000,0
2062,2026-09-10T07:18:17.771950+00:00,206.200147,baseline_switches_off,0.000000,0,0.000000,0
2063,2026-09-10T07:18:17.871968+00:00,206.300129,baseline_switches_off,0.000000,0,0.000000,0
2064,2026-09-10T07:18:17.971949+00:00,206.400136,baseline_switches_off,0.000000,0,0.000000,0
2065,2026-09-10T07:18:18.071949+00:00,206.500129,baseline_switches_off,0.000000,0,0.000000,0
2066,2026-09-10T07:18:18.171972+00:00,206.600131,baseline_switches_off,0.000000,0,0.000000,0
2067,2026-09-10T07:18:18.271925+00:00,206.700130,baseline_switches_off,0.000000,0,0.000000,0
2068,2026-09-10T07:18:18.371926+00:00,206.800129,baseline_switches_off,0.000000,0,0.000000,0
2069,2026-09-10T07:18:18.471923+00:00,206.900129,baseline_switches_off,0.000000,0,0.000000,0
2070,2026-09-10T07:18:18.571929+00:00,207.000129,baseline_switches_off,0.000000,0,0.000000,0
2071,2026-09-10T07:18:18.671952+00:00,207.100135,baseline_switches_off,0.000000,0,0.000000,0
2072,2026-09-10T07:18:18.771947+00:00,207.200131,baseline_switches_off,0.000000,0,0.000000,0
2073,2026-09-10T07:18:18.871974+00:00,207.300132,baseline_switches_off,0.000000,0,0.000000,0
2074,2026-09-10T07:18:18.971963+00:00,207.400134,baseline_switches_off,0.000000,0,0.000000,0
2075,2026-09-10T07:18:19.072071+00:00,207.500154,baseline_switches_off,0.000000,0,0.000000,0
2076,2026-09-10T07:18:19.171949+00:00,207.600142,baseline_switches_off,0.000000,0,0.000000,0
2077,2026-09-10T07:18:19.271932+00:00,207.700132,baseline_switches_off,0.000000,0,0.000000,0
2078,2026-09-10T07:18:19.371945+00:00,207.800132,baseline_switches_off,0.000000,0,0.000000,0
2079,2026-09-10T07:18:19.471965+00:00,207.900132,baseline_switches_off,0.000000,0,0.000000,0
2080,2026-09-10T07:18:19.571927+00:00,208.000130,baseline_switches_off,0.000000,0,0.000000,0
2081,2026-09-10T07:18:19.671972+00:00,208.100167,baseline_switches_off,0.000000,0,0.000000,0
2082,2026-09-10T07:18:19.771947+00:00,208.200142,baseline_switches_off,0.000000,0,0.000000,0
2083,2026-09-10T07:18:19.871962+00:00,208.300166,baseline_switches_off,0.000000,0,0.000000,0
2084,2026-09-10T07:18:19.971966+00:00,208.400150,baseline_switches_off,0.000000,0,0.000000,0
2085,2026-09-10T07:18:20.071979+00:00,208.500171,baseline_switches_off,0.000000,0,0.000000,0
2086,2026-09-10T07:18:20.171923+00:00,208.600128,baseline_switches_off,0.000000,0,0.000000,0
2087,2026-09-10T07:18:20.271924+00:00,208.700128,baseline_switches_off,0.000000,0,0.000000,0
2088,2026-09-10T07:18:20.372035+00:00,208.800162,baseline_switches_off,0.000000,0,0.000000,0
2089,2026-09-10T07:18:20.472001+00:00,208.900148,baseline_switches_off,0.000000,0,0.000000,0
2090,2026-09-10T07:18:20.571936+00:00,209.000136,baseline_switches_off,0.000000,0,0.000000,0
2091,2026-09-10T07:18:20.671916+00:00,209.100129,baseline_switches_off,0.000000,0,0.000000,0
2092,2026-09-10T07:18:20.771923+00:00,209.200129,baseline_switches_off,0.000000,0,0.000000,0
2093,2026-09-10T07:18:20.871941+00:00,209.300131,baseline_switches_off,0.000000,0,0.000000,0
2094,2026-09-10T07:18:20.971970+00:00,209.400131,baseline_switches_off,0.000000,0,0.000000,0
2095,2026-09-10T07:18:21.071949+00:00,209.500133,baseline_switches_off,0.000000,0,0.000000,0
2096,2026-09-10T07:18:21.171925+00:00,209.600131,baseline_switches_off,0.000000,0,0.000000,0
2097,2026-09-10T07:18:21.271929+00:00,209.700130,baseline_switches_off,0.000000,0,0.000000,0
2098,2026-09-10T07:18:21.371973+00:00,209.800141,baseline_switches_off,0.000000,0,0.000000,0
2099,2026-09-10T07:18:21.472191+00:00,209.900213,baseline_switches_off,0.000000,0,0.000000,0
2100,2026-09-10T07:18:21.571978+00:00,210.000148,baseline_switches_off,0.000000,0,0.000000,0
2101,2026-09-10T07:18:21.671975+00:00,210.100132,baseline_switches_off,0.000000,0,0.000000,0
2102,2026-09-10T07:18:21.771959+00:00,210.200131,baseline_switches_off,0.000000,0,0.000000,0
2103,2026-09-10T07:18:21.871976+00:00,210.300132,baseline_switches_off,0.000000,0,0.000000,0
2104,2026-09-10T07:18:21.971968+00:00,210.400134,baseline_switches_off,0.000000,0,0.000000,0
2105,2026-09-10T07:18:22.071938+00:00,210.500134,baseline_switches_off,0.000000,0,0.000000,0
2106,2026-09-10T07:18:22.171925+00:00,210.600132,baseline_switches_off,0.000000,0,0.000000,0
2107,2026-09-10T07:18:22.272159+00:00,210.700180,baseline_switches_off,0.000000,0,0.000000,0
2108,2026-09-10T07:18:22.371981+00:00,210.800150,baseline_switches_off,0.000000,0,0.000000,0
2109,2026-09-10T07:18:22.471968+00:00,210.900145,baseline_switches_off,0.000000,0,0.000000,0
2110,2026-09-10T07:18:22.571936+00:00,211.000136,baseline_switches_off,0.000000,0,0.000000,0
2111,2026-09-10T07:18:22.671948+00:00,211.100134,baseline_switches_off,0.000000,0,0.000000,0
2112,2026-09-10T07:18:22.771948+00:00,211.200144,baseline_switches_off,0.000000,0,0.000000,0
2113,2026-09-10T07:18:22.871962+00:00,211.300166,baseline_switches_off,0.000000,0,0.000000,0
2114,2026-09-10T07:18:22.971957+00:00,211.400119,baseline_switches_off,0.000000,0,0.000000,0
2115,2026-09-10T07:18:23.071938+00:00,211.500133,baseline_switches_off,0.000000,0,0.000000,0
2116,2026-09-10T07:18:23.171922+00:00,211.600129,baseline_switches_off,0.000000,0,0.000000,0
2117,2026-09-10T07:18:23.271927+00:00,211.700128,baseline_switches_off,0.000000,0,0.000000,0
2118,2026-09-10T07:18:23.371932+00:00,211.800133,baseline_switches_off,0.000000,0,0.000000,0
2119,2026-09-10T07:18:23.471942+00:00,211.900130,baseline_switches_off,0.000000,0,0.000000,0
2120,2026-09-10T07:18:23.571969+00:00,212.000130,baseline_switches_off,0.000000,0,0.000000,0
2121,2026-09-10T07:18:23.671917+00:00,212.100128,baseline_switches_off,0.000000,0,0.000000,0
2122,2026-09-10T07:18:23.771917+00:00,212.200123,baseline_switches_off,0.000000,0,0.000000,0
2123,2026-09-10T07:18:23.871921+00:00,212.300129,baseline_switches_off,0.000000,0,0.000000,0
2124,2026-09-10T07:18:23.971952+00:00,212.400130,baseline_switches_off,0.000000,0,0.000000,0
2125,2026-09-10T07:18:24.071968+00:00,212.500136,baseline_switches_off,0.000000,0,0.000000,0
2126,2026-09-10T07:18:24.171967+00:00,212.600130,baseline_switches_off,0.000000,0,0.000000,0
2127,2026-09-10T07:18:24.271949+00:00,212.700128,baseline_switches_off,0.000000,0,0.000000,0
2128,2026-09-10T07:18:24.371981+00:00,212.800132,baseline_switches_off,0.000000,0,0.000000,0
2129,2026-09-10T07:18:24.472004+00:00,212.900138,baseline_switches_off,0.000000,0,0.000000,0
2130,2026-09-10T07:18:24.571938+00:00,213.000135,baseline_switches_off,0.000000,0,0.000000,0
2131,2026-09-10T07:18:24.671950+00:00,213.100132,baseline_switches_off,0.000000,0,0.000000,0
2132,2026-09-10T07:18:24.771933+00:00,213.200131,baseline_switches_off,0.000000,0,0.000000,0
2133,2026-09-10T07:18:24.871949+00:00,213.300144,baseline_switches_off,0.000000,0,0.000000,0
2134,2026-09-10T07:18:24.971933+00:00,213.400129,baseline_switches_off,0.000000,0,0.000000,0
2135,2026-09-10T07:18:25.071936+00:00,213.500133,baseline_switches_off,0.000000,0,0.000000,0
2136,2026-09-10T07:18:25.171933+00:00,213.600132,baseline_switches_off,0.000000,0,0.000000,0
2137,2026-09-10T07:18:25.271932+00:00,213.700131,baseline_switches_off,0.000000,0,0.000000,0
2138,2026-09-10T07:18:25.371937+00:00,213.800129,baseline_switches_off,0.000000,0,0.000000,0
2139,2026-09-10T07:18:25.472048+00:00,213.900158,baseline_switches_off,0.000000,0,0.000000,0
2140,2026-09-10T07:18:25.571958+00:00,214.000145,baseline_switches_off,0.000000,0,0.000000,0
2141,2026-09-10T07:18:25.671949+00:00,214.100133,baseline_switches_off,0.000000,0,0.000000,0
2142,2026-09-10T07:18:25.771930+00:00,214.200131,baseline_switches_off,0.000000,0,0.000000,0
2143,2026-09-10T07:18:25.871951+00:00,214.300129,baseline_switches_off,0.000000,0,0.000000,0
2144,2026-09-10T07:18:25.971953+00:00,214.400132,baseline_switches_off,0.000000,0,0.000000,0
2145,2026-09-10T07:18:26.071939+00:00,214.500132,baseline_switches_off,0.000000,0,0.000000,0
2146,2026-09-10T07:18:26.171958+00:00,214.600134,baseline_switches_off,0.000000,0,0.000000,0
2147,2026-09-10T07:18:26.271942+00:00,214.700133,baseline_switches_off,0.000000,0,0.000000,0
2148,2026-09-10T07:18:26.371924+00:00,214.800132,baseline_switches_off,0.000000,0,0.000000,0
2149,2026-09-10T07:18:26.472448+00:00,214.900253,baseline_switches_off,0.000000,0,0.000000,0
2150,2026-09-10T07:18:26.571805+00:00,215.000189,baseline_switches_off,0.000000,0,0.000000,0
2151,2026-09-10T07:18:26.672034+00:00,215.100209,baseline_switches_off,0.000000,0,0.000000,0
2152,2026-09-10T07:18:26.772482+00:00,215.200237,baseline_switches_off,0.000000,0,0.000000,0
2153,2026-09-10T07:18:26.872210+00:00,215.300235,baseline_switches_off,0.000000,0,0.000000,0
2154,2026-09-10T07:18:26.971940+00:00,215.400217,baseline_switches_off,0.000000,0,0.000000,0
2155,2026-09-10T07:18:27.071877+00:00,215.500259,baseline_switches_off,0.000000,0,0.000000,0
2156,2026-09-10T07:18:27.171214+00:00,215.600211,baseline_switches_off,0.000000,0,0.000000,0
2157,2026-09-10T07:18:27.270853+00:00,215.700155,baseline_switches_off,0.000000,0,0.000000,0
2158,2026-09-10T07:18:27.370835+00:00,215.800154,baseline_switches_off,0.000000,0,0.000000,0
2159,2026-09-10T07:18:27.470916+00:00,215.900168,baseline_switches_off,0.000000,0,0.000000,0
2160,2026-09-10T07:18:27.570835+00:00,216.000151,baseline_switches_off,0.000000,0,0.000000,0
2161,2026-09-10T07:18:27.670834+00:00,216.100150,baseline_switches_off,0.000000,0,0.000000,0
2162,2026-09-10T07:18:27.770885+00:00,216.200158,baseline_switches_off,0.000000,0,0.000000,0
2163,2026-09-10T07:18:27.870854+00:00,216.300154,baseline_switches_off,0.000000,0,0.000000,0
2164,2026-09-10T07:18:27.970829+00:00,216.400156,baseline_switches_off,0.000000,0,0.000000,0
2165,2026-09-10T07:18:28.070801+00:00,216.500155,baseline_switches_off,0.000000,0,0.000000,0
2166,2026-09-10T07:18:28.170903+00:00,216.600155,baseline_switches_off,0.000000,0,0.000000,0
2167,2026-09-10T07:18:28.270832+00:00,216.700156,baseline_switches_off,0.000000,0,0.000000,0
2168,2026-09-10T07:18:28.370828+00:00,216.800154,baseline_switches_off,0.000000,0,0.000000,0
2169,2026-09-10T07:18:28.470856+00:00,216.900153,baseline_switches_off,0.000000,0,0.000000,0
2170,2026-09-10T07:18:28.570829+00:00,217.000157,baseline_switches_off,0.000000,0,0.000000,0
2171,2026-09-10T07:18:28.670851+00:00,217.100155,baseline_switches_off,0.000000,0,0.000000,0
2172,2026-09-10T07:18:28.770833+00:00,217.200155,baseline_switches_off,0.000000,0,0.000000,0
2173,2026-09-10T07:18:28.870830+00:00,217.300154,baseline_switches_off,0.000000,0,0.000000,0
2174,2026-09-10T07:18:28.970828+00:00,217.400155,baseline_switches_off,0.000000,0,0.000000,0
2175,2026-09-10T07:18:29.070830+00:00,217.500157,baseline_switches_off,0.000000,0,0.000000,0
2176,2026-09-10T07:18:29.170822+00:00,217.600153,baseline_switches_off,0.000000,0,0.000000,0
2177,2026-09-10T07:18:29.270834+00:00,217.700155,baseline_switches_off,0.000000,0,0.000000,0
2178,2026-09-10T07:18:29.370828+00:00,217.800154,baseline_switches_off,0.000000,0,0.000000,0
2179,2026-09-10T07:18:29.470827+00:00,217.900156,baseline_switches_off,0.000000,0,0.000000,0
2180,2026-09-10T07:18:29.570824+00:00,218.000156,baseline_switches_off,0.000000,0,0.000000,0
2181,2026-09-10T07:18:29.670814+00:00,218.100149,baseline_switches_off,0.000000,0,0.000000,0
2182,2026-09-10T07:18:29.770814+00:00,218.200152,baseline_switches_off,0.000000,0,0.000000,0
2183,2026-09-10T07:18:29.870820+00:00,218.300154,baseline_switches_off,0.000000,0,0.000000,0
2184,2026-09-10T07:18:29.970821+00:00,218.400153,baseline_switches_off,0.000000,0,0.000000,0
2185,2026-09-10T07:18:30.070802+00:00,218.500155,baseline_switches_off,0.000000,0,0.000000,0
2186,2026-09-10T07:18:30.170834+00:00,218.600150,baseline_switches_off,0.000000,0,0.000000,0
2187,2026-09-10T07:18:30.270924+00:00,218.700173,baseline_switches_off,0.000000,0,0.000000,0
2188,2026-09-10T07:18:30.371212+00:00,218.800198,baseline_switches_off,0.000000,0,0.000000,0
2189,2026-09-10T07:18:30.471198+00:00,218.900191,baseline_switches_off,0.000000,0,0.000000,0
2190,2026-09-10T07:18:30.571160+00:00,219.000210,baseline_switches_off,0.000000,0,0.000000,0
2191,2026-09-10T07:18:30.671128+00:00,219.100186,baseline_switches_off,0.000000,0,0.000000,0
2192,2026-09-10T07:18:30.771122+00:00,219.200185,baseline_switches_off,0.000000,0,0.000000,0
2193,2026-09-10T07:18:30.871115+00:00,219.300184,baseline_switches_off,0.000000,0,0.000000,0
2194,2026-09-10T07:18:30.971115+00:00,219.400185,baseline_switches_off,0.000000,0,0.000000,0
2195,2026-09-10T07:18:31.071119+00:00,219.500186,baseline_switches_off,0.000000,0,0.000000,0
2196,2026-09-10T07:18:31.171100+00:00,219.600177,baseline_switches_off,0.000000,0,0.000000,0
2197,2026-09-10T07:18:31.271092+00:00,219.700162,baseline_switches_off,0.000000,0,0.000000,0
2198,2026-09-10T07:18:31.371125+00:00,219.800186,baseline_switches_off,0.000000,0,0.000000,0
2199,2026-09-10T07:18:31.471129+00:00,219.900187,baseline_switches_off,0.000000,0,0.000000,0
2200,2026-09-10T07:18:31.571096+00:00,220.000185,baseline_switches_off,0.000000,0,0.000000,0
2201,2026-09-10T07:18:31.671601+00:00,220.100364,baseline_switches_off,0.000000,0,0.000000,0
2202,2026-09-10T07:18:31.771128+00:00,220.200183,baseline_switches_off,0.000000,0,0.000000,0
2203,2026-09-10T07:18:31.871112+00:00,220.300184,baseline_switches_off,0.000000,0,0.000000,0
2204,2026-09-10T07:18:31.971133+00:00,220.400191,baseline_switches_off,0.000000,0,0.000000,0
2205,2026-09-10T07:18:32.071140+00:00,220.500189,baseline_switches_off,0.000000,0,0.000000,0
2206,2026-09-10T07:18:32.172002+00:00,220.600223,baseline_switches_off,0.000000,0,0.000000,0
2207,2026-09-10T07:18:32.271440+00:00,220.700190,baseline_switches_off,0.000000,0,0.000000,0
2208,2026-09-10T07:18:32.371216+00:00,220.800184,baseline_switches_off,0.000000,0,0.000000,0
2209,2026-09-10T07:18:32.471187+00:00,220.900182,baseline_switches_off,0.000000,0,0.000000,0
2210,2026-09-10T07:18:32.571023+00:00,221.000254,baseline_switches_off,0.000000,0,0.000000,0
2211,2026-09-10T07:18:32.670661+00:00,221.100132,baseline_switches_off,0.000000,0,0.000000,0
2212,2026-09-10T07:18:32.770566+00:00,221.200106,baseline_switches_off,0.000000,0,0.000000,0
2213,2026-09-10T07:18:32.870541+00:00,221.300093,baseline_switches_off,0.000000,0,0.000000,0
2214,2026-09-10T07:18:32.970559+00:00,221.400096,baseline_switches_off,0.000000,0,0.000000,0
2215,2026-09-10T07:18:33.070536+00:00,221.500092,baseline_switches_off,0.000000,0,0.000000,0
2216,2026-09-10T07:18:33.170530+00:00,221.600089,baseline_switches_off,0.000000,0,0.000000,0
2217,2026-09-10T07:18:33.270546+00:00,221.700090,baseline_switches_off,0.000000,0,0.000000,0
2218,2026-09-10T07:18:33.370549+00:00,221.800096,baseline_switches_off,0.000000,0,0.000000,0
2219,2026-09-10T07:18:33.470707+00:00,221.900146,baseline_switches_off,0.000000,0,0.000000,0
2220,2026-09-10T07:18:33.570549+00:00,222.000102,baseline_switches_off,0.000000,0,0.000000,0
2221,2026-09-10T07:18:33.670532+00:00,222.100089,baseline_switches_off,0.000000,0,0.000000,0
2222,2026-09-10T07:18:33.770535+00:00,222.200090,baseline_switches_off,0.000000,0,0.000000,0
2223,2026-09-10T07:18:33.870528+00:00,222.300089,baseline_switches_off,0.000000,0,0.000000,0
2224,2026-09-10T07:18:33.970529+00:00,222.400088,baseline_switches_off,0.000000,0,0.000000,0
2225,2026-09-10T07:18:34.070541+00:00,222.500091,baseline_switches_off,0.000000,0,0.000000,0
2226,2026-09-10T07:18:34.170651+00:00,222.600122,baseline_switches_off,0.000000,0,0.000000,0
2227,2026-09-10T07:18:34.270562+00:00,222.700104,baseline_switches_off,0.000000,0,0.000000,0
2228,2026-09-10T07:18:34.370673+00:00,222.800135,baseline_switches_off,0.000000,0,0.000000,0
2229,2026-09-10T07:18:34.470577+00:00,222.900104,baseline_switches_off,0.000000,0,0.000000,0
2230,2026-09-10T07:18:34.570565+00:00,223.000102,baseline_switches_off,0.000000,0,0.000000,0
2231,2026-09-10T07:18:34.670578+00:00,223.100104,baseline_switches_off,0.000000,0,0.000000,0
2232,2026-09-10T07:18:34.770546+00:00,223.200097,baseline_switches_off,0.000000,0,0.000000,0
2233,2026-09-10T07:18:34.870527+00:00,223.300090,baseline_switches_off,0.000000,0,0.000000,0
2234,2026-09-10T07:18:34.970530+00:00,223.400088,baseline_switches_off,0.000000,0,0.000000,0
2235,2026-09-10T07:18:35.070533+00:00,223.500088,baseline_switches_off,0.000000,0,0.000000,0
2236,2026-09-10T07:18:35.170558+00:00,223.600092,baseline_switches_off,0.000000,0,0.000000,0
2237,2026-09-10T07:18:35.270540+00:00,223.700091,baseline_switches_off,0.000000,0,0.000000,0
2238,2026-09-10T07:18:35.370546+00:00,223.800092,baseline_switches_off,0.000000,0,0.000000,0
2239,2026-09-10T07:18:35.470536+00:00,223.900091,baseline_switches_off,0.000000,0,0.000000,0
2240,2026-09-10T07:18:35.570526+00:00,224.000087,baseline_switches_off,0.000000,0,0.000000,0
2241,2026-09-10T07:18:35.670524+00:00,224.100087,baseline_switches_off,0.000000,0,0.000000,0
2242,2026-09-10T07:18:35.770611+00:00,224.200111,baseline_switches_off,0.000000,0,0.000000,0
2243,2026-09-10T07:18:35.870545+00:00,224.300096,baseline_switches_off,0.000000,0,0.000000,0
2244,2026-09-10T07:18:35.970535+00:00,224.400090,baseline_switches_off,0.000000,0,0.000000,0
2245,2026-09-10T07:18:36.070539+00:00,224.500090,baseline_switches_off,0.000000,0,0.000000,0
2246,2026-09-10T07:18:36.170528+00:00,224.600089,baseline_switches_off,0.000000,0,0.000000,0
2247,2026-09-10T07:18:36.270536+00:00,224.700087,baseline_switches_off,0.000000,0,0.000000,0
2248,2026-09-10T07:18:36.370532+00:00,224.800090,baseline_switches_off,0.000000,0,0.000000,0
2249,2026-09-10T07:18:36.470562+00:00,224.900099,baseline_switches_off,0.000000,0,0.000000,0
2250,2026-09-10T07:18:36.570530+00:00,225.000092,baseline_switches_off,0.000000,0,0.000000,0
2251,2026-09-10T07:18:36.670522+00:00,225.100086,baseline_switches_off,0.000000,0,0.000000,0
2252,2026-09-10T07:18:36.770526+00:00,225.200087,baseline_switches_off,0.000000,0,0.000000,0
2253,2026-09-10T07:18:36.870531+00:00,225.300090,baseline_switches_off,0.000000,0,0.000000,0
2254,2026-09-10T07:18:36.970528+00:00,225.400089,baseline_switches_off,0.000000,0,0.000000,0
2255,2026-09-10T07:18:37.070538+00:00,225.500089,baseline_switches_off,0.000000,0,0.000000,0
2256,2026-09-10T07:18:37.170528+00:00,225.600087,baseline_switches_off,0.000000,0,0.000000,0
2257,2026-09-10T07:18:37.271985+00:00,225.700141,baseline_switches_off,0.000000,0,0.000000,0
2258,2026-09-10T07:18:37.371943+00:00,225.800137,baseline_switches_off,0.000000,0,0.000000,0
2259,2026-09-10T07:18:37.471946+00:00,225.900132,baseline_switches_off,0.000000,0,0.000000,0
2260,2026-09-10T07:18:37.571935+00:00,226.000144,baseline_switches_off,0.000000,0,0.000000,0
2261,2026-09-10T07:18:37.671927+00:00,226.100129,baseline_switches_off,0.000000,0,0.000000,0
2262,2026-09-10T07:18:37.771946+00:00,226.200136,baseline_switches_off,0.000000,0,0.000000,0
2263,2026-09-10T07:18:37.871932+00:00,226.300133,baseline_switches_off,0.000000,0,0.000000,0
2264,2026-09-10T07:18:37.971944+00:00,226.400129,baseline_switches_off,0.000000,0,0.000000,0
2265,2026-09-10T07:18:38.071953+00:00,226.500131,baseline_switches_off,0.000000,0,0.000000,0
2266,2026-09-10T07:18:38.171933+00:00,226.600132,baseline_switches_off,0.000000,0,0.000000,0
2267,2026-09-10T07:18:38.271921+00:00,226.700129,baseline_switches_off,0.000000,0,0.000000,0
2268,2026-09-10T07:18:38.371931+00:00,226.800132,baseline_switches_off,0.000000,0,0.000000,0
2269,2026-09-10T07:18:38.471941+00:00,226.900135,baseline_switches_off,0.000000,0,0.000000,0
2270,2026-09-10T07:18:38.571945+00:00,227.000131,baseline_switches_off,0.000000,0,0.000000,0
2271,2026-09-10T07:18:38.672013+00:00,227.100138,baseline_switches_off,0.000000,0,0.000000,0
2272,2026-09-10T07:18:38.771959+00:00,227.200132,baseline_switches_off,0.000000,0,0.000000,0
2273,2026-09-10T07:18:38.872101+00:00,227.300166,baseline_switches_off,0.000000,0,0.000000,0
2274,2026-09-10T07:18:38.971946+00:00,227.400143,baseline_switches_off,0.000000,0,0.000000,0
2275,2026-09-10T07:18:39.071922+00:00,227.500132,baseline_switches_off,0.000000,0,0.000000,0
2276,2026-09-10T07:18:39.171935+00:00,227.600132,baseline_switches_off,0.000000,0,0.000000,0
2277,2026-09-10T07:18:39.271930+00:00,227.700131,baseline_switches_off,0.000000,0,0.000000,0
2278,2026-09-10T07:18:39.371948+00:00,227.800133,baseline_switches_off,0.000000,0,0.000000,0
2279,2026-09-10T07:18:39.472197+00:00,227.900208,baseline_switches_off,0.000000,0,0.000000,0
2280,2026-09-10T07:18:39.571973+00:00,228.000164,baseline_switches_off,0.000000,0,0.000000,0
2281,2026-09-10T07:18:39.671932+00:00,228.100133,baseline_switches_off,0.000000,0,0.000000,0
2282,2026-09-10T07:18:39.771927+00:00,228.200129,baseline_switches_off,0.000000,0,0.000000,0
2283,2026-09-10T07:18:39.871982+00:00,228.300133,baseline_switches_off,0.000000,0,0.000000,0
2284,2026-09-10T07:18:39.971930+00:00,228.400133,baseline_switches_off,0.000000,0,0.000000,0
2285,2026-09-10T07:18:40.071961+00:00,228.500137,baseline_switches_off,0.000000,0,0.000000,0
2286,2026-09-10T07:18:40.171951+00:00,228.600130,baseline_switches_off,0.000000,0,0.000000,0
2287,2026-09-10T07:18:40.272115+00:00,228.700164,baseline_switches_off,0.000000,0,0.000000,0
2288,2026-09-10T07:18:40.371973+00:00,228.800152,baseline_switches_off,0.000000,0,0.000000,0
2289,2026-09-10T07:18:40.471994+00:00,228.900144,baseline_switches_off,0.000000,0,0.000000,0
2290,2026-09-10T07:18:40.571953+00:00,229.000143,baseline_switches_off,0.000000,0,0.000000,0
2291,2026-09-10T07:18:40.671987+00:00,229.100148,baseline_switches_off,0.000000,0,0.000000,0
2292,2026-09-10T07:18:40.771953+00:00,229.200152,baseline_switches_off,0.000000,0,0.000000,0
2293,2026-09-10T07:18:40.872065+00:00,229.300177,baseline_switches_off,0.000000,0,0.000000,0
2294,2026-09-10T07:18:40.972001+00:00,229.400187,baseline_switches_off,0.000000,0,0.000000,0
2295,2026-09-10T07:18:41.071933+00:00,229.500131,baseline_switches_off,0.000000,0,0.000000,0
2296,2026-09-10T07:18:41.171926+00:00,229.600130,baseline_switches_off,0.000000,0,0.000000,0
2297,2026-09-10T07:18:41.271932+00:00,229.700130,baseline_switches_off,0.000000,0,0.000000,0
2298,2026-09-10T07:18:41.371921+00:00,229.800129,baseline_switches_off,0.000000,0,0.000000,0
2299,2026-09-10T07:18:41.471932+00:00,229.900131,baseline_switches_off,0.000000,0,0.000000,0
2300,2026-09-10T07:18:41.571953+00:00,230.000136,baseline_switches_off,0.000000,0,0.000000,0
2301,2026-09-10T07:18:41.671960+00:00,230.100133,baseline_switches_off,0.000000,0,0.000000,0
2302,2026-09-10T07:18:41.772237+00:00,230.200213,baseline_switches_off,0.000000,0,0.000000,0
2303,2026-09-10T07:18:41.871977+00:00,230.300155,baseline_switches_off,0.000000,0,0.000000,0
2304,2026-09-10T07:18:41.971969+00:00,230.400141,baseline_switches_off,0.000000,0,0.000000,0
2305,2026-09-10T07:18:42.071950+00:00,230.500133,baseline_switches_off,0.000000,0,0.000000,0
2306,2026-09-10T07:18:42.171973+00:00,230.600133,baseline_switches_off,0.000000,0,0.000000,0
2307,2026-09-10T07:18:42.271951+00:00,230.700130,baseline_switches_off,0.000000,0,0.000000,0
2308,2026-09-10T07:18:42.371929+00:00,230.800131,baseline_switches_off,0.000000,0,0.000000,0
2309,2026-09-10T07:18:42.471938+00:00,230.900135,baseline_switches_off,0.000000,0,0.000000,0
2310,2026-09-10T07:18:42.571963+00:00,231.000140,baseline_switches_off,0.000000,0,0.000000,0
2311,2026-09-10T07:18:42.671944+00:00,231.100136,baseline_switches_off,0.000000,0,0.000000,0
2312,2026-09-10T07:18:42.771947+00:00,231.200145,baseline_switches_off,0.000000,0,0.000000,0
2313,2026-09-10T07:18:42.871972+00:00,231.300130,baseline_switches_off,0.000000,0,0.000000,0
2314,2026-09-10T07:18:42.971945+00:00,231.400135,baseline_switches_off,0.000000,0,0.000000,0
2315,2026-09-10T07:18:43.071929+00:00,231.500132,baseline_switches_off,0.000000,0,0.000000,0
2316,2026-09-10T07:18:43.171952+00:00,231.600132,baseline_switches_off,0.000000,0,0.000000,0
2317,2026-09-10T07:18:43.271928+00:00,231.700131,baseline_switches_off,0.000000,0,0.000000,0
2318,2026-09-10T07:18:43.371929+00:00,231.800129,baseline_switches_off,0.000000,0,0.000000,0
2319,2026-09-10T07:18:43.471929+00:00,231.900129,baseline_switches_off,0.000000,0,0.000000,0
2320,2026-09-10T07:18:43.571960+00:00,232.000134,baseline_switches_off,0.000000,0,0.000000,0
2321,2026-09-10T07:18:43.671970+00:00,232.100132,baseline_switches_off,0.000000,0,0.000000,0
2322,2026-09-10T07:18:43.771960+00:00,232.200130,baseline_switches_off,0.000000,0,0.000000,0
2323,2026-09-10T07:18:43.871969+00:00,232.300129,baseline_switches_off,0.000000,0,0.000000,0
2324,2026-09-10T07:18:43.971926+00:00,232.400130,baseline_switches_off,0.000000,0,0.000000,0
2325,2026-09-10T07:18:44.071939+00:00,232.500132,baseline_switches_off,0.000000,0,0.000000,0
2326,2026-09-10T07:18:44.171941+00:00,232.600132,baseline_switches_off,0.000000,0,0.000000,0
2327,2026-09-10T07:18:44.271935+00:00,232.700130,baseline_switches_off,0.000000,0,0.000000,0
2328,2026-09-10T07:18:44.371924+00:00,232.800129,baseline_switches_off,0.000000,0,0.000000,0
2329,2026-09-10T07:18:44.471985+00:00,232.900151,baseline_switches_off,0.000000,0,0.000000,0
2330,2026-09-10T07:18:44.571944+00:00,233.000126,baseline_switches_off,0.000000,0,0.000000,0
2331,2026-09-10T07:18:44.671926+00:00,233.100132,baseline_switches_off,0.000000,0,0.000000,0
2332,2026-09-10T07:18:44.771932+00:00,233.200133,baseline_switches_off,0.000000,0,0.000000,0
2333,2026-09-10T07:18:44.871952+00:00,233.300132,baseline_switches_off,0.000000,0,0.000000,0
2334,2026-09-10T07:18:44.971966+00:00,233.400133,baseline_switches_off,0.000000,0,0.000000,0
2335,2026-09-10T07:18:45.071975+00:00,233.500131,baseline_switches_off,0.000000,0,0.000000,0
2336,2026-09-10T07:18:45.171926+00:00,233.600132,baseline_switches_off,0.000000,0,0.000000,0
2337,2026-09-10T07:18:45.271926+00:00,233.700131,baseline_switches_off,0.000000,0,0.000000,0
2338,2026-09-10T07:18:45.371946+00:00,233.800129,baseline_switches_off,0.000000,0,0.000000,0
2339,2026-09-10T07:18:45.472225+00:00,233.900208,baseline_switches_off,0.000000,0,0.000000,0
2340,2026-09-10T07:18:45.571998+00:00,234.000149,baseline_switches_off,0.000000,0,0.000000,0
2341,2026-09-10T07:18:45.671947+00:00,234.100138,baseline_switches_off,0.000000,0,0.000000,0
2342,2026-09-10T07:18:45.771934+00:00,234.200131,baseline_switches_off,0.000000,0,0.000000,0
2343,2026-09-10T07:18:45.871932+00:00,234.300131,baseline_switches_off,0.000000,0,0.000000,0
2344,2026-09-10T07:18:45.972045+00:00,234.400161,baseline_switches_off,0.000000,0,0.000000,0
2345,2026-09-10T07:18:46.071959+00:00,234.500145,baseline_switches_off,0.000000,0,0.000000,0
2346,2026-09-10T07:18:46.171962+00:00,234.600135,baseline_switches_off,0.000000,0,0.000000,0
2347,2026-09-10T07:18:46.271925+00:00,234.700132,baseline_switches_off,0.000000,0,0.000000,0
2348,2026-09-10T07:18:46.371940+00:00,234.800131,baseline_switches_off,0.000000,0,0.000000,0
2349,2026-09-10T07:18:46.472169+00:00,234.900185,baseline_switches_off,0.000000,0,0.000000,0
2350,2026-09-10T07:18:46.571970+00:00,235.000151,baseline_switches_off,0.000000,0,0.000000,0
2351,2026-09-10T07:18:46.671997+00:00,235.100150,baseline_switches_off,0.000000,0,0.000000,0
2352,2026-09-10T07:18:46.771955+00:00,235.200150,baseline_switches_off,0.000000,0,0.000000,0
2353,2026-09-10T07:18:46.871977+00:00,235.300171,baseline_switches_off,0.000000,0,0.000000,0
2354,2026-09-10T07:18:46.971931+00:00,235.400131,baseline_switches_off,0.000000,0,0.000000,0
2355,2026-09-10T07:18:47.071928+00:00,235.500131,baseline_switches_off,0.000000,0,0.000000,0
2356,2026-09-10T07:18:47.171935+00:00,235.600129,baseline_switches_off,0.000000,0,0.000000,0
2357,2026-09-10T07:18:47.271942+00:00,235.700129,baseline_switches_off,0.000000,0,0.000000,0
2358,2026-09-10T07:18:47.371954+00:00,235.800138,baseline_switches_off,0.000000,0,0.000000,0
2359,2026-09-10T07:18:47.471951+00:00,235.900133,baseline_switches_off,0.000000,0,0.000000,0
2360,2026-09-10T07:18:47.571978+00:00,236.000133,baseline_switches_off,0.000000,0,0.000000,0
2361,2026-09-10T07:18:47.671944+00:00,236.100135,baseline_switches_off,0.000000,0,0.000000,0
2362,2026-09-10T07:18:47.771923+00:00,236.200129,baseline_switches_off,0.000000,0,0.000000,0
2363,2026-09-10T07:18:47.871929+00:00,236.300131,baseline_switches_off,0.000000,0,0.000000,0
2364,2026-09-10T07:18:47.971954+00:00,236.400134,baseline_switches_off,0.000000,0,0.000000,0
2365,2026-09-10T07:18:48.071971+00:00,236.500132,baseline_switches_off,0.000000,0,0.000000,0
2366,2026-09-10T07:18:48.171943+00:00,236.600134,baseline_switches_off,0.000000,0,0.000000,0
2367,2026-09-10T07:18:48.271952+00:00,236.700131,baseline_switches_off,0.000000,0,0.000000,0
2368,2026-09-10T07:18:48.371957+00:00,236.800131,baseline_switches_off,0.000000,0,0.000000,0
2369,2026-09-10T07:18:48.472005+00:00,236.900139,baseline_switches_off,0.000000,0,0.000000,0
2370,2026-09-10T07:18:48.571936+00:00,237.000131,baseline_switches_off,0.000000,0,0.000000,0
2371,2026-09-10T07:18:48.671955+00:00,237.100134,baseline_switches_off,0.000000,0,0.000000,0
2372,2026-09-10T07:18:48.771934+00:00,237.200132,baseline_switches_off,0.000000,0,0.000000,0
2373,2026-09-10T07:18:48.871939+00:00,237.300131,baseline_switches_off,0.000000,0,0.000000,0
2374,2026-09-10T07:18:48.971934+00:00,237.400131,baseline_switches_off,0.000000,0,0.000000,0
2375,2026-09-10T07:18:49.071929+00:00,237.500123,baseline_switches_off,0.000000,0,0.000000,0
2376,2026-09-10T07:18:49.171951+00:00,237.600146,baseline_switches_off,0.000000,0,0.000000,0
2377,2026-09-10T07:18:49.271928+00:00,237.700127,baseline_switches_off,0.000000,0,0.000000,0
2378,2026-09-10T07:18:49.371946+00:00,237.800124,baseline_switches_off,0.000000,0,0.000000,0
2379,2026-09-10T07:18:49.471965+00:00,237.900129,baseline_switches_off,0.000000,0,0.000000,0
2380,2026-09-10T07:18:49.571940+00:00,238.000133,baseline_switches_off,0.000000,0,0.000000,0
2381,2026-09-10T07:18:49.671926+00:00,238.100130,baseline_switches_off,0.000000,0,0.000000,0
2382,2026-09-10T07:18:49.771938+00:00,238.200132,baseline_switches_off,0.000000,0,0.000000,0
2383,2026-09-10T07:18:49.871948+00:00,238.300130,baseline_switches_off,0.000000,0,0.000000,0
2384,2026-09-10T07:18:49.971971+00:00,238.400129,baseline_switches_off,0.000000,0,0.000000,0
2385,2026-09-10T07:18:50.071928+00:00,238.500131,baseline_switches_off,0.000000,0,0.000000,0
2386,2026-09-10T07:18:50.171933+00:00,238.600131,baseline_switches_off,0.000000,0,0.000000,0
2387,2026-09-10T07:18:50.271924+00:00,238.700129,baseline_switches_off,0.000000,0,0.000000,0
2388,2026-09-10T07:18:50.371918+00:00,238.800131,baseline_switches_off,0.000000,0,0.000000,0
2389,2026-09-10T07:18:50.471930+00:00,238.900134,baseline_switches_off,0.000000,0,0.000000,0
2390,2026-09-10T07:18:50.571949+00:00,239.000131,baseline_switches_off,0.000000,0,0.000000,0
2391,2026-09-10T07:18:50.671964+00:00,239.100132,baseline_switches_off,0.000000,0,0.000000,0
2392,2026-09-10T07:18:50.771977+00:00,239.200134,baseline_switches_off,0.000000,0,0.000000,0
2393,2026-09-10T07:18:50.871967+00:00,239.300132,baseline_switches_off,0.000000,0,0.000000,0
2394,2026-09-10T07:18:50.971964+00:00,239.400130,baseline_switches_off,0.000000,0,0.000000,0
2395,2026-09-10T07:18:51.072089+00:00,239.500162,baseline_switches_off,0.000000,0,0.000000,0
2396,2026-09-10T07:18:51.171939+00:00,239.600144,baseline_switches_off,0.000000,0,0.000000,0
2397,2026-09-10T07:18:51.271926+00:00,239.700130,baseline_switches_off,0.000000,0,0.000000,0
2398,2026-09-10T07:18:51.371935+00:00,239.800131,baseline_switches_off,0.000000,0,0.000000,0
2399,2026-09-10T07:18:51.472214+00:00,239.900204,baseline_switches_off,0.000000,0,0.000000,0
2400,2026-09-10T07:18:51.571963+00:00,240.000151,baseline_switches_off,0.000000,0,0.000000,0
2401,2026-09-10T07:18:51.671974+00:00,240.100155,baseline_switches_off,0.000000,0,0.000000,0
2402,2026-09-10T07:18:51.771943+00:00,240.200134,baseline_switches_off,0.000000,0,0.000000,0
2403,2026-09-10T07:18:51.871950+00:00,240.300133,baseline_switches_off,0.000000,0,0.000000,0
2404,2026-09-10T07:18:51.971930+00:00,240.400130,baseline_switches_off,0.000000,0,0.000000,0
2405,2026-09-10T07:18:52.071981+00:00,240.500140,baseline_switches_off,0.000000,0,0.000000,0
2406,2026-09-10T07:18:52.171946+00:00,240.600138,baseline_switches_off,0.000000,0,0.000000,0
2407,2026-09-10T07:18:52.271940+00:00,240.700132,baseline_switches_off,0.000000,0,0.000000,0
2408,2026-09-10T07:18:52.372160+00:00,240.800173,baseline_switches_off,0.000000,0,0.000000,0
2409,2026-09-10T07:18:52.471998+00:00,240.900156,baseline_switches_off,0.000000,0,0.000000,0
2410,2026-09-10T07:18:52.571988+00:00,241.000153,baseline_switches_off,0.000000,0,0.000000,0
2411,2026-09-10T07:18:52.671983+00:00,241.100144,baseline_switches_off,0.000000,0,0.000000,0
2412,2026-09-10T07:18:52.771943+00:00,241.200137,baseline_switches_off,0.000000,0,0.000000,0
2413,2026-09-10T07:18:52.871953+00:00,241.300131,baseline_switches_off,0.000000,0,0.000000,0
2414,2026-09-10T07:18:52.971926+00:00,241.400128,baseline_switches_off,0.000000,0,0.000000,0
2415,2026-09-10T07:18:53.071933+00:00,241.500130,baseline_switches_off,0.000000,0,0.000000,0
2416,2026-09-10T07:18:53.171936+00:00,241.600133,baseline_switches_off,0.000000,0,0.000000,0
2417,2026-09-10T07:18:53.271941+00:00,241.700145,baseline_switches_off,0.000000,0,0.000000,0
2418,2026-09-10T07:18:53.371946+00:00,241.800143,baseline_switches_off,0.000000,0,0.000000,0
2419,2026-09-10T07:18:53.471948+00:00,241.900128,baseline_switches_off,0.000000,0,0.000000,0
2420,2026-09-10T07:18:53.571928+00:00,242.000132,baseline_switches_off,0.000000,0,0.000000,0
2421,2026-09-10T07:18:53.671925+00:00,242.100130,baseline_switches_off,0.000000,0,0.000000,0
2422,2026-09-10T07:18:53.771943+00:00,242.200128,baseline_switches_off,0.000000,0,0.000000,0
2423,2026-09-10T07:18:53.871926+00:00,242.300132,baseline_switches_off,0.000000,0,0.000000,0
2424,2026-09-10T07:18:53.971949+00:00,242.400130,baseline_switches_off,0.000000,0,0.000000,0
2425,2026-09-10T07:18:54.071967+00:00,242.500128,baseline_switches_off,0.000000,0,0.000000,0
2426,2026-09-10T07:18:54.171945+00:00,242.600123,baseline_switches_off,0.000000,0,0.000000,0
2427,2026-09-10T07:18:54.271970+00:00,242.700130,baseline_switches_off,0.000000,0,0.000000,0
2428,2026-09-10T07:18:54.371929+00:00,242.800130,baseline_switches_off,0.000000,0,0.000000,0
2429,2026-09-10T07:18:54.471937+00:00,242.900129,baseline_switches_off,0.000000,0,0.000000,0
2430,2026-09-10T07:18:54.571942+00:00,243.000133,baseline_switches_off,0.000000,0,0.000000,0
2431,2026-09-10T07:18:54.671928+00:00,243.100128,baseline_switches_off,0.000000,0,0.000000,0
2432,2026-09-10T07:18:54.771938+00:00,243.200130,baseline_switches_off,0.000000,0,0.000000,0
2433,2026-09-10T07:18:54.871958+00:00,243.300145,baseline_switches_off,0.000000,0,0.000000,0
2434,2026-09-10T07:18:54.971973+00:00,243.400169,baseline_switches_off,0.000000,0,0.000000,0
2435,2026-09-10T07:18:55.071982+00:00,243.500169,baseline_switches_off,0.000000,0,0.000000,0
2436,2026-09-10T07:18:55.171933+00:00,243.600129,baseline_switches_off,0.000000,0,0.000000,0
2437,2026-09-10T07:18:55.271956+00:00,243.700131,baseline_switches_off,0.000000,0,0.000000,0
2438,2026-09-10T07:18:55.371921+00:00,243.800127,baseline_switches_off,0.000000,0,0.000000,0
2439,2026-09-10T07:18:55.471928+00:00,243.900129,baseline_switches_off,0.000000,0,0.000000,0
2440,2026-09-10T07:18:55.571934+00:00,244.000131,baseline_switches_off,0.000000,0,0.000000,0
2441,2026-09-10T07:18:55.671942+00:00,244.100129,baseline_switches_off,0.000000,0,0.000000,0
2442,2026-09-10T07:18:55.771971+00:00,244.200129,baseline_switches_off,0.000000,0,0.000000,0
2443,2026-09-10T07:18:55.871958+00:00,244.300132,baseline_switches_off,0.000000,0,0.000000,0
2444,2026-09-10T07:18:55.971925+00:00,244.400129,baseline_switches_off,0.000000,0,0.000000,0
2445,2026-09-10T07:18:56.071945+00:00,244.500135,baseline_switches_off,0.000000,0,0.000000,0
2446,2026-09-10T07:18:56.172042+00:00,244.600159,baseline_switches_off,0.000000,0,0.000000,0
2447,2026-09-10T07:18:56.271966+00:00,244.700148,baseline_switches_off,0.000000,0,0.000000,0
2448,2026-09-10T07:18:56.371947+00:00,244.800146,baseline_switches_off,0.000000,0,0.000000,0
2449,2026-09-10T07:18:56.472038+00:00,244.900183,baseline_switches_off,0.000000,0,0.000000,0
2450,2026-09-10T07:18:56.571959+00:00,245.000150,baseline_switches_off,0.000000,0,0.000000,0
2451,2026-09-10T07:18:56.671936+00:00,245.100132,baseline_switches_off,0.000000,0,0.000000,0
2452,2026-09-10T07:18:56.771956+00:00,245.200131,baseline_switches_off,0.000000,0,0.000000,0
2453,2026-09-10T07:18:56.871937+00:00,245.300133,baseline_switches_off,0.000000,0,0.000000,0
2454,2026-09-10T07:18:56.971929+00:00,245.400131,baseline_switches_off,0.000000,0,0.000000,0
2455,2026-09-10T07:18:57.071936+00:00,245.500133,baseline_switches_off,0.000000,0,0.000000,0
2456,2026-09-10T07:18:57.171927+00:00,245.600129,baseline_switches_off,0.000000,0,0.000000,0
2457,2026-09-10T07:18:57.271932+00:00,245.700131,baseline_switches_off,0.000000,0,0.000000,0
2458,2026-09-10T07:18:57.371946+00:00,245.800132,baseline_switches_off,0.000000,0,0.000000,0
2459,2026-09-10T07:18:57.472200+00:00,245.900206,baseline_switches_off,0.000000,0,0.000000,0
2460,2026-09-10T07:18:57.571954+00:00,246.000148,baseline_switches_off,0.000000,0,0.000000,0
2461,2026-09-10T07:18:57.671928+00:00,246.100131,baseline_switches_off,0.000000,0,0.000000,0
2462,2026-09-10T07:18:57.771944+00:00,246.200131,baseline_switches_off,0.000000,0,0.000000,0
2463,2026-09-10T07:18:57.871951+00:00,246.300130,baseline_switches_off,0.000000,0,0.000000,0
2464,2026-09-10T07:18:57.971963+00:00,246.400133,baseline_switches_off,0.000000,0,0.000000,0
2465,2026-09-10T07:18:58.071953+00:00,246.500134,baseline_switches_off,0.000000,0,0.000000,0
2466,2026-09-10T07:18:58.171922+00:00,246.600129,baseline_switches_off,0.000000,0,0.000000,0
2467,2026-09-10T07:18:58.272134+00:00,246.700169,baseline_switches_off,0.000000,0,0.000000,0
2468,2026-09-10T07:18:58.372036+00:00,246.800165,baseline_switches_off,0.000000,0,0.000000,0
2469,2026-09-10T07:18:58.471944+00:00,246.900142,baseline_switches_off,0.000000,0,0.000000,0
2470,2026-09-10T07:18:58.571977+00:00,247.000148,baseline_switches_off,0.000000,0,0.000000,0
2471,2026-09-10T07:18:58.671990+00:00,247.100142,baseline_switches_off,0.000000,0,0.000000,0
2472,2026-09-10T07:18:58.771946+00:00,247.200137,baseline_switches_off,0.000000,0,0.000000,0
2473,2026-09-10T07:18:58.871957+00:00,247.300148,baseline_switches_off,0.000000,0,0.000000,0
2474,2026-09-10T07:18:58.971941+00:00,247.400132,baseline_switches_off,0.000000,0,0.000000,0
2475,2026-09-10T07:18:59.071933+00:00,247.500132,baseline_switches_off,0.000000,0,0.000000,0
2476,2026-09-10T07:18:59.171942+00:00,247.600129,baseline_switches_off,0.000000,0,0.000000,0
2477,2026-09-10T07:18:59.271966+00:00,247.700136,baseline_switches_off,0.000000,0,0.000000,0
2478,2026-09-10T07:18:59.371938+00:00,247.800135,baseline_switches_off,0.000000,0,0.000000,0
2479,2026-09-10T07:18:59.471937+00:00,247.900131,baseline_switches_off,0.000000,0,0.000000,0
2480,2026-09-10T07:18:59.571966+00:00,248.000128,baseline_switches_off,0.000000,0,0.000000,0
2481,2026-09-10T07:18:59.671946+00:00,248.100131,baseline_switches_off,0.000000,0,0.000000,0
2482,2026-09-10T07:18:59.771972+00:00,248.200131,baseline_switches_off,0.000000,0,0.000000,0
2483,2026-09-10T07:18:59.871926+00:00,248.300131,baseline_switches_off,0.000000,0,0.000000,0
2484,2026-09-10T07:18:59.971943+00:00,248.400134,baseline_switches_off,0.000000,0,0.000000,0
2485,2026-09-10T07:19:00.071929+00:00,248.500132,baseline_switches_off,0.000000,0,0.000000,0
2486,2026-09-10T07:19:00.171927+00:00,248.600128,baseline_switches_off,0.000000,0,0.000000,0
2487,2026-09-10T07:19:00.272017+00:00,248.700151,baseline_switches_off,0.000000,0,0.000000,0
2488,2026-09-10T07:19:00.371951+00:00,248.800139,baseline_switches_off,0.000000,0,0.000000,0
2489,2026-09-10T07:19:00.471999+00:00,248.900160,baseline_switches_off,0.000000,0,0.000000,0
2490,2026-09-10T07:19:00.571938+00:00,249.000134,baseline_switches_off,0.000000,0,0.000000,0
2491,2026-09-10T07:19:00.671937+00:00,249.100132,baseline_switches_off,0.000000,0,0.000000,0
2492,2026-09-10T07:19:00.771938+00:00,249.200132,baseline_switches_off,0.000000,0,0.000000,0
2493,2026-09-10T07:19:00.871956+00:00,249.300131,baseline_switches_off,0.000000,0,0.000000,0
2494,2026-09-10T07:19:00.971958+00:00,249.400133,baseline_switches_off,0.000000,0,0.000000,0
2495,2026-09-10T07:19:01.071929+00:00,249.500130,baseline_switches_off,0.000000,0,0.000000,0
2496,2026-09-10T07:19:01.171926+00:00,249.600127,baseline_switches_off,0.000000,0,0.000000,0
2497,2026-09-10T07:19:01.272080+00:00,249.700164,baseline_switches_off,0.000000,0,0.000000,0
2498,2026-09-10T07:19:01.371999+00:00,249.800151,baseline_switches_off,0.000000,0,0.000000,0
2499,2026-09-10T07:19:01.471961+00:00,249.900132,baseline_switches_off,0.000000,0,0.000000,0
2500,2026-09-10T07:19:01.571928+00:00,250.000130,baseline_switches_off,0.000000,0,0.000000,0
2501,2026-09-10T07:19:01.671959+00:00,250.100131,baseline_switches_off,0.000000,0,0.000000,0
2502,2026-09-10T07:19:01.771936+00:00,250.200132,baseline_switches_off,0.000000,0,0.000000,0
2503,2026-09-10T07:19:01.871980+00:00,250.300168,baseline_switches_off,0.000000,0,0.000000,0
2504,2026-09-10T07:19:01.971975+00:00,250.400171,baseline_switches_off,0.000000,0,0.000000,0
2505,2026-09-10T07:19:02.071956+00:00,250.500148,baseline_switches_off,0.000000,0,0.000000,0
2506,2026-09-10T07:19:02.171928+00:00,250.600128,baseline_switches_off,0.000000,0,0.000000,0
2507,2026-09-10T07:19:02.271939+00:00,250.700131,baseline_switches_off,0.000000,0,0.000000,0
2508,2026-09-10T07:19:02.371975+00:00,250.800141,baseline_switches_off,0.000000,0,0.000000,0
2509,2026-09-10T07:19:02.471953+00:00,250.900136,baseline_switches_off,0.000000,0,0.000000,0
2510,2026-09-10T07:19:02.571923+00:00,251.000128,baseline_switches_off,0.000000,0,0.000000,0
2511,2026-09-10T07:19:02.671941+00:00,251.100128,baseline_switches_off,0.000000,0,0.000000,0
2512,2026-09-10T07:19:02.771949+00:00,251.200132,baseline_switches_off,0.000000,0,0.000000,0
2513,2026-09-10T07:19:02.871919+00:00,251.300129,baseline_switches_off,0.000000,0,0.000000,0
2514,2026-09-10T07:19:02.971932+00:00,251.400131,baseline_switches_off,0.000000,0,0.000000,0
2515,2026-09-10T07:19:03.071939+00:00,251.500132,baseline_switches_off,0.000000,0,0.000000,0
2516,2026-09-10T07:19:03.171939+00:00,251.600131,baseline_switches_off,0.000000,0,0.000000,0
2517,2026-09-10T07:19:03.271965+00:00,251.700129,baseline_switches_off,0.000000,0,0.000000,0
2518,2026-09-10T07:19:03.371937+00:00,251.800132,baseline_switches_off,0.000000,0,0.000000,0
2519,2026-09-10T07:19:03.472233+00:00,251.900204,baseline_switches_off,0.000000,0,0.000000,0
2520,2026-09-10T07:19:03.571949+00:00,252.000148,baseline_switches_off,0.000000,0,0.000000,0
2521,2026-09-10T07:19:03.671923+00:00,252.100131,baseline_switches_off,0.000000,0,0.000000,0
2522,2026-09-10T07:19:03.771941+00:00,252.200132,baseline_switches_off,0.000000,0,0.000000,0
2523,2026-09-10T07:19:03.872018+00:00,252.300153,baseline_switches_off,0.000000,0,0.000000,0
2524,2026-09-10T07:19:03.971945+00:00,252.400140,baseline_switches_off,0.000000,0,0.000000,0
2525,2026-09-10T07:19:04.071942+00:00,252.500135,baseline_switches_off,0.000000,0,0.000000,0
2526,2026-09-10T07:19:04.171940+00:00,252.600145,baseline_switches_off,0.000000,0,0.000000,0
2527,2026-09-10T07:19:04.272190+00:00,252.700183,baseline_switches_off,0.000000,0,0.000000,0
2528,2026-09-10T07:19:04.371953+00:00,252.800147,baseline_switches_off,0.000000,0,0.000000,0
2529,2026-09-10T07:19:04.472055+00:00,252.900159,baseline_switches_off,0.000000,0,0.000000,0
2530,2026-09-10T07:19:04.571940+00:00,253.000141,baseline_switches_off,0.000000,0,0.000000,0
2531,2026-09-10T07:19:04.671970+00:00,253.100136,baseline_switches_off,0.000000,0,0.000000,0
2532,2026-09-10T07:19:04.771962+00:00,253.200137,baseline_switches_off,0.000000,0,0.000000,0
2533,2026-09-10T07:19:04.871930+00:00,253.300131,baseline_switches_off,0.000000,0,0.000000,0
2534,2026-09-10T07:19:04.971952+00:00,253.400132,baseline_switches_off,0.000000,0,0.000000,0
2535,2026-09-10T07:19:05.071945+00:00,253.500135,baseline_switches_off,0.000000,0,0.000000,0
2536,2026-09-10T07:19:05.171934+00:00,253.600131,baseline_switches_off,0.000000,0,0.000000,0
2537,2026-09-10T07:19:05.271949+00:00,253.700146,baseline_switches_off,0.000000,0,0.000000,0
2538,2026-09-10T07:19:05.371926+00:00,253.800128,baseline_switches_off,0.000000,0,0.000000,0
2539,2026-09-10T07:19:05.471960+00:00,253.900132,baseline_switches_off,0.000000,0,0.000000,0
2540,2026-09-10T07:19:05.571933+00:00,254.000132,baseline_switches_off,0.000000,0,0.000000,0
2541,2026-09-10T07:19:05.671948+00:00,254.100130,baseline_switches_off,0.000000,0,0.000000,0
2542,2026-09-10T07:19:05.771954+00:00,254.200132,baseline_switches_off,0.000000,0,0.000000,0
2543,2026-09-10T07:19:05.871923+00:00,254.300131,baseline_switches_off,0.000000,0,0.000000,0
2544,2026-09-10T07:19:05.971950+00:00,254.400131,baseline_switches_off,0.000000,0,0.000000,0
2545,2026-09-10T07:19:06.071953+00:00,254.500133,baseline_switches_off,0.000000,0,0.000000,0
2546,2026-09-10T07:19:06.171974+00:00,254.600133,baseline_switches_off,0.000000,0,0.000000,0
2547,2026-09-10T07:19:06.271958+00:00,254.700130,baseline_switches_off,0.000000,0,0.000000,0
2548,2026-09-10T07:19:06.372091+00:00,254.800161,baseline_switches_off,0.000000,0,0.000000,0
2549,2026-09-10T07:19:06.471955+00:00,254.900142,baseline_switches_off,0.000000,0,0.000000,0
2550,2026-09-10T07:19:06.571975+00:00,255.000132,baseline_switches_off,0.000000,0,0.000000,0
2551,2026-09-10T07:19:06.671926+00:00,255.100130,baseline_switches_off,0.000000,0,0.000000,0
2552,2026-09-10T07:19:06.771940+00:00,255.200144,baseline_switches_off,0.000000,0,0.000000,0
2553,2026-09-10T07:19:06.871950+00:00,255.300145,baseline_switches_off,0.000000,0,0.000000,0
2554,2026-09-10T07:19:06.971974+00:00,255.400170,baseline_switches_off,0.000000,0,0.000000,0
2555,2026-09-10T07:19:07.071977+00:00,255.500175,baseline_switches_off,0.000000,0,0.000000,0
2556,2026-09-10T07:19:07.171941+00:00,255.600131,baseline_switches_off,0.000000,0,0.000000,0
2557,2026-09-10T07:19:07.271926+00:00,255.700130,baseline_switches_off,0.000000,0,0.000000,0
2558,2026-09-10T07:19:07.371923+00:00,255.800129,baseline_switches_off,0.000000,0,0.000000,0
2559,2026-09-10T07:19:07.471935+00:00,255.900132,baseline_switches_off,0.000000,0,0.000000,0
2560,2026-09-10T07:19:07.571940+00:00,256.000132,baseline_switches_off,0.000000,0,0.000000,0
2561,2026-09-10T07:19:07.671952+00:00,256.100130,baseline_switches_off,0.000000,0,0.000000,0
2562,2026-09-10T07:19:07.771921+00:00,256.200131,baseline_switches_off,0.000000,0,0.000000,0
2563,2026-09-10T07:19:07.871930+00:00,256.300131,baseline_switches_off,0.000000,0,0.000000,0
2564,2026-09-10T07:19:07.971927+00:00,256.400131,baseline_switches_off,0.000000,0,0.000000,0
2565,2026-09-10T07:19:08.071946+00:00,256.500131,baseline_switches_off,0.000000,0,0.000000,0
2566,2026-09-10T07:19:08.171960+00:00,256.600133,baseline_switches_off,0.000000,0,0.000000,0
2567,2026-09-10T07:19:08.271950+00:00,256.700132,baseline_switches_off,0.000000,0,0.000000,0
2568,2026-09-10T07:19:08.372248+00:00,256.800201,baseline_switches_off,0.000000,0,0.000000,0
2569,2026-09-10T07:19:08.472051+00:00,256.900169,baseline_switches_off,0.000000,0,0.000000,0
2570,2026-09-10T07:19:08.571943+00:00,257.000146,baseline_switches_off,0.000000,0,0.000000,0
2571,2026-09-10T07:19:08.671958+00:00,257.100137,baseline_switches_off,0.000000,0,0.000000,0
2572,2026-09-10T07:19:08.772014+00:00,257.200149,baseline_switches_off,0.000000,0,0.000000,0
2573,2026-09-10T07:19:08.871974+00:00,257.300156,baseline_switches_off,0.000000,0,0.000000,0
2574,2026-09-10T07:19:08.972082+00:00,257.400199,baseline_switches_off,0.000000,0,0.000000,0
2575,2026-09-10T07:19:09.072015+00:00,257.500193,baseline_switches_off,0.000000,0,0.000000,0
2576,2026-09-10T07:19:09.171955+00:00,257.600138,baseline_switches_off,0.000000,0,0.000000,0
2577,2026-09-10T07:19:09.271934+00:00,257.700133,baseline_switches_off,0.000000,0,0.000000,0
2578,2026-09-10T07:19:09.371946+00:00,257.800130,baseline_switches_off,0.000000,0,0.000000,0
2579,2026-09-10T07:19:09.472210+00:00,257.900212,baseline_switches_off,0.000000,0,0.000000,0
2580,2026-09-10T07:19:09.571953+00:00,258.000149,baseline_switches_off,0.000000,0,0.000000,0
2581,2026-09-10T07:19:09.671940+00:00,258.100133,baseline_switches_off,0.000000,0,0.000000,0
2582,2026-09-10T07:19:09.771950+00:00,258.200131,baseline_switches_off,0.000000,0,0.000000,0
2583,2026-09-10T07:19:09.871935+00:00,258.300130,baseline_switches_off,0.000000,0,0.000000,0
2584,2026-09-10T07:19:09.971956+00:00,258.400132,baseline_switches_off,0.000000,0,0.000000,0
2585,2026-09-10T07:19:10.071969+00:00,258.500131,baseline_switches_off,0.000000,0,0.000000,0
2586,2026-09-10T07:19:10.171956+00:00,258.600127,baseline_switches_off,0.000000,0,0.000000,0
2587,2026-09-10T07:19:10.272036+00:00,258.700153,baseline_switches_off,0.000000,0,0.000000,0
2588,2026-09-10T07:19:10.372090+00:00,258.800168,baseline_switches_off,0.000000,0,0.000000,0
2589,2026-09-10T07:19:10.471999+00:00,258.900157,baseline_switches_off,0.000000,0,0.000000,0
2590,2026-09-10T07:19:10.571936+00:00,259.000143,baseline_switches_off,0.000000,0,0.000000,0
2591,2026-09-10T07:19:10.671958+00:00,259.100138,baseline_switches_off,0.000000,0,0.000000,0
2592,2026-09-10T07:19:10.771932+00:00,259.200135,baseline_switches_off,0.000000,0,0.000000,0
2593,2026-09-10T07:19:10.871944+00:00,259.300146,baseline_switches_off,0.000000,0,0.000000,0
2594,2026-09-10T07:19:10.971951+00:00,259.400145,baseline_switches_off,0.000000,0,0.000000,0
2595,2026-09-10T07:19:11.071962+00:00,259.500168,baseline_switches_off,0.000000,0,0.000000,0
2596,2026-09-10T07:19:11.171932+00:00,259.600131,baseline_switches_off,0.000000,0,0.000000,0
2597,2026-09-10T07:19:11.271936+00:00,259.700130,baseline_switches_off,0.000000,0,0.000000,0
2598,2026-09-10T07:19:11.371930+00:00,259.800130,baseline_switches_off,0.000000,0,0.000000,0
2599,2026-09-10T07:19:11.472075+00:00,259.900161,baseline_switches_off,0.000000,0,0.000000,0
2600,2026-09-10T07:19:11.571944+00:00,260.000142,baseline_switches_off,0.000000,0,0.000000,0
2601,2026-09-10T07:19:11.671940+00:00,260.100132,baseline_switches_off,0.000000,0,0.000000,0
2602,2026-09-10T07:19:11.771924+00:00,260.200128,baseline_switches_off,0.000000,0,0.000000,0
2603,2026-09-10T07:19:11.871936+00:00,260.300130,baseline_switches_off,0.000000,0,0.000000,0
2604,2026-09-10T07:19:11.971949+00:00,260.400131,baseline_switches_off,0.000000,0,0.000000,0
2605,2026-09-10T07:19:12.071928+00:00,260.500132,baseline_switches_off,0.000000,0,0.000000,0
2606,2026-09-10T07:19:12.171950+00:00,260.600131,baseline_switches_off,0.000000,0,0.000000,0
2607,2026-09-10T07:19:12.271979+00:00,260.700134,baseline_switches_off,0.000000,0,0.000000,0
2608,2026-09-10T07:19:12.371971+00:00,260.800135,baseline_switches_off,0.000000,0,0.000000,0
2609,2026-09-10T07:19:12.472013+00:00,260.900144,baseline_switches_off,0.000000,0,0.000000,0
2610,2026-09-10T07:19:12.571993+00:00,261.000142,baseline_switches_off,0.000000,0,0.000000,0
2611,2026-09-10T07:19:12.671937+00:00,261.100137,baseline_switches_off,0.000000,0,0.000000,0
2612,2026-09-10T07:19:12.771931+00:00,261.200132,baseline_switches_off,0.000000,0,0.000000,0
2613,2026-09-10T07:19:12.871932+00:00,261.300133,baseline_switches_off,0.000000,0,0.000000,0
2614,2026-09-10T07:19:12.971931+00:00,261.400130,baseline_switches_off,0.000000,0,0.000000,0
2615,2026-09-10T07:19:13.071927+00:00,261.500129,baseline_switches_off,0.000000,0,0.000000,0
2616,2026-09-10T07:19:13.171937+00:00,261.600131,baseline_switches_off,0.000000,0,0.000000,0
2617,2026-09-10T07:19:13.271939+00:00,261.700132,baseline_switches_off,0.000000,0,0.000000,0
2618,2026-09-10T07:19:13.371952+00:00,261.800145,baseline_switches_off,0.000000,0,0.000000,0
2619,2026-09-10T07:19:13.471938+00:00,261.900134,baseline_switches_off,0.000000,0,0.000000,0
2620,2026-09-10T07:19:13.571958+00:00,262.000131,baseline_switches_off,0.000000,0,0.000000,0
2621,2026-09-10T07:19:13.671980+00:00,262.100133,baseline_switches_off,0.000000,0,0.000000,0
2622,2026-09-10T07:19:13.771930+00:00,262.200131,baseline_switches_off,0.000000,0,0.000000,0
2623,2026-09-10T07:19:13.872055+00:00,262.300159,baseline_switches_off,0.000000,0,0.000000,0
2624,2026-09-10T07:19:13.971954+00:00,262.400140,baseline_switches_off,0.000000,0,0.000000,0
2625,2026-09-10T07:19:14.071927+00:00,262.500130,baseline_switches_off,0.000000,0,0.000000,0
2626,2026-09-10T07:19:14.171928+00:00,262.600128,baseline_switches_off,0.000000,0,0.000000,0
2627,2026-09-10T07:19:14.271951+00:00,262.700129,baseline_switches_off,0.000000,0,0.000000,0
2628,2026-09-10T07:19:14.371957+00:00,262.800132,baseline_switches_off,0.000000,0,0.000000,0
2629,2026-09-10T07:19:14.471967+00:00,262.900129,baseline_switches_off,0.000000,0,0.000000,0
2630,2026-09-10T07:19:14.571961+00:00,263.000129,baseline_switches_off,0.000000,0,0.000000,0
2631,2026-09-10T07:19:14.671971+00:00,263.100131,baseline_switches_off,0.000000,0,0.000000,0
2632,2026-09-10T07:19:14.771942+00:00,263.200130,baseline_switches_off,0.000000,0,0.000000,0
2633,2026-09-10T07:19:14.871944+00:00,263.300134,baseline_switches_off,0.000000,0,0.000000,0
2634,2026-09-10T07:19:14.971927+00:00,263.400125,baseline_switches_off,0.000000,0,0.000000,0
2635,2026-09-10T07:19:15.071949+00:00,263.500147,baseline_switches_off,0.000000,0,0.000000,0
2636,2026-09-10T07:19:15.171933+00:00,263.600128,baseline_switches_off,0.000000,0,0.000000,0
2637,2026-09-10T07:19:15.271931+00:00,263.700134,baseline_switches_off,0.000000,0,0.000000,0
2638,2026-09-10T07:19:15.371933+00:00,263.800131,baseline_switches_off,0.000000,0,0.000000,0
2639,2026-09-10T07:19:15.472208+00:00,263.900211,baseline_switches_off,0.000000,0,0.000000,0
2640,2026-09-10T07:19:15.571955+00:00,264.000146,baseline_switches_off,0.000000,0,0.000000,0
2641,2026-09-10T07:19:15.671942+00:00,264.100136,baseline_switches_off,0.000000,0,0.000000,0
2642,2026-09-10T07:19:15.771954+00:00,264.200132,baseline_switches_off,0.000000,0,0.000000,0
2643,2026-09-10T07:19:15.871977+00:00,264.300133,baseline_switches_off,0.000000,0,0.000000,0
2644,2026-09-10T07:19:15.971923+00:00,264.400130,baseline_switches_off,0.000000,0,0.000000,0
2645,2026-09-10T07:19:16.071928+00:00,264.500131,baseline_switches_off,0.000000,0,0.000000,0
2646,2026-09-10T07:19:16.171924+00:00,264.600129,baseline_switches_off,0.000000,0,0.000000,0
2647,2026-09-10T07:19:16.271931+00:00,264.700131,baseline_switches_off,0.000000,0,0.000000,0
2648,2026-09-10T07:19:16.371948+00:00,264.800133,baseline_switches_off,0.000000,0,0.000000,0
2649,2026-09-10T07:19:16.472203+00:00,264.900193,baseline_switches_off,0.000000,0,0.000000,0
2650,2026-09-10T07:19:16.572096+00:00,265.000171,baseline_switches_off,0.000000,0,0.000000,0
2651,2026-09-10T07:19:16.671970+00:00,265.100151,baseline_switches_off,0.000000,0,0.000000,0
2652,2026-09-10T07:19:16.772011+00:00,265.200150,baseline_switches_off,0.000000,0,0.000000,0
2653,2026-09-10T07:19:16.871984+00:00,265.300138,baseline_switches_off,0.000000,0,0.000000,0
2654,2026-09-10T07:19:16.971931+00:00,265.400129,baseline_switches_off,0.000000,0,0.000000,0
2655,2026-09-10T07:19:17.071945+00:00,265.500135,baseline_switches_off,0.000000,0,0.000000,0
2656,2026-09-10T07:19:17.171934+00:00,265.600131,baseline_switches_off,0.000000,0,0.000000,0
2657,2026-09-10T07:19:17.271951+00:00,265.700130,baseline_switches_off,0.000000,0,0.000000,0
2658,2026-09-10T07:19:17.371948+00:00,265.800133,baseline_switches_off,0.000000,0,0.000000,0
2659,2026-09-10T07:19:17.471947+00:00,265.900145,baseline_switches_off,0.000000,0,0.000000,0
2660,2026-09-10T07:19:17.571966+00:00,266.000167,baseline_switches_off,0.000000,0,0.000000,0
2661,2026-09-10T07:19:17.671972+00:00,266.100168,baseline_switches_off,0.000000,0,0.000000,0
2662,2026-09-10T07:19:17.771976+00:00,266.200169,baseline_switches_off,0.000000,0,0.000000,0
2663,2026-09-10T07:19:17.871994+00:00,266.300178,baseline_switches_off,0.000000,0,0.000000,0
2664,2026-09-10T07:19:17.971929+00:00,266.400130,baseline_switches_off,0.000000,0,0.000000,0
2665,2026-09-10T07:19:18.071964+00:00,266.500133,baseline_switches_off,0.000000,0,0.000000,0
2666,2026-09-10T07:19:18.171932+00:00,266.600131,baseline_switches_off,0.000000,0,0.000000,0
2667,2026-09-10T07:19:18.271933+00:00,266.700127,baseline_switches_off,0.000000,0,0.000000,0
2668,2026-09-10T07:19:18.371954+00:00,266.800137,baseline_switches_off,0.000000,0,0.000000,0
2669,2026-09-10T07:19:18.472155+00:00,266.900166,baseline_switches_off,0.000000,0,0.000000,0
2670,2026-09-10T07:19:18.572009+00:00,267.000149,baseline_switches_off,0.000000,0,0.000000,0
2671,2026-09-10T07:19:18.671964+00:00,267.100143,baseline_switches_off,0.000000,0,0.000000,0
2672,2026-09-10T07:19:18.771936+00:00,267.200135,baseline_switches_off,0.000000,0,0.000000,0
2673,2026-09-10T07:19:18.872097+00:00,267.300169,baseline_switches_off,0.000000,0,0.000000,0
2674,2026-09-10T07:19:18.972116+00:00,267.400177,baseline_switches_off,0.000000,0,0.000000,0
2675,2026-09-10T07:19:19.072017+00:00,267.500153,baseline_switches_off,0.000000,0,0.000000,0
2676,2026-09-10T07:19:19.171996+00:00,267.600141,baseline_switches_off,0.000000,0,0.000000,0
2677,2026-09-10T07:19:19.272097+00:00,267.700167,baseline_switches_off,0.000000,0,0.000000,0
2678,2026-09-10T07:19:19.371987+00:00,267.800150,baseline_switches_off,0.000000,0,0.000000,0
2679,2026-09-10T07:19:19.472131+00:00,267.900170,baseline_switches_off,0.000000,0,0.000000,0
2680,2026-09-10T07:19:19.572051+00:00,268.000153,baseline_switches_off,0.000000,0,0.000000,0
2681,2026-09-10T07:19:19.671977+00:00,268.100154,baseline_switches_off,0.000000,0,0.000000,0
2682,2026-09-10T07:19:19.772144+00:00,268.200173,baseline_switches_off,0.000000,0,0.000000,0
2683,2026-09-10T07:19:19.871962+00:00,268.300151,baseline_switches_off,0.000000,0,0.000000,0
2684,2026-09-10T07:19:19.971956+00:00,268.400151,baseline_switches_off,0.000000,0,0.000000,0
2685,2026-09-10T07:19:20.071936+00:00,268.500130,baseline_switches_off,0.000000,0,0.000000,0
2686,2026-09-10T07:19:20.171938+00:00,268.600132,baseline_switches_off,0.000000,0,0.000000,0
2687,2026-09-10T07:19:20.271959+00:00,268.700136,baseline_switches_off,0.000000,0,0.000000,0
2688,2026-09-10T07:19:20.371967+00:00,268.800139,baseline_switches_off,0.000000,0,0.000000,0
2689,2026-09-10T07:19:20.472002+00:00,268.900149,baseline_switches_off,0.000000,0,0.000000,0
2690,2026-09-10T07:19:20.571936+00:00,269.000136,baseline_switches_off,0.000000,0,0.000000,0
2691,2026-09-10T07:19:20.671942+00:00,269.100129,baseline_switches_off,0.000000,0,0.000000,0
2692,2026-09-10T07:19:20.772092+00:00,269.200160,baseline_switches_off,0.000000,0,0.000000,0
2693,2026-09-10T07:19:20.871958+00:00,269.300147,baseline_switches_off,0.000000,0,0.000000,0
2694,2026-09-10T07:19:20.971933+00:00,269.400133,baseline_switches_off,0.000000,0,0.000000,0
2695,2026-09-10T07:19:21.071931+00:00,269.500130,baseline_switches_off,0.000000,0,0.000000,0
2696,2026-09-10T07:19:21.171961+00:00,269.600131,baseline_switches_off,0.000000,0,0.000000,0
2697,2026-09-10T07:19:21.272001+00:00,269.700134,baseline_switches_off,0.000000,0,0.000000,0
2698,2026-09-10T07:19:21.371978+00:00,269.800135,baseline_switches_off,0.000000,0,0.000000,0
2699,2026-09-10T07:19:21.472225+00:00,269.900201,baseline_switches_off,0.000000,0,0.000000,0
2700,2026-09-10T07:19:21.571951+00:00,270.000149,baseline_switches_off,0.000000,0,0.000000,0
2701,2026-09-10T07:19:21.672052+00:00,270.100165,baseline_switches_off,0.000000,0,0.000000,0
2702,2026-09-10T07:19:21.772080+00:00,270.200166,baseline_switches_off,0.000000,0,0.000000,0
2703,2026-09-10T07:19:21.871957+00:00,270.300149,baseline_switches_off,0.000000,0,0.000000,0
2704,2026-09-10T07:19:21.971936+00:00,270.400135,baseline_switches_off,0.000000,0,0.000000,0
2705,2026-09-10T07:19:22.071937+00:00,270.500131,baseline_switches_off,0.000000,0,0.000000,0
2706,2026-09-10T07:19:22.171956+00:00,270.600145,baseline_switches_off,0.000000,0,0.000000,0
2707,2026-09-10T07:19:22.272023+00:00,270.700188,baseline_switches_off,0.000000,0,0.000000,0
2708,2026-09-10T07:19:22.372191+00:00,270.800188,baseline_switches_off,0.000000,0,0.000000,0
2709,2026-09-10T07:19:22.472015+00:00,270.900164,baseline_switches_off,0.000000,0,0.000000,0
2710,2026-09-10T07:19:22.572029+00:00,271.000143,baseline_switches_off,0.000000,0,0.000000,0
2711,2026-09-10T07:19:22.672017+00:00,271.100155,baseline_switches_off,0.000000,0,0.000000,0
2712,2026-09-10T07:19:22.772159+00:00,271.200172,baseline_switches_off,0.000000,0,0.000000,0
2713,2026-09-10T07:19:22.871967+00:00,271.300157,baseline_switches_off,0.000000,0,0.000000,0
2714,2026-09-10T07:19:22.971950+00:00,271.400134,baseline_switches_off,0.000000,0,0.000000,0
2715,2026-09-10T07:19:23.071974+00:00,271.500133,baseline_switches_off,0.000000,0,0.000000,0
2716,2026-09-10T07:19:23.171954+00:00,271.600132,baseline_switches_off,0.000000,0,0.000000,0
2717,2026-09-10T07:19:23.271981+00:00,271.700140,baseline_switches_off,0.000000,0,0.000000,0
2718,2026-09-10T07:19:23.371931+00:00,271.800136,baseline_switches_off,0.000000,0,0.000000,0
2719,2026-09-10T07:19:23.471953+00:00,271.900131,baseline_switches_off,0.000000,0,0.000000,0
2720,2026-09-10T07:19:23.571938+00:00,272.000135,baseline_switches_off,0.000000,0,0.000000,0
2721,2026-09-10T07:19:23.671970+00:00,272.100171,baseline_switches_off,0.000000,0,0.000000,0
2722,2026-09-10T07:19:23.771978+00:00,272.200170,baseline_switches_off,0.000000,0,0.000000,0
2723,2026-09-10T07:19:23.871931+00:00,272.300132,baseline_switches_off,0.000000,0,0.000000,0
2724,2026-09-10T07:19:23.971934+00:00,272.400132,baseline_switches_off,0.000000,0,0.000000,0
2725,2026-09-10T07:19:24.071928+00:00,272.500132,baseline_switches_off,0.000000,0,0.000000,0
2726,2026-09-10T07:19:24.171927+00:00,272.600129,baseline_switches_off,0.000000,0,0.000000,0
2727,2026-09-10T07:19:24.271948+00:00,272.700130,baseline_switches_off,0.000000,0,0.000000,0
2728,2026-09-10T07:19:24.371924+00:00,272.800131,baseline_switches_off,0.000000,0,0.000000,0
2729,2026-09-10T07:19:24.472001+00:00,272.900141,baseline_switches_off,0.000000,0,0.000000,0
2730,2026-09-10T07:19:24.571969+00:00,273.000139,baseline_switches_off,0.000000,0,0.000000,0
2731,2026-09-10T07:19:24.671932+00:00,273.100134,baseline_switches_off,0.000000,0,0.000000,0
2732,2026-09-10T07:19:24.771926+00:00,273.200128,baseline_switches_off,0.000000,0,0.000000,0
2733,2026-09-10T07:19:24.871945+00:00,273.300129,baseline_switches_off,0.000000,0,0.000000,0
2734,2026-09-10T07:19:24.971938+00:00,273.400131,baseline_switches_off,0.000000,0,0.000000,0
2735,2026-09-10T07:19:25.071944+00:00,273.500134,baseline_switches_off,0.000000,0,0.000000,0
2736,2026-09-10T07:19:25.171970+00:00,273.600171,baseline_switches_off,0.000000,0,0.000000,0
2737,2026-09-10T07:19:25.271943+00:00,273.700129,baseline_switches_off,0.000000,0,0.000000,0
2738,2026-09-10T07:19:25.371937+00:00,273.800131,baseline_switches_off,0.000000,0,0.000000,0
2739,2026-09-10T07:19:25.471935+00:00,273.900131,baseline_switches_off,0.000000,0,0.000000,0
2740,2026-09-10T07:19:25.571962+00:00,274.000134,baseline_switches_off,0.000000,0,0.000000,0
2741,2026-09-10T07:19:25.671934+00:00,274.100131,baseline_switches_off,0.000000,0,0.000000,0
2742,2026-09-10T07:19:25.771929+00:00,274.200129,baseline_switches_off,0.000000,0,0.000000,0
2743,2026-09-10T07:19:25.872148+00:00,274.300178,baseline_switches_off,0.000000,0,0.000000,0
2744,2026-09-10T07:19:25.971980+00:00,274.400150,baseline_switches_off,0.000000,0,0.000000,0
2745,2026-09-10T07:19:26.071934+00:00,274.500134,baseline_switches_off,0.000000,0,0.000000,0
2746,2026-09-10T07:19:26.171922+00:00,274.600128,baseline_switches_off,0.000000,0,0.000000,0
2747,2026-09-10T07:19:26.271929+00:00,274.700129,baseline_switches_off,0.000000,0,0.000000,0
2748,2026-09-10T07:19:26.371956+00:00,274.800137,baseline_switches_off,0.000000,0,0.000000,0
2749,2026-09-10T07:19:26.472195+00:00,274.900187,baseline_switches_off,0.000000,0,0.000000,0
2750,2026-09-10T07:19:26.572017+00:00,275.000151,baseline_switches_off,0.000000,0,0.000000,0
2751,2026-09-10T07:19:26.671974+00:00,275.100133,baseline_switches_off,0.000000,0,0.000000,0
2752,2026-09-10T07:19:26.772073+00:00,275.200163,baseline_switches_off,0.000000,0,0.000000,0
2753,2026-09-10T07:19:26.871975+00:00,275.300148,baseline_switches_off,0.000000,0,0.000000,0
2754,2026-09-10T07:19:26.971936+00:00,275.400133,baseline_switches_off,0.000000,0,0.000000,0
2755,2026-09-10T07:19:27.072209+00:00,275.500202,baseline_switches_off,0.000000,0,0.000000,0
2756,2026-09-10T07:19:27.171964+00:00,275.600154,baseline_switches_off,0.000000,0,0.000000,0
2757,2026-09-10T07:19:27.271942+00:00,275.700134,baseline_switches_off,0.000000,0,0.000000,0
2758,2026-09-10T07:19:27.371945+00:00,275.800148,baseline_switches_off,0.000000,0,0.000000,0
2759,2026-09-10T07:19:27.472215+00:00,275.900224,baseline_switches_off,0.000000,0,0.000000,0
2760,2026-09-10T07:19:27.572006+00:00,276.000194,baseline_switches_off,0.000000,0,0.000000,0
2761,2026-09-10T07:19:27.671937+00:00,276.100137,baseline_switches_off,0.000000,0,0.000000,0
2762,2026-09-10T07:19:27.771937+00:00,276.200132,baseline_switches_off,0.000000,0,0.000000,0
2763,2026-09-10T07:19:27.871926+00:00,276.300129,baseline_switches_off,0.000000,0,0.000000,0
2764,2026-09-10T07:19:27.971929+00:00,276.400129,baseline_switches_off,0.000000,0,0.000000,0
2765,2026-09-10T07:19:28.071953+00:00,276.500134,baseline_switches_off,0.000000,0,0.000000,0
2766,2026-09-10T07:19:28.171920+00:00,276.600132,baseline_switches_off,0.000000,0,0.000000,0
2767,2026-09-10T07:19:28.272010+00:00,276.700129,baseline_switches_off,0.000000,0,0.000000,0
2768,2026-09-10T07:19:28.372064+00:00,276.800169,baseline_switches_off,0.000000,0,0.000000,0
2769,2026-09-10T07:19:28.472085+00:00,276.900163,baseline_switches_off,0.000000,0,0.000000,0
2770,2026-09-10T07:19:28.571998+00:00,277.000143,baseline_switches_off,0.000000,0,0.000000,0
2771,2026-09-10T07:19:28.672013+00:00,277.100143,baseline_switches_off,0.000000,0,0.000000,0
2772,2026-09-10T07:19:28.771937+00:00,277.200139,baseline_switches_off,0.000000,0,0.000000,0
2773,2026-09-10T07:19:28.871929+00:00,277.300131,baseline_switches_off,0.000000,0,0.000000,0
2774,2026-09-10T07:19:28.972064+00:00,277.400166,baseline_switches_off,0.000000,0,0.000000,0
2775,2026-09-10T07:19:29.071956+00:00,277.500145,baseline_switches_off,0.000000,0,0.000000,0
2776,2026-09-10T07:19:29.171943+00:00,277.600131,baseline_switches_off,0.000000,0,0.000000,0
2777,2026-09-10T07:19:29.271930+00:00,277.700131,baseline_switches_off,0.000000,0,0.000000,0
2778,2026-09-10T07:19:29.371945+00:00,277.800142,baseline_switches_off,0.000000,0,0.000000,0
2779,2026-09-10T07:19:29.471960+00:00,277.900149,baseline_switches_off,0.000000,0,0.000000,0
2780,2026-09-10T07:19:29.571946+00:00,278.000134,baseline_switches_off,0.000000,0,0.000000,0
2781,2026-09-10T07:19:29.671948+00:00,278.100132,baseline_switches_off,0.000000,0,0.000000,0
2782,2026-09-10T07:19:29.771939+00:00,278.200133,baseline_switches_off,0.000000,0,0.000000,0
2783,2026-09-10T07:19:29.871951+00:00,278.300131,baseline_switches_off,0.000000,0,0.000000,0
2784,2026-09-10T07:19:29.971934+00:00,278.400131,baseline_switches_off,0.000000,0,0.000000,0
2785,2026-09-10T07:19:30.071943+00:00,278.500135,baseline_switches_off,0.000000,0,0.000000,0
2786,2026-09-10T07:19:30.171934+00:00,278.600133,baseline_switches_off,0.000000,0,0.000000,0
2787,2026-09-10T07:19:30.271931+00:00,278.700129,baseline_switches_off,0.000000,0,0.000000,0
2788,2026-09-10T07:19:30.371952+00:00,278.800130,baseline_switches_off,0.000000,0,0.000000,0
2789,2026-09-10T07:19:30.471983+00:00,278.900135,baseline_switches_off,0.000000,0,0.000000,0
2790,2026-09-10T07:19:30.571974+00:00,279.000136,baseline_switches_off,0.000000,0,0.000000,0
2791,2026-09-10T07:19:30.671957+00:00,279.100133,baseline_switches_off,0.000000,0,0.000000,0
2792,2026-09-10T07:19:30.771929+00:00,279.200133,baseline_switches_off,0.000000,0,0.000000,0
2793,2026-09-10T07:19:30.871920+00:00,279.300129,baseline_switches_off,0.000000,0,0.000000,0
2794,2026-09-10T07:19:30.971938+00:00,279.400134,baseline_switches_off,0.000000,0,0.000000,0
2795,2026-09-10T07:19:31.071929+00:00,279.500127,baseline_switches_off,0.000000,0,0.000000,0
2796,2026-09-10T07:19:31.171943+00:00,279.600145,baseline_switches_off,0.000000,0,0.000000,0
2797,2026-09-10T07:19:31.271973+00:00,279.700172,baseline_switches_off,0.000000,0,0.000000,0
2798,2026-09-10T07:19:31.371944+00:00,279.800130,baseline_switches_off,0.000000,0,0.000000,0
2799,2026-09-10T07:19:31.471938+00:00,279.900133,baseline_switches_off,0.000000,0,0.000000,0
2800,2026-09-10T07:19:31.571927+00:00,280.000130,baseline_switches_off,0.000000,0,0.000000,0
2801,2026-09-10T07:19:31.671950+00:00,280.100132,baseline_switches_off,0.000000,0,0.000000,0
2802,2026-09-10T07:19:31.772035+00:00,280.200135,baseline_switches_off,0.000000,0,0.000000,0
2803,2026-09-10T07:19:31.872092+00:00,280.300176,baseline_switches_off,0.000000,0,0.000000,0
2804,2026-09-10T07:19:31.971952+00:00,280.400147,baseline_switches_off,0.000000,0,0.000000,0
2805,2026-09-10T07:19:32.071964+00:00,280.500133,baseline_switches_off,0.000000,0,0.000000,0
2806,2026-09-10T07:19:32.172022+00:00,280.600131,baseline_switches_off,0.000000,0,0.000000,0
2807,2026-09-10T07:19:32.272000+00:00,280.700156,baseline_switches_off,0.000000,0,0.000000,0
2808,2026-09-10T07:19:32.371944+00:00,280.800134,baseline_switches_off,0.000000,0,0.000000,0
2809,2026-09-10T07:19:32.472031+00:00,280.900140,baseline_switches_off,0.000000,0,0.000000,0
2810,2026-09-10T07:19:32.571938+00:00,281.000140,baseline_switches_off,0.000000,0,0.000000,0
2811,2026-09-10T07:19:32.671940+00:00,281.100133,baseline_switches_off,0.000000,0,0.000000,0
2812,2026-09-10T07:19:32.771960+00:00,281.200139,baseline_switches_off,0.000000,0,0.000000,0
2813,2026-09-10T07:19:32.871950+00:00,281.300145,baseline_switches_off,0.000000,0,0.000000,0
2814,2026-09-10T07:19:32.971974+00:00,281.400167,baseline_switches_off,0.000000,0,0.000000,0
2815,2026-09-10T07:19:33.071982+00:00,281.500152,baseline_switches_off,0.000000,0,0.000000,0
2816,2026-09-10T07:19:33.172003+00:00,281.600172,baseline_switches_off,0.000000,0,0.000000,0
2817,2026-09-10T07:19:33.271939+00:00,281.700136,baseline_switches_off,0.000000,0,0.000000,0
2818,2026-09-10T07:19:33.371932+00:00,281.800129,baseline_switches_off,0.000000,0,0.000000,0
2819,2026-09-10T07:19:33.472214+00:00,281.900206,baseline_switches_off,0.000000,0,0.000000,0
2820,2026-09-10T07:19:33.571974+00:00,282.000147,baseline_switches_off,0.000000,0,0.000000,0
2821,2026-09-10T07:19:33.671944+00:00,282.100137,baseline_switches_off,0.000000,0,0.000000,0
2822,2026-09-10T07:19:33.771953+00:00,282.200138,baseline_switches_off,0.000000,0,0.000000,0
2823,2026-09-10T07:19:33.871951+00:00,282.300130,baseline_switches_off,0.000000,0,0.000000,0
2824,2026-09-10T07:19:33.971973+00:00,282.400129,baseline_switches_off,0.000000,0,0.000000,0
2825,2026-09-10T07:19:34.071983+00:00,282.500133,baseline_switches_off,0.000000,0,0.000000,0
2826,2026-09-10T07:19:34.171939+00:00,282.600133,baseline_switches_off,0.000000,0,0.000000,0
2827,2026-09-10T07:19:34.272205+00:00,282.700191,baseline_switches_off,0.000000,0,0.000000,0
2828,2026-09-10T07:19:34.372026+00:00,282.800157,baseline_switches_off,0.000000,0,0.000000,0
2829,2026-09-10T07:19:34.472224+00:00,282.900203,baseline_switches_off,0.000000,0,0.000000,0
2830,2026-09-10T07:19:34.571954+00:00,283.000152,baseline_switches_off,0.000000,0,0.000000,0
2831,2026-09-10T07:19:34.671932+00:00,283.100136,baseline_switches_off,0.000000,0,0.000000,0
2832,2026-09-10T07:19:34.772061+00:00,283.200166,baseline_switches_off,0.000000,0,0.000000,0
2833,2026-09-10T07:19:34.872140+00:00,283.300180,baseline_switches_off,0.000000,0,0.000000,0
2834,2026-09-10T07:19:34.972022+00:00,283.400160,baseline_switches_off,0.000000,0,0.000000,0
2835,2026-09-10T07:19:35.072149+00:00,283.500179,baseline_switches_off,0.000000,0,0.000000,0
2836,2026-09-10T07:19:35.171996+00:00,283.600160,baseline_switches_off,0.000000,0,0.000000,0
2837,2026-09-10T07:19:35.272193+00:00,283.700200,baseline_switches_off,0.000000,0,0.000000,0
2838,2026-09-10T07:19:35.372161+00:00,283.800189,baseline_switches_off,0.000000,0,0.000000,0
2839,2026-09-10T07:19:35.471981+00:00,283.900171,baseline_switches_off,0.000000,0,0.000000,0
2840,2026-09-10T07:19:35.571934+00:00,284.000133,baseline_switches_off,0.000000,0,0.000000,0
2841,2026-09-10T07:19:35.671930+00:00,284.100131,baseline_switches_off,0.000000,0,0.000000,0
2842,2026-09-10T07:19:35.771980+00:00,284.200139,baseline_switches_off,0.000000,0,0.000000,0
2843,2026-09-10T07:19:35.871982+00:00,284.300148,baseline_switches_off,0.000000,0,0.000000,0
2844,2026-09-10T07:19:35.971991+00:00,284.400144,baseline_switches_off,0.000000,0,0.000000,0
2845,2026-09-10T07:19:36.071936+00:00,284.500137,baseline_switches_off,0.000000,0,0.000000,0
2846,2026-09-10T07:19:36.171941+00:00,284.600136,baseline_switches_off,0.000000,0,0.000000,0
2847,2026-09-10T07:19:36.271933+00:00,284.700132,baseline_switches_off,0.000000,0,0.000000,0
2848,2026-09-10T07:19:36.372183+00:00,284.800181,baseline_switches_off,0.000000,0,0.000000,0
2849,2026-09-10T07:19:36.471984+00:00,284.900154,baseline_switches_off,0.000000,0,0.000000,0
2850,2026-09-10T07:19:36.571966+00:00,285.000138,baseline_switches_off,0.000000,0,0.000000,0
2851,2026-09-10T07:19:36.671960+00:00,285.100131,baseline_switches_off,0.000000,0,0.000000,0
2852,2026-09-10T07:19:36.771971+00:00,285.200132,baseline_switches_off,0.000000,0,0.000000,0
2853,2026-09-10T07:19:36.872004+00:00,285.300148,baseline_switches_off,0.000000,0,0.000000,0
2854,2026-09-10T07:19:36.972101+00:00,285.400163,baseline_switches_off,0.000000,0,0.000000,0
2855,2026-09-10T07:19:37.071946+00:00,285.500145,baseline_switches_off,0.000000,0,0.000000,0
2856,2026-09-10T07:19:37.171930+00:00,285.600132,baseline_switches_off,0.000000,0,0.000000,0
2857,2026-09-10T07:19:37.272167+00:00,285.700176,baseline_switches_off,0.000000,0,0.000000,0
2858,2026-09-10T07:19:37.371959+00:00,285.800146,baseline_switches_off,0.000000,0,0.000000,0
2859,2026-09-10T07:19:37.471935+00:00,285.900135,baseline_switches_off,0.000000,0,0.000000,0
2860,2026-09-10T07:19:37.571952+00:00,286.000145,baseline_switches_off,0.000000,0,0.000000,0
2861,2026-09-10T07:19:37.671966+00:00,286.100168,baseline_switches_off,0.000000,0,0.000000,0
2862,2026-09-10T07:19:37.772032+00:00,286.200188,baseline_switches_off,0.000000,0,0.000000,0
2863,2026-09-10T07:19:37.871978+00:00,286.300151,baseline_switches_off,0.000000,0,0.000000,0
2864,2026-09-10T07:19:37.971982+00:00,286.400174,baseline_switches_off,0.000000,0,0.000000,0
2865,2026-09-10T07:19:38.071933+00:00,286.500131,baseline_switches_off,0.000000,0,0.000000,0
2866,2026-09-10T07:19:38.171949+00:00,286.600130,baseline_switches_off,0.000000,0,0.000000,0
2867,2026-09-10T07:19:38.272094+00:00,286.700179,baseline_switches_off,0.000000,0,0.000000,0
2868,2026-09-10T07:19:38.371949+00:00,286.800143,baseline_switches_off,0.000000,0,0.000000,0
2869,2026-09-10T07:19:38.472147+00:00,286.900178,baseline_switches_off,0.000000,0,0.000000,0
2870,2026-09-10T07:19:38.571988+00:00,287.000150,baseline_switches_off,0.000000,0,0.000000,0
2871,2026-09-10T07:19:38.671955+00:00,287.100133,baseline_switches_off,0.000000,0,0.000000,0
2872,2026-09-10T07:19:38.771936+00:00,287.200135,baseline_switches_off,0.000000,0,0.000000,0
2873,2026-09-10T07:19:38.871946+00:00,287.300134,baseline_switches_off,0.000000,0,0.000000,0
2874,2026-09-10T07:19:38.971973+00:00,287.400145,baseline_switches_off,0.000000,0,0.000000,0
2875,2026-09-10T07:19:39.071934+00:00,287.500137,baseline_switches_off,0.000000,0,0.000000,0
2876,2026-09-10T07:19:39.171954+00:00,287.600131,baseline_switches_off,0.000000,0,0.000000,0
2877,2026-09-10T07:19:39.271973+00:00,287.700132,baseline_switches_off,0.000000,0,0.000000,0
2878,2026-09-10T07:19:39.371926+00:00,287.800130,baseline_switches_off,0.000000,0,0.000000,0
2879,2026-09-10T07:19:39.472226+00:00,287.900206,baseline_switches_off,0.000000,0,0.000000,0
2880,2026-09-10T07:19:39.571967+00:00,288.000150,baseline_switches_off,0.000000,0,0.000000,0
2881,2026-09-10T07:19:39.671958+00:00,288.100141,baseline_switches_off,0.000000,0,0.000000,0
2882,2026-09-10T07:19:39.771936+00:00,288.200126,baseline_switches_off,0.000000,0,0.000000,0
2883,2026-09-10T07:19:39.871957+00:00,288.300146,baseline_switches_off,0.000000,0,0.000000,0
2884,2026-09-10T07:19:39.971984+00:00,288.400171,baseline_switches_off,0.000000,0,0.000000,0
2885,2026-09-10T07:19:40.071979+00:00,288.500172,baseline_switches_off,0.000000,0,0.000000,0
2886,2026-09-10T07:19:40.171934+00:00,288.600131,baseline_switches_off,0.000000,0,0.000000,0
2887,2026-09-10T07:19:40.272181+00:00,288.700165,baseline_switches_off,0.000000,0,0.000000,0
2888,2026-09-10T07:19:40.371988+00:00,288.800155,baseline_switches_off,0.000000,0,0.000000,0
2889,2026-09-10T07:19:40.472049+00:00,288.900157,baseline_switches_off,0.000000,0,0.000000,0
2890,2026-09-10T07:19:40.571947+00:00,289.000138,baseline_switches_off,0.000000,0,0.000000,0
2891,2026-09-10T07:19:40.671951+00:00,289.100138,baseline_switches_off,0.000000,0,0.000000,0
2892,2026-09-10T07:19:40.771951+00:00,289.200132,baseline_switches_off,0.000000,0,0.000000,0
2893,2026-09-10T07:19:40.871976+00:00,289.300138,baseline_switches_off,0.000000,0,0.000000,0
2894,2026-09-10T07:19:40.971941+00:00,289.400134,baseline_switches_off,0.000000,0,0.000000,0
2895,2026-09-10T07:19:41.072088+00:00,289.500132,baseline_switches_off,0.000000,0,0.000000,0
2896,2026-09-10T07:19:41.172039+00:00,289.600160,baseline_switches_off,0.000000,0,0.000000,0
2897,2026-09-10T07:19:41.271934+00:00,289.700138,baseline_switches_off,0.000000,0,0.000000,0
2898,2026-09-10T07:19:41.371943+00:00,289.800136,baseline_switches_off,0.000000,0,0.000000,0
2899,2026-09-10T07:19:41.471934+00:00,289.900132,baseline_switches_off,0.000000,0,0.000000,0
2900,2026-09-10T07:19:41.571931+00:00,290.000129,baseline_switches_off,0.000000,0,0.000000,0
2901,2026-09-10T07:19:41.671969+00:00,290.100141,baseline_switches_off,0.000000,0,0.000000,0
2902,2026-09-10T07:19:41.771930+00:00,290.200131,baseline_switches_off,0.000000,0,0.000000,0
2903,2026-09-10T07:19:41.871936+00:00,290.300130,baseline_switches_off,0.000000,0,0.000000,0
2904,2026-09-10T07:19:41.971958+00:00,290.400147,baseline_switches_off,0.000000,0,0.000000,0
2905,2026-09-10T07:19:42.072088+00:00,290.500177,baseline_switches_off,0.000000,0,0.000000,0
2906,2026-09-10T07:19:42.172019+00:00,290.600197,baseline_switches_off,0.000000,0,0.000000,0
2907,2026-09-10T07:19:42.271946+00:00,290.700137,baseline_switches_off,0.000000,0,0.000000,0
2908,2026-09-10T07:19:42.371933+00:00,290.800133,baseline_switches_off,0.000000,0,0.000000,0
2909,2026-09-10T07:19:42.471936+00:00,290.900133,baseline_switches_off,0.000000,0,0.000000,0
2910,2026-09-10T07:19:42.571941+00:00,291.000132,baseline_switches_off,0.000000,0,0.000000,0
2911,2026-09-10T07:19:42.671952+00:00,291.100130,baseline_switches_off,0.000000,0,0.000000,0
2912,2026-09-10T07:19:42.771925+00:00,291.200129,baseline_switches_off,0.000000,0,0.000000,0
2913,2026-09-10T07:19:42.871943+00:00,291.300130,baseline_switches_off,0.000000,0,0.000000,0
2914,2026-09-10T07:19:42.971961+00:00,291.400135,baseline_switches_off,0.000000,0,0.000000,0
2915,2026-09-10T07:19:43.071947+00:00,291.500139,baseline_switches_off,0.000000,0,0.000000,0
2916,2026-09-10T07:19:43.171952+00:00,291.600134,baseline_switches_off,0.000000,0,0.000000,0
2917,2026-09-10T07:19:43.271994+00:00,291.700141,baseline_switches_off,0.000000,0,0.000000,0
2918,2026-09-10T07:19:43.371982+00:00,291.800137,baseline_switches_off,0.000000,0,0.000000,0
2919,2026-09-10T07:19:43.471925+00:00,291.900132,baseline_switches_off,0.000000,0,0.000000,0
2920,2026-09-10T07:19:43.571922+00:00,292.000128,baseline_switches_off,0.000000,0,0.000000,0
2921,2026-09-10T07:19:43.671930+00:00,292.100129,baseline_switches_off,0.000000,0,0.000000,0
2922,2026-09-10T07:19:43.772246+00:00,292.200202,baseline_switches_off,0.000000,0,0.000000,0
2923,2026-09-10T07:19:43.871963+00:00,292.300148,baseline_switches_off,0.000000,0,0.000000,0
2924,2026-09-10T07:19:43.971971+00:00,292.400154,baseline_switches_off,0.000000,0,0.000000,0
2925,2026-09-10T07:19:44.071975+00:00,292.500173,baseline_switches_off,0.000000,0,0.000000,0
2926,2026-09-10T07:19:44.171940+00:00,292.600131,baseline_switches_off,0.000000,0,0.000000,0
2927,2026-09-10T07:19:44.271957+00:00,292.700130,baseline_switches_off,0.000000,0,0.000000,0
2928,2026-09-10T07:19:44.371973+00:00,292.800152,baseline_switches_off,0.000000,0,0.000000,0
2929,2026-09-10T07:19:44.471990+00:00,292.900145,baseline_switches_off,0.000000,0,0.000000,0
2930,2026-09-10T07:19:44.571939+00:00,293.000136,baseline_switches_off,0.000000,0,0.000000,0
2931,2026-09-10T07:19:44.671929+00:00,293.100131,baseline_switches_off,0.000000,0,0.000000,0
2932,2026-09-10T07:19:44.771922+00:00,293.200131,baseline_switches_off,0.000000,0,0.000000,0
2933,2026-09-10T07:19:44.871941+00:00,293.300127,baseline_switches_off,0.000000,0,0.000000,0
2934,2026-09-10T07:19:44.971923+00:00,293.400130,baseline_switches_off,0.000000,0,0.000000,0
2935,2026-09-10T07:19:45.071944+00:00,293.500133,baseline_switches_off,0.000000,0,0.000000,0
2936,2026-09-10T07:19:45.171967+00:00,293.600132,baseline_switches_off,0.000000,0,0.000000,0
2937,2026-09-10T07:19:45.271946+00:00,293.700131,baseline_switches_off,0.000000,0,0.000000,0
2938,2026-09-10T07:19:45.371954+00:00,293.800129,baseline_switches_off,0.000000,0,0.000000,0
2939,2026-09-10T07:19:45.472233+00:00,293.900208,baseline_switches_off,0.000000,0,0.000000,0
2940,2026-09-10T07:19:45.571950+00:00,294.000148,baseline_switches_off,0.000000,0,0.000000,0
2941,2026-09-10T07:19:45.671955+00:00,294.100134,baseline_switches_off,0.000000,0,0.000000,0
2942,2026-09-10T07:19:45.771941+00:00,294.200133,baseline_switches_off,0.000000,0,0.000000,0
2943,2026-09-10T07:19:45.871932+00:00,294.300130,baseline_switches_off,0.000000,0,0.000000,0
2944,2026-09-10T07:19:45.971955+00:00,294.400147,baseline_switches_off,0.000000,0,0.000000,0
2945,2026-09-10T07:19:46.071962+00:00,294.500147,baseline_switches_off,0.000000,0,0.000000,0
2946,2026-09-10T07:19:46.171938+00:00,294.600131,baseline_switches_off,0.000000,0,0.000000,0
2947,2026-09-10T07:19:46.271935+00:00,294.700132,baseline_switches_off,0.000000,0,0.000000,0
2948,2026-09-10T07:19:46.371947+00:00,294.800136,baseline_switches_off,0.000000,0,0.000000,0
2949,2026-09-10T07:19:46.472187+00:00,294.900190,baseline_switches_off,0.000000,0,0.000000,0
2950,2026-09-10T07:19:46.571975+00:00,295.000154,baseline_switches_off,0.000000,0,0.000000,0
2951,2026-09-10T07:19:46.671981+00:00,295.100142,baseline_switches_off,0.000000,0,0.000000,0
2952,2026-09-10T07:19:46.771935+00:00,295.200136,baseline_switches_off,0.000000,0,0.000000,0
2953,2026-09-10T07:19:46.871928+00:00,295.300132,baseline_switches_off,0.000000,0,0.000000,0
2954,2026-09-10T07:19:46.971942+00:00,295.400131,baseline_switches_off,0.000000,0,0.000000,0
2955,2026-09-10T07:19:47.071975+00:00,295.500133,baseline_switches_off,0.000000,0,0.000000,0
2956,2026-09-10T07:19:47.172093+00:00,295.600160,baseline_switches_off,0.000000,0,0.000000,0
2957,2026-09-10T07:19:47.272131+00:00,295.700174,baseline_switches_off,0.000000,0,0.000000,0
2958,2026-09-10T07:19:47.371959+00:00,295.800150,baseline_switches_off,0.000000,0,0.000000,0
2959,2026-09-10T07:19:47.472106+00:00,295.900172,baseline_switches_off,0.000000,0,0.000000,0
2960,2026-09-10T07:19:47.571947+00:00,296.000143,baseline_switches_off,0.000000,0,0.000000,0
2961,2026-09-10T07:19:47.671941+00:00,296.100132,baseline_switches_off,0.000000,0,0.000000,0
2962,2026-09-10T07:19:47.771932+00:00,296.200131,baseline_switches_off,0.000000,0,0.000000,0
2963,2026-09-10T07:19:47.871932+00:00,296.300131,baseline_switches_off,0.000000,0,0.000000,0
2964,2026-09-10T07:19:47.971958+00:00,296.400134,baseline_switches_off,0.000000,0,0.000000,0
2965,2026-09-10T07:19:48.071955+00:00,296.500148,baseline_switches_off,0.000000,0,0.000000,0
2966,2026-09-10T07:19:48.171931+00:00,296.600131,baseline_switches_off,0.000000,0,0.000000,0
2967,2026-09-10T07:19:48.271924+00:00,296.700127,baseline_switches_off,0.000000,0,0.000000,0
2968,2026-09-10T07:19:48.371942+00:00,296.800134,baseline_switches_off,0.000000,0,0.000000,0
2969,2026-09-10T07:19:48.471995+00:00,296.900142,baseline_switches_off,0.000000,0,0.000000,0
2970,2026-09-10T07:19:48.571955+00:00,297.000136,baseline_switches_off,0.000000,0,0.000000,0
2971,2026-09-10T07:19:48.671969+00:00,297.100133,baseline_switches_off,0.000000,0,0.000000,0
2972,2026-09-10T07:19:48.771936+00:00,297.200132,baseline_switches_off,0.000000,0,0.000000,0
2973,2026-09-10T07:19:48.871950+00:00,297.300130,baseline_switches_off,0.000000,0,0.000000,0
2974,2026-09-10T07:19:48.971963+00:00,297.400129,baseline_switches_off,0.000000,0,0.000000,0
2975,2026-09-10T07:19:49.071954+00:00,297.500131,baseline_switches_off,0.000000,0,0.000000,0
2976,2026-09-10T07:19:49.171927+00:00,297.600132,baseline_switches_off,0.000000,0,0.000000,0
2977,2026-09-10T07:19:49.271927+00:00,297.700129,baseline_switches_off,0.000000,0,0.000000,0
2978,2026-09-10T07:19:49.371960+00:00,297.800128,baseline_switches_off,0.000000,0,0.000000,0
2979,2026-09-10T07:19:49.471954+00:00,297.900140,baseline_switches_off,0.000000,0,0.000000,0
2980,2026-09-10T07:19:49.571942+00:00,298.000132,baseline_switches_off,0.000000,0,0.000000,0
2981,2026-09-10T07:19:49.672063+00:00,298.100170,baseline_switches_off,0.000000,0,0.000000,0
2982,2026-09-10T07:19:49.772090+00:00,298.200187,baseline_switches_off,0.000000,0,0.000000,0
2983,2026-09-10T07:19:49.871964+00:00,298.300151,baseline_switches_off,0.000000,0,0.000000,0
2984,2026-09-10T07:19:49.972088+00:00,298.400175,baseline_switches_off,0.000000,0,0.000000,0
2985,2026-09-10T07:19:50.071976+00:00,298.500150,baseline_switches_off,0.000000,0,0.000000,0
2986,2026-09-10T07:19:50.172172+00:00,298.600182,baseline_switches_off,0.000000,0,0.000000,0
2987,2026-09-10T07:19:50.272017+00:00,298.700158,baseline_switches_off,0.000000,0,0.000000,0
2988,2026-09-10T07:19:50.372160+00:00,298.800178,baseline_switches_off,0.000000,0,0.000000,0
2989,2026-09-10T07:19:50.471985+00:00,298.900154,baseline_switches_off,0.000000,0,0.000000,0
2990,2026-09-10T07:19:50.571943+00:00,299.000138,baseline_switches_off,0.000000,0,0.000000,0
2991,2026-09-10T07:19:50.671984+00:00,299.100139,baseline_switches_off,0.000000,0,0.000000,0
2992,2026-09-10T07:19:50.772235+00:00,299.200185,baseline_switches_off,0.000000,0,0.000000,0
2993,2026-09-10T07:19:50.872006+00:00,299.300154,baseline_switches_off,0.000000,0,0.000000,0
2994,2026-09-10T07:19:50.972130+00:00,299.400171,baseline_switches_off,0.000000,0,0.000000,0
2995,2026-09-10T07:19:51.071977+00:00,299.500147,baseline_switches_off,0.000000,0,0.000000,0
2996,2026-09-10T07:19:51.171941+00:00,299.600137,baseline_switches_off,0.000000,0,0.000000,0
2997,2026-09-10T07:19:51.271952+00:00,299.700138,baseline_switches_off,0.000000,0,0.000000,0
2998,2026-09-10T07:19:51.371939+00:00,299.800136,baseline_switches_off,0.000000,0,0.000000,0
2999,2026-09-10T07:19:51.472211+00:00,299.900212,baseline_switches_off,0.000000,0,0.000000,0
3000,2026-09-10T07:19:51.571971+00:00,300.000149,baseline_switches_off,0.000000,0,0.000000,0
3001,2026-09-10T07:19:51.671984+00:00,300.100175,baseline_switches_off,0.000000,0,0.000000,0
3002,2026-09-10T07:19:51.771927+00:00,300.200128,baseline_switches_off,0.000000,0,0.000000,0
3003,2026-09-10T07:19:51.871944+00:00,300.300131,baseline_switches_off,0.000000,0,0.000000,0
3004,2026-09-10T07:19:51.972083+00:00,300.400165,baseline_switches_off,0.000000,0,0.000000,0
3005,2026-09-10T07:19:52.071957+00:00,300.500148,baseline_switches_off,0.000000,0,0.000000,0
3006,2026-09-10T07:19:52.171944+00:00,300.600135,baseline_switches_off,0.000000,0,0.000000,0
3007,2026-09-10T07:19:52.272053+00:00,300.700165,baseline_switches_off,0.000000,0,0.000000,0
3008,2026-09-10T07:19:52.372151+00:00,300.800179,baseline_switches_off,0.000000,0,0.000000,0
3009,2026-09-10T07:19:52.472068+00:00,300.900161,baseline_switches_off,0.000000,0,0.000000,0
3010,2026-09-10T07:19:52.572155+00:00,301.000163,baseline_switches_off,0.000000,0,0.000000,0
3011,2026-09-10T07:19:52.671983+00:00,301.100152,baseline_switches_off,0.000000,0,0.000000,0
3012,2026-09-10T07:19:52.771939+00:00,301.200140,baseline_switches_off,0.000000,0,0.000000,0
3013,2026-09-10T07:19:52.871928+00:00,301.300133,baseline_switches_off,0.000000,0,0.000000,0
3014,2026-09-10T07:19:52.971947+00:00,301.400132,baseline_switches_off,0.000000,0,0.000000,0
3015,2026-09-10T07:19:53.071955+00:00,301.500138,baseline_switches_off,0.000000,0,0.000000,0
3016,2026-09-10T07:19:53.171945+00:00,301.600134,baseline_switches_off,0.000000,0,0.000000,0
3017,2026-09-10T07:19:53.271967+00:00,301.700133,baseline_switches_off,0.000000,0,0.000000,0
3018,2026-09-10T07:19:53.371944+00:00,301.800130,baseline_switches_off,0.000000,0,0.000000,0
3019,2026-09-10T07:19:53.471937+00:00,301.900129,baseline_switches_off,0.000000,0,0.000000,0
3020,2026-09-10T07:19:53.571998+00:00,302.000146,baseline_switches_off,0.000000,0,0.000000,0
3021,2026-09-10T07:19:53.672131+00:00,302.100173,baseline_switches_off,0.000000,0,0.000000,0
3022,2026-09-10T07:19:53.772092+00:00,302.200173,baseline_switches_off,0.000000,0,0.000000,0
3023,2026-09-10T07:19:53.871972+00:00,302.300152,baseline_switches_off,0.000000,0,0.000000,0
3024,2026-09-10T07:19:53.971962+00:00,302.400153,baseline_switches_off,0.000000,0,0.000000,0
3025,2026-09-10T07:19:54.071981+00:00,302.500171,baseline_switches_off,0.000000,0,0.000000,0
3026,2026-09-10T07:19:54.171940+00:00,302.600131,baseline_switches_off,0.000000,0,0.000000,0
3027,2026-09-10T07:19:54.272001+00:00,302.700139,baseline_switches_off,0.000000,0,0.000000,0
3028,2026-09-10T07:19:54.371970+00:00,302.800144,baseline_switches_off,0.000000,0,0.000000,0
3029,2026-09-10T07:19:54.472017+00:00,302.900150,baseline_switches_off,0.000000,0,0.000000,0
3030,2026-09-10T07:19:54.571961+00:00,303.000142,baseline_switches_off,0.000000,0,0.000000,0
3031,2026-09-10T07:19:54.671971+00:00,303.100137,baseline_switches_off,0.000000,0,0.000000,0
3032,2026-09-10T07:19:54.771929+00:00,303.200134,baseline_switches_off,0.000000,0,0.000000,0
3033,2026-09-10T07:19:54.871925+00:00,303.300131,baseline_switches_off,0.000000,0,0.000000,0
3034,2026-09-10T07:19:54.971932+00:00,303.400132,baseline_switches_off,0.000000,0,0.000000,0
3035,2026-09-10T07:19:55.071926+00:00,303.500130,baseline_switches_off,0.000000,0,0.000000,0
3036,2026-09-10T07:19:55.171946+00:00,303.600129,baseline_switches_off,0.000000,0,0.000000,0
3037,2026-09-10T07:19:55.271952+00:00,303.700134,baseline_switches_off,0.000000,0,0.000000,0
3038,2026-09-10T07:19:55.371926+00:00,303.800131,baseline_switches_off,0.000000,0,0.000000,0
3039,2026-09-10T07:19:55.471917+00:00,303.900130,baseline_switches_off,0.000000,0,0.000000,0
3040,2026-09-10T07:19:55.571939+00:00,304.000132,baseline_switches_off,0.000000,0,0.000000,0
3041,2026-09-10T07:19:55.671936+00:00,304.100132,baseline_switches_off,0.000000,0,0.000000,0
3042,2026-09-10T07:19:55.771948+00:00,304.200131,baseline_switches_off,0.000000,0,0.000000,0
3043,2026-09-10T07:19:55.871930+00:00,304.300132,baseline_switches_off,0.000000,0,0.000000,0
3044,2026-09-10T07:19:55.971931+00:00,304.400132,baseline_switches_off,0.000000,0,0.000000,0
3045,2026-09-10T07:19:56.072023+00:00,304.500152,baseline_switches_off,0.000000,0,0.000000,0
3046,2026-09-10T07:19:56.171953+00:00,304.600140,baseline_switches_off,0.000000,0,0.000000,0
3047,2026-09-10T07:19:56.271952+00:00,304.700145,baseline_switches_off,0.000000,0,0.000000,0
3048,2026-09-10T07:19:56.371972+00:00,304.800170,baseline_switches_off,0.000000,0,0.000000,0
3049,2026-09-10T07:19:56.472631+00:00,304.900386,baseline_switches_off,0.000000,0,0.000000,0
3050,2026-09-10T07:19:56.571419+00:00,305.000339,baseline_switches_off,0.000000,0,0.000000,0
3051,2026-09-10T07:19:56.670725+00:00,305.100166,baseline_switches_off,0.000000,0,0.000000,0
3052,2026-09-10T07:19:56.770576+00:00,305.200112,baseline_switches_off,0.000000,0,0.000000,0
3053,2026-09-10T07:19:56.870548+00:00,305.300098,baseline_switches_off,0.000000,0,0.000000,0
3054,2026-09-10T07:19:56.970562+00:00,305.400098,baseline_switches_off,0.000000,0,0.000000,0
3055,2026-09-10T07:19:57.070571+00:00,305.500100,baseline_switches_off,0.000000,0,0.000000,0
3056,2026-09-10T07:19:57.170537+00:00,305.600094,baseline_switches_off,0.000000,0,0.000000,0
3057,2026-09-10T07:19:57.270531+00:00,305.700088,baseline_switches_off,0.000000,0,0.000000,0
3058,2026-09-10T07:19:57.370528+00:00,305.800090,baseline_switches_off,0.000000,0,0.000000,0
3059,2026-09-10T07:19:57.470713+00:00,305.900153,baseline_switches_off,0.000000,0,0.000000,0
3060,2026-09-10T07:19:57.570576+00:00,306.000109,baseline_switches_off,0.000000,0,0.000000,0
3061,2026-09-10T07:19:57.670536+00:00,306.100094,baseline_switches_off,0.000000,0,0.000000,0
3062,2026-09-10T07:19:57.770533+00:00,306.200090,baseline_switches_off,0.000000,0,0.000000,0
3063,2026-09-10T07:19:57.870529+00:00,306.300089,baseline_switches_off,0.000000,0,0.000000,0
3064,2026-09-10T07:19:57.970529+00:00,306.400089,baseline_switches_off,0.000000,0,0.000000,0
3065,2026-09-10T07:19:58.070533+00:00,306.500090,baseline_switches_off,0.000000,0,0.000000,0
3066,2026-09-10T07:19:58.170527+00:00,306.600088,baseline_switches_off,0.000000,0,0.000000,0
3067,2026-09-10T07:19:58.270572+00:00,306.700091,baseline_switches_off,0.000000,0,0.000000,0
3068,2026-09-10T07:19:58.370648+00:00,306.800126,baseline_switches_off,0.000000,0,0.000000,0
3069,2026-09-10T07:19:58.470568+00:00,306.900105,baseline_switches_off,0.000000,0,0.000000,0
3070,2026-09-10T07:19:58.570535+00:00,307.000094,baseline_switches_off,0.000000,0,0.000000,0
3071,2026-09-10T07:19:58.670575+00:00,307.100094,baseline_switches_off,0.000000,0,0.000000,0
3072,2026-09-10T07:19:58.770548+00:00,307.200097,baseline_switches_off,0.000000,0,0.000000,0
3073,2026-09-10T07:19:58.870531+00:00,307.300090,baseline_switches_off,0.000000,0,0.000000,0
3074,2026-09-10T07:19:58.970525+00:00,307.400088,baseline_switches_off,0.000000,0,0.000000,0
3075,2026-09-10T07:19:59.070535+00:00,307.500090,baseline_switches_off,0.000000,0,0.000000,0
3076,2026-09-10T07:19:59.170527+00:00,307.600088,baseline_switches_off,0.000000,0,0.000000,0
3077,2026-09-10T07:19:59.270534+00:00,307.700089,baseline_switches_off,0.000000,0,0.000000,0
3078,2026-09-10T07:19:59.370539+00:00,307.800091,baseline_switches_off,0.000000,0,0.000000,0
3079,2026-09-10T07:19:59.470529+00:00,307.900089,baseline_switches_off,0.000000,0,0.000000,0
3080,2026-09-10T07:19:59.570527+00:00,308.000087,baseline_switches_off,0.000000,0,0.000000,0
3081,2026-09-10T07:19:59.670721+00:00,308.100130,baseline_switches_off,0.000000,0,0.000000,0
3082,2026-09-10T07:19:59.770572+00:00,308.200110,baseline_switches_off,0.000000,0,0.000000,0
3083,2026-09-10T07:19:59.870542+00:00,308.300094,baseline_switches_off,0.000000,0,0.000000,0
3084,2026-09-10T07:19:59.970531+00:00,308.400090,baseline_switches_off,0.000000,0,0.000000,0
3085,2026-09-10T07:20:00.070533+00:00,308.500089,baseline_switches_off,0.000000,0,0.000000,0
3086,2026-09-10T07:20:00.170528+00:00,308.600088,baseline_switches_off,0.000000,0,0.000000,0
3087,2026-09-10T07:20:00.270531+00:00,308.700089,baseline_switches_off,0.000000,0,0.000000,0
3088,2026-09-10T07:20:00.370534+00:00,308.800089,baseline_switches_off,0.000000,0,0.000000,0
3089,2026-09-10T07:20:00.470552+00:00,308.900094,baseline_switches_off,0.000000,0,0.000000,0
3090,2026-09-10T07:20:00.570533+00:00,309.000092,baseline_switches_off,0.000000,0,0.000000,0
3091,2026-09-10T07:20:00.670529+00:00,309.100088,baseline_switches_off,0.000000,0,0.000000,0
3092,2026-09-10T07:20:00.770544+00:00,309.200090,baseline_switches_off,0.000000,0,0.000000,0
3093,2026-09-10T07:20:00.870534+00:00,309.300091,baseline_switches_off,0.000000,0,0.000000,0
3094,2026-09-10T07:20:00.970531+00:00,309.400089,baseline_switches_off,0.000000,0,0.000000,0
3095,2026-09-10T07:20:01.070535+00:00,309.500089,baseline_switches_off,0.000000,0,0.000000,0
3096,2026-09-10T07:20:01.170529+00:00,309.600088,baseline_switches_off,0.000000,0,0.000000,0
3097,2026-09-10T07:20:01.270534+00:00,309.700088,baseline_switches_off,0.000000,0,0.000000,0
3098,2026-09-10T07:20:01.370569+00:00,309.800099,baseline_switches_off,0.000000,0,0.000000,0
3099,2026-09-10T07:20:01.470545+00:00,309.900095,baseline_switches_off,0.000000,0,0.000000,0
3100,2026-09-10T07:20:01.571593+00:00,310.000089,baseline_switches_off,0.000000,0,0.000000,0
3101,2026-09-10T07:20:01.671944+00:00,310.100133,baseline_switches_off,0.000000,0,0.000000,0
3102,2026-09-10T07:20:01.771944+00:00,310.200136,baseline_switches_off,0.000000,0,0.000000,0
3103,2026-09-10T07:20:01.871936+00:00,310.300132,baseline_switches_off,0.000000,0,0.000000,0
3104,2026-09-10T07:20:01.971948+00:00,310.400130,baseline_switches_off,0.000000,0,0.000000,0
3105,2026-09-10T07:20:02.071950+00:00,310.500132,baseline_switches_off,0.000000,0,0.000000,0
3106,2026-09-10T07:20:02.171926+00:00,310.600131,baseline_switches_off,0.000000,0,0.000000,0
3107,2026-09-10T07:20:02.271926+00:00,310.700132,baseline_switches_off,0.000000,0,0.000000,0
3108,2026-09-10T07:20:02.371945+00:00,310.800132,baseline_switches_off,0.000000,0,0.000000,0
3109,2026-09-10T07:20:02.471953+00:00,310.900132,baseline_switches_off,0.000000,0,0.000000,0
3110,2026-09-10T07:20:02.572061+00:00,311.000161,baseline_switches_off,0.000000,0,0.000000,0
3111,2026-09-10T07:20:02.671966+00:00,311.100143,baseline_switches_off,0.000000,0,0.000000,0
3112,2026-09-10T07:20:02.771966+00:00,311.200136,baseline_switches_off,0.000000,0,0.000000,0
3113,2026-09-10T07:20:02.872117+00:00,311.300165,baseline_switches_off,0.000000,0,0.000000,0
3114,2026-09-10T07:20:02.971945+00:00,311.400142,baseline_switches_off,0.000000,0,0.000000,0
3115,2026-09-10T07:20:03.071932+00:00,311.500135,baseline_switches_off,0.000000,0,0.000000,0
3116,2026-09-10T07:20:03.171937+00:00,311.600132,baseline_switches_off,0.000000,0,0.000000,0
3117,2026-09-10T07:20:03.271934+00:00,311.700131,baseline_switches_off,0.000000,0,0.000000,0
3118,2026-09-10T07:20:03.371943+00:00,311.800131,baseline_switches_off,0.000000,0,0.000000,0
3119,2026-09-10T07:20:03.472191+00:00,311.900213,baseline_switches_off,0.000000,0,0.000000,0
3120,2026-09-10T07:20:03.572000+00:00,312.000171,baseline_switches_off,0.000000,0,0.000000,0
3121,2026-09-10T07:20:03.671940+00:00,312.100133,baseline_switches_off,0.000000,0,0.000000,0
3122,2026-09-10T07:20:03.771983+00:00,312.200143,baseline_switches_off,0.000000,0,0.000000,0
3123,2026-09-10T07:20:03.871962+00:00,312.300136,baseline_switches_off,0.000000,0,0.000000,0
3124,2026-09-10T07:20:03.971937+00:00,312.400133,baseline_switches_off,0.000000,0,0.000000,0
3125,2026-09-10T07:20:04.071951+00:00,312.500131,baseline_switches_off,0.000000,0,0.000000,0
3126,2026-09-10T07:20:04.171975+00:00,312.600135,baseline_switches_off,0.000000,0,0.000000,0
3127,2026-09-10T07:20:04.271931+00:00,312.700134,baseline_switches_off,0.000000,0,0.000000,0
3128,2026-09-10T07:20:04.371955+00:00,312.800131,baseline_switches_off,0.000000,0,0.000000,0
3129,2026-09-10T07:20:04.472192+00:00,312.900186,baseline_switches_off,0.000000,0,0.000000,0
3130,2026-09-10T07:20:04.571985+00:00,313.000156,baseline_switches_off,0.000000,0,0.000000,0
3131,2026-09-10T07:20:04.671976+00:00,313.100143,baseline_switches_off,0.000000,0,0.000000,0
3132,2026-09-10T07:20:04.771949+00:00,313.200138,baseline_switches_off,0.000000,0,0.000000,0
3133,2026-09-10T07:20:04.871940+00:00,313.300134,baseline_switches_off,0.000000,0,0.000000,0
3134,2026-09-10T07:20:04.971962+00:00,313.400137,baseline_switches_off,0.000000,0,0.000000,0
3135,2026-09-10T07:20:05.072196+00:00,313.500218,baseline_switches_off,0.000000,0,0.000000,0
3136,2026-09-10T07:20:05.171959+00:00,313.600146,baseline_switches_off,0.000000,0,0.000000,0
3137,2026-09-10T07:20:05.271956+00:00,313.700149,baseline_switches_off,0.000000,0,0.000000,0
3138,2026-09-10T07:20:05.371926+00:00,313.800123,baseline_switches_off,0.000000,0,0.000000,0
3139,2026-09-10T07:20:05.471963+00:00,313.900130,baseline_switches_off,0.000000,0,0.000000,0
3140,2026-09-10T07:20:05.571933+00:00,314.000131,baseline_switches_off,0.000000,0,0.000000,0
3141,2026-09-10T07:20:05.671927+00:00,314.100129,baseline_switches_off,0.000000,0,0.000000,0
3142,2026-09-10T07:20:05.771932+00:00,314.200133,baseline_switches_off,0.000000,0,0.000000,0
3143,2026-09-10T07:20:05.871923+00:00,314.300130,baseline_switches_off,0.000000,0,0.000000,0
3144,2026-09-10T07:20:05.971932+00:00,314.400132,baseline_switches_off,0.000000,0,0.000000,0
3145,2026-09-10T07:20:06.071941+00:00,314.500136,baseline_switches_off,0.000000,0,0.000000,0
3146,2026-09-10T07:20:06.171946+00:00,314.600124,baseline_switches_off,0.000000,0,0.000000,0
3147,2026-09-10T07:20:06.271976+00:00,314.700133,baseline_switches_off,0.000000,0,0.000000,0
3148,2026-09-10T07:20:06.371933+00:00,314.800131,baseline_switches_off,0.000000,0,0.000000,0
3149,2026-09-10T07:20:06.471927+00:00,314.900133,baseline_switches_off,0.000000,0,0.000000,0
3150,2026-09-10T07:20:06.571934+00:00,315.000133,baseline_switches_off,0.000000,0,0.000000,0
3151,2026-09-10T07:20:06.671948+00:00,315.100130,baseline_switches_off,0.000000,0,0.000000,0
3152,2026-09-10T07:20:06.771962+00:00,315.200132,baseline_switches_off,0.000000,0,0.000000,0
3153,2026-09-10T07:20:06.871964+00:00,315.300130,baseline_switches_off,0.000000,0,0.000000,0
3154,2026-09-10T07:20:06.971955+00:00,315.400133,baseline_switches_off,0.000000,0,0.000000,0
3155,2026-09-10T07:20:07.071975+00:00,315.500134,baseline_switches_off,0.000000,0,0.000000,0
3156,2026-09-10T07:20:07.171922+00:00,315.600133,baseline_switches_off,0.000000,0,0.000000,0
3157,2026-09-10T07:20:07.271933+00:00,315.700133,baseline_switches_off,0.000000,0,0.000000,0
3158,2026-09-10T07:20:07.371949+00:00,315.800144,baseline_switches_off,0.000000,0,0.000000,0
3159,2026-09-10T07:20:07.471933+00:00,315.900131,baseline_switches_off,0.000000,0,0.000000,0
3160,2026-09-10T07:20:07.571934+00:00,316.000131,baseline_switches_off,0.000000,0,0.000000,0
3161,2026-09-10T07:20:07.672044+00:00,316.100161,baseline_switches_off,0.000000,0,0.000000,0
3162,2026-09-10T07:20:07.771963+00:00,316.200142,baseline_switches_off,0.000000,0,0.000000,0
3163,2026-09-10T07:20:07.871930+00:00,316.300132,baseline_switches_off,0.000000,0,0.000000,0
3164,2026-09-10T07:20:07.971956+00:00,316.400133,baseline_switches_off,0.000000,0,0.000000,0
3165,2026-09-10T07:20:08.071930+00:00,316.500132,baseline_switches_off,0.000000,0,0.000000,0
3166,2026-09-10T07:20:08.171924+00:00,316.600130,baseline_switches_off,0.000000,0,0.000000,0
3167,2026-09-10T07:20:08.271950+00:00,316.700131,baseline_switches_off,0.000000,0,0.000000,0
3168,2026-09-10T07:20:08.371962+00:00,316.800130,baseline_switches_off,0.000000,0,0.000000,0
3169,2026-09-10T07:20:08.471990+00:00,316.900139,baseline_switches_off,0.000000,0,0.000000,0
3170,2026-09-10T07:20:08.571944+00:00,317.000136,baseline_switches_off,0.000000,0,0.000000,0
3171,2026-09-10T07:20:08.671929+00:00,317.100131,baseline_switches_off,0.000000,0,0.000000,0
3172,2026-09-10T07:20:08.771953+00:00,317.200135,baseline_switches_off,0.000000,0,0.000000,0
3173,2026-09-10T07:20:08.871955+00:00,317.300146,baseline_switches_off,0.000000,0,0.000000,0
3174,2026-09-10T07:20:08.971975+00:00,317.400167,baseline_switches_off,0.000000,0,0.000000,0
3175,2026-09-10T07:20:09.071976+00:00,317.500169,baseline_switches_off,0.000000,0,0.000000,0
3176,2026-09-10T07:20:09.171931+00:00,317.600128,baseline_switches_off,0.000000,0,0.000000,0
3177,2026-09-10T07:20:09.271953+00:00,317.700131,baseline_switches_off,0.000000,0,0.000000,0
3178,2026-09-10T07:20:09.371935+00:00,317.800133,baseline_switches_off,0.000000,0,0.000000,0
3179,2026-09-10T07:20:09.472216+00:00,317.900208,baseline_switches_off,0.000000,0,0.000000,0
3180,2026-09-10T07:20:09.571981+00:00,318.000151,baseline_switches_off,0.000000,0,0.000000,0
3181,2026-09-10T07:20:09.671932+00:00,318.100131,baseline_switches_off,0.000000,0,0.000000,0
3182,2026-09-10T07:20:09.771922+00:00,318.200132,baseline_switches_off,0.000000,0,0.000000,0
3183,2026-09-10T07:20:09.871926+00:00,318.300129,baseline_switches_off,0.000000,0,0.000000,0
3184,2026-09-10T07:20:09.971946+00:00,318.400133,baseline_switches_off,0.000000,0,0.000000,0
3185,2026-09-10T07:20:10.071963+00:00,318.500132,baseline_switches_off,0.000000,0,0.000000,0
3186,2026-09-10T07:20:10.171977+00:00,318.600135,baseline_switches_off,0.000000,0,0.000000,0
3187,2026-09-10T07:20:10.271930+00:00,318.700127,baseline_switches_off,0.000000,0,0.000000,0
3188,2026-09-10T07:20:10.372038+00:00,318.800129,baseline_switches_off,0.000000,0,0.000000,0
3189,2026-09-10T07:20:10.472011+00:00,318.900164,baseline_switches_off,0.000000,0,0.000000,0
3190,2026-09-10T07:20:10.571960+00:00,319.000142,baseline_switches_off,0.000000,0,0.000000,0
3191,2026-09-10T07:20:10.672014+00:00,319.100138,baseline_switches_off,0.000000,0,0.000000,0
3192,2026-09-10T07:20:10.771928+00:00,319.200134,baseline_switches_off,0.000000,0,0.000000,0
3193,2026-09-10T07:20:10.871931+00:00,319.300132,baseline_switches_off,0.000000,0,0.000000,0
3194,2026-09-10T07:20:10.971932+00:00,319.400129,baseline_switches_off,0.000000,0,0.000000,0
3195,2026-09-10T07:20:11.071954+00:00,319.500147,baseline_switches_off,0.000000,0,0.000000,0
3196,2026-09-10T07:20:11.171975+00:00,319.600169,baseline_switches_off,0.000000,0,0.000000,0
3197,2026-09-10T07:20:11.271926+00:00,319.700130,baseline_switches_off,0.000000,0,0.000000,0
3198,2026-09-10T07:20:11.371938+00:00,319.800134,baseline_switches_off,0.000000,0,0.000000,0
3199,2026-09-10T07:20:11.471937+00:00,319.900134,baseline_switches_off,0.000000,0,0.000000,0
3200,2026-09-10T07:20:11.571934+00:00,320.000133,baseline_switches_off,0.000000,0,0.000000,0
3201,2026-09-10T07:20:11.671944+00:00,320.100133,baseline_switches_off,0.000000,0,0.000000,0
3202,2026-09-10T07:20:11.771949+00:00,320.200131,baseline_switches_off,0.000000,0,0.000000,0
3203,2026-09-10T07:20:11.871922+00:00,320.300129,baseline_switches_off,0.000000,0,0.000000,0
3204,2026-09-10T07:20:11.971922+00:00,320.400130,baseline_switches_off,0.000000,0,0.000000,0
3205,2026-09-10T07:20:12.071931+00:00,320.500131,baseline_switches_off,0.000000,0,0.000000,0
3206,2026-09-10T07:20:12.171925+00:00,320.600132,baseline_switches_off,0.000000,0,0.000000,0
3207,2026-09-10T07:20:12.271924+00:00,320.700129,baseline_switches_off,0.000000,0,0.000000,0
3208,2026-09-10T07:20:12.371955+00:00,320.800133,baseline_switches_off,0.000000,0,0.000000,0
3209,2026-09-10T07:20:12.472013+00:00,320.900145,baseline_switches_off,0.000000,0,0.000000,0
3210,2026-09-10T07:20:12.571955+00:00,321.000135,baseline_switches_off,0.000000,0,0.000000,0
3211,2026-09-10T07:20:12.671959+00:00,321.100133,baseline_switches_off,0.000000,0,0.000000,0
3212,2026-09-10T07:20:12.772082+00:00,321.200161,baseline_switches_off,0.000000,0,0.000000,0
3213,2026-09-10T07:20:12.871953+00:00,321.300143,baseline_switches_off,0.000000,0,0.000000,0
3214,2026-09-10T07:20:12.971950+00:00,321.400132,baseline_switches_off,0.000000,0,0.000000,0
3215,2026-09-10T07:20:13.071944+00:00,321.500131,baseline_switches_off,0.000000,0,0.000000,0
3216,2026-09-10T07:20:13.171938+00:00,321.600129,baseline_switches_off,0.000000,0,0.000000,0
3217,2026-09-10T07:20:13.271945+00:00,321.700144,baseline_switches_off,0.000000,0,0.000000,0
3218,2026-09-10T07:20:13.371952+00:00,321.800130,baseline_switches_off,0.000000,0,0.000000,0
3219,2026-09-10T07:20:13.471943+00:00,321.900134,baseline_switches_off,0.000000,0,0.000000,0
3220,2026-09-10T07:20:13.571930+00:00,322.000129,baseline_switches_off,0.000000,0,0.000000,0
3221,2026-09-10T07:20:13.671947+00:00,322.100132,baseline_switches_off,0.000000,0,0.000000,0
3222,2026-09-10T07:20:13.771956+00:00,322.200131,baseline_switches_off,0.000000,0,0.000000,0
3223,2026-09-10T07:20:13.871925+00:00,322.300130,baseline_switches_off,0.000000,0,0.000000,0
3224,2026-09-10T07:20:13.971940+00:00,322.400129,baseline_switches_off,0.000000,0,0.000000,0
3225,2026-09-10T07:20:14.071969+00:00,322.500142,baseline_switches_off,0.000000,0,0.000000,0
3226,2026-09-10T07:20:14.171974+00:00,322.600133,baseline_switches_off,0.000000,0,0.000000,0
3227,2026-09-10T07:20:14.271965+00:00,322.700129,baseline_switches_off,0.000000,0,0.000000,0
3228,2026-09-10T07:20:14.371955+00:00,322.800130,baseline_switches_off,0.000000,0,0.000000,0
3229,2026-09-10T07:20:14.471987+00:00,322.900136,baseline_switches_off,0.000000,0,0.000000,0
3230,2026-09-10T07:20:14.571962+00:00,323.000131,baseline_switches_off,0.000000,0,0.000000,0
3231,2026-09-10T07:20:14.671943+00:00,323.100132,baseline_switches_off,0.000000,0,0.000000,0
3232,2026-09-10T07:20:14.771954+00:00,323.200147,baseline_switches_off,0.000000,0,0.000000,0
3233,2026-09-10T07:20:14.871941+00:00,323.300132,baseline_switches_off,0.000000,0,0.000000,0
3234,2026-09-10T07:20:14.971925+00:00,323.400131,baseline_switches_off,0.000000,0,0.000000,0
3235,2026-09-10T07:20:15.071952+00:00,323.500133,baseline_switches_off,0.000000,0,0.000000,0
3236,2026-09-10T07:20:15.171927+00:00,323.600130,baseline_switches_off,0.000000,0,0.000000,0
3237,2026-09-10T07:20:15.271939+00:00,323.700131,baseline_switches_off,0.000000,0,0.000000,0
3238,2026-09-10T07:20:15.371969+00:00,323.800146,baseline_switches_off,0.000000,0,0.000000,0
3239,2026-09-10T07:20:15.472206+00:00,323.900211,baseline_switches_off,0.000000,0,0.000000,0
3240,2026-09-10T07:20:15.571997+00:00,324.000150,baseline_switches_off,0.000000,0,0.000000,0
3241,2026-09-10T07:20:15.671978+00:00,324.100134,baseline_switches_off,0.000000,0,0.000000,0
3242,2026-09-10T07:20:15.771960+00:00,324.200135,baseline_switches_off,0.000000,0,0.000000,0
3243,2026-09-10T07:20:15.871929+00:00,324.300132,baseline_switches_off,0.000000,0,0.000000,0
3244,2026-09-10T07:20:15.971945+00:00,324.400131,baseline_switches_off,0.000000,0,0.000000,0
3245,2026-09-10T07:20:16.071936+00:00,324.500134,baseline_switches_off,0.000000,0,0.000000,0
3246,2026-09-10T07:20:16.171941+00:00,324.600131,baseline_switches_off,0.000000,0,0.000000,0
3247,2026-09-10T07:20:16.272142+00:00,324.700171,baseline_switches_off,0.000000,0,0.000000,0
3248,2026-09-10T07:20:16.371978+00:00,324.800149,baseline_switches_off,0.000000,0,0.000000,0
3249,2026-09-10T07:20:16.472216+00:00,324.900147,baseline_switches_off,0.000000,0,0.000000,0
3250,2026-09-10T07:20:16.572143+00:00,325.000221,baseline_switches_off,0.000000,0,0.000000,0
3251,2026-09-10T07:20:16.671993+00:00,325.100145,baseline_switches_off,0.000000,0,0.000000,0
3252,2026-09-10T07:20:16.771948+00:00,325.200137,baseline_switches_off,0.000000,0,0.000000,0
3253,2026-09-10T07:20:16.871941+00:00,325.300133,baseline_switches_off,0.000000,0,0.000000,0
3254,2026-09-10T07:20:16.971924+00:00,325.400132,baseline_switches_off,0.000000,0,0.000000,0
3255,2026-09-10T07:20:17.071946+00:00,325.500131,baseline_switches_off,0.000000,0,0.000000,0
3256,2026-09-10T07:20:17.171969+00:00,325.600130,baseline_switches_off,0.000000,0,0.000000,0
3257,2026-09-10T07:20:17.271923+00:00,325.700131,baseline_switches_off,0.000000,0,0.000000,0
3258,2026-09-10T07:20:17.371917+00:00,325.800129,baseline_switches_off,0.000000,0,0.000000,0
3259,2026-09-10T07:20:17.471956+00:00,325.900131,baseline_switches_off,0.000000,0,0.000000,0
3260,2026-09-10T07:20:17.571932+00:00,326.000131,baseline_switches_off,0.000000,0,0.000000,0
3261,2026-09-10T07:20:17.671971+00:00,326.100132,baseline_switches_off,0.000000,0,0.000000,0
3262,2026-09-10T07:20:17.771957+00:00,326.200132,baseline_switches_off,0.000000,0,0.000000,0
3263,2026-09-10T07:20:17.872077+00:00,326.300160,baseline_switches_off,0.000000,0,0.000000,0
3264,2026-09-10T07:20:17.971942+00:00,326.400143,baseline_switches_off,0.000000,0,0.000000,0
3265,2026-09-10T07:20:18.071946+00:00,326.500134,baseline_switches_off,0.000000,0,0.000000,0
3266,2026-09-10T07:20:18.171927+00:00,326.600122,baseline_switches_off,0.000000,0,0.000000,0
3267,2026-09-10T07:20:18.271972+00:00,326.700171,baseline_switches_off,0.000000,0,0.000000,0
3268,2026-09-10T07:20:18.371969+00:00,326.800167,baseline_switches_off,0.000000,0,0.000000,0
3269,2026-09-10T07:20:18.471943+00:00,326.900142,baseline_switches_off,0.000000,0,0.000000,0
3270,2026-09-10T07:20:18.571974+00:00,327.000168,baseline_switches_off,0.000000,0,0.000000,0
3271,2026-09-10T07:20:18.671969+00:00,327.100173,baseline_switches_off,0.000000,0,0.000000,0
3272,2026-09-10T07:20:18.771946+00:00,327.200134,baseline_switches_off,0.000000,0,0.000000,0
3273,2026-09-10T07:20:18.871979+00:00,327.300139,baseline_switches_off,0.000000,0,0.000000,0
3274,2026-09-10T07:20:18.971931+00:00,327.400132,baseline_switches_off,0.000000,0,0.000000,0
3275,2026-09-10T07:20:19.071950+00:00,327.500131,baseline_switches_off,0.000000,0,0.000000,0
3276,2026-09-10T07:20:19.171919+00:00,327.600129,baseline_switches_off,0.000000,0,0.000000,0
3277,2026-09-10T07:20:19.271925+00:00,327.700130,baseline_switches_off,0.000000,0,0.000000,0
3278,2026-09-10T07:20:19.371926+00:00,327.800130,baseline_switches_off,0.000000,0,0.000000,0
3279,2026-09-10T07:20:19.471919+00:00,327.900128,baseline_switches_off,0.000000,0,0.000000,0
3280,2026-09-10T07:20:19.571946+00:00,328.000130,baseline_switches_off,0.000000,0,0.000000,0
3281,2026-09-10T07:20:19.671975+00:00,328.100132,baseline_switches_off,0.000000,0,0.000000,0
3282,2026-09-10T07:20:19.771972+00:00,328.200131,baseline_switches_off,0.000000,0,0.000000,0
3283,2026-09-10T07:20:19.871957+00:00,328.300133,baseline_switches_off,0.000000,0,0.000000,0
3284,2026-09-10T07:20:19.971928+00:00,328.400131,baseline_switches_off,0.000000,0,0.000000,0
3285,2026-09-10T07:20:20.071923+00:00,328.500132,baseline_switches_off,0.000000,0,0.000000,0
3286,2026-09-10T07:20:20.172024+00:00,328.600151,baseline_switches_off,0.000000,0,0.000000,0
3287,2026-09-10T07:20:20.271952+00:00,328.700139,baseline_switches_off,0.000000,0,0.000000,0
3288,2026-09-10T07:20:20.372052+00:00,328.800165,baseline_switches_off,0.000000,0,0.000000,0
3289,2026-09-10T07:20:20.472173+00:00,328.900152,baseline_switches_off,0.000000,0,0.000000,0
3290,2026-09-10T07:20:20.572522+00:00,329.000493,first_movement_sequence_complete,0.000000,0,0.000000,0
3291,2026-09-10T07:20:20.672240+00:00,329.100179,first_movement_sequence_complete,0.000000,0,0.000000,0
3292,2026-09-10T07:20:20.772170+00:00,329.200171,first_movement_sequence_complete,0.000000,0,0.000000,0
3293,2026-09-10T07:20:20.872209+00:00,329.300179,first_movement_sequence_complete,0.000000,0,0.000000,0
3294,2026-09-10T07:20:20.972207+00:00,329.400177,first_movement_sequence_complete,0.000000,0,0.000000,0
3295,2026-09-10T07:20:21.072190+00:00,329.500168,first_movement_sequence_complete,0.000000,0,0.000000,0
3296,2026-09-10T07:20:21.172139+00:00,329.600173,first_movement_sequence_complete,0.000000,0,0.000000,0
3297,2026-09-10T07:20:21.272202+00:00,329.700178,first_movement_sequence_complete,0.000000,0,0.000000,0
3298,2026-09-10T07:20:21.372194+00:00,329.800176,first_movement_sequence_complete,0.000000,0,0.000000,0
3299,2026-09-10T07:20:21.472266+00:00,329.900201,first_movement_sequence_complete,0.000000,0,0.000000,0
3300,2026-09-10T07:20:21.572193+00:00,330.000175,first_movement_sequence_complete,0.000000,0,0.000000,0
3301,2026-09-10T07:20:21.672231+00:00,330.100209,first_movement_sequence_complete,0.000000,0,0.000000,0
3302,2026-09-10T07:20:21.772239+00:00,330.200173,first_movement_sequence_complete,0.000000,0,0.000000,0
3303,2026-09-10T07:20:21.872254+00:00,330.300180,first_movement_sequence_complete,0.000000,0,0.000000,0
3304,2026-09-10T07:20:21.972125+00:00,330.400172,first_movement_sequence_complete,0.000000,0,0.000000,0
3305,2026-09-10T07:20:22.072120+00:00,330.500169,first_movement_sequence_complete,0.000000,0,0.000000,0
3306,2026-09-10T07:20:22.172202+00:00,330.600171,first_movement_sequence_complete,0.000000,0,0.000000,0
3307,2026-09-10T07:20:22.272217+00:00,330.700169,first_movement_sequence_complete,0.000000,0,0.000000,0
3308,2026-09-10T07:20:22.372174+00:00,330.800179,first_movement_sequence_complete,0.000000,0,0.000000,0
3309,2026-09-10T07:20:22.472258+00:00,330.900176,first_movement_sequence_complete,0.000000,0,0.000000,0
3310,2026-09-10T07:20:22.572257+00:00,331.000173,first_movement_sequence_complete,0.000000,0,0.000000,0
3311,2026-09-10T07:20:22.672229+00:00,331.100181,first_movement_sequence_complete,0.000000,0,0.000000,0
3312,2026-09-10T07:20:22.772091+00:00,331.200172,first_movement_sequence_complete,0.000000,0,0.000000,0
3313,2026-09-10T07:20:22.871998+00:00,331.300155,first_movement_sequence_complete,0.000000,0,0.000000,0
3314,2026-09-10T07:20:22.972081+00:00,331.400169,first_movement_sequence_complete,0.000000,0,0.000000,0
3315,2026-09-10T07:20:23.071953+00:00,331.500147,first_movement_sequence_complete,0.000000,0,0.000000,0
3316,2026-09-10T07:20:23.171932+00:00,331.600133,first_movement_sequence_complete,0.000000,0,0.000000,0
3317,2026-09-10T07:20:23.271934+00:00,331.700130,first_movement_sequence_complete,0.000000,0,0.000000,0
3318,2026-09-10T07:20:23.371940+00:00,331.800133,first_movement_sequence_complete,0.000000,0,0.000000,0
3319,2026-09-10T07:20:23.471970+00:00,331.900170,first_movement_sequence_complete,0.000000,0,0.000000,0
3320,2026-09-10T07:20:23.571968+00:00,332.000168,first_movement_sequence_complete,0.000000,0,0.000000,0
3321,2026-09-10T07:20:23.671942+00:00,332.100143,first_movement_sequence_complete,0.000000,0,0.000000,0
3322,2026-09-10T07:20:23.771919+00:00,332.200128,first_movement_sequence_complete,0.000000,0,0.000000,0
3323,2026-09-10T07:20:23.871944+00:00,332.300136,first_movement_sequence_complete,0.000000,0,0.000000,0
3324,2026-09-10T07:20:23.971968+00:00,332.400136,first_movement_sequence_complete,0.000000,0,0.000000,0
3325,2026-09-10T07:20:24.071935+00:00,332.500133,first_movement_sequence_complete,0.000000,0,0.000000,0
3326,2026-09-10T07:20:24.171930+00:00,332.600131,first_movement_sequence_complete,0.000000,0,0.000000,0
3327,2026-09-10T07:20:24.271974+00:00,332.700143,first_movement_sequence_complete,0.000000,0,0.000000,0
3328,2026-09-10T07:20:24.371963+00:00,332.800136,first_movement_sequence_complete,0.000000,0,0.000000,0
3329,2026-09-10T07:20:24.472004+00:00,332.900141,first_movement_sequence_complete,0.000000,0,0.000000,0
3330,2026-09-10T07:20:24.571932+00:00,333.000134,first_movement_sequence_complete,0.000000,0,0.000000,0
3331,2026-09-10T07:20:24.671933+00:00,333.100133,first_movement_sequence_complete,0.000000,0,0.000000,0
3332,2026-09-10T07:20:24.771926+00:00,333.200131,first_movement_sequence_complete,0.000000,0,0.000000,0
3333,2026-09-10T07:20:24.871954+00:00,333.300131,first_movement_sequence_complete,0.000000,0,0.000000,0
3334,2026-09-10T07:20:24.971961+00:00,333.400136,first_movement_sequence_complete,0.000000,0,0.000000,0
3335,2026-09-10T07:20:25.072135+00:00,333.500169,first_movement_sequence_complete,0.000000,0,0.000000,0
3336,2026-09-10T07:20:25.171947+00:00,333.600145,first_movement_sequence_complete,0.000000,0,0.000000,0
3337,2026-09-10T07:20:25.271954+00:00,333.700139,first_movement_sequence_complete,0.000000,0,0.000000,0
3338,2026-09-10T07:20:25.371940+00:00,333.800135,first_movement_sequence_complete,0.000000,0,0.000000,0
3339,2026-09-10T07:20:25.471941+00:00,333.900145,first_movement_sequence_complete,0.000000,0,0.000000,0
3340,2026-09-10T07:20:25.572146+00:00,334.000204,first_movement_sequence_complete,0.000000,0,0.000000,0
3341,2026-09-10T07:20:25.671965+00:00,334.100157,first_movement_sequence_complete,0.000000,0,0.000000,0
3342,2026-09-10T07:20:25.771932+00:00,334.200132,first_movement_sequence_complete,0.000000,0,0.000000,0
3343,2026-09-10T07:20:25.871954+00:00,334.300131,first_movement_sequence_complete,0.000000,0,0.000000,0
3344,2026-09-10T07:20:25.971962+00:00,334.400133,first_movement_sequence_complete,0.000000,0,0.000000,0
3345,2026-09-10T07:20:26.071954+00:00,334.500136,first_movement_sequence_complete,0.000000,0,0.000000,0
3346,2026-09-10T07:20:26.171953+00:00,334.600133,first_movement_sequence_complete,0.000000,0,0.000000,0
3347,2026-09-10T07:20:26.271925+00:00,334.700131,first_movement_sequence_complete,0.000000,0,0.000000,0
3348,2026-09-10T07:20:26.371927+00:00,334.800131,first_movement_sequence_complete,0.000000,0,0.000000,0
3349,2026-09-10T07:20:26.472195+00:00,334.900192,first_movement_sequence_complete,0.000000,0,0.000000,0
3350,2026-09-10T07:20:26.571997+00:00,335.000148,first_movement_sequence_complete,0.000000,0,0.000000,0
3351,2026-09-10T07:20:26.671954+00:00,335.100133,first_movement_sequence_complete,0.000000,0,0.000000,0
3352,2026-09-10T07:20:26.771972+00:00,335.200131,first_movement_sequence_complete,0.000000,0,0.000000,0
3353,2026-09-10T07:20:26.871955+00:00,335.300133,first_movement_sequence_complete,0.000000,0,0.000000,0
3354,2026-09-10T07:20:26.971962+00:00,335.400129,first_movement_sequence_complete,0.000000,0,0.000000,0
3355,2026-09-10T07:20:27.071927+00:00,335.500133,first_movement_sequence_complete,0.000000,0,0.000000,0
3356,2026-09-10T07:20:27.171922+00:00,335.600130,first_movement_sequence_complete,0.000000,0,0.000000,0
3357,2026-09-10T07:20:27.271924+00:00,335.700130,first_movement_sequence_complete,0.000000,0,0.000000,0
3358,2026-09-10T07:20:27.371916+00:00,335.800125,first_movement_sequence_complete,0.000000,0,0.000000,0
3359,2026-09-10T07:20:27.472224+00:00,335.900216,first_movement_sequence_complete,0.000000,0,0.000000,0
3360,2026-09-10T07:20:27.572005+00:00,336.000191,first_movement_sequence_complete,0.000000,0,0.000000,0
3361,2026-09-10T07:20:27.671939+00:00,336.100132,first_movement_sequence_complete,0.000000,0,0.000000,0
3362,2026-09-10T07:20:27.771934+00:00,336.200130,first_movement_sequence_complete,0.000000,0,0.000000,0
3363,2026-09-10T07:20:27.871945+00:00,336.300130,first_movement_sequence_complete,0.000000,0,0.000000,0
3364,2026-09-10T07:20:27.971933+00:00,336.400132,first_movement_sequence_complete,0.000000,0,0.000000,0
3365,2026-09-10T07:20:28.072138+00:00,336.500166,first_movement_sequence_complete,0.000000,0,0.000000,0
3366,2026-09-10T07:20:28.172088+00:00,336.600171,first_movement_sequence_complete,0.000000,0,0.000000,0
3367,2026-09-10T07:20:28.271952+00:00,336.700142,first_movement_sequence_complete,0.000000,0,0.000000,0
3368,2026-09-10T07:20:28.372215+00:00,336.800199,first_movement_sequence_complete,0.000000,0,0.000000,0
3369,2026-09-10T07:20:28.472109+00:00,336.900180,first_movement_sequence_complete,0.000000,0,0.000000,0
3370,2026-09-10T07:20:28.572067+00:00,337.000158,first_movement_sequence_complete,0.000000,0,0.000000,0
3371,2026-09-10T07:20:28.672029+00:00,337.100148,first_movement_sequence_complete,0.000000,0,0.000000,0
3372,2026-09-10T07:20:28.772158+00:00,337.200174,first_movement_sequence_complete,0.000000,0,0.000000,0
3373,2026-09-10T07:20:28.871977+00:00,337.300153,first_movement_sequence_complete,0.000000,0,0.000000,0
3374,2026-09-10T07:20:28.972188+00:00,337.400182,first_movement_sequence_complete,0.000000,0,0.000000,0
3375,2026-09-10T07:20:29.072077+00:00,337.500169,first_movement_sequence_complete,0.000000,0,0.000000,0
3376,2026-09-10T07:20:29.171969+00:00,337.600166,first_movement_sequence_complete,0.000000,0,0.000000,0
3377,2026-09-10T07:20:29.271978+00:00,337.700136,first_movement_sequence_complete,0.000000,0,0.000000,0
3378,2026-09-10T07:20:29.372174+00:00,337.800172,first_movement_sequence_complete,0.000000,0,0.000000,0
3379,2026-09-10T07:20:29.471975+00:00,337.900149,first_movement_sequence_complete,0.000000,0,0.000000,0
3380,2026-09-10T07:20:29.571960+00:00,338.000138,first_movement_sequence_complete,0.000000,0,0.000000,0
3381,2026-09-10T07:20:29.671926+00:00,338.100131,first_movement_sequence_complete,0.000000,0,0.000000,0
3382,2026-09-10T07:20:29.771975+00:00,338.200135,first_movement_sequence_complete,0.000000,0,0.000000,0
3383,2026-09-10T07:20:29.872001+00:00,338.300139,first_movement_sequence_complete,0.000000,0,0.000000,0
3384,2026-09-10T07:20:29.971987+00:00,338.400138,first_movement_sequence_complete,0.000000,0,0.000000,0
3385,2026-09-10T07:20:30.071944+00:00,338.500136,first_movement_sequence_complete,0.000000,0,0.000000,0
3386,2026-09-10T07:20:30.171928+00:00,338.600133,first_movement_sequence_complete,0.000000,0,0.000000,0
3387,2026-09-10T07:20:30.271920+00:00,338.700129,first_movement_sequence_complete,0.000000,0,0.000000,0
3388,2026-09-10T07:20:30.372219+00:00,338.800193,first_movement_sequence_complete,0.000000,0,0.000000,0
3389,2026-09-10T07:20:30.471970+00:00,338.900152,first_movement_sequence_complete,0.000000,0,0.000000,0
3390,2026-09-10T07:20:30.572025+00:00,339.000156,first_movement_sequence_complete,0.000000,0,0.000000,0
3391,2026-09-10T07:20:30.671956+00:00,339.100157,first_movement_sequence_complete,0.000000,0,0.000000,0
3392,2026-09-10T07:20:30.771961+00:00,339.200135,first_movement_sequence_complete,0.000000,0,0.000000,0
3393,2026-09-10T07:20:30.872000+00:00,339.300136,first_movement_sequence_complete,0.000000,0,0.000000,0
3394,2026-09-10T07:20:30.972069+00:00,339.400159,first_movement_sequence_complete,0.000000,0,0.000000,0
3395,2026-09-10T07:20:31.071982+00:00,339.500146,first_movement_sequence_complete,0.000000,0,0.000000,0
3396,2026-09-10T07:20:31.171930+00:00,339.600135,first_movement_sequence_complete,0.000000,0,0.000000,0
3397,2026-09-10T07:20:31.271947+00:00,339.700131,first_movement_sequence_complete,0.000000,0,0.000000,0
3398,2026-09-10T07:20:31.371963+00:00,339.800129,first_movement_sequence_complete,0.000000,0,0.000000,0
3399,2026-09-10T07:20:31.472037+00:00,339.900153,first_movement_sequence_complete,0.000000,0,0.000000,0
3400,2026-09-10T07:20:31.571943+00:00,340.000141,first_movement_sequence_complete,0.000000,0,0.000000,0
3401,2026-09-10T07:20:31.671927+00:00,340.100131,first_movement_sequence_complete,0.000000,0,0.000000,0
3402,2026-09-10T07:20:31.771920+00:00,340.200122,first_movement_sequence_complete,0.000000,0,0.000000,0
3403,2026-09-10T07:20:31.871927+00:00,340.300130,first_movement_sequence_complete,0.000000,0,0.000000,0
3404,2026-09-10T07:20:31.971931+00:00,340.400129,first_movement_sequence_complete,0.000000,0,0.000000,0
3405,2026-09-10T07:20:32.072093+00:00,340.500164,first_movement_sequence_complete,0.000000,0,0.000000,0
3406,2026-09-10T07:20:32.171970+00:00,340.600147,first_movement_sequence_complete,0.000000,0,0.000000,0
3407,2026-09-10T07:20:32.272065+00:00,340.700163,first_movement_sequence_complete,0.000000,0,0.000000,0
3408,2026-09-10T07:20:32.371966+00:00,340.800159,first_movement_sequence_complete,0.000000,0,0.000000,0
3409,2026-09-10T07:20:32.471972+00:00,340.900144,first_movement_sequence_complete,0.000000,0,0.000000,0
3410,2026-09-10T07:20:32.571936+00:00,341.000135,first_movement_sequence_complete,0.000000,0,0.000000,0
3411,2026-09-10T07:20:32.671928+00:00,341.100130,first_movement_sequence_complete,0.000000,0,0.000000,0
3412,2026-09-10T07:20:32.771965+00:00,341.200136,first_movement_sequence_complete,0.000000,0,0.000000,0
3413,2026-09-10T07:20:32.871933+00:00,341.300134,first_movement_sequence_complete,0.000000,0,0.000000,0
3414,2026-09-10T07:20:32.971957+00:00,341.400130,first_movement_sequence_complete,0.000000,0,0.000000,0
3415,2026-09-10T07:20:33.071981+00:00,341.500134,first_movement_sequence_complete,0.000000,0,0.000000,0
3416,2026-09-10T07:20:33.172072+00:00,341.600166,first_movement_sequence_complete,0.000000,0,0.000000,0
3417,2026-09-10T07:20:33.271954+00:00,341.700147,first_movement_sequence_complete,0.000000,0,0.000000,0
3418,2026-09-10T07:20:33.371927+00:00,341.800131,first_movement_sequence_complete,0.000000,0,0.000000,0
3419,2026-09-10T07:20:33.472232+00:00,341.900196,first_movement_sequence_complete,0.000000,0,0.000000,0
3420,2026-09-10T07:20:33.572002+00:00,342.000149,first_movement_sequence_complete,0.000000,0,0.000000,0
3421,2026-09-10T07:20:33.671973+00:00,342.100132,first_movement_sequence_complete,0.000000,0,0.000000,0
3422,2026-09-10T07:20:33.771955+00:00,342.200132,first_movement_sequence_complete,0.000000,0,0.000000,0
3423,2026-09-10T07:20:33.871958+00:00,342.300131,first_movement_sequence_complete,0.000000,0,0.000000,0
3424,2026-09-10T07:20:33.971926+00:00,342.400130,first_movement_sequence_complete,0.000000,0,0.000000,0
3425,2026-09-10T07:20:34.071933+00:00,342.500130,first_movement_sequence_complete,0.000000,0,0.000000,0
3426,2026-09-10T07:20:34.171966+00:00,342.600134,first_movement_sequence_complete,0.000000,0,0.000000,0
3427,2026-09-10T07:20:34.271942+00:00,342.700135,first_movement_sequence_complete,0.000000,0,0.000000,0
3428,2026-09-10T07:20:34.371976+00:00,342.800170,first_movement_sequence_complete,0.000000,0,0.000000,0
3429,2026-09-10T07:20:34.472191+00:00,342.900190,first_movement_sequence_complete,0.000000,0,0.000000,0
3430,2026-09-10T07:20:34.572200+00:00,343.000209,first_movement_sequence_complete,0.000000,0,0.000000,0
3431,2026-09-10T07:20:34.671953+00:00,343.100146,first_movement_sequence_complete,0.000000,0,0.000000,0
3432,2026-09-10T07:20:34.771949+00:00,343.200133,first_movement_sequence_complete,0.000000,0,0.000000,0
3433,2026-09-10T07:20:34.871953+00:00,343.300131,first_movement_sequence_complete,0.000000,0,0.000000,0
3434,2026-09-10T07:20:34.972177+00:00,343.400178,first_movement_sequence_complete,0.000000,0,0.000000,0
3435,2026-09-10T07:20:35.071951+00:00,343.500148,first_movement_sequence_complete,0.000000,0,0.000000,0
3436,2026-09-10T07:20:35.171942+00:00,343.600135,first_movement_sequence_complete,0.000000,0,0.000000,0
3437,2026-09-10T07:20:35.271929+00:00,343.700132,first_movement_sequence_complete,0.000000,0,0.000000,0
3438,2026-09-10T07:20:35.371931+00:00,343.800132,first_movement_sequence_complete,0.000000,0,0.000000,0
3439,2026-09-10T07:20:35.471972+00:00,343.900140,first_movement_sequence_complete,0.000000,0,0.000000,0
3440,2026-09-10T07:20:35.571951+00:00,344.000136,first_movement_sequence_complete,0.000000,0,0.000000,0
3441,2026-09-10T07:20:35.672124+00:00,344.100163,first_movement_sequence_complete,0.000000,0,0.000000,0
3442,2026-09-10T07:20:35.772007+00:00,344.200148,first_movement_sequence_complete,0.000000,0,0.000000,0
3443,2026-09-10T07:20:35.871938+00:00,344.300130,first_movement_sequence_complete,0.000000,0,0.000000,0
3444,2026-09-10T07:20:35.971992+00:00,344.400138,first_movement_sequence_complete,0.000000,0,0.000000,0
3445,2026-09-10T07:20:36.071937+00:00,344.500136,first_movement_sequence_complete,0.000000,0,0.000000,0
3446,2026-09-10T07:20:36.171974+00:00,344.600135,first_movement_sequence_complete,0.000000,0,0.000000,0
3447,2026-09-10T07:20:36.271965+00:00,344.700138,first_movement_sequence_complete,0.000000,0,0.000000,0
3448,2026-09-10T07:20:36.371929+00:00,344.800133,first_movement_sequence_complete,0.000000,0,0.000000,0
3449,2026-09-10T07:20:36.471970+00:00,344.900140,first_movement_sequence_complete,0.000000,0,0.000000,0
3450,2026-09-10T07:20:36.571966+00:00,345.000134,first_movement_sequence_complete,0.000000,0,0.000000,0
3451,2026-09-10T07:20:36.671957+00:00,345.100136,first_movement_sequence_complete,0.000000,0,0.000000,0
3452,2026-09-10T07:20:36.771940+00:00,345.200132,first_movement_sequence_complete,0.000000,0,0.000000,0
3453,2026-09-10T07:20:36.871971+00:00,345.300174,first_movement_sequence_complete,0.000000,0,0.000000,0
3454,2026-09-10T07:20:36.971947+00:00,345.400144,first_movement_sequence_complete,0.000000,0,0.000000,0
3455,2026-09-10T07:20:37.071974+00:00,345.500172,first_movement_sequence_complete,0.000000,0,0.000000,0
3456,2026-09-10T07:20:37.171924+00:00,345.600130,first_movement_sequence_complete,0.000000,0,0.000000,0
3457,2026-09-10T07:20:37.271937+00:00,345.700132,first_movement_sequence_complete,0.000000,0,0.000000,0
3458,2026-09-10T07:20:37.371951+00:00,345.800130,first_movement_sequence_complete,0.000000,0,0.000000,0
3459,2026-09-10T07:20:37.471926+00:00,345.900132,first_movement_sequence_complete,0.000000,0,0.000000,0
3460,2026-09-10T07:20:37.571933+00:00,346.000130,first_movement_sequence_complete,0.000000,0,0.000000,0
3461,2026-09-10T07:20:37.671952+00:00,346.100131,first_movement_sequence_complete,0.000000,0,0.000000,0
3462,2026-09-10T07:20:37.771919+00:00,346.200130,first_movement_sequence_complete,0.000000,0,0.000000,0
3463,2026-09-10T07:20:37.871940+00:00,346.300130,first_movement_sequence_complete,0.000000,0,0.000000,0
3464,2026-09-10T07:20:37.971931+00:00,346.400130,first_movement_sequence_complete,0.000000,0,0.000000,0
3465,2026-09-10T07:20:38.071942+00:00,346.500132,first_movement_sequence_complete,0.000000,0,0.000000,0
3466,2026-09-10T07:20:38.171963+00:00,346.600129,first_movement_sequence_complete,0.000000,0,0.000000,0
3467,2026-09-10T07:20:38.272072+00:00,346.700162,first_movement_sequence_complete,0.000000,0,0.000000,0
3468,2026-09-10T07:20:38.371946+00:00,346.800142,first_movement_sequence_complete,0.000000,0,0.000000,0
3469,2026-09-10T07:20:38.471951+00:00,346.900134,first_movement_sequence_complete,0.000000,0,0.000000,0
3470,2026-09-10T07:20:38.571931+00:00,347.000133,first_movement_sequence_complete,0.000000,0,0.000000,0
3471,2026-09-10T07:20:38.671929+00:00,347.100130,first_movement_sequence_complete,0.000000,0,0.000000,0
3472,2026-09-10T07:20:38.771995+00:00,347.200177,first_movement_sequence_complete,0.000000,0,0.000000,0
3473,2026-09-10T07:20:38.871928+00:00,347.300130,first_movement_sequence_complete,0.000000,0,0.000000,0
3474,2026-09-10T07:20:38.971946+00:00,347.400131,first_movement_sequence_complete,0.000000,0,0.000000,0
3475,2026-09-10T07:20:39.071963+00:00,347.500135,first_movement_sequence_complete,0.000000,0,0.000000,0
3476,2026-09-10T07:20:39.171930+00:00,347.600131,first_movement_sequence_complete,0.000000,0,0.000000,0
3477,2026-09-10T07:20:39.271941+00:00,347.700132,first_movement_sequence_complete,0.000000,0,0.000000,0
3478,2026-09-10T07:20:39.371932+00:00,347.800130,first_movement_sequence_complete,0.000000,0,0.000000,0
3479,2026-09-10T07:20:39.472191+00:00,347.900182,first_movement_sequence_complete,0.000000,0,0.000000,0
3480,2026-09-10T07:20:39.571948+00:00,348.000146,first_movement_sequence_complete,0.000000,0,0.000000,0
3481,2026-09-10T07:20:39.671922+00:00,348.100130,first_movement_sequence_complete,0.000000,0,0.000000,0
3482,2026-09-10T07:20:39.771930+00:00,348.200131,first_movement_sequence_complete,0.000000,0,0.000000,0
3483,2026-09-10T07:20:39.871922+00:00,348.300129,first_movement_sequence_complete,0.000000,0,0.000000,0
3484,2026-09-10T07:20:39.971949+00:00,348.400130,first_movement_sequence_complete,0.000000,0,0.000000,0
3485,2026-09-10T07:20:40.071967+00:00,348.500130,first_movement_sequence_complete,0.000000,0,0.000000,0
3486,2026-09-10T07:20:40.171972+00:00,348.600129,first_movement_sequence_complete,0.000000,0,0.000000,0
3487,2026-09-10T07:20:40.272028+00:00,348.700149,first_movement_sequence_complete,0.000000,0,0.000000,0
3488,2026-09-10T07:20:40.372053+00:00,348.800168,first_movement_sequence_complete,0.000000,0,0.000000,0
3489,2026-09-10T07:20:40.471977+00:00,348.900152,first_movement_sequence_complete,0.000000,0,0.000000,0
3490,2026-09-10T07:20:40.571936+00:00,349.000136,first_movement_sequence_complete,0.000000,0,0.000000,0
3491,2026-09-10T07:20:40.671968+00:00,349.100138,first_movement_sequence_complete,0.000000,0,0.000000,0
3492,2026-09-10T07:20:40.771938+00:00,349.200134,first_movement_sequence_complete,0.000000,0,0.000000,0
3493,2026-09-10T07:20:40.871944+00:00,349.300145,first_movement_sequence_complete,0.000000,0,0.000000,0
3494,2026-09-10T07:20:40.971963+00:00,349.400168,first_movement_sequence_complete,0.000000,0,0.000000,0
3495,2026-09-10T07:20:41.071954+00:00,349.500144,first_movement_sequence_complete,0.000000,0,0.000000,0
3496,2026-09-10T07:20:41.171933+00:00,349.600132,first_movement_sequence_complete,0.000000,0,0.000000,0
3497,2026-09-10T07:20:41.271929+00:00,349.700130,first_movement_sequence_complete,0.000000,0,0.000000,0
3498,2026-09-10T07:20:41.371965+00:00,349.800132,first_movement_sequence_complete,0.000000,0,0.000000,0
3499,2026-09-10T07:20:41.471934+00:00,349.900134,first_movement_sequence_complete,0.000000,0,0.000000,0
3500,2026-09-10T07:20:41.571924+00:00,350.000130,first_movement_sequence_complete,0.000000,0,0.000000,0
3501,2026-09-10T07:20:41.671927+00:00,350.100131,first_movement_sequence_complete,0.000000,0,0.000000,0
3502,2026-09-10T07:20:41.771931+00:00,350.200130,first_movement_sequence_complete,0.000000,0,0.000000,0
3503,2026-09-10T07:20:41.871941+00:00,350.300130,first_movement_sequence_complete,0.000000,0,0.000000,0
3504,2026-09-10T07:20:41.971964+00:00,350.400131,first_movement_sequence_complete,0.000000,0,0.000000,0
3505,2026-09-10T07:20:42.071947+00:00,350.500131,first_movement_sequence_complete,0.000000,0,0.000000,0
3506,2026-09-10T07:20:42.171968+00:00,350.600132,first_movement_sequence_complete,0.000000,0,0.000000,0
3507,2026-09-10T07:20:42.271926+00:00,350.700130,first_movement_sequence_complete,0.000000,0,0.000000,0
3508,2026-09-10T07:20:42.371961+00:00,350.800131,first_movement_sequence_complete,0.000000,0,0.000000,0
3509,2026-09-10T07:20:42.471955+00:00,350.900139,first_movement_sequence_complete,0.000000,0,0.000000,0
3510,2026-09-10T07:20:42.571974+00:00,351.000173,first_movement_sequence_complete,0.000000,0,0.000000,0
3511,2026-09-10T07:20:42.671970+00:00,351.100169,first_movement_sequence_complete,0.000000,0,0.000000,0
3512,2026-09-10T07:20:42.771967+00:00,351.200129,first_movement_sequence_complete,0.000000,0,0.000000,0
3513,2026-09-10T07:20:42.871969+00:00,351.300131,first_movement_sequence_complete,0.000000,0,0.000000,0
3514,2026-09-10T07:20:42.971928+00:00,351.400130,first_movement_sequence_complete,0.000000,0,0.000000,0
3515,2026-09-10T07:20:43.071960+00:00,351.500131,first_movement_sequence_complete,0.000000,0,0.000000,0
3516,2026-09-10T07:20:43.171931+00:00,351.600132,first_movement_sequence_complete,0.000000,0,0.000000,0
3517,2026-09-10T07:20:43.271930+00:00,351.700130,first_movement_sequence_complete,0.000000,0,0.000000,0
3518,2026-09-10T07:20:43.372055+00:00,351.800164,first_movement_sequence_complete,0.000000,0,0.000000,0
3519,2026-09-10T07:20:43.471951+00:00,351.900145,first_movement_sequence_complete,0.000000,0,0.000000,0
3520,2026-09-10T07:20:43.571954+00:00,352.000131,first_movement_sequence_complete,0.000000,0,0.000000,0
3521,2026-09-10T07:20:43.671970+00:00,352.100130,first_movement_sequence_complete,0.000000,0,0.000000,0
3522,2026-09-10T07:20:43.771967+00:00,352.200125,first_movement_sequence_complete,0.000000,0,0.000000,0
3523,2026-09-10T07:20:43.871974+00:00,352.300131,first_movement_sequence_complete,0.000000,0,0.000000,0
3524,2026-09-10T07:20:43.971931+00:00,352.400129,first_movement_sequence_complete,0.000000,0,0.000000,0
3525,2026-09-10T07:20:44.071936+00:00,352.500131,first_movement_sequence_complete,0.000000,0,0.000000,0
3526,2026-09-10T07:20:44.171932+00:00,352.600131,first_movement_sequence_complete,0.000000,0,0.000000,0
3527,2026-09-10T07:20:44.271949+00:00,352.700133,first_movement_sequence_complete,0.000000,0,0.000000,0
3528,2026-09-10T07:20:44.371950+00:00,352.800134,first_movement_sequence_complete,0.000000,0,0.000000,0
3529,2026-09-10T07:20:44.472019+00:00,352.900144,first_movement_sequence_complete,0.000000,0,0.000000,0
3530,2026-09-10T07:20:44.571935+00:00,353.000135,first_movement_sequence_complete,0.000000,0,0.000000,0
3531,2026-09-10T07:20:44.671929+00:00,353.100131,first_movement_sequence_complete,0.000000,0,0.000000,0
3532,2026-09-10T07:20:44.771985+00:00,353.200153,first_movement_sequence_complete,0.000000,0,0.000000,0
3533,2026-09-10T07:20:44.871976+00:00,353.300172,first_movement_sequence_complete,0.000000,0,0.000000,0
3534,2026-09-10T07:20:44.971929+00:00,353.400131,first_movement_sequence_complete,0.000000,0,0.000000,0
3535,2026-09-10T07:20:45.071954+00:00,353.500133,first_movement_sequence_complete,0.000000,0,0.000000,0
3536,2026-09-10T07:20:45.171928+00:00,353.600132,first_movement_sequence_complete,0.000000,0,0.000000,0
3537,2026-09-10T07:20:45.272074+00:00,353.700170,first_movement_sequence_complete,0.000000,0,0.000000,0
3538,2026-09-10T07:20:45.371965+00:00,353.800143,first_movement_sequence_complete,0.000000,0,0.000000,0
3539,2026-09-10T07:20:45.472214+00:00,353.900217,first_movement_sequence_complete,0.000000,0,0.000000,0
3540,2026-09-10T07:20:45.571947+00:00,354.000149,first_movement_sequence_complete,0.000000,0,0.000000,0
3541,2026-09-10T07:20:45.671930+00:00,354.100135,first_movement_sequence_complete,0.000000,0,0.000000,0
3542,2026-09-10T07:20:45.771937+00:00,354.200134,first_movement_sequence_complete,0.000000,0,0.000000,0
3543,2026-09-10T07:20:45.871934+00:00,354.300133,first_movement_sequence_complete,0.000000,0,0.000000,0
3544,2026-09-10T07:20:45.971948+00:00,354.400132,first_movement_sequence_complete,0.000000,0,0.000000,0
3545,2026-09-10T07:20:46.071964+00:00,354.500133,first_movement_sequence_complete,0.000000,0,0.000000,0
3546,2026-09-10T07:20:46.171951+00:00,354.600133,first_movement_sequence_complete,0.000000,0,0.000000,0
3547,2026-09-10T07:20:46.272003+00:00,354.700132,first_movement_sequence_complete,0.000000,0,0.000000,0
3548,2026-09-10T07:20:46.372083+00:00,354.800166,first_movement_sequence_complete,0.000000,0,0.000000,0
3549,2026-09-10T07:20:46.471956+00:00,354.900146,first_movement_sequence_complete,0.000000,0,0.000000,0
3550,2026-09-10T07:20:46.571989+00:00,355.000149,first_movement_sequence_complete,0.000000,0,0.000000,0
3551,2026-09-10T07:20:46.671956+00:00,355.100142,first_movement_sequence_complete,0.000000,0,0.000000,0
3552,2026-09-10T07:20:46.771933+00:00,355.200135,first_movement_sequence_complete,0.000000,0,0.000000,0
3553,2026-09-10T07:20:46.871933+00:00,355.300129,first_movement_sequence_complete,0.000000,0,0.000000,0
3554,2026-09-10T07:20:46.971946+00:00,355.400145,first_movement_sequence_complete,0.000000,0,0.000000,0
3555,2026-09-10T07:20:47.071936+00:00,355.500129,first_movement_sequence_complete,0.000000,0,0.000000,0
3556,2026-09-10T07:20:47.171959+00:00,355.600132,first_movement_sequence_complete,0.000000,0,0.000000,0
3557,2026-09-10T07:20:47.271923+00:00,355.700130,first_movement_sequence_complete,0.000000,0,0.000000,0
3558,2026-09-10T07:20:47.371941+00:00,355.800132,first_movement_sequence_complete,0.000000,0,0.000000,0
3559,2026-09-10T07:20:47.471945+00:00,355.900133,first_movement_sequence_complete,0.000000,0,0.000000,0
3560,2026-09-10T07:20:47.571927+00:00,356.000131,first_movement_sequence_complete,0.000000,0,0.000000,0
3561,2026-09-10T07:20:47.671956+00:00,356.100133,first_movement_sequence_complete,0.000000,0,0.000000,0
3562,2026-09-10T07:20:47.771934+00:00,356.200131,first_movement_sequence_complete,0.000000,0,0.000000,0
3563,2026-09-10T07:20:47.871976+00:00,356.300131,first_movement_sequence_complete,0.000000,0,0.000000,0
3564,2026-09-10T07:20:47.971928+00:00,356.400131,first_movement_sequence_complete,0.000000,0,0.000000,0
3565,2026-09-10T07:20:48.071952+00:00,356.500132,first_movement_sequence_complete,0.000000,0,0.000000,0
3566,2026-09-10T07:20:48.171948+00:00,356.600133,first_movement_sequence_complete,0.000000,0,0.000000,0
3567,2026-09-10T07:20:48.271977+00:00,356.700170,first_movement_sequence_complete,0.000000,0,0.000000,0
3568,2026-09-10T07:20:48.371970+00:00,356.800172,first_movement_sequence_complete,0.000000,0,0.000000,0
3569,2026-09-10T07:20:48.472107+00:00,356.900180,first_movement_sequence_complete,0.000000,0,0.000000,0
3570,2026-09-10T07:20:48.571972+00:00,357.000160,first_movement_sequence_complete,0.000000,0,0.000000,0
3571,2026-09-10T07:20:48.671942+00:00,357.100134,first_movement_sequence_complete,0.000000,0,0.000000,0
3572,2026-09-10T07:20:48.771950+00:00,357.200133,first_movement_sequence_complete,0.000000,0,0.000000,0
3573,2026-09-10T07:20:48.871955+00:00,357.300136,first_movement_sequence_complete,0.000000,0,0.000000,0
3574,2026-09-10T07:20:48.971936+00:00,357.400133,first_movement_sequence_complete,0.000000,0,0.000000,0
3575,2026-09-10T07:20:49.071950+00:00,357.500131,first_movement_sequence_complete,0.000000,0,0.000000,0
3576,2026-09-10T07:20:49.171925+00:00,357.600134,first_movement_sequence_complete,0.000000,0,0.000000,0
3577,2026-09-10T07:20:49.271946+00:00,357.700132,first_movement_sequence_complete,0.000000,0,0.000000,0
3578,2026-09-10T07:20:49.371967+00:00,357.800132,first_movement_sequence_complete,0.000000,0,0.000000,0
3579,2026-09-10T07:20:49.471960+00:00,357.900131,first_movement_sequence_complete,0.000000,0,0.000000,0
3580,2026-09-10T07:20:49.571950+00:00,358.000134,first_movement_sequence_complete,0.000000,0,0.000000,0
3581,2026-09-10T07:20:49.671923+00:00,358.100132,first_movement_sequence_complete,0.000000,0,0.000000,0
3582,2026-09-10T07:20:49.771917+00:00,358.200129,first_movement_sequence_complete,0.000000,0,0.000000,0
3583,2026-09-10T07:20:49.871951+00:00,358.300136,first_movement_sequence_complete,0.000000,0,0.000000,0
3584,2026-09-10T07:20:49.971950+00:00,358.400133,first_movement_sequence_complete,0.000000,0,0.000000,0
3585,2026-09-10T07:20:50.071929+00:00,358.500133,first_movement_sequence_complete,0.000000,0,0.000000,0
3586,2026-09-10T07:20:50.171969+00:00,358.600169,first_movement_sequence_complete,0.000000,0,0.000000,0
3587,2026-09-10T07:20:50.271952+00:00,358.700147,first_movement_sequence_complete,0.000000,0,0.000000,0
3588,2026-09-10T07:20:50.371970+00:00,358.800170,first_movement_sequence_complete,0.000000,0,0.000000,0
3589,2026-09-10T07:20:50.472238+00:00,358.900265,first_movement_sequence_complete,0.000000,0,0.000000,0
3590,2026-09-10T07:20:50.571978+00:00,359.000161,first_movement_sequence_complete,0.000000,0,0.000000,0
3591,2026-09-10T07:20:50.671935+00:00,359.100133,first_movement_sequence_complete,0.000000,0,0.000000,0
3592,2026-09-10T07:20:50.771936+00:00,359.200130,first_movement_sequence_complete,0.000000,0,0.000000,0
3593,2026-09-10T07:20:50.871944+00:00,359.300135,first_movement_sequence_complete,0.000000,0,0.000000,0
3594,2026-09-10T07:20:50.971952+00:00,359.400132,first_movement_sequence_complete,0.000000,0,0.000000,0
3595,2026-09-10T07:20:51.071924+00:00,359.500132,first_movement_sequence_complete,0.000000,0,0.000000,0
3596,2026-09-10T07:20:51.171942+00:00,359.600132,first_movement_sequence_complete,0.000000,0,0.000000,0
3597,2026-09-10T07:20:51.271956+00:00,359.700132,first_movement_sequence_complete,0.000000,0,0.000000,0
3598,2026-09-10T07:20:51.371964+00:00,359.800131,first_movement_sequence_complete,0.000000,0,0.000000,0
3599,2026-09-10T07:20:51.472212+00:00,359.900216,first_movement_sequence_complete,0.000000,0,0.000000,0
3600,2026-09-10T07:20:51.571958+00:00,360.000150,first_movement_sequence_complete,0.000000,0,0.000000,0
3601,2026-09-10T07:20:51.671931+00:00,360.100134,first_movement_sequence_complete,0.000000,0,0.000000,0
3602,2026-09-10T07:20:51.771924+00:00,360.200132,first_movement_sequence_complete,0.000000,0,0.000000,0
3603,2026-09-10T07:20:51.871957+00:00,360.300136,first_movement_sequence_complete,0.000000,0,0.000000,0
3604,2026-09-10T07:20:51.971942+00:00,360.400131,first_movement_sequence_complete,0.000000,0,0.000000,0
3605,2026-09-10T07:20:52.071972+00:00,360.500173,first_movement_sequence_complete,0.000000,0,0.000000,0
3606,2026-09-10T07:20:52.171924+00:00,360.600130,first_movement_sequence_complete,0.000000,0,0.000000,0
3607,2026-09-10T07:20:52.271953+00:00,360.700129,first_movement_sequence_complete,0.000000,0,0.000000,0
3608,2026-09-10T07:20:52.371976+00:00,360.800130,first_movement_sequence_complete,0.000000,0,0.000000,0
3609,2026-09-10T07:20:52.472159+00:00,360.900174,first_movement_sequence_complete,0.000000,0,0.000000,0
3610,2026-09-10T07:20:52.572017+00:00,361.000152,first_movement_sequence_complete,0.000000,0,0.000000,0
3611,2026-09-10T07:20:52.671936+00:00,361.100138,first_movement_sequence_complete,0.000000,0,0.000000,0
3612,2026-09-10T07:20:52.771922+00:00,361.200130,first_movement_sequence_complete,0.000000,0,0.000000,0
3613,2026-09-10T07:20:52.871933+00:00,361.300131,first_movement_sequence_complete,0.000000,0,0.000000,0
3614,2026-09-10T07:20:52.971953+00:00,361.400137,first_movement_sequence_complete,0.000000,0,0.000000,0
3615,2026-09-10T07:20:53.071930+00:00,361.500130,first_movement_sequence_complete,0.000000,0,0.000000,0
3616,2026-09-10T07:20:53.171933+00:00,361.600130,first_movement_sequence_complete,0.000000,0,0.000000,0
3617,2026-09-10T07:20:53.271929+00:00,361.700131,first_movement_sequence_complete,0.000000,0,0.000000,0
3618,2026-09-10T07:20:53.371952+00:00,361.800135,first_movement_sequence_complete,0.000000,0,0.000000,0
3619,2026-09-10T07:20:53.471963+00:00,361.900131,first_movement_sequence_complete,0.000000,0,0.000000,0
3620,2026-09-10T07:20:53.572084+00:00,362.000158,first_movement_sequence_complete,0.000000,0,0.000000,0
3621,2026-09-10T07:20:53.671974+00:00,362.100145,first_movement_sequence_complete,0.000000,0,0.000000,0
3622,2026-09-10T07:20:53.771924+00:00,362.200131,first_movement_sequence_complete,0.000000,0,0.000000,0
3623,2026-09-10T07:20:53.871930+00:00,362.300132,first_movement_sequence_complete,0.000000,0,0.000000,0
3624,2026-09-10T07:20:53.971924+00:00,362.400130,first_movement_sequence_complete,0.000000,0,0.000000,0
3625,2026-09-10T07:20:54.071948+00:00,362.500131,first_movement_sequence_complete,0.000000,0,0.000000,0
3626,2026-09-10T07:20:54.171947+00:00,362.600136,first_movement_sequence_complete,0.000000,0,0.000000,0
3627,2026-09-10T07:20:54.271964+00:00,362.700169,first_movement_sequence_complete,0.000000,0,0.000000,0
3628,2026-09-10T07:20:54.371961+00:00,362.800145,first_movement_sequence_complete,0.000000,0,0.000000,0
3629,2026-09-10T07:20:54.471941+00:00,362.900135,first_movement_sequence_complete,0.000000,0,0.000000,0
3630,2026-09-10T07:20:54.571935+00:00,363.000132,first_movement_sequence_complete,0.000000,0,0.000000,0
3631,2026-09-10T07:20:54.671938+00:00,363.100133,first_movement_sequence_complete,0.000000,0,0.000000,0
3632,2026-09-10T07:20:54.771945+00:00,363.200131,first_movement_sequence_complete,0.000000,0,0.000000,0
3633,2026-09-10T07:20:54.871929+00:00,363.300130,first_movement_sequence_complete,0.000000,0,0.000000,0
3634,2026-09-10T07:20:54.971979+00:00,363.400144,first_movement_sequence_complete,0.000000,0,0.000000,0
3635,2026-09-10T07:20:55.071949+00:00,363.500137,first_movement_sequence_complete,0.000000,0,0.000000,0
3636,2026-09-10T07:20:55.171959+00:00,363.600134,first_movement_sequence_complete,0.000000,0,0.000000,0
3637,2026-09-10T07:20:55.271960+00:00,363.700135,first_movement_sequence_complete,0.000000,0,0.000000,0
3638,2026-09-10T07:20:55.371942+00:00,363.800133,first_movement_sequence_complete,0.000000,0,0.000000,0
3639,2026-09-10T07:20:55.471925+00:00,363.900131,first_movement_sequence_complete,0.000000,0,0.000000,0
3640,2026-09-10T07:20:55.571934+00:00,364.000133,first_movement_sequence_complete,0.000000,0,0.000000,0
3641,2026-09-10T07:20:55.671958+00:00,364.100133,first_movement_sequence_complete,0.000000,0,0.000000,0
3642,2026-09-10T07:20:55.771961+00:00,364.200131,first_movement_sequence_complete,0.000000,0,0.000000,0
3643,2026-09-10T07:20:55.871965+00:00,364.300131,first_movement_sequence_complete,0.000000,0,0.000000,0
3644,2026-09-10T07:20:55.972041+00:00,364.400144,first_movement_sequence_complete,0.000000,0,0.000000,0
3645,2026-09-10T07:20:56.071959+00:00,364.500142,first_movement_sequence_complete,0.000000,0,0.000000,0
3646,2026-09-10T07:20:56.171938+00:00,364.600133,first_movement_sequence_complete,0.000000,0,0.000000,0
3647,2026-09-10T07:20:56.271936+00:00,364.700133,first_movement_sequence_complete,0.000000,0,0.000000,0
3648,2026-09-10T07:20:56.371942+00:00,364.800132,first_movement_sequence_complete,0.000000,0,0.000000,0
3649,2026-09-10T07:20:56.472008+00:00,364.900151,first_movement_sequence_complete,0.000000,0,0.000000,0
3650,2026-09-10T07:20:56.571940+00:00,365.000129,first_movement_sequence_complete,0.000000,0,0.000000,0
3651,2026-09-10T07:20:56.671947+00:00,365.100131,first_movement_sequence_complete,0.000000,0,0.000000,0
3652,2026-09-10T07:20:56.771948+00:00,365.200145,first_movement_sequence_complete,0.000000,0,0.000000,0
3653,2026-09-10T07:20:56.871975+00:00,365.300168,first_movement_sequence_complete,0.000000,0,0.000000,0
3654,2026-09-10T07:20:56.971935+00:00,365.400130,first_movement_sequence_complete,0.000000,0,0.000000,0
3655,2026-09-10T07:20:57.071925+00:00,365.500130,first_movement_sequence_complete,0.000000,0,0.000000,0
3656,2026-09-10T07:20:57.171957+00:00,365.600134,first_movement_sequence_complete,0.000000,0,0.000000,0
3657,2026-09-10T07:20:57.271925+00:00,365.700130,first_movement_sequence_complete,0.000000,0,0.000000,0
3658,2026-09-10T07:20:57.371938+00:00,365.800124,first_movement_sequence_complete,0.000000,0,0.000000,0
3659,2026-09-10T07:20:57.472208+00:00,365.900208,first_movement_sequence_complete,0.000000,0,0.000000,0
3660,2026-09-10T07:20:57.571949+00:00,366.000149,first_movement_sequence_complete,0.000000,0,0.000000,0
3661,2026-09-10T07:20:57.671935+00:00,366.100136,first_movement_sequence_complete,0.000000,0,0.000000,0
3662,2026-09-10T07:20:57.771939+00:00,366.200133,first_movement_sequence_complete,0.000000,0,0.000000,0
3663,2026-09-10T07:20:57.871949+00:00,366.300130,first_movement_sequence_complete,0.000000,0,0.000000,0
3664,2026-09-10T07:20:57.971969+00:00,366.400129,first_movement_sequence_complete,0.000000,0,0.000000,0
3665,2026-09-10T07:20:58.071985+00:00,366.500135,first_movement_sequence_complete,0.000000,0,0.000000,0
3666,2026-09-10T07:20:58.171972+00:00,366.600133,first_movement_sequence_complete,0.000000,0,0.000000,0
3667,2026-09-10T07:20:58.271957+00:00,366.700135,first_movement_sequence_complete,0.000000,0,0.000000,0
3668,2026-09-10T07:20:58.371934+00:00,366.800134,first_movement_sequence_complete,0.000000,0,0.000000,0
3669,2026-09-10T07:20:58.472166+00:00,366.900180,first_movement_sequence_complete,0.000000,0,0.000000,0
3670,2026-09-10T07:20:58.571946+00:00,367.000148,first_movement_sequence_complete,0.000000,0,0.000000,0
3671,2026-09-10T07:20:58.672099+00:00,367.100169,first_movement_sequence_complete,0.000000,0,0.000000,0
3672,2026-09-10T07:20:58.772019+00:00,367.200155,first_movement_sequence_complete,0.000000,0,0.000000,0
3673,2026-09-10T07:20:58.871963+00:00,367.300155,first_movement_sequence_complete,0.000000,0,0.000000,0
3674,2026-09-10T07:20:58.971928+00:00,367.400129,first_movement_sequence_complete,0.000000,0,0.000000,0
3675,2026-09-10T07:20:59.071943+00:00,367.500132,first_movement_sequence_complete,0.000000,0,0.000000,0
3676,2026-09-10T07:20:59.171956+00:00,367.600131,first_movement_sequence_complete,0.000000,0,0.000000,0
3677,2026-09-10T07:20:59.271964+00:00,367.700129,first_movement_sequence_complete,0.000000,0,0.000000,0
3678,2026-09-10T07:20:59.371946+00:00,367.800131,first_movement_sequence_complete,0.000000,0,0.000000,0
3679,2026-09-10T07:20:59.471947+00:00,367.900132,first_movement_sequence_complete,0.000000,0,0.000000,0
3680,2026-09-10T07:20:59.571925+00:00,368.000131,first_movement_sequence_complete,0.000000,0,0.000000,0
3681,2026-09-10T07:20:59.671953+00:00,368.100133,first_movement_sequence_complete,0.000000,0,0.000000,0
3682,2026-09-10T07:20:59.771954+00:00,368.200134,first_movement_sequence_complete,0.000000,0,0.000000,0
3683,2026-09-10T07:20:59.871921+00:00,368.300131,first_movement_sequence_complete,0.000000,0,0.000000,0
3684,2026-09-10T07:20:59.971924+00:00,368.400129,first_movement_sequence_complete,0.000000,0,0.000000,0
3685,2026-09-10T07:21:00.071943+00:00,368.500137,first_movement_sequence_complete,0.000000,0,0.000000,0
3686,2026-09-10T07:21:00.171932+00:00,368.600131,first_movement_sequence_complete,0.000000,0,0.000000,0
3687,2026-09-10T07:21:00.271936+00:00,368.700132,first_movement_sequence_complete,0.000000,0,0.000000,0
3688,2026-09-10T07:21:00.371947+00:00,368.800147,first_movement_sequence_complete,0.000000,0,0.000000,0
3689,2026-09-10T07:21:00.471969+00:00,368.900138,first_movement_sequence_complete,0.000000,0,0.000000,0
3690,2026-09-10T07:21:00.571948+00:00,369.000133,first_movement_sequence_complete,0.000000,0,0.000000,0
3691,2026-09-10T07:21:00.671926+00:00,369.100129,first_movement_sequence_complete,0.000000,0,0.000000,0
3692,2026-09-10T07:21:00.771941+00:00,369.200134,first_movement_sequence_complete,0.000000,0,0.000000,0
3693,2026-09-10T07:21:00.871944+00:00,369.300131,first_movement_sequence_complete,0.000000,0,0.000000,0
3694,2026-09-10T07:21:00.971919+00:00,369.400128,first_movement_sequence_complete,0.000000,0,0.000000,0
3695,2026-09-10T07:21:01.071996+00:00,369.500130,first_movement_sequence_complete,0.000000,0,0.000000,0
3696,2026-09-10T07:21:01.171999+00:00,369.600157,first_movement_sequence_complete,0.000000,0,0.000000,0
3697,2026-09-10T07:21:01.271982+00:00,369.700139,first_movement_sequence_complete,0.000000,0,0.000000,0
3698,2026-09-10T07:21:01.372013+00:00,369.800152,first_movement_sequence_complete,0.000000,0,0.000000,0
3699,2026-09-10T07:21:01.471942+00:00,369.900135,first_movement_sequence_complete,0.000000,0,0.000000,0
3700,2026-09-10T07:21:01.571943+00:00,370.000134,first_movement_sequence_complete,0.000000,0,0.000000,0
3701,2026-09-10T07:21:01.671931+00:00,370.100130,first_movement_sequence_complete,0.000000,0,0.000000,0
3702,2026-09-10T07:21:01.771942+00:00,370.200134,first_movement_sequence_complete,0.000000,0,0.000000,0
3703,2026-09-10T07:21:01.872139+00:00,370.300133,first_movement_sequence_complete,0.000000,0,0.000000,0
3704,2026-09-10T07:21:01.972039+00:00,370.400168,first_movement_sequence_complete,0.000000,0,0.000000,0
3705,2026-09-10T07:21:02.071969+00:00,370.500160,first_movement_sequence_complete,0.000000,0,0.000000,0
3706,2026-09-10T07:21:02.171939+00:00,370.600133,first_movement_sequence_complete,0.000000,0,0.000000,0
3707,2026-09-10T07:21:02.271939+00:00,370.700134,first_movement_sequence_complete,0.000000,0,0.000000,0
3708,2026-09-10T07:21:02.371934+00:00,370.800132,first_movement_sequence_complete,0.000000,0,0.000000,0
3709,2026-09-10T07:21:02.471945+00:00,370.900132,first_movement_sequence_complete,0.000000,0,0.000000,0
3710,2026-09-10T07:21:02.571925+00:00,371.000132,first_movement_sequence_complete,0.000000,0,0.000000,0
3711,2026-09-10T07:21:02.671916+00:00,371.100128,first_movement_sequence_complete,0.000000,0,0.000000,0
3712,2026-09-10T07:21:02.771925+00:00,371.200131,first_movement_sequence_complete,0.000000,0,0.000000,0
3713,2026-09-10T07:21:02.871957+00:00,371.300134,first_movement_sequence_complete,0.000000,0,0.000000,0
3714,2026-09-10T07:21:02.971957+00:00,371.400128,first_movement_sequence_complete,0.000000,0,0.000000,0
3715,2026-09-10T07:21:03.071957+00:00,371.500131,first_movement_sequence_complete,0.000000,0,0.000000,0
3716,2026-09-10T07:21:03.171960+00:00,371.600129,first_movement_sequence_complete,0.000000,0,0.000000,0
3717,2026-09-10T07:21:03.271960+00:00,371.700133,first_movement_sequence_complete,0.000000,0,0.000000,0
3718,2026-09-10T07:21:03.371941+00:00,371.800135,first_movement_sequence_complete,0.000000,0,0.000000,0
3719,2026-09-10T07:21:03.472194+00:00,371.900198,first_movement_sequence_complete,0.000000,0,0.000000,0
3720,2026-09-10T07:21:03.571955+00:00,372.000149,first_movement_sequence_complete,0.000000,0,0.000000,0
3721,2026-09-10T07:21:03.671930+00:00,372.100132,first_movement_sequence_complete,0.000000,0,0.000000,0
3722,2026-09-10T07:21:03.772072+00:00,372.200164,first_movement_sequence_complete,0.000000,0,0.000000,0
3723,2026-09-10T07:21:03.871959+00:00,372.300147,first_movement_sequence_complete,0.000000,0,0.000000,0
3724,2026-09-10T07:21:03.971934+00:00,372.400134,first_movement_sequence_complete,0.000000,0,0.000000,0
3725,2026-09-10T07:21:04.071950+00:00,372.500132,first_movement_sequence_complete,0.000000,0,0.000000,0
3726,2026-09-10T07:21:04.171929+00:00,372.600132,first_movement_sequence_complete,0.000000,0,0.000000,0
3727,2026-09-10T07:21:04.271937+00:00,372.700131,first_movement_sequence_complete,0.000000,0,0.000000,0
3728,2026-09-10T07:21:04.372189+00:00,372.800192,first_movement_sequence_complete,0.000000,0,0.000000,0
3729,2026-09-10T07:21:04.472031+00:00,372.900160,first_movement_sequence_complete,0.000000,0,0.000000,0
3730,2026-09-10T07:21:04.571977+00:00,373.000162,first_movement_sequence_complete,0.000000,0,0.000000,0
3731,2026-09-10T07:21:04.671998+00:00,373.100137,first_movement_sequence_complete,0.000000,0,0.000000,0
3732,2026-09-10T07:21:04.771943+00:00,373.200135,first_movement_sequence_complete,0.000000,0,0.000000,0
3733,2026-09-10T07:21:04.871952+00:00,373.300135,first_movement_sequence_complete,0.000000,0,0.000000,0
3734,2026-09-10T07:21:04.971953+00:00,373.400133,first_movement_sequence_complete,0.000000,0,0.000000,0
3735,2026-09-10T07:21:05.071974+00:00,373.500132,first_movement_sequence_complete,0.000000,0,0.000000,0
3736,2026-09-10T07:21:05.171942+00:00,373.600129,first_movement_sequence_complete,0.000000,0,0.000000,0
3737,2026-09-10T07:21:05.271966+00:00,373.700141,first_movement_sequence_complete,0.000000,0,0.000000,0
3738,2026-09-10T07:21:05.371977+00:00,373.800134,first_movement_sequence_complete,0.000000,0,0.000000,0
3739,2026-09-10T07:21:05.471972+00:00,373.900130,first_movement_sequence_complete,0.000000,0,0.000000,0
3740,2026-09-10T07:21:05.571953+00:00,374.000135,first_movement_sequence_complete,0.000000,0,0.000000,0
3741,2026-09-10T07:21:05.671924+00:00,374.100130,first_movement_sequence_complete,0.000000,0,0.000000,0
3742,2026-09-10T07:21:05.771942+00:00,374.200132,first_movement_sequence_complete,0.000000,0,0.000000,0
3743,2026-09-10T07:21:05.871946+00:00,374.300135,first_movement_sequence_complete,0.000000,0,0.000000,0
3744,2026-09-10T07:21:05.971933+00:00,374.400129,first_movement_sequence_complete,0.000000,0,0.000000,0
3745,2026-09-10T07:21:06.071943+00:00,374.500145,first_movement_sequence_complete,0.000000,0,0.000000,0
3746,2026-09-10T07:21:06.171930+00:00,374.600131,first_movement_sequence_complete,0.000000,0,0.000000,0
3747,2026-09-10T07:21:06.271937+00:00,374.700133,first_movement_sequence_complete,0.000000,0,0.000000,0
3748,2026-09-10T07:21:06.371942+00:00,374.800133,first_movement_sequence_complete,0.000000,0,0.000000,0
3749,2026-09-10T07:21:06.471950+00:00,374.900131,first_movement_sequence_complete,0.000000,0,0.000000,0
3750,2026-09-10T07:21:06.571928+00:00,375.000132,first_movement_sequence_complete,0.000000,0,0.000000,0
3751,2026-09-10T07:21:06.671933+00:00,375.100132,first_movement_sequence_complete,0.000000,0,0.000000,0
3752,2026-09-10T07:21:06.771950+00:00,375.200132,first_movement_sequence_complete,0.000000,0,0.000000,0
3753,2026-09-10T07:21:06.871927+00:00,375.300131,first_movement_sequence_complete,0.000000,0,0.000000,0
3754,2026-09-10T07:21:06.971945+00:00,375.400136,first_movement_sequence_complete,0.000000,0,0.000000,0
3755,2026-09-10T07:21:07.071947+00:00,375.500131,first_movement_sequence_complete,0.000000,0,0.000000,0
3756,2026-09-10T07:21:07.171969+00:00,375.600131,first_movement_sequence_complete,0.000000,0,0.000000,0
3757,2026-09-10T07:21:07.271974+00:00,375.700134,first_movement_sequence_complete,0.000000,0,0.000000,0
3758,2026-09-10T07:21:07.371945+00:00,375.800133,first_movement_sequence_complete,0.000000,0,0.000000,0
3759,2026-09-10T07:21:07.471973+00:00,375.900132,first_movement_sequence_complete,0.000000,0,0.000000,0
3760,2026-09-10T07:21:07.571929+00:00,376.000131,first_movement_sequence_complete,0.000000,0,0.000000,0
3761,2026-09-10T07:21:07.671954+00:00,376.100133,first_movement_sequence_complete,0.000000,0,0.000000,0
3762,2026-09-10T07:21:07.771940+00:00,376.200132,first_movement_sequence_complete,0.000000,0,0.000000,0
3763,2026-09-10T07:21:07.871942+00:00,376.300132,first_movement_sequence_complete,0.000000,0,0.000000,0
3764,2026-09-10T07:21:07.971948+00:00,376.400134,first_movement_sequence_complete,0.000000,0,0.000000,0
3765,2026-09-10T07:21:08.071958+00:00,376.500147,first_movement_sequence_complete,0.000000,0,0.000000,0
3766,2026-09-10T07:21:08.171923+00:00,376.600128,first_movement_sequence_complete,0.000000,0,0.000000,0
3767,2026-09-10T07:21:08.271936+00:00,376.700132,first_movement_sequence_complete,0.000000,0,0.000000,0
3768,2026-09-10T07:21:08.371939+00:00,376.800131,first_movement_sequence_complete,0.000000,0,0.000000,0
3769,2026-09-10T07:21:08.471985+00:00,376.900139,first_movement_sequence_complete,0.000000,0,0.000000,0
3770,2026-09-10T07:21:08.571931+00:00,377.000133,first_movement_sequence_complete,0.000000,0,0.000000,0
3771,2026-09-10T07:21:08.671958+00:00,377.100132,first_movement_sequence_complete,0.000000,0,0.000000,0
3772,2026-09-10T07:21:08.771991+00:00,377.200135,first_movement_sequence_complete,0.000000,0,0.000000,0
3773,2026-09-10T07:21:08.872067+00:00,377.300162,first_movement_sequence_complete,0.000000,0,0.000000,0
3774,2026-09-10T07:21:08.971966+00:00,377.400147,first_movement_sequence_complete,0.000000,0,0.000000,0
3775,2026-09-10T07:21:09.071936+00:00,377.500134,first_movement_sequence_complete,0.000000,0,0.000000,0
3776,2026-09-10T07:21:09.171931+00:00,377.600131,first_movement_sequence_complete,0.000000,0,0.000000,0
3777,2026-09-10T07:21:09.271941+00:00,377.700132,first_movement_sequence_complete,0.000000,0,0.000000,0
3778,2026-09-10T07:21:09.371930+00:00,377.800127,first_movement_sequence_complete,0.000000,0,0.000000,0
3779,2026-09-10T07:21:09.472181+00:00,377.900192,first_movement_sequence_complete,0.000000,0,0.000000,0
3780,2026-09-10T07:21:09.571997+00:00,378.000189,first_movement_sequence_complete,0.000000,0,0.000000,0
3781,2026-09-10T07:21:09.671979+00:00,378.100134,first_movement_sequence_complete,0.000000,0,0.000000,0
3782,2026-09-10T07:21:09.771933+00:00,378.200137,first_movement_sequence_complete,0.000000,0,0.000000,0
3783,2026-09-10T07:21:09.871944+00:00,378.300130,first_movement_sequence_complete,0.000000,0,0.000000,0
3784,2026-09-10T07:21:09.971947+00:00,378.400131,first_movement_sequence_complete,0.000000,0,0.000000,0
3785,2026-09-10T07:21:10.071975+00:00,378.500134,first_movement_sequence_complete,0.000000,0,0.000000,0
3786,2026-09-10T07:21:10.171925+00:00,378.600130,first_movement_sequence_complete,0.000000,0,0.000000,0
3787,2026-09-10T07:21:10.271947+00:00,378.700130,first_movement_sequence_complete,0.000000,0,0.000000,0
3788,2026-09-10T07:21:10.371966+00:00,378.800130,first_movement_sequence_complete,0.000000,0,0.000000,0
3789,2026-09-10T07:21:10.472063+00:00,378.900133,first_movement_sequence_complete,0.000000,0,0.000000,0
3790,2026-09-10T07:21:10.572089+00:00,379.000167,first_movement_sequence_complete,0.000000,0,0.000000,0
3791,2026-09-10T07:21:10.671945+00:00,379.100145,first_movement_sequence_complete,0.000000,0,0.000000,0
3792,2026-09-10T07:21:10.771939+00:00,379.200137,first_movement_sequence_complete,0.000000,0,0.000000,0
3793,2026-09-10T07:21:10.871931+00:00,379.300131,first_movement_sequence_complete,0.000000,0,0.000000,0
3794,2026-09-10T07:21:10.971960+00:00,379.400137,first_movement_sequence_complete,0.000000,0,0.000000,0
3795,2026-09-10T07:21:11.071957+00:00,379.500138,first_movement_sequence_complete,0.000000,0,0.000000,0
3796,2026-09-10T07:21:11.171955+00:00,379.600147,first_movement_sequence_complete,0.000000,0,0.000000,0
3797,2026-09-10T07:21:11.271955+00:00,379.700146,first_movement_sequence_complete,0.000000,0,0.000000,0
3798,2026-09-10T07:21:11.371978+00:00,379.800169,first_movement_sequence_complete,0.000000,0,0.000000,0
3799,2026-09-10T07:21:11.471985+00:00,379.900174,first_movement_sequence_complete,0.000000,0,0.000000,0
3800,2026-09-10T07:21:11.571932+00:00,380.000132,first_movement_sequence_complete,0.000000,0,0.000000,0
3801,2026-09-10T07:21:11.671947+00:00,380.100127,first_movement_sequence_complete,0.000000,0,0.000000,0
3802,2026-09-10T07:21:11.771932+00:00,380.200131,first_movement_sequence_complete,0.000000,0,0.000000,0
3803,2026-09-10T07:21:11.871945+00:00,380.300130,first_movement_sequence_complete,0.000000,0,0.000000,0
3804,2026-09-10T07:21:11.971976+00:00,380.400133,first_movement_sequence_complete,0.000000,0,0.000000,0
3805,2026-09-10T07:21:12.071962+00:00,380.500134,first_movement_sequence_complete,0.000000,0,0.000000,0
3806,2026-09-10T07:21:12.171928+00:00,380.600132,first_movement_sequence_complete,0.000000,0,0.000000,0
3807,2026-09-10T07:21:12.271945+00:00,380.700131,first_movement_sequence_complete,0.000000,0,0.000000,0
3808,2026-09-10T07:21:12.371971+00:00,380.800135,first_movement_sequence_complete,0.000000,0,0.000000,0
3809,2026-09-10T07:21:12.472015+00:00,380.900143,first_movement_sequence_complete,0.000000,0,0.000000,0
3810,2026-09-10T07:21:12.571965+00:00,381.000134,first_movement_sequence_complete,0.000000,0,0.000000,0
3811,2026-09-10T07:21:12.671973+00:00,381.100131,first_movement_sequence_complete,0.000000,0,0.000000,0
3812,2026-09-10T07:21:12.771931+00:00,381.200131,first_movement_sequence_complete,0.000000,0,0.000000,0
3813,2026-09-10T07:21:12.871923+00:00,381.300129,first_movement_sequence_complete,0.000000,0,0.000000,0
3814,2026-09-10T07:21:12.971939+00:00,381.400131,first_movement_sequence_complete,0.000000,0,0.000000,0
3815,2026-09-10T07:21:13.071943+00:00,381.500136,first_movement_sequence_complete,0.000000,0,0.000000,0
3816,2026-09-10T07:21:13.171932+00:00,381.600133,first_movement_sequence_complete,0.000000,0,0.000000,0
3817,2026-09-10T07:21:13.271949+00:00,381.700145,first_movement_sequence_complete,0.000000,0,0.000000,0
3818,2026-09-10T07:21:13.371952+00:00,381.800132,first_movement_sequence_complete,0.000000,0,0.000000,0
3819,2026-09-10T07:21:13.471974+00:00,381.900130,first_movement_sequence_complete,0.000000,0,0.000000,0
3820,2026-09-10T07:21:13.571936+00:00,382.000131,first_movement_sequence_complete,0.000000,0,0.000000,0
3821,2026-09-10T07:21:13.671931+00:00,382.100135,first_movement_sequence_complete,0.000000,0,0.000000,0
3822,2026-09-10T07:21:13.771936+00:00,382.200130,first_movement_sequence_complete,0.000000,0,0.000000,0
3823,2026-09-10T07:21:13.871947+00:00,382.300130,first_movement_sequence_complete,0.000000,0,0.000000,0
3824,2026-09-10T07:21:13.972062+00:00,382.400161,first_movement_sequence_complete,0.000000,0,0.000000,0
3825,2026-09-10T07:21:14.071970+00:00,382.500146,first_movement_sequence_complete,0.000000,0,0.000000,0
3826,2026-09-10T07:21:14.171935+00:00,382.600134,first_movement_sequence_complete,0.000000,0,0.000000,0
3827,2026-09-10T07:21:14.271927+00:00,382.700130,first_movement_sequence_complete,0.000000,0,0.000000,0
3828,2026-09-10T07:21:14.371923+00:00,382.800129,first_movement_sequence_complete,0.000000,0,0.000000,0
3829,2026-09-10T07:21:14.471938+00:00,382.900129,first_movement_sequence_complete,0.000000,0,0.000000,0
3830,2026-09-10T07:21:14.571939+00:00,383.000131,first_movement_sequence_complete,0.000000,0,0.000000,0
3831,2026-09-10T07:21:14.671940+00:00,383.100131,first_movement_sequence_complete,0.000000,0,0.000000,0
3832,2026-09-10T07:21:14.771934+00:00,383.200147,first_movement_sequence_complete,0.000000,0,0.000000,0
3833,2026-09-10T07:21:14.871966+00:00,383.300149,first_movement_sequence_complete,0.000000,0,0.000000,0
3834,2026-09-10T07:21:14.971934+00:00,383.400133,first_movement_sequence_complete,0.000000,0,0.000000,0
3835,2026-09-10T07:21:15.071932+00:00,383.500133,first_movement_sequence_complete,0.000000,0,0.000000,0
3836,2026-09-10T07:21:15.171944+00:00,383.600131,first_movement_sequence_complete,0.000000,0,0.000000,0
3837,2026-09-10T07:21:15.271930+00:00,383.700132,first_movement_sequence_complete,0.000000,0,0.000000,0
3838,2026-09-10T07:21:15.371934+00:00,383.800134,first_movement_sequence_complete,0.000000,0,0.000000,0
3839,2026-09-10T07:21:15.472190+00:00,383.900193,first_movement_sequence_complete,0.000000,0,0.000000,0
3840,2026-09-10T07:21:15.571975+00:00,384.000149,first_movement_sequence_complete,0.000000,0,0.000000,0
3841,2026-09-10T07:21:15.671934+00:00,384.100135,first_movement_sequence_complete,0.000000,0,0.000000,0
3842,2026-09-10T07:21:15.771947+00:00,384.200131,first_movement_sequence_complete,0.000000,0,0.000000,0
3843,2026-09-10T07:21:15.871932+00:00,384.300131,first_movement_sequence_complete,0.000000,0,0.000000,0
3844,2026-09-10T07:21:15.971950+00:00,384.400131,first_movement_sequence_complete,0.000000,0,0.000000,0
3845,2026-09-10T07:21:16.071976+00:00,384.500132,first_movement_sequence_complete,0.000000,0,0.000000,0
3846,2026-09-10T07:21:16.171959+00:00,384.600134,first_movement_sequence_complete,0.000000,0,0.000000,0
3847,2026-09-10T07:21:16.271926+00:00,384.700133,first_movement_sequence_complete,0.000000,0,0.000000,0
3848,2026-09-10T07:21:16.371926+00:00,384.800130,first_movement_sequence_complete,0.000000,0,0.000000,0
3849,2026-09-10T07:21:16.472173+00:00,384.900183,first_movement_sequence_complete,0.000000,0,0.000000,0
3850,2026-09-10T07:21:16.571990+00:00,385.000154,first_movement_sequence_complete,0.000000,0,0.000000,0
3851,2026-09-10T07:21:16.671951+00:00,385.100142,first_movement_sequence_complete,0.000000,0,0.000000,0
3852,2026-09-10T07:21:16.771953+00:00,385.200148,first_movement_sequence_complete,0.000000,0,0.000000,0
3853,2026-09-10T07:21:16.871934+00:00,385.300131,first_movement_sequence_complete,0.000000,0,0.000000,0
3854,2026-09-10T07:21:16.971956+00:00,385.400135,first_movement_sequence_complete,0.000000,0,0.000000,0
3855,2026-09-10T07:21:17.071954+00:00,385.500133,first_movement_sequence_complete,0.000000,0,0.000000,0
3856,2026-09-10T07:21:17.171959+00:00,385.600133,first_movement_sequence_complete,0.000000,0,0.000000,0
3857,2026-09-10T07:21:17.271927+00:00,385.700130,first_movement_sequence_complete,0.000000,0,0.000000,0
3858,2026-09-10T07:21:17.371946+00:00,385.800136,first_movement_sequence_complete,0.000000,0,0.000000,0
3859,2026-09-10T07:21:17.472224+00:00,385.900208,first_movement_sequence_complete,0.000000,0,0.000000,0
3860,2026-09-10T07:21:17.571963+00:00,386.000152,first_movement_sequence_complete,0.000000,0,0.000000,0
3861,2026-09-10T07:21:17.671933+00:00,386.100132,first_movement_sequence_complete,0.000000,0,0.000000,0
3862,2026-09-10T07:21:17.771944+00:00,386.200130,first_movement_sequence_complete,0.000000,0,0.000000,0
3863,2026-09-10T07:21:17.871947+00:00,386.300130,first_movement_sequence_complete,0.000000,0,0.000000,0
3864,2026-09-10T07:21:17.971926+00:00,386.400132,first_movement_sequence_complete,0.000000,0,0.000000,0
3865,2026-09-10T07:21:18.071965+00:00,386.500132,first_movement_sequence_complete,0.000000,0,0.000000,0
3866,2026-09-10T07:21:18.171946+00:00,386.600127,first_movement_sequence_complete,0.000000,0,0.000000,0
3867,2026-09-10T07:21:18.271922+00:00,386.700130,first_movement_sequence_complete,0.000000,0,0.000000,0
3868,2026-09-10T07:21:18.371927+00:00,386.800132,first_movement_sequence_complete,0.000000,0,0.000000,0
3869,2026-09-10T07:21:18.471945+00:00,386.900132,first_movement_sequence_complete,0.000000,0,0.000000,0
3870,2026-09-10T07:21:18.571924+00:00,387.000132,first_movement_sequence_complete,0.000000,0,0.000000,0
3871,2026-09-10T07:21:18.671939+00:00,387.100134,first_movement_sequence_complete,0.000000,0,0.000000,0
3872,2026-09-10T07:21:18.771953+00:00,387.200132,first_movement_sequence_complete,0.000000,0,0.000000,0
3873,2026-09-10T07:21:18.871951+00:00,387.300149,first_movement_sequence_complete,0.000000,0,0.000000,0
3874,2026-09-10T07:21:18.971928+00:00,387.400132,first_movement_sequence_complete,0.000000,0,0.000000,0
3875,2026-09-10T07:21:19.072046+00:00,387.500160,first_movement_sequence_complete,0.000000,0,0.000000,0
3876,2026-09-10T07:21:19.171947+00:00,387.600144,first_movement_sequence_complete,0.000000,0,0.000000,0
3877,2026-09-10T07:21:19.271935+00:00,387.700135,first_movement_sequence_complete,0.000000,0,0.000000,0
3878,2026-09-10T07:21:19.371966+00:00,387.800133,first_movement_sequence_complete,0.000000,0,0.000000,0
3879,2026-09-10T07:21:19.471935+00:00,387.900134,first_movement_sequence_complete,0.000000,0,0.000000,0
3880,2026-09-10T07:21:19.571948+00:00,388.000130,first_movement_sequence_complete,0.000000,0,0.000000,0
3881,2026-09-10T07:21:19.671978+00:00,388.100133,first_movement_sequence_complete,0.000000,0,0.000000,0
3882,2026-09-10T07:21:19.771961+00:00,388.200135,first_movement_sequence_complete,0.000000,0,0.000000,0
3883,2026-09-10T07:21:19.871935+00:00,388.300133,first_movement_sequence_complete,0.000000,0,0.000000,0
3884,2026-09-10T07:21:19.971946+00:00,388.400133,first_movement_sequence_complete,0.000000,0,0.000000,0
3885,2026-09-10T07:21:20.071944+00:00,388.500135,first_movement_sequence_complete,0.000000,0,0.000000,0
3886,2026-09-10T07:21:20.171965+00:00,388.600149,first_movement_sequence_complete,0.000000,0,0.000000,0
3887,2026-09-10T07:21:20.271965+00:00,388.700148,first_movement_sequence_complete,0.000000,0,0.000000,0
3888,2026-09-10T07:21:20.371934+00:00,388.800131,first_movement_sequence_complete,0.000000,0,0.000000,0
3889,2026-09-10T07:21:20.471980+00:00,388.900143,first_movement_sequence_complete,0.000000,0,0.000000,0
3890,2026-09-10T07:21:20.571949+00:00,389.000135,first_movement_sequence_complete,0.000000,0,0.000000,0
3891,2026-09-10T07:21:20.671973+00:00,389.100132,first_movement_sequence_complete,0.000000,0,0.000000,0
3892,2026-09-10T07:21:20.771927+00:00,389.200129,first_movement_sequence_complete,0.000000,0,0.000000,0
3893,2026-09-10T07:21:20.871948+00:00,389.300130,first_movement_sequence_complete,0.000000,0,0.000000,0
3894,2026-09-10T07:21:20.971953+00:00,389.400131,first_movement_sequence_complete,0.000000,0,0.000000,0
3895,2026-09-10T07:21:21.071926+00:00,389.500132,first_movement_sequence_complete,0.000000,0,0.000000,0
3896,2026-09-10T07:21:21.171953+00:00,389.600130,first_movement_sequence_complete,0.000000,0,0.000000,0
3897,2026-09-10T07:21:21.271958+00:00,389.700132,first_movement_sequence_complete,0.000000,0,0.000000,0
3898,2026-09-10T07:21:21.371968+00:00,389.800133,first_movement_sequence_complete,0.000000,0,0.000000,0
3899,2026-09-10T07:21:21.472211+00:00,389.900210,first_movement_sequence_complete,0.000000,0,0.000000,0
3900,2026-09-10T07:21:21.572004+00:00,390.000150,first_movement_sequence_complete,0.000000,0,0.000000,0
3901,2026-09-10T07:21:21.671946+00:00,390.100134,first_movement_sequence_complete,0.000000,0,0.000000,0
3902,2026-09-10T07:21:21.771977+00:00,390.200175,first_movement_sequence_complete,0.000000,0,0.000000,0
3903,2026-09-10T07:21:21.871954+00:00,390.300146,first_movement_sequence_complete,0.000000,0,0.000000,0
3904,2026-09-10T07:21:21.971952+00:00,390.400130,first_movement_sequence_complete,0.000000,0,0.000000,0
3905,2026-09-10T07:21:22.071926+00:00,390.500131,first_movement_sequence_complete,0.000000,0,0.000000,0
3906,2026-09-10T07:21:22.171928+00:00,390.600124,first_movement_sequence_complete,0.000000,0,0.000000,0
3907,2026-09-10T07:21:22.271971+00:00,390.700133,first_movement_sequence_complete,0.000000,0,0.000000,0
3908,2026-09-10T07:21:22.372170+00:00,390.800164,first_movement_sequence_complete,0.000000,0,0.000000,0
3909,2026-09-10T07:21:22.472012+00:00,390.900160,first_movement_sequence_complete,0.000000,0,0.000000,0
3910,2026-09-10T07:21:22.571954+00:00,391.000142,first_movement_sequence_complete,0.000000,0,0.000000,0
3911,2026-09-10T07:21:22.671956+00:00,391.100137,first_movement_sequence_complete,0.000000,0,0.000000,0
3912,2026-09-10T07:21:22.771978+00:00,391.200134,first_movement_sequence_complete,0.000000,0,0.000000,0
3913,2026-09-10T07:21:22.871958+00:00,391.300134,first_movement_sequence_complete,0.000000,0,0.000000,0
3914,2026-09-10T07:21:22.971928+00:00,391.400127,first_movement_sequence_complete,0.000000,0,0.000000,0
3915,2026-09-10T07:21:23.071934+00:00,391.500133,first_movement_sequence_complete,0.000000,0,0.000000,0
3916,2026-09-10T07:21:23.171928+00:00,391.600129,first_movement_sequence_complete,0.000000,0,0.000000,0
3917,2026-09-10T07:21:23.271950+00:00,391.700146,first_movement_sequence_complete,0.000000,0,0.000000,0
3918,2026-09-10T07:21:23.371963+00:00,391.800134,first_movement_sequence_complete,0.000000,0,0.000000,0
3919,2026-09-10T07:21:23.471926+00:00,391.900132,first_movement_sequence_complete,0.000000,0,0.000000,0
3920,2026-09-10T07:21:23.571940+00:00,392.000132,first_movement_sequence_complete,0.000000,0,0.000000,0
3921,2026-09-10T07:21:23.671946+00:00,392.100132,first_movement_sequence_complete,0.000000,0,0.000000,0
3922,2026-09-10T07:21:23.771928+00:00,392.200130,first_movement_sequence_complete,0.000000,0,0.000000,0
3923,2026-09-10T07:21:23.871920+00:00,392.300130,first_movement_sequence_complete,0.000000,0,0.000000,0
3924,2026-09-10T07:21:23.971916+00:00,392.400130,first_movement_sequence_complete,0.000000,0,0.000000,0
3925,2026-09-10T07:21:24.071947+00:00,392.500129,first_movement_sequence_complete,0.000000,0,0.000000,0
3926,2026-09-10T07:21:24.172084+00:00,392.600160,first_movement_sequence_complete,0.000000,0,0.000000,0
3927,2026-09-10T07:21:24.271993+00:00,392.700142,first_movement_sequence_complete,0.000000,0,0.000000,0
3928,2026-09-10T07:21:24.371942+00:00,392.800136,first_movement_sequence_complete,0.000000,0,0.000000,0
3929,2026-09-10T07:21:24.471967+00:00,392.900140,first_movement_sequence_complete,0.000000,0,0.000000,0
3930,2026-09-10T07:21:24.571935+00:00,393.000136,first_movement_sequence_complete,0.000000,0,0.000000,0
3931,2026-09-10T07:21:24.671947+00:00,393.100148,first_movement_sequence_complete,0.000000,0,0.000000,0
3932,2026-09-10T07:21:24.771973+00:00,393.200167,first_movement_sequence_complete,0.000000,0,0.000000,0
3933,2026-09-10T07:21:24.872074+00:00,393.300159,first_movement_sequence_complete,0.000000,0,0.000000,0
3934,2026-09-10T07:21:24.971936+00:00,393.400140,first_movement_sequence_complete,0.000000,0,0.000000,0
3935,2026-09-10T07:21:25.071930+00:00,393.500132,first_movement_sequence_complete,0.000000,0,0.000000,0
3936,2026-09-10T07:21:25.172007+00:00,393.600153,first_movement_sequence_complete,0.000000,0,0.000000,0
3937,2026-09-10T07:21:25.271970+00:00,393.700139,first_movement_sequence_complete,0.000000,0,0.000000,0
3938,2026-09-10T07:21:25.371971+00:00,393.800134,first_movement_sequence_complete,0.000000,0,0.000000,0
3939,2026-09-10T07:21:25.471932+00:00,393.900133,first_movement_sequence_complete,0.000000,0,0.000000,0
3940,2026-09-10T07:21:25.571941+00:00,394.000134,first_movement_sequence_complete,0.000000,0,0.000000,0
3941,2026-09-10T07:21:25.671971+00:00,394.100142,first_movement_sequence_complete,0.000000,0,0.000000,0
3942,2026-09-10T07:21:25.771942+00:00,394.200136,first_movement_sequence_complete,0.000000,0,0.000000,0
3943,2026-09-10T07:21:25.871941+00:00,394.300133,first_movement_sequence_complete,0.000000,0,0.000000,0
3944,2026-09-10T07:21:25.972093+00:00,394.400146,first_movement_sequence_complete,0.000000,0,0.000000,0
3945,2026-09-10T07:21:26.072010+00:00,394.500173,first_movement_sequence_complete,0.000000,0,0.000000,0
3946,2026-09-10T07:21:26.171944+00:00,394.600141,first_movement_sequence_complete,0.000000,0,0.000000,0
3947,2026-09-10T07:21:26.272174+00:00,394.700172,first_movement_sequence_complete,0.000000,0,0.000000,0
3948,2026-09-10T07:21:26.372073+00:00,394.800167,first_movement_sequence_complete,0.000000,0,0.000000,0
3949,2026-09-10T07:21:26.472196+00:00,394.900202,first_movement_sequence_complete,0.000000,0,0.000000,0
3950,2026-09-10T07:21:26.572046+00:00,395.000153,first_movement_sequence_complete,0.000000,0,0.000000,0
3951,2026-09-10T07:21:26.672040+00:00,395.100163,first_movement_sequence_complete,0.000000,0,0.000000,0
3952,2026-09-10T07:21:26.771944+00:00,395.200145,first_movement_sequence_complete,0.000000,0,0.000000,0
3953,2026-09-10T07:21:26.872106+00:00,395.300152,first_movement_sequence_complete,0.000000,0,0.000000,0
3954,2026-09-10T07:21:26.972106+00:00,395.400165,first_movement_sequence_complete,0.000000,0,0.000000,0
3955,2026-09-10T07:21:27.072072+00:00,395.500150,first_movement_sequence_complete,0.000000,0,0.000000,0
3956,2026-09-10T07:21:27.172034+00:00,395.600159,first_movement_sequence_complete,0.000000,0,0.000000,0
3957,2026-09-10T07:21:27.271936+00:00,395.700139,first_movement_sequence_complete,0.000000,0,0.000000,0
3958,2026-09-10T07:21:27.371971+00:00,395.800136,first_movement_sequence_complete,0.000000,0,0.000000,0
3959,2026-09-10T07:21:27.472205+00:00,395.900211,first_movement_sequence_complete,0.000000,0,0.000000,0
3960,2026-09-10T07:21:27.571947+00:00,396.000148,first_movement_sequence_complete,0.000000,0,0.000000,0
3961,2026-09-10T07:21:27.671954+00:00,396.100142,first_movement_sequence_complete,0.000000,0,0.000000,0
3962,2026-09-10T07:21:27.771951+00:00,396.200137,first_movement_sequence_complete,0.000000,0,0.000000,0
3963,2026-09-10T07:21:27.871945+00:00,396.300134,first_movement_sequence_complete,0.000000,0,0.000000,0
3964,2026-09-10T07:21:27.971984+00:00,396.400181,first_movement_sequence_complete,0.000000,0,0.000000,0
3965,2026-09-10T07:21:28.071925+00:00,396.500131,first_movement_sequence_complete,0.000000,0,0.000000,0
3966,2026-09-10T07:21:28.172108+00:00,396.600169,first_movement_sequence_complete,0.000000,0,0.000000,0
3967,2026-09-10T07:21:28.271966+00:00,396.700146,first_movement_sequence_complete,0.000000,0,0.000000,0
3968,2026-09-10T07:21:28.371939+00:00,396.800132,first_movement_sequence_complete,0.000000,0,0.000000,0
3969,2026-09-10T07:21:28.471986+00:00,396.900144,first_movement_sequence_complete,0.000000,0,0.000000,0
3970,2026-09-10T07:21:28.572170+00:00,397.000189,first_movement_sequence_complete,0.000000,0,0.000000,0
3971,2026-09-10T07:21:28.671996+00:00,397.100153,first_movement_sequence_complete,0.000000,0,0.000000,0
3972,2026-09-10T07:21:28.772031+00:00,397.200143,first_movement_sequence_complete,0.000000,0,0.000000,0
3973,2026-09-10T07:21:28.872092+00:00,397.300169,first_movement_sequence_complete,0.000000,0,0.000000,0
3974,2026-09-10T07:21:28.971977+00:00,397.400154,first_movement_sequence_complete,0.000000,0,0.000000,0
3975,2026-09-10T07:21:29.071933+00:00,397.500136,first_movement_sequence_complete,0.000000,0,0.000000,0
3976,2026-09-10T07:21:29.171950+00:00,397.600132,first_movement_sequence_complete,0.000000,0,0.000000,0
3977,2026-09-10T07:21:29.272087+00:00,397.700162,first_movement_sequence_complete,0.000000,0,0.000000,0
3978,2026-09-10T07:21:29.372021+00:00,397.800147,first_movement_sequence_complete,0.000000,0,0.000000,0
3979,2026-09-10T07:21:29.471995+00:00,397.900146,first_movement_sequence_complete,0.000000,0,0.000000,0
3980,2026-09-10T07:21:29.571981+00:00,398.000136,first_movement_sequence_complete,0.000000,0,0.000000,0
3981,2026-09-10T07:21:29.672053+00:00,398.100153,first_movement_sequence_complete,0.000000,0,0.000000,0
3982,2026-09-10T07:21:29.771936+00:00,398.200140,first_movement_sequence_complete,0.000000,0,0.000000,0
3983,2026-09-10T07:21:29.871932+00:00,398.300132,first_movement_sequence_complete,0.000000,0,0.000000,0
3984,2026-09-10T07:21:29.972104+00:00,398.400165,first_movement_sequence_complete,0.000000,0,0.000000,0
3985,2026-09-10T07:21:30.072063+00:00,398.500166,first_movement_sequence_complete,0.000000,0,0.000000,0
3986,2026-09-10T07:21:30.172089+00:00,398.600173,first_movement_sequence_complete,0.000000,0,0.000000,0
3987,2026-09-10T07:21:30.271953+00:00,398.700149,first_movement_sequence_complete,0.000000,0,0.000000,0
3988,2026-09-10T07:21:30.371952+00:00,398.800148,first_movement_sequence_complete,0.000000,0,0.000000,0
3989,2026-09-10T07:21:30.471956+00:00,398.900131,first_movement_sequence_complete,0.000000,0,0.000000,0
3990,2026-09-10T07:21:30.571936+00:00,399.000134,first_movement_sequence_complete,0.000000,0,0.000000,0
3991,2026-09-10T07:21:30.671956+00:00,399.100138,first_movement_sequence_complete,0.000000,0,0.000000,0
3992,2026-09-10T07:21:30.771955+00:00,399.200131,first_movement_sequence_complete,0.000000,0,0.000000,0
3993,2026-09-10T07:21:30.871928+00:00,399.300132,first_movement_sequence_complete,0.000000,0,0.000000,0
3994,2026-09-10T07:21:30.971941+00:00,399.400131,first_movement_sequence_complete,0.000000,0,0.000000,0
3995,2026-09-10T07:21:31.071975+00:00,399.500133,first_movement_sequence_complete,0.000000,0,0.000000,0
3996,2026-09-10T07:21:31.171952+00:00,399.600132,first_movement_sequence_complete,0.000000,0,0.000000,0
3997,2026-09-10T07:21:31.271932+00:00,399.700133,first_movement_sequence_complete,0.000000,0,0.000000,0
3998,2026-09-10T07:21:31.371935+00:00,399.800131,first_movement_sequence_complete,0.000000,0,0.000000,0
3999,2026-09-10T07:21:31.471950+00:00,399.900133,first_movement_sequence_complete,0.000000,0,0.000000,0
4000,2026-09-10T07:21:31.571942+00:00,400.000133,first_movement_sequence_complete,0.000000,0,0.000000,0
4001,2026-09-10T07:21:31.671948+00:00,400.100145,first_movement_sequence_complete,0.000000,0,0.000000,0
4002,2026-09-10T07:21:31.771976+00:00,400.200167,first_movement_sequence_complete,0.000000,0,0.000000,0
4003,2026-09-10T07:21:31.872180+00:00,400.300199,first_movement_sequence_complete,0.000000,0,0.000000,0
4004,2026-09-10T07:21:31.971996+00:00,400.400185,first_movement_sequence_complete,0.000000,0,0.000000,0
4005,2026-09-10T07:21:32.071946+00:00,400.500133,first_movement_sequence_complete,0.000000,0,0.000000,0
4006,2026-09-10T07:21:32.171924+00:00,400.600130,first_movement_sequence_complete,0.000000,0,0.000000,0
4007,2026-09-10T07:21:32.271939+00:00,400.700131,first_movement_sequence_complete,0.000000,0,0.000000,0
4008,2026-09-10T07:21:32.371946+00:00,400.800129,first_movement_sequence_complete,0.000000,0,0.000000,0
4009,2026-09-10T07:21:32.471988+00:00,400.900144,first_movement_sequence_complete,0.000000,0,0.000000,0
4010,2026-09-10T07:21:32.571953+00:00,401.000139,first_movement_sequence_complete,0.000000,0,0.000000,0
4011,2026-09-10T07:21:32.671960+00:00,401.100132,first_movement_sequence_complete,0.000000,0,0.000000,0
4012,2026-09-10T07:21:32.771930+00:00,401.200130,first_movement_sequence_complete,0.000000,0,0.000000,0
4013,2026-09-10T07:21:32.871932+00:00,401.300132,first_movement_sequence_complete,0.000000,0,0.000000,0
4014,2026-09-10T07:21:32.971951+00:00,401.400132,first_movement_sequence_complete,0.000000,0,0.000000,0
4015,2026-09-10T07:21:33.072173+00:00,401.500178,first_movement_sequence_complete,0.000000,0,0.000000,0
4016,2026-09-10T07:21:33.172005+00:00,401.600149,first_movement_sequence_complete,0.000000,0,0.000000,0
4017,2026-09-10T07:21:33.271957+00:00,401.700138,first_movement_sequence_complete,0.000000,0,0.000000,0
4018,2026-09-10T07:21:33.371931+00:00,401.800131,first_movement_sequence_complete,0.000000,0,0.000000,0
4019,2026-09-10T07:21:33.472203+00:00,401.900204,first_movement_sequence_complete,0.000000,0,0.000000,0
4020,2026-09-10T07:21:33.571999+00:00,402.000155,first_movement_sequence_complete,0.000000,0,0.000000,0
4021,2026-09-10T07:21:33.671961+00:00,402.100158,first_movement_sequence_complete,0.000000,0,0.000000,0
4022,2026-09-10T07:21:33.771930+00:00,402.200132,first_movement_sequence_complete,0.000000,0,0.000000,0
4023,2026-09-10T07:21:33.872097+00:00,402.300162,first_movement_sequence_complete,0.000000,0,0.000000,0
4024,2026-09-10T07:21:33.971956+00:00,402.400143,first_movement_sequence_complete,0.000000,0,0.000000,0
4025,2026-09-10T07:21:34.071970+00:00,402.500140,first_movement_sequence_complete,0.000000,0,0.000000,0
4026,2026-09-10T07:21:34.171954+00:00,402.600134,first_movement_sequence_complete,0.000000,0,0.000000,0
4027,2026-09-10T07:21:34.271961+00:00,402.700133,first_movement_sequence_complete,0.000000,0,0.000000,0
4028,2026-09-10T07:21:34.372144+00:00,402.800169,first_movement_sequence_complete,0.000000,0,0.000000,0
4029,2026-09-10T07:21:34.472275+00:00,402.900210,first_movement_sequence_complete,0.000000,0,0.000000,0
4030,2026-09-10T07:21:34.571982+00:00,403.000157,first_movement_sequence_complete,0.000000,0,0.000000,0
4031,2026-09-10T07:21:34.671972+00:00,403.100141,first_movement_sequence_complete,0.000000,0,0.000000,0
4032,2026-09-10T07:21:34.772027+00:00,403.200144,first_movement_sequence_complete,0.000000,0,0.000000,0
4033,2026-09-10T07:21:34.872060+00:00,403.300150,first_movement_sequence_complete,0.000000,0,0.000000,0
4034,2026-09-10T07:21:34.972052+00:00,403.400158,first_movement_sequence_complete,0.000000,0,0.000000,0
4035,2026-09-10T07:21:35.071947+00:00,403.500140,first_movement_sequence_complete,0.000000,0,0.000000,0
4036,2026-09-10T07:21:35.171927+00:00,403.600131,first_movement_sequence_complete,0.000000,0,0.000000,0
4037,2026-09-10T07:21:35.271937+00:00,403.700131,first_movement_sequence_complete,0.000000,0,0.000000,0
4038,2026-09-10T07:21:35.371934+00:00,403.800131,first_movement_sequence_complete,0.000000,0,0.000000,0
4039,2026-09-10T07:21:35.471938+00:00,403.900131,first_movement_sequence_complete,0.000000,0,0.000000,0
4040,2026-09-10T07:21:35.571950+00:00,404.000147,first_movement_sequence_complete,0.000000,0,0.000000,0
4041,2026-09-10T07:21:35.671957+00:00,404.100149,first_movement_sequence_complete,0.000000,0,0.000000,0
4042,2026-09-10T07:21:35.771973+00:00,404.200171,first_movement_sequence_complete,0.000000,0,0.000000,0
4043,2026-09-10T07:21:35.871923+00:00,404.300130,first_movement_sequence_complete,0.000000,0,0.000000,0
4044,2026-09-10T07:21:35.971966+00:00,404.400141,first_movement_sequence_complete,0.000000,0,0.000000,0
4045,2026-09-10T07:21:36.071937+00:00,404.500136,first_movement_sequence_complete,0.000000,0,0.000000,0
4046,2026-09-10T07:21:36.171939+00:00,404.600130,first_movement_sequence_complete,0.000000,0,0.000000,0
4047,2026-09-10T07:21:36.271968+00:00,404.700132,first_movement_sequence_complete,0.000000,0,0.000000,0
4048,2026-09-10T07:21:36.371931+00:00,404.800131,first_movement_sequence_complete,0.000000,0,0.000000,0
4049,2026-09-10T07:21:36.471956+00:00,404.900136,first_movement_sequence_complete,0.000000,0,0.000000,0
4050,2026-09-10T07:21:36.571953+00:00,405.000135,first_movement_sequence_complete,0.000000,0,0.000000,0
4051,2026-09-10T07:21:36.672080+00:00,405.100134,first_movement_sequence_complete,0.000000,0,0.000000,0
4052,2026-09-10T07:21:36.772199+00:00,405.200175,first_movement_sequence_complete,0.000000,0,0.000000,0
4053,2026-09-10T07:21:36.871986+00:00,405.300144,first_movement_sequence_complete,0.000000,0,0.000000,0
4054,2026-09-10T07:21:36.971985+00:00,405.400134,first_movement_sequence_complete,0.000000,0,0.000000,0
4055,2026-09-10T07:21:37.071944+00:00,405.500138,first_movement_sequence_complete,0.000000,0,0.000000,0
4056,2026-09-10T07:21:37.171926+00:00,405.600132,first_movement_sequence_complete,0.000000,0,0.000000,0
4057,2026-09-10T07:21:37.271939+00:00,405.700132,first_movement_sequence_complete,0.000000,0,0.000000,0
4058,2026-09-10T07:21:37.371940+00:00,405.800134,first_movement_sequence_complete,0.000000,0,0.000000,0
4059,2026-09-10T07:21:37.471942+00:00,405.900131,first_movement_sequence_complete,0.000000,0,0.000000,0
4060,2026-09-10T07:21:37.571951+00:00,406.000146,first_movement_sequence_complete,0.000000,0,0.000000,0
4061,2026-09-10T07:21:37.671948+00:00,406.100137,first_movement_sequence_complete,0.000000,0,0.000000,0
4062,2026-09-10T07:21:37.771937+00:00,406.200133,first_movement_sequence_complete,0.000000,0,0.000000,0
4063,2026-09-10T07:21:37.871947+00:00,406.300129,first_movement_sequence_complete,0.000000,0,0.000000,0
4064,2026-09-10T07:21:37.971933+00:00,406.400132,first_movement_sequence_complete,0.000000,0,0.000000,0
4065,2026-09-10T07:21:38.071938+00:00,406.500132,first_movement_sequence_complete,0.000000,0,0.000000,0
4066,2026-09-10T07:21:38.171952+00:00,406.600130,first_movement_sequence_complete,0.000000,0,0.000000,0
4067,2026-09-10T07:21:38.271973+00:00,406.700131,first_movement_sequence_complete,0.000000,0,0.000000,0
4068,2026-09-10T07:21:38.371951+00:00,406.800131,first_movement_sequence_complete,0.000000,0,0.000000,0
4069,2026-09-10T07:21:38.471929+00:00,406.900132,first_movement_sequence_complete,0.000000,0,0.000000,0
4070,2026-09-10T07:21:38.571951+00:00,407.000132,first_movement_sequence_complete,0.000000,0,0.000000,0
4071,2026-09-10T07:21:38.671962+00:00,407.100133,first_movement_sequence_complete,0.000000,0,0.000000,0
4072,2026-09-10T07:21:38.771936+00:00,407.200133,first_movement_sequence_complete,0.000000,0,0.000000,0
4073,2026-09-10T07:21:38.871978+00:00,407.300132,first_movement_sequence_complete,0.000000,0,0.000000,0
4074,2026-09-10T07:21:38.971928+00:00,407.400126,first_movement_sequence_complete,0.000000,0,0.000000,0
4075,2026-09-10T07:21:39.071936+00:00,407.500131,first_movement_sequence_complete,0.000000,0,0.000000,0
4076,2026-09-10T07:21:39.171943+00:00,407.600145,first_movement_sequence_complete,0.000000,0,0.000000,0
4077,2026-09-10T07:21:39.271972+00:00,407.700172,first_movement_sequence_complete,0.000000,0,0.000000,0
4078,2026-09-10T07:21:39.371933+00:00,407.800131,first_movement_sequence_complete,0.000000,0,0.000000,0
4079,2026-09-10T07:21:39.472231+00:00,407.900198,first_movement_sequence_complete,0.000000,0,0.000000,0
4080,2026-09-10T07:21:39.571951+00:00,408.000150,first_movement_sequence_complete,0.000000,0,0.000000,0
4081,2026-09-10T07:21:39.671951+00:00,408.100133,first_movement_sequence_complete,0.000000,0,0.000000,0
4082,2026-09-10T07:21:39.771973+00:00,408.200133,first_movement_sequence_complete,0.000000,0,0.000000,0
4083,2026-09-10T07:21:39.871923+00:00,408.300130,first_movement_sequence_complete,0.000000,0,0.000000,0
4084,2026-09-10T07:21:39.971951+00:00,408.400128,first_movement_sequence_complete,0.000000,0,0.000000,0
4085,2026-09-10T07:21:40.071990+00:00,408.500150,first_movement_sequence_complete,0.000000,0,0.000000,0
4086,2026-09-10T07:21:40.171975+00:00,408.600135,first_movement_sequence_complete,0.000000,0,0.000000,0
4087,2026-09-10T07:21:40.271971+00:00,408.700132,first_movement_sequence_complete,0.000000,0,0.000000,0
4088,2026-09-10T07:21:40.372072+00:00,408.800145,first_movement_sequence_complete,0.000000,0,0.000000,0
4089,2026-09-10T07:21:40.472118+00:00,408.900165,first_movement_sequence_complete,0.000000,0,0.000000,0
4090,2026-09-10T07:21:40.571974+00:00,409.000148,first_movement_sequence_complete,0.000000,0,0.000000,0
4091,2026-09-10T07:21:40.671979+00:00,409.100151,first_movement_sequence_complete,0.000000,0,0.000000,0
4092,2026-09-10T07:21:40.771948+00:00,409.200140,first_movement_sequence_complete,0.000000,0,0.000000,0
4093,2026-09-10T07:21:40.871932+00:00,409.300134,first_movement_sequence_complete,0.000000,0,0.000000,0
4094,2026-09-10T07:21:40.971935+00:00,409.400135,first_movement_sequence_complete,0.000000,0,0.000000,0
4095,2026-09-10T07:21:41.071923+00:00,409.500130,first_movement_sequence_complete,0.000000,0,0.000000,0
4096,2026-09-10T07:21:41.171930+00:00,409.600131,first_movement_sequence_complete,0.000000,0,0.000000,0
4097,2026-09-10T07:21:41.271928+00:00,409.700130,first_movement_sequence_complete,0.000000,0,0.000000,0
4098,2026-09-10T07:21:41.371935+00:00,409.800129,first_movement_sequence_complete,0.000000,0,0.000000,0
4099,2026-09-10T07:21:41.471947+00:00,409.900146,first_movement_sequence_complete,0.000000,0,0.000000,0
4100,2026-09-10T07:21:41.571966+00:00,410.000145,first_movement_sequence_complete,0.000000,0,0.000000,0
4101,2026-09-10T07:21:41.671981+00:00,410.100170,first_movement_sequence_complete,0.000000,0,0.000000,0
4102,2026-09-10T07:21:41.771943+00:00,410.200134,first_movement_sequence_complete,0.000000,0,0.000000,0
4103,2026-09-10T07:21:41.871957+00:00,410.300133,first_movement_sequence_complete,0.000000,0,0.000000,0
4104,2026-09-10T07:21:41.971978+00:00,410.400133,first_movement_sequence_complete,0.000000,0,0.000000,0
4105,2026-09-10T07:21:42.071942+00:00,410.500133,first_movement_sequence_complete,0.000000,0,0.000000,0
4106,2026-09-10T07:21:42.171943+00:00,410.600134,first_movement_sequence_complete,0.000000,0,0.000000,0
4107,2026-09-10T07:21:42.271935+00:00,410.700130,first_movement_sequence_complete,0.000000,0,0.000000,0
4108,2026-09-10T07:21:42.371943+00:00,410.800130,first_movement_sequence_complete,0.000000,0,0.000000,0
4109,2026-09-10T07:21:42.471967+00:00,410.900133,first_movement_sequence_complete,0.000000,0,0.000000,0
4110,2026-09-10T07:21:42.571929+00:00,411.000132,first_movement_sequence_complete,0.000000,0,0.000000,0
4111,2026-09-10T07:21:42.671951+00:00,411.100128,first_movement_sequence_complete,0.000000,0,0.000000,0
4112,2026-09-10T07:21:42.771965+00:00,411.200136,first_movement_sequence_complete,0.000000,0,0.000000,0
4113,2026-09-10T07:21:42.871926+00:00,411.300130,first_movement_sequence_complete,0.000000,0,0.000000,0
4114,2026-09-10T07:21:42.971957+00:00,411.400131,first_movement_sequence_complete,0.000000,0,0.000000,0
4115,2026-09-10T07:21:43.071925+00:00,411.500130,first_movement_sequence_complete,0.000000,0,0.000000,0
4116,2026-09-10T07:21:43.171927+00:00,411.600126,first_movement_sequence_complete,0.000000,0,0.000000,0
4117,2026-09-10T07:21:43.271925+00:00,411.700130,first_movement_sequence_complete,0.000000,0,0.000000,0
4118,2026-09-10T07:21:43.371945+00:00,411.800127,first_movement_sequence_complete,0.000000,0,0.000000,0
4119,2026-09-10T07:21:43.471950+00:00,411.900133,first_movement_sequence_complete,0.000000,0,0.000000,0
4120,2026-09-10T07:21:43.571941+00:00,412.000133,first_movement_sequence_complete,0.000000,0,0.000000,0
4121,2026-09-10T07:21:43.671927+00:00,412.100131,first_movement_sequence_complete,0.000000,0,0.000000,0
4122,2026-09-10T07:21:43.771930+00:00,412.200129,first_movement_sequence_complete,0.000000,0,0.000000,0
4123,2026-09-10T07:21:43.871943+00:00,412.300148,first_movement_sequence_complete,0.000000,0,0.000000,0
4124,2026-09-10T07:21:43.971969+00:00,412.400169,first_movement_sequence_complete,0.000000,0,0.000000,0
4125,2026-09-10T07:21:44.071974+00:00,412.500172,first_movement_sequence_complete,0.000000,0,0.000000,0
4126,2026-09-10T07:21:44.171922+00:00,412.600130,first_movement_sequence_complete,0.000000,0,0.000000,0
4127,2026-09-10T07:21:44.271928+00:00,412.700130,first_movement_sequence_complete,0.000000,0,0.000000,0
4128,2026-09-10T07:21:44.371938+00:00,412.800129,first_movement_sequence_complete,0.000000,0,0.000000,0
4129,2026-09-10T07:21:44.471966+00:00,412.900140,first_movement_sequence_complete,0.000000,0,0.000000,0
4130,2026-09-10T07:21:44.572037+00:00,413.000161,first_movement_sequence_complete,0.000000,0,0.000000,0
4131,2026-09-10T07:21:44.671970+00:00,413.100147,first_movement_sequence_complete,0.000000,0,0.000000,0
4132,2026-09-10T07:21:44.771921+00:00,413.200134,first_movement_sequence_complete,0.000000,0,0.000000,0
4133,2026-09-10T07:21:44.871964+00:00,413.300140,first_movement_sequence_complete,0.000000,0,0.000000,0
4134,2026-09-10T07:21:44.971927+00:00,413.400132,first_movement_sequence_complete,0.000000,0,0.000000,0
4135,2026-09-10T07:21:45.071969+00:00,413.500131,first_movement_sequence_complete,0.000000,0,0.000000,0
4136,2026-09-10T07:21:45.171949+00:00,413.600133,first_movement_sequence_complete,0.000000,0,0.000000,0
4137,2026-09-10T07:21:45.271925+00:00,413.700131,first_movement_sequence_complete,0.000000,0,0.000000,0
4138,2026-09-10T07:21:45.371922+00:00,413.800129,first_movement_sequence_complete,0.000000,0,0.000000,0
4139,2026-09-10T07:21:45.472230+00:00,413.900207,first_movement_sequence_complete,0.000000,0,0.000000,0
4140,2026-09-10T07:21:45.571971+00:00,414.000151,first_movement_sequence_complete,0.000000,0,0.000000,0
4141,2026-09-10T07:21:45.671953+00:00,414.100138,first_movement_sequence_complete,0.000000,0,0.000000,0
4142,2026-09-10T07:21:45.771956+00:00,414.200150,first_movement_sequence_complete,0.000000,0,0.000000,0
4143,2026-09-10T07:21:45.871944+00:00,414.300134,first_movement_sequence_complete,0.000000,0,0.000000,0
4144,2026-09-10T07:21:45.971952+00:00,414.400132,first_movement_sequence_complete,0.000000,0,0.000000,0
4145,2026-09-10T07:21:46.071932+00:00,414.500134,first_movement_sequence_complete,0.000000,0,0.000000,0
4146,2026-09-10T07:21:46.171972+00:00,414.600141,first_movement_sequence_complete,0.000000,0,0.000000,0
4147,2026-09-10T07:21:46.271958+00:00,414.700134,first_movement_sequence_complete,0.000000,0,0.000000,0
4148,2026-09-10T07:21:46.371928+00:00,414.800131,first_movement_sequence_complete,0.000000,0,0.000000,0
4149,2026-09-10T07:21:46.471954+00:00,414.900133,first_movement_sequence_complete,0.000000,0,0.000000,0
4150,2026-09-10T07:21:46.572233+00:00,415.000188,first_movement_sequence_complete,0.000000,0,0.000000,0
4151,2026-09-10T07:21:46.671958+00:00,415.100149,first_movement_sequence_complete,0.000000,0,0.000000,0
4152,2026-09-10T07:21:46.772014+00:00,415.200150,first_movement_sequence_complete,0.000000,0,0.000000,0
4153,2026-09-10T07:21:46.871945+00:00,415.300141,first_movement_sequence_complete,0.000000,0,0.000000,0
4154,2026-09-10T07:21:46.971991+00:00,415.400145,first_movement_sequence_complete,0.000000,0,0.000000,0
4155,2026-09-10T07:21:47.071930+00:00,415.500134,first_movement_sequence_complete,0.000000,0,0.000000,0
4156,2026-09-10T07:21:47.171962+00:00,415.600133,first_movement_sequence_complete,0.000000,0,0.000000,0
4157,2026-09-10T07:21:47.271941+00:00,415.700134,first_movement_sequence_complete,0.000000,0,0.000000,0
4158,2026-09-10T07:21:47.371972+00:00,415.800169,first_movement_sequence_complete,0.000000,0,0.000000,0
4159,2026-09-10T07:21:47.471968+00:00,415.900169,first_movement_sequence_complete,0.000000,0,0.000000,0
4160,2026-09-10T07:21:47.571961+00:00,416.000148,first_movement_sequence_complete,0.000000,0,0.000000,0
4161,2026-09-10T07:21:47.671972+00:00,416.100169,first_movement_sequence_complete,0.000000,0,0.000000,0
4162,2026-09-10T07:21:47.771925+00:00,416.200126,first_movement_sequence_complete,0.000000,0,0.000000,0
4163,2026-09-10T07:21:47.871932+00:00,416.300130,first_movement_sequence_complete,0.000000,0,0.000000,0
4164,2026-09-10T07:21:47.971947+00:00,416.400131,first_movement_sequence_complete,0.000000,0,0.000000,0
4165,2026-09-10T07:21:48.071922+00:00,416.500129,first_movement_sequence_complete,0.000000,0,0.000000,0
4166,2026-09-10T07:21:48.171925+00:00,416.600131,first_movement_sequence_complete,0.000000,0,0.000000,0
4167,2026-09-10T07:21:48.271928+00:00,416.700130,first_movement_sequence_complete,0.000000,0,0.000000,0
4168,2026-09-10T07:21:48.371945+00:00,416.800129,first_movement_sequence_complete,0.000000,0,0.000000,0
4169,2026-09-10T07:21:48.472004+00:00,416.900138,first_movement_sequence_complete,0.000000,0,0.000000,0
4170,2026-09-10T07:21:48.571946+00:00,417.000128,first_movement_sequence_complete,0.000000,0,0.000000,0
4171,2026-09-10T07:21:48.671975+00:00,417.100135,first_movement_sequence_complete,0.000000,0,0.000000,0
4172,2026-09-10T07:21:48.771932+00:00,417.200133,first_movement_sequence_complete,0.000000,0,0.000000,0
4173,2026-09-10T07:21:48.871950+00:00,417.300131,first_movement_sequence_complete,0.000000,0,0.000000,0
4174,2026-09-10T07:21:48.971934+00:00,417.400133,first_movement_sequence_complete,0.000000,0,0.000000,0
4175,2026-09-10T07:21:49.071970+00:00,417.500169,first_movement_sequence_complete,0.000000,0,0.000000,0
4176,2026-09-10T07:21:49.171929+00:00,417.600131,first_movement_sequence_complete,0.000000,0,0.000000,0
4177,2026-09-10T07:21:49.271945+00:00,417.700131,first_movement_sequence_complete,0.000000,0,0.000000,0
4178,2026-09-10T07:21:49.371931+00:00,417.800132,first_movement_sequence_complete,0.000000,0,0.000000,0
4179,2026-09-10T07:21:49.471945+00:00,417.900130,first_movement_sequence_complete,0.000000,0,0.000000,0
4180,2026-09-10T07:21:49.571954+00:00,418.000131,first_movement_sequence_complete,0.000000,0,0.000000,0
4181,2026-09-10T07:21:49.672068+00:00,418.100163,first_movement_sequence_complete,0.000000,0,0.000000,0
4182,2026-09-10T07:21:49.771970+00:00,418.200146,first_movement_sequence_complete,0.000000,0,0.000000,0
4183,2026-09-10T07:21:49.871944+00:00,418.300134,first_movement_sequence_complete,0.000000,0,0.000000,0
4184,2026-09-10T07:21:49.971943+00:00,418.400133,first_movement_sequence_complete,0.000000,0,0.000000,0
4185,2026-09-10T07:21:50.071929+00:00,418.500133,first_movement_sequence_complete,0.000000,0,0.000000,0
4186,2026-09-10T07:21:50.171955+00:00,418.600131,first_movement_sequence_complete,0.000000,0,0.000000,0
4187,2026-09-10T07:21:50.271976+00:00,418.700132,first_movement_sequence_complete,0.000000,0,0.000000,0
4188,2026-09-10T07:21:50.371979+00:00,418.800132,first_movement_sequence_complete,0.000000,0,0.000000,0
4189,2026-09-10T07:21:50.471932+00:00,418.900133,first_movement_sequence_complete,0.000000,0,0.000000,0
4190,2026-09-10T07:21:50.571931+00:00,419.000130,first_movement_sequence_complete,0.000000,0,0.000000,0
4191,2026-09-10T07:21:50.671959+00:00,419.100131,first_movement_sequence_complete,0.000000,0,0.000000,0
4192,2026-09-10T07:21:50.771945+00:00,419.200134,first_movement_sequence_complete,0.000000,0,0.000000,0
4193,2026-09-10T07:21:50.871944+00:00,419.300133,first_movement_sequence_complete,0.000000,0,0.000000,0
4194,2026-09-10T07:21:50.971964+00:00,419.400146,first_movement_sequence_complete,0.000000,0,0.000000,0
4195,2026-09-10T07:21:51.071972+00:00,419.500170,first_movement_sequence_complete,0.000000,0,0.000000,0
4196,2026-09-10T07:21:51.171934+00:00,419.600129,first_movement_sequence_complete,0.000000,0,0.000000,0
4197,2026-09-10T07:21:51.271929+00:00,419.700128,first_movement_sequence_complete,0.000000,0,0.000000,0
4198,2026-09-10T07:21:51.371964+00:00,419.800134,first_movement_sequence_complete,0.000000,0,0.000000,0
4199,2026-09-10T07:21:51.472199+00:00,419.900207,first_movement_sequence_complete,0.000000,0,0.000000,0
4200,2026-09-10T07:21:51.571936+00:00,420.000146,first_movement_sequence_complete,0.000000,0,0.000000,0
4201,2026-09-10T07:21:51.671958+00:00,420.100135,first_movement_sequence_complete,0.000000,0,0.000000,0
4202,2026-09-10T07:21:51.771965+00:00,420.200130,first_movement_sequence_complete,0.000000,0,0.000000,0
4203,2026-09-10T07:21:51.871949+00:00,420.300129,first_movement_sequence_complete,0.000000,0,0.000000,0
4204,2026-09-10T07:21:51.971960+00:00,420.400134,first_movement_sequence_complete,0.000000,0,0.000000,0
4205,2026-09-10T07:21:52.071935+00:00,420.500132,first_movement_sequence_complete,0.000000,0,0.000000,0
4206,2026-09-10T07:21:52.171934+00:00,420.600130,first_movement_sequence_complete,0.000000,0,0.000000,0
4207,2026-09-10T07:21:52.271976+00:00,420.700170,first_movement_sequence_complete,0.000000,0,0.000000,0
4208,2026-09-10T07:21:52.371990+00:00,420.800177,first_movement_sequence_complete,0.000000,0,0.000000,0
4209,2026-09-10T07:21:52.472103+00:00,420.900156,first_movement_sequence_complete,0.000000,0,0.000000,0
4210,2026-09-10T07:21:52.571995+00:00,421.000155,first_movement_sequence_complete,0.000000,0,0.000000,0
4211,2026-09-10T07:21:52.672002+00:00,421.100149,first_movement_sequence_complete,0.000000,0,0.000000,0
4212,2026-09-10T07:21:52.771962+00:00,421.200137,first_movement_sequence_complete,0.000000,0,0.000000,0
4213,2026-09-10T07:21:52.871937+00:00,421.300132,first_movement_sequence_complete,0.000000,0,0.000000,0
4214,2026-09-10T07:21:52.971963+00:00,421.400140,first_movement_sequence_complete,0.000000,0,0.000000,0
4215,2026-09-10T07:21:53.071955+00:00,421.500137,first_movement_sequence_complete,0.000000,0,0.000000,0
4216,2026-09-10T07:21:53.171967+00:00,421.600128,first_movement_sequence_complete,0.000000,0,0.000000,0
4217,2026-09-10T07:21:53.271950+00:00,421.700130,first_movement_sequence_complete,0.000000,0,0.000000,0
4218,2026-09-10T07:21:53.371933+00:00,421.800129,first_movement_sequence_complete,0.000000,0,0.000000,0
4219,2026-09-10T07:21:53.471941+00:00,421.900134,first_movement_sequence_complete,0.000000,0,0.000000,0
4220,2026-09-10T07:21:53.571939+00:00,422.000131,first_movement_sequence_complete,0.000000,0,0.000000,0
4221,2026-09-10T07:21:53.671944+00:00,422.100147,first_movement_sequence_complete,0.000000,0,0.000000,0
4222,2026-09-10T07:21:53.771946+00:00,422.200145,first_movement_sequence_complete,0.000000,0,0.000000,0
4223,2026-09-10T07:21:53.871934+00:00,422.300131,first_movement_sequence_complete,0.000000,0,0.000000,0
4224,2026-09-10T07:21:53.971938+00:00,422.400133,first_movement_sequence_complete,0.000000,0,0.000000,0
4225,2026-09-10T07:21:54.071942+00:00,422.500136,first_movement_sequence_complete,0.000000,0,0.000000,0
4226,2026-09-10T07:21:54.171947+00:00,422.600130,first_movement_sequence_complete,0.000000,0,0.000000,0
4227,2026-09-10T07:21:54.271923+00:00,422.700129,first_movement_sequence_complete,0.000000,0,0.000000,0
4228,2026-09-10T07:21:54.371953+00:00,422.800135,first_movement_sequence_complete,0.000000,0,0.000000,0
4229,2026-09-10T07:21:54.471928+00:00,422.900133,first_movement_sequence_complete,0.000000,0,0.000000,0
4230,2026-09-10T07:21:54.571918+00:00,423.000127,first_movement_sequence_complete,0.000000,0,0.000000,0
4231,2026-09-10T07:21:54.671939+00:00,423.100129,first_movement_sequence_complete,0.000000,0,0.000000,0
4232,2026-09-10T07:21:54.772092+00:00,423.200159,first_movement_sequence_complete,0.000000,0,0.000000,0
4233,2026-09-10T07:21:54.871947+00:00,423.300145,first_movement_sequence_complete,0.000000,0,0.000000,0
4234,2026-09-10T07:21:54.971929+00:00,423.400134,first_movement_sequence_complete,0.000000,0,0.000000,0
4235,2026-09-10T07:21:55.071955+00:00,423.500131,first_movement_sequence_complete,0.000000,0,0.000000,0
4236,2026-09-10T07:21:55.171931+00:00,423.600131,first_movement_sequence_complete,0.000000,0,0.000000,0
4237,2026-09-10T07:21:55.271965+00:00,423.700168,first_movement_sequence_complete,0.000000,0,0.000000,0
4238,2026-09-10T07:21:55.371966+00:00,423.800170,first_movement_sequence_complete,0.000000,0,0.000000,0
4239,2026-09-10T07:21:55.471980+00:00,423.900170,first_movement_sequence_complete,0.000000,0,0.000000,0
4240,2026-09-10T07:21:55.571972+00:00,424.000171,first_movement_sequence_complete,0.000000,0,0.000000,0
4241,2026-09-10T07:21:55.671944+00:00,424.100131,first_movement_sequence_complete,0.000000,0,0.000000,0
4242,2026-09-10T07:21:55.771951+00:00,424.200132,first_movement_sequence_complete,0.000000,0,0.000000,0
4243,2026-09-10T07:21:55.871939+00:00,424.300129,first_movement_sequence_complete,0.000000,0,0.000000,0
4244,2026-09-10T07:21:55.971938+00:00,424.400132,first_movement_sequence_complete,0.000000,0,0.000000,0
4245,2026-09-10T07:21:56.071966+00:00,424.500135,first_movement_sequence_complete,0.000000,0,0.000000,0
4246,2026-09-10T07:21:56.171928+00:00,424.600133,first_movement_sequence_complete,0.000000,0,0.000000,0
4247,2026-09-10T07:21:56.271925+00:00,424.700129,first_movement_sequence_complete,0.000000,0,0.000000,0
4248,2026-09-10T07:21:56.371945+00:00,424.800130,first_movement_sequence_complete,0.000000,0,0.000000,0
4249,2026-09-10T07:21:56.472034+00:00,424.900158,first_movement_sequence_complete,0.000000,0,0.000000,0
4250,2026-09-10T07:21:56.571995+00:00,425.000143,first_movement_sequence_complete,0.000000,0,0.000000,0
4251,2026-09-10T07:21:56.671975+00:00,425.100132,first_movement_sequence_complete,0.000000,0,0.000000,0
4252,2026-09-10T07:21:56.771929+00:00,425.200128,first_movement_sequence_complete,0.000000,0,0.000000,0
4253,2026-09-10T07:21:56.871926+00:00,425.300129,first_movement_sequence_complete,0.000000,0,0.000000,0
4254,2026-09-10T07:21:56.971924+00:00,425.400127,first_movement_sequence_complete,0.000000,0,0.000000,0
4255,2026-09-10T07:21:57.071942+00:00,425.500134,first_movement_sequence_complete,0.000000,0,0.000000,0
4256,2026-09-10T07:21:57.171954+00:00,425.600147,first_movement_sequence_complete,0.000000,0,0.000000,0
4257,2026-09-10T07:21:57.271970+00:00,425.700171,first_movement_sequence_complete,0.000000,0,0.000000,0
4258,2026-09-10T07:21:57.371954+00:00,425.800129,first_movement_sequence_complete,0.000000,0,0.000000,0
4259,2026-09-10T07:21:57.472181+00:00,425.900182,first_movement_sequence_complete,0.000000,0,0.000000,0
4260,2026-09-10T07:21:57.571959+00:00,426.000152,first_movement_sequence_complete,0.000000,0,0.000000,0
4261,2026-09-10T07:21:57.671959+00:00,426.100143,first_movement_sequence_complete,0.000000,0,0.000000,0
4262,2026-09-10T07:21:57.771922+00:00,426.200132,first_movement_sequence_complete,0.000000,0,0.000000,0
4263,2026-09-10T07:21:57.871938+00:00,426.300134,first_movement_sequence_complete,0.000000,0,0.000000,0
4264,2026-09-10T07:21:57.971947+00:00,426.400130,first_movement_sequence_complete,0.000000,0,0.000000,0
4265,2026-09-10T07:21:58.071973+00:00,426.500131,first_movement_sequence_complete,0.000000,0,0.000000,0
4266,2026-09-10T07:21:58.171960+00:00,426.600134,first_movement_sequence_complete,0.000000,0,0.000000,0
4267,2026-09-10T07:21:58.271928+00:00,426.700132,first_movement_sequence_complete,0.000000,0,0.000000,0
4268,2026-09-10T07:21:58.371924+00:00,426.800130,first_movement_sequence_complete,0.000000,0,0.000000,0
4269,2026-09-10T07:21:58.472187+00:00,426.900188,first_movement_sequence_complete,0.000000,0,0.000000,0
4270,2026-09-10T07:21:58.572050+00:00,427.000157,first_movement_sequence_complete,0.000000,0,0.000000,0
4271,2026-09-10T07:21:58.671985+00:00,427.100143,first_movement_sequence_complete,0.000000,0,0.000000,0
4272,2026-09-10T07:21:58.771936+00:00,427.200134,first_movement_sequence_complete,0.000000,0,0.000000,0
4273,2026-09-10T07:21:58.871976+00:00,427.300135,first_movement_sequence_complete,0.000000,0,0.000000,0
4274,2026-09-10T07:21:58.971930+00:00,427.400132,first_movement_sequence_complete,0.000000,0,0.000000,0
4275,2026-09-10T07:21:59.071935+00:00,427.500129,first_movement_sequence_complete,0.000000,0,0.000000,0
4276,2026-09-10T07:21:59.171944+00:00,427.600133,first_movement_sequence_complete,0.000000,0,0.000000,0
4277,2026-09-10T07:21:59.271948+00:00,427.700145,first_movement_sequence_complete,0.000000,0,0.000000,0
4278,2026-09-10T07:21:59.371974+00:00,427.800170,first_movement_sequence_complete,0.000000,0,0.000000,0
4279,2026-09-10T07:21:59.471925+00:00,427.900128,first_movement_sequence_complete,0.000000,0,0.000000,0
4280,2026-09-10T07:21:59.571940+00:00,428.000131,first_movement_sequence_complete,0.000000,0,0.000000,0
4281,2026-09-10T07:21:59.671955+00:00,428.100132,first_movement_sequence_complete,0.000000,0,0.000000,0
4282,2026-09-10T07:21:59.771922+00:00,428.200130,first_movement_sequence_complete,0.000000,0,0.000000,0
4283,2026-09-10T07:21:59.872055+00:00,428.300164,first_movement_sequence_complete,0.000000,0,0.000000,0
4284,2026-09-10T07:21:59.971960+00:00,428.400141,first_movement_sequence_complete,0.000000,0,0.000000,0
4285,2026-09-10T07:22:00.071931+00:00,428.500134,first_movement_sequence_complete,0.000000,0,0.000000,0
4286,2026-09-10T07:22:00.171938+00:00,428.600133,first_movement_sequence_complete,0.000000,0,0.000000,0
4287,2026-09-10T07:22:00.271943+00:00,428.700130,first_movement_sequence_complete,0.000000,0,0.000000,0
4288,2026-09-10T07:22:00.371967+00:00,428.800132,first_movement_sequence_complete,0.000000,0,0.000000,0
4289,2026-09-10T07:22:00.472018+00:00,428.900142,first_movement_sequence_complete,0.000000,0,0.000000,0
4290,2026-09-10T07:22:00.571971+00:00,429.000131,first_movement_sequence_complete,0.000000,0,0.000000,0
4291,2026-09-10T07:22:00.671925+00:00,429.100133,first_movement_sequence_complete,0.000000,0,0.000000,0
4292,2026-09-10T07:22:00.771969+00:00,429.200130,first_movement_sequence_complete,0.000000,0,0.000000,0
4293,2026-09-10T07:22:00.871948+00:00,429.300131,first_movement_sequence_complete,0.000000,0,0.000000,0
4294,2026-09-10T07:22:00.971922+00:00,429.400130,first_movement_sequence_complete,0.000000,0,0.000000,0
4295,2026-09-10T07:22:01.071926+00:00,429.500132,first_movement_sequence_complete,0.000000,0,0.000000,0
4296,2026-09-10T07:22:01.171944+00:00,429.600144,first_movement_sequence_complete,0.000000,0,0.000000,0
4297,2026-09-10T07:22:01.271948+00:00,429.700129,first_movement_sequence_complete,0.000000,0,0.000000,0
4298,2026-09-10T07:22:01.371967+00:00,429.800140,first_movement_sequence_complete,0.000000,0,0.000000,0
4299,2026-09-10T07:22:01.471940+00:00,429.900132,first_movement_sequence_complete,0.000000,0,0.000000,0
4300,2026-09-10T07:22:01.571973+00:00,430.000132,first_movement_sequence_complete,0.000000,0,0.000000,0
4301,2026-09-10T07:22:01.671969+00:00,430.100135,first_movement_sequence_complete,0.000000,0,0.000000,0
4302,2026-09-10T07:22:01.771936+00:00,430.200134,first_movement_sequence_complete,0.000000,0,0.000000,0
4303,2026-09-10T07:22:01.872138+00:00,430.300132,first_movement_sequence_complete,0.000000,0,0.000000,0
4304,2026-09-10T07:22:01.972067+00:00,430.400166,first_movement_sequence_complete,0.000000,0,0.000000,0
4305,2026-09-10T07:22:02.071988+00:00,430.500140,first_movement_sequence_complete,0.000000,0,0.000000,0
4306,2026-09-10T07:22:02.171981+00:00,430.600134,first_movement_sequence_complete,0.000000,0,0.000000,0
4307,2026-09-10T07:22:02.271966+00:00,430.700136,first_movement_sequence_complete,0.000000,0,0.000000,0
4308,2026-09-10T07:22:02.371929+00:00,430.800132,first_movement_sequence_complete,0.000000,0,0.000000,0
4309,2026-09-10T07:22:02.471925+00:00,430.900131,first_movement_sequence_complete,0.000000,0,0.000000,0
4310,2026-09-10T07:22:02.572069+00:00,431.000173,first_movement_sequence_complete,0.000000,0,0.000000,0
4311,2026-09-10T07:22:02.671963+00:00,431.100146,first_movement_sequence_complete,0.000000,0,0.000000,0
4312,2026-09-10T07:22:02.771939+00:00,431.200135,first_movement_sequence_complete,0.000000,0,0.000000,0
4313,2026-09-10T07:22:02.871940+00:00,431.300135,first_movement_sequence_complete,0.000000,0,0.000000,0
4314,2026-09-10T07:22:02.971954+00:00,431.400144,first_movement_sequence_complete,0.000000,0,0.000000,0
4315,2026-09-10T07:22:03.071980+00:00,431.500174,first_movement_sequence_complete,0.000000,0,0.000000,0
4316,2026-09-10T07:22:03.171940+00:00,431.600132,first_movement_sequence_complete,0.000000,0,0.000000,0
4317,2026-09-10T07:22:03.271947+00:00,431.700136,first_movement_sequence_complete,0.000000,0,0.000000,0
4318,2026-09-10T07:22:03.371947+00:00,431.800131,first_movement_sequence_complete,0.000000,0,0.000000,0
4319,2026-09-10T07:22:03.472180+00:00,431.900178,first_movement_sequence_complete,0.000000,0,0.000000,0
4320,2026-09-10T07:22:03.571953+00:00,432.000151,first_movement_sequence_complete,0.000000,0,0.000000,0
4321,2026-09-10T07:22:03.671948+00:00,432.100132,first_movement_sequence_complete,0.000000,0,0.000000,0
4322,2026-09-10T07:22:03.771966+00:00,432.200142,first_movement_sequence_complete,0.000000,0,0.000000,0
4323,2026-09-10T07:22:03.871929+00:00,432.300132,first_movement_sequence_complete,0.000000,0,0.000000,0
4324,2026-09-10T07:22:03.971949+00:00,432.400130,first_movement_sequence_complete,0.000000,0,0.000000,0
4325,2026-09-10T07:22:04.071974+00:00,432.500135,first_movement_sequence_complete,0.000000,0,0.000000,0
4326,2026-09-10T07:22:04.171958+00:00,432.600132,first_movement_sequence_complete,0.000000,0,0.000000,0
4327,2026-09-10T07:22:04.271966+00:00,432.700135,first_movement_sequence_complete,0.000000,0,0.000000,0
4328,2026-09-10T07:22:04.372179+00:00,432.800181,first_movement_sequence_complete,0.000000,0,0.000000,0
4329,2026-09-10T07:22:04.472043+00:00,432.900164,first_movement_sequence_complete,0.000000,0,0.000000,0
4330,2026-09-10T07:22:04.571991+00:00,433.000145,first_movement_sequence_complete,0.000000,0,0.000000,0
4331,2026-09-10T07:22:04.671966+00:00,433.100138,first_movement_sequence_complete,0.000000,0,0.000000,0
4332,2026-09-10T07:22:04.771942+00:00,433.200134,first_movement_sequence_complete,0.000000,0,0.000000,0
4333,2026-09-10T07:22:04.871984+00:00,433.300174,first_movement_sequence_complete,0.000000,0,0.000000,0
4334,2026-09-10T07:22:04.972163+00:00,433.400193,first_movement_sequence_complete,0.000000,0,0.000000,0
4335,2026-09-10T07:22:05.072008+00:00,433.500196,first_movement_sequence_complete,0.000000,0,0.000000,0
4336,2026-09-10T07:22:05.171927+00:00,433.600131,first_movement_sequence_complete,0.000000,0,0.000000,0
4337,2026-09-10T07:22:05.271937+00:00,433.700132,first_movement_sequence_complete,0.000000,0,0.000000,0
4338,2026-09-10T07:22:05.371934+00:00,433.800134,first_movement_sequence_complete,0.000000,0,0.000000,0
4339,2026-09-10T07:22:05.471921+00:00,433.900130,first_movement_sequence_complete,0.000000,0,0.000000,0
4340,2026-09-10T07:22:05.571940+00:00,434.000129,first_movement_sequence_complete,0.000000,0,0.000000,0
4341,2026-09-10T07:22:05.671915+00:00,434.100129,first_movement_sequence_complete,0.000000,0,0.000000,0
4342,2026-09-10T07:22:05.771958+00:00,434.200133,first_movement_sequence_complete,0.000000,0,0.000000,0
4343,2026-09-10T07:22:05.871987+00:00,434.300136,first_movement_sequence_complete,0.000000,0,0.000000,0
4344,2026-09-10T07:22:05.971960+00:00,434.400131,first_movement_sequence_complete,0.000000,0,0.000000,0
4345,2026-09-10T07:22:06.071976+00:00,434.500134,first_movement_sequence_complete,0.000000,0,0.000000,0
4346,2026-09-10T07:22:06.171928+00:00,434.600130,first_movement_sequence_complete,0.000000,0,0.000000,0
4347,2026-09-10T07:22:06.272172+00:00,434.700186,first_movement_sequence_complete,0.000000,0,0.000000,0
4348,2026-09-10T07:22:06.371983+00:00,434.800156,first_movement_sequence_complete,0.000000,0,0.000000,0
4349,2026-09-10T07:22:06.472162+00:00,434.900177,first_movement_sequence_complete,0.000000,0,0.000000,0
4350,2026-09-10T07:22:06.572091+00:00,435.000176,first_movement_sequence_complete,0.000000,0,0.000000,0
4351,2026-09-10T07:22:06.671987+00:00,435.100156,first_movement_sequence_complete,0.000000,0,0.000000,0
4352,2026-09-10T07:22:06.772153+00:00,435.200188,first_movement_sequence_complete,0.000000,0,0.000000,0
4353,2026-09-10T07:22:06.872004+00:00,435.300176,first_movement_sequence_complete,0.000000,0,0.000000,0
4354,2026-09-10T07:22:06.972184+00:00,435.400178,first_movement_sequence_complete,0.000000,0,0.000000,0
4355,2026-09-10T07:22:07.072000+00:00,435.500157,first_movement_sequence_complete,0.000000,0,0.000000,0
4356,2026-09-10T07:22:07.171942+00:00,435.600135,first_movement_sequence_complete,0.000000,0,0.000000,0
4357,2026-09-10T07:22:07.272208+00:00,435.700190,first_movement_sequence_complete,0.000000,0,0.000000,0
4358,2026-09-10T07:22:07.371994+00:00,435.800160,first_movement_sequence_complete,0.000000,0,0.000000,0
4359,2026-09-10T07:22:07.472085+00:00,435.900172,first_movement_sequence_complete,0.000000,0,0.000000,0
4360,2026-09-10T07:22:07.571973+00:00,436.000145,first_movement_sequence_complete,0.000000,0,0.000000,0
4361,2026-09-10T07:22:07.672226+00:00,436.100206,first_movement_sequence_complete,0.000000,0,0.000000,0
4362,2026-09-10T07:22:07.772029+00:00,436.200163,first_movement_sequence_complete,0.000000,0,0.000000,0
4363,2026-09-10T07:22:07.871988+00:00,436.300140,first_movement_sequence_complete,0.000000,0,0.000000,0
4364,2026-09-10T07:22:07.971937+00:00,436.400133,first_movement_sequence_complete,0.000000,0,0.000000,0
4365,2026-09-10T07:22:08.071956+00:00,436.500134,first_movement_sequence_complete,0.000000,0,0.000000,0
4366,2026-09-10T07:22:08.171988+00:00,436.600147,first_movement_sequence_complete,0.000000,0,0.000000,0
4367,2026-09-10T07:22:08.271966+00:00,436.700140,first_movement_sequence_complete,0.000000,0,0.000000,0
4368,2026-09-10T07:22:08.371953+00:00,436.800137,first_movement_sequence_complete,0.000000,0,0.000000,0
4369,2026-09-10T07:22:08.471982+00:00,436.900142,first_movement_sequence_complete,0.000000,0,0.000000,0
4370,2026-09-10T07:22:08.571958+00:00,437.000151,first_movement_sequence_complete,0.000000,0,0.000000,0
4371,2026-09-10T07:22:08.672172+00:00,437.100173,first_movement_sequence_complete,0.000000,0,0.000000,0
4372,2026-09-10T07:22:08.771981+00:00,437.200150,first_movement_sequence_complete,0.000000,0,0.000000,0
4373,2026-09-10T07:22:08.871955+00:00,437.300136,first_movement_sequence_complete,0.000000,0,0.000000,0
4374,2026-09-10T07:22:08.971933+00:00,437.400134,first_movement_sequence_complete,0.000000,0,0.000000,0
4375,2026-09-10T07:22:09.071936+00:00,437.500135,first_movement_sequence_complete,0.000000,0,0.000000,0
4376,2026-09-10T07:22:09.171999+00:00,437.600145,first_movement_sequence_complete,0.000000,0,0.000000,0
4377,2026-09-10T07:22:09.272025+00:00,437.700136,first_movement_sequence_complete,0.000000,0,0.000000,0
4378,2026-09-10T07:22:09.371967+00:00,437.800147,first_movement_sequence_complete,0.000000,0,0.000000,0
4379,2026-09-10T07:22:09.472238+00:00,437.900206,first_movement_sequence_complete,0.000000,0,0.000000,0
4380,2026-09-10T07:22:09.571993+00:00,438.000148,first_movement_sequence_complete,0.000000,0,0.000000,0
4381,2026-09-10T07:22:09.671969+00:00,438.100129,first_movement_sequence_complete,0.000000,0,0.000000,0
4382,2026-09-10T07:22:09.772014+00:00,438.200145,first_movement_sequence_complete,0.000000,0,0.000000,0
4383,2026-09-10T07:22:09.871975+00:00,438.300142,first_movement_sequence_complete,0.000000,0,0.000000,0
4384,2026-09-10T07:22:09.971945+00:00,438.400139,first_movement_sequence_complete,0.000000,0,0.000000,0
4385,2026-09-10T07:22:10.072125+00:00,438.500164,first_movement_sequence_complete,0.000000,0,0.000000,0
4386,2026-09-10T07:22:10.172023+00:00,438.600162,first_movement_sequence_complete,0.000000,0,0.000000,0
4387,2026-09-10T07:22:10.271956+00:00,438.700148,first_movement_sequence_complete,0.000000,0,0.000000,0
4388,2026-09-10T07:22:10.372006+00:00,438.800147,first_movement_sequence_complete,0.000000,0,0.000000,0
4389,2026-09-10T07:22:10.472021+00:00,438.900144,first_movement_sequence_complete,0.000000,0,0.000000,0
4390,2026-09-10T07:22:10.572204+00:00,439.000207,first_movement_sequence_complete,0.000000,0,0.000000,0
4391,2026-09-10T07:22:10.672007+00:00,439.100193,first_movement_sequence_complete,0.000000,0,0.000000,0
4392,2026-09-10T07:22:10.771933+00:00,439.200131,first_movement_sequence_complete,0.000000,0,0.000000,0
4393,2026-09-10T07:22:10.871940+00:00,439.300132,first_movement_sequence_complete,0.000000,0,0.000000,0
4394,2026-09-10T07:22:10.971959+00:00,439.400136,first_movement_sequence_complete,0.000000,0,0.000000,0
4395,2026-09-10T07:22:11.071964+00:00,439.500139,first_movement_sequence_complete,0.000000,0,0.000000,0
4396,2026-09-10T07:22:11.171966+00:00,439.600135,first_movement_sequence_complete,0.000000,0,0.000000,0
4397,2026-09-10T07:22:11.272001+00:00,439.700137,first_movement_sequence_complete,0.000000,0,0.000000,0
4398,2026-09-10T07:22:11.371935+00:00,439.800132,first_movement_sequence_complete,0.000000,0,0.000000,0
4399,2026-09-10T07:22:11.471947+00:00,439.900132,first_movement_sequence_complete,0.000000,0,0.000000,0
4400,2026-09-10T07:22:11.571936+00:00,440.000131,first_movement_sequence_complete,0.000000,0,0.000000,0
4401,2026-09-10T07:22:11.671946+00:00,440.100128,first_movement_sequence_complete,0.000000,0,0.000000,0
4402,2026-09-10T07:22:11.771952+00:00,440.200132,first_movement_sequence_complete,0.000000,0,0.000000,0
4403,2026-09-10T07:22:11.871974+00:00,440.300129,first_movement_sequence_complete,0.000000,0,0.000000,0
4404,2026-09-10T07:22:11.971923+00:00,440.400131,first_movement_sequence_complete,0.000000,0,0.000000,0
4405,2026-09-10T07:22:12.071931+00:00,440.500131,first_movement_sequence_complete,0.000000,0,-0.002000,-16
4406,2026-09-10T07:22:12.171943+00:00,440.600136,first_movement_sequence_complete,0.000000,0,0.000000,0
4407,2026-09-10T07:22:12.271949+00:00,440.700131,first_movement_sequence_complete,0.000000,0,0.000000,0
4408,2026-09-10T07:22:12.371971+00:00,440.800131,first_movement_sequence_complete,0.000000,0,0.000000,0
4409,2026-09-10T07:22:12.472019+00:00,440.900141,first_movement_sequence_complete,0.000000,0,0.000000,0
4410,2026-09-10T07:22:12.571930+00:00,441.000135,first_movement_sequence_complete,0.000000,0,0.000000,0
4411,2026-09-10T07:22:12.671960+00:00,441.100128,first_movement_sequence_complete,0.000000,0,0.000000,0
4412,2026-09-10T07:22:12.771964+00:00,441.200131,first_movement_sequence_complete,0.000000,0,0.000000,0
4413,2026-09-10T07:22:12.871931+00:00,441.300130,first_movement_sequence_complete,0.000000,0,0.000000,0
4414,2026-09-10T07:22:12.971924+00:00,441.400131,first_movement_sequence_complete,0.000000,0,0.000000,0
4415,2026-09-10T07:22:13.071923+00:00,441.500131,first_movement_sequence_complete,0.000000,0,0.000000,0
4416,2026-09-10T07:22:13.171929+00:00,441.600130,first_movement_sequence_complete,0.000000,0,0.000000,0
4417,2026-09-10T07:22:13.271931+00:00,441.700131,first_movement_sequence_complete,0.000000,0,0.000000,0
4418,2026-09-10T07:22:13.372146+00:00,441.800168,first_movement_sequence_complete,0.000000,0,0.000000,0
4419,2026-09-10T07:22:13.471975+00:00,441.900151,first_movement_sequence_complete,0.000000,0,0.000000,0
4420,2026-09-10T07:22:13.571961+00:00,442.000153,first_movement_sequence_complete,0.000000,0,0.000000,0
4421,2026-09-10T07:22:13.671972+00:00,442.100128,first_movement_sequence_complete,0.000000,0,0.000000,0
4422,2026-09-10T07:22:13.771949+00:00,442.200133,first_movement_sequence_complete,0.000000,0,0.000000,0
4423,2026-09-10T07:22:13.871957+00:00,442.300136,first_movement_sequence_complete,0.000000,0,0.000000,0
4424,2026-09-10T07:22:13.971933+00:00,442.400135,first_movement_sequence_complete,0.000000,0,0.000000,0
4425,2026-09-10T07:22:14.071924+00:00,442.500131,first_movement_sequence_complete,0.000000,0,0.000000,0
4426,2026-09-10T07:22:14.172059+00:00,442.600124,first_movement_sequence_complete,0.000000,0,0.000000,0
4427,2026-09-10T07:22:14.272018+00:00,442.700159,first_movement_sequence_complete,0.000000,0,0.000000,0
4428,2026-09-10T07:22:14.371969+00:00,442.800142,first_movement_sequence_complete,0.000000,0,0.000000,0
4429,2026-09-10T07:22:14.471957+00:00,442.900139,first_movement_sequence_complete,0.000000,0,0.000000,0
4430,2026-09-10T07:22:14.571952+00:00,443.000133,first_movement_sequence_complete,0.000000,0,0.000000,0
4431,2026-09-10T07:22:14.671933+00:00,443.100130,first_movement_sequence_complete,0.000000,0,0.000000,0
4432,2026-09-10T07:22:14.771978+00:00,443.200131,first_movement_sequence_complete,0.000000,0,0.000000,0
4433,2026-09-10T07:22:14.871959+00:00,443.300133,first_movement_sequence_complete,0.000000,0,0.000000,0
4434,2026-09-10T07:22:14.971920+00:00,443.400130,first_movement_sequence_complete,0.000000,0,0.000000,0
4435,2026-09-10T07:22:15.071925+00:00,443.500131,first_movement_sequence_complete,0.000000,0,0.000000,0
4436,2026-09-10T07:22:15.172056+00:00,443.600159,first_movement_sequence_complete,0.000000,0,0.000000,0
4437,2026-09-10T07:22:15.271960+00:00,443.700146,first_movement_sequence_complete,0.000000,0,0.000000,0
4438,2026-09-10T07:22:15.372137+00:00,443.800176,first_movement_sequence_complete,0.000000,0,0.000000,0
4439,2026-09-10T07:22:15.472212+00:00,443.900210,first_movement_sequence_complete,0.000000,0,0.000000,0
4440,2026-09-10T07:22:15.571979+00:00,444.000164,first_movement_sequence_complete,0.000000,0,0.000000,0
4441,2026-09-10T07:22:15.671939+00:00,444.100133,first_movement_sequence_complete,0.000000,0,0.000000,0
4442,2026-09-10T07:22:15.771938+00:00,444.200121,first_movement_sequence_complete,0.000000,0,0.000000,0
4443,2026-09-10T07:22:15.871967+00:00,444.300130,first_movement_sequence_complete,0.000000,0,0.000000,0
4444,2026-09-10T07:22:15.971972+00:00,444.400133,first_movement_sequence_complete,0.000000,0,0.000000,0
4445,2026-09-10T07:22:16.071933+00:00,444.500134,first_movement_sequence_complete,0.000000,0,0.000000,0
4446,2026-09-10T07:22:16.171933+00:00,444.600138,first_movement_sequence_complete,0.000000,0,0.000000,0
4447,2026-09-10T07:22:16.271926+00:00,444.700130,first_movement_sequence_complete,0.000000,0,0.000000,0
4448,2026-09-10T07:22:16.372106+00:00,444.800173,first_movement_sequence_complete,0.000000,0,0.000000,0
4449,2026-09-10T07:22:16.472044+00:00,444.900158,first_movement_sequence_complete,0.000000,0,0.000000,0
4450,2026-09-10T07:22:16.571983+00:00,445.000148,first_movement_sequence_complete,0.000000,0,0.000000,0
4451,2026-09-10T07:22:16.671957+00:00,445.100142,first_movement_sequence_complete,0.000000,0,0.000000,0
4452,2026-09-10T07:22:16.771930+00:00,445.200133,first_movement_sequence_complete,0.000000,0,0.000000,0
4453,2026-09-10T07:22:16.871965+00:00,445.300140,first_movement_sequence_complete,0.000000,0,0.000000,0
4454,2026-09-10T07:22:16.971943+00:00,445.400135,first_movement_sequence_complete,0.000000,0,0.000000,0
4455,2026-09-10T07:22:17.071952+00:00,445.500149,first_movement_sequence_complete,0.000000,0,0.000000,0
4456,2026-09-10T07:22:17.172030+00:00,445.600130,first_movement_sequence_complete,0.000000,0,0.000000,0
